month,sector,w_p,w_b,r_p,r_b_sec,r_b,allocation,selection,interaction,active
2018-02,Business Services,0.0,0.029964121973444235,,-0.029922191940225898,-0.03801283694930211,-0.00024242907389579747,,,-0.00024242907389579747
2018-02,Consumer Cyclicals,0.0,0.07898910638992374,,-0.043968059201761577,-0.03801283694930211,0.000470397684075162,,,0.000470397684075162
2018-02,Consumer Non-Cyclicals,0.0,0.08755644698367433,,-0.02274812281641233,-0.03801283694930211,-0.0013365241336973084,,,-0.0013365241336973084
2018-02,Consumer Services,0.0,0.039213063542943766,,-0.026437958828911975,-0.03801283694930211,-0.0004538864312366879,,,-0.0004538864312366879
2018-02,Energy,0.0,0.03850464378112093,,-0.06592602833646767,-0.03801283694930211,0.0010747874911570627,,,0.0010747874911570627
2018-02,Finance,0.0,0.2400173969072453,,-0.043821293672945114,-0.03801283694930211,0.0013941306628571803,,,0.0013941306628571803
2018-02,Healthcare,0.0,0.0767660675826891,,-0.041648061936012476,-0.03801283694930211,0.000279061927008088,,,0.000279061927008088
2018-02,Industrials,0.0,0.15152869742244074,,-0.04284543991920444,-0.03801283694930211,0.0007322780331891187,,,0.0007322780331891187
2018-02,Non-Corporate,0.0,0.0028809911766092666,,-0.04320795042851213,-0.03801283694930211,1.4967076095087936e-05,,,1.4967076095087936e-05
2018-02,Non-Energy Materials,0.0,0.11735483731697804,,-0.03428170154195741,-0.03801283694930211,-0.00043786678873655423,,,-0.00043786678873655423
2018-02,Technology,0.0,0.0913470117158189,,-0.01776025134107394,-0.03801283694930211,-0.0018500131748304437,,,-0.0018500131748304437
2018-02,Telecommunications,0.0,0.0224226397348484,,-0.040258735458378804,-0.03801283694930211,5.0358973150059845e-05,,,5.0358973150059845e-05
2018-02,Utilities,0.0,0.023454975472262666,,-0.05100529371931292,-0.03801283694930211,0.0003047377548650366,,,0.0003047377548650366
2018-03,Business Services,0.0,0.03000176538889553,,-0.020855768960189338,-0.013123188081652196,0.000231991077368531,,,0.000231991077368531
2018-03,Consumer Cyclicals,0.0,0.0788350148387378,,-0.014178660143155636,-0.013123188081652196,8.320815563049682e-05,,,8.320815563049682e-05
2018-03,Consumer Non-Cyclicals,0.0,0.08838125520864666,,0.005507635172287751,-0.013123188081652196,-0.0016466155447536553,,,-0.0016466155447536553
2018-03,Consumer Services,0.0,0.040388877343714935,,-0.028525618146450302,-0.013123188081652196,0.0006220868586822779,,,0.0006220868586822779
2018-03,Energy,0.0,0.03749332246306004,,-0.010844944460578971,-0.013123188081652196,-8.541892273430799e-05,,,-8.541892273430799e-05
2018-03,Finance,0.0,0.23773157957808277,,-0.018259528999703196,-0.013123188081652196,0.001221070439699804,,,0.001221070439699804
2018-03,Healthcare,0.0,0.0768876517821321,,0.014666418138049938,-0.013123188081652196,-0.0021366775661830297,,,-0.0021366775661830297
2018-03,Industrials,0.0,0.15114251655804423,,-0.02536092723558978,-0.013123188081652196,0.0018496426927070372,,,0.0018496426927070372
2018-03,Non-Corporate,0.0,0.0023505758626574335,,0.0016445187742190992,-0.013123188081652196,-3.4712615282211766e-05,,,-3.4712615282211766e-05
2018-03,Non-Energy Materials,0.0,0.11728255884897065,,-0.020812321722289133,-0.013123188081652196,0.0009018012687056015,,,0.0009018012687056015
2018-03,Technology,0.0,0.09376330739648193,,-0.012063550936542366,-0.013123188081652196,-9.93550833656636e-05,,,-9.93550833656636e-05
2018-03,Telecommunications,0.0,0.0223892660905001,,-0.03177568260191246,-0.013123188081652196,0.00041761566306570193,,,0.00041761566306570193
2018-03,Utilities,0.0,0.02335230864007527,,0.043600814840583584,-0.013123188081652196,-0.0013246364235405814,,,-0.0013246364235405814
2018-04,Business Services,0.0,0.0299369634386234,,0.003321204756435026,0.01895029414909519,0.00046788747772704407,,,0.00046788747772704407
2018-04,Consumer Cyclicals,0.0,0.0785634932717518,,0.03192020425740311,0.01895029414909519,-0.0010189614455292752,,,-0.0010189614455292752
2018-04,Consumer Non-Cyclicals,0.0,0.08917234686545833,,0.01472489151052065,0.01895029414909519,0.00037678906973319176,,,0.00037678906973319176
2018-04,Consumer Services,0.0,0.039919261145266435,,0.025659453248401645,0.01895029414909519,-0.0002678246741503549,,,-0.0002678246741503549
2018-04,Energy,0.0,0.038466056990998136,,0.10095610605361373,0.01895029414909519,-0.0031544402343122837,,,-0.0031544402343122837
2018-04,Finance,0.0,0.23700306638527527,,0.021672195331920097,0.01895029414909519,-0.0006450989267272107,,,-0.0006450989267272107
2018-04,Healthcare,0.0,0.0788608897872467,,0.008348442648139697,0.01895029414909519,0.0008360714427576071,,,0.0008360714427576071
2018-04,Industrials,0.0,0.14841617374812147,,0.015572010321383516,0.01895029414909519,0.0005013919595441247,,,0.0005013919595441247
2018-04,Non-Corporate,0.0,0.002716028029876033,,0.047072189267650416,0.01895029414909519,-7.637985539522999e-05,,,-7.637985539522999e-05
2018-04,Non-Energy Materials,0.0,0.11496232976429026,,0.016052143194592763,0.01895029414909519,0.0003331781857382006,,,0.0003331781857382006
2018-04,Technology,0.0,0.09551017122674473,,-0.014482037638485374,0.01895029414909519,0.0031931277335411606,,,0.0031931277335411606
2018-04,Telecommunications,0.0,0.022136048184623464,,0.03467203452451787,0.01895029414909519,-0.0003480172024964967,,,-0.0003480172024964967
2018-04,Utilities,0.0,0.024337171161723365,,0.027074637324256353,0.01895029414909519,-0.00019772353043047628,,,-0.00019772353043047628
2018-05,Business Services,0.04762555002665517,0.030108662724836765,-0.05565942935146721,-0.012846012341494496,-0.013129217151311769,4.96086673690208e-06,-0.0012890547328510578,-0.000749957800769447,-0.002034051666883603
2018-05,Consumer Cyclicals,0.17865813567014638,0.0789431500016451,0.011873959050394718,-0.022673893824881074,-0.013129217151311769,-0.0009517472977154417,0.002727316331767663,0.0034449386543356163,0.005220507688387837
2018-05,Consumer Non-Cyclicals,0.004708131528702947,0.0887166163088875,-0.06378778787309795,-0.007547516751998646,-0.013129217151311769,-0.0004689101930432465,-0.0049894465541583735,0.004724659960510324,-0.0007336967866912961
2018-05,Consumer Services,0.029963844979003736,0.040634564299720295,0.1495910436408865,-0.007142842000037035,-0.013129217151311769,-6.387892898776482e-05,0.0063688131540211145,-0.0016724633017195824,0.004632470923313767
2018-05,Energy,0.0,0.04163408290593137,,0.00933798819405474,-0.013129217151311769,-0.0009354014900135736,,,-0.0009354014900135736
2018-05,Finance,0.06005500312966023,0.23715282666780002,0.09622501681592896,-0.04129206368364189,-0.013129217151311769,0.004987578825514313,0.03261256435557663,-0.024353975655793163,0.013246167525297774
2018-05,Healthcare,0.08876035525146074,0.07829002104300814,0.02764039963884611,0.0025093873048946335,-0.013129217151311769,0.00016374141521027717,0.0019675074844571583,0.0002631300981332164,0.0023943789978006515
2018-05,Industrials,0.14292877753982705,0.14736457538371564,0.14967693040687638,-0.008300070804699331,-0.013129217151311769,-2.142111695212591e-05,0.023280213703936584,-0.0007007540413582926,0.022558038545626165
2018-05,Non-Corporate,0.0,0.0027561024481332335,,-0.024856298434874864,-0.013129217151311769,3.232103743508567e-05,,,3.232103743508567e-05
2018-05,Non-Energy Materials,0.07675131157641922,0.11478128304737377,-0.006229323777478368,0.0024495570854748505,-0.013129217151311769,-0.0005924603397774369,-0.000996173080865069,0.00033005759161792433,-0.0012585758290245817
2018-05,Technology,0.37054889029812454,0.09262803684127559,0.0010162736768375264,0.030782639978518333,-0.013129217151311769,0.012204020810397601,-0.002757200074422994,-0.00827269392687232,0.001174126809102288
2018-05,Telecommunications,0.0,0.022373941005631667,,-0.06909267759763423,-0.013129217151311769,0.00125212316249702,,,0.00125212316249702
2018-05,Utilities,0.0,0.024616137322040266,,-0.043887682642334336,-0.013129217151311769,0.0007571546103422482,,,0.0007571546103422482
2018-06,Business Services,0.07941190079429249,0.030278635720710132,-0.045323132949700015,-0.0013917629676388893,-0.024787347795485557,0.0011495014708980719,-0.0013301819483985688,-0.0021584916463742282,-0.002339172123874725
2018-06,Consumer Cyclicals,0.17428323149054661,0.07787975809293844,-0.020358946129749173,-0.044598055134226156,-0.024787347795485557,-0.0019098209979180802,0.0018877359456570333,0.0023367343000948214,0.0023146492478337746
2018-06,Consumer Non-Cyclicals,0.003464780737125604,0.0894914557980301,-0.040249202073617076,-0.006656565404405855,-0.024787347795485557,-0.0015597309253573826,-0.003006253959622001,0.002889862839181259,-0.0016761220457981243
2018-06,Consumer Services,0.06581166457474483,0.0406332843004199,0.08709037103977732,-0.028743019865737424,-0.024787347795485557,-9.959741562532765e-05,0.004706691104145453,0.0029164971646835802,0.007523590853203706
2018-06,Energy,0.0,0.04273518868888503,,-0.0036398655906606965,-0.024787347795485557,-0.0009037416423180288,,,-0.0009037416423180288
2018-06,Finance,0.0854324300801299,0.23022606650775637,-0.02020947352513879,-0.022272016671393984,-0.024787347795485557,-0.0003642039402768082,0.0004748511955648657,-0.00029864312243516755,-0.00018799586714711002
2018-06,Healthcare,0.12963198859888914,0.0793054361081842,0.004071573928067138,-0.01089468244420411,-0.024787347795485557,0.0006991699520370634,0.0011869054885098624,0.0007532000869084562,0.0026392755274553823
2018-06,Industrials,0.11967830733736062,0.1478949193853981,0.005307878882076176,-0.03800160323092444,-0.024787347795485557,0.0003728615191254494,0.006405252365725567,-0.0012220468547839564,0.00555606703006706
2018-06,Non-Corporate,0.0,0.0027179792446945,,0.006276223705678487,-0.024787347795485557,-8.443014260624745e-05,,,-8.443014260624745e-05
2018-06,Non-Energy Materials,0.09480060710661589,0.11647177253897911,0.011697074880630706,-0.04086182812888517,-0.024787347795485557,0.0003483527225443721,0.006121628596222598,-0.0011390126820627518,0.005330968636704218
2018-06,Technology,0.24748508928029483,0.09706917145383649,-0.10136809036912657,-0.02535049362261961,-0.024787347795485557,-8.470609645850867e-05,-0.007378965132095287,-0.011434256585587438,-0.018897927814141235
2018-06,Telecommunications,0.0,0.021302161802943465,,-0.01737130595742786,-0.024787347795485557,-0.00015797772317170333,,,-0.00015797772317170333
2018-06,Utilities,0.0,0.023994170357223597,,-0.006997655116347903,-0.024787347795485557,-0.00042684891674588235,,,-0.00042684891674588235
2018-07,Business Services,0.0864835342022029,0.029374170618639367,0.02592950850958759,0.0066983844518822165,0.02031023062686643,-0.0007773638722507119,0.0005648983192592579,0.0010982772559321118,0.0008858117029406579
2018-07,Consumer Cyclicals,0.17929946633513205,0.07535897771848489,-0.010076464533985145,0.004567775625803433,0.02031023062686643,-0.0016362784648360684,-0.001103574967905649,-0.0015221294776279518,-0.0042619829103696695
2018-07,Consumer Non-Cyclicals,0.002627374777808371,0.0908181102142992,0.1086852410307095,0.005912629571159637,0.02031023062686643,0.0012697350256239788,0.009333614354544748,-0.009063592187346427,0.0015397571928223008
2018-07,Consumer Services,0.05645573018743886,0.041081079634387764,0.021896882660044647,-0.0013765672664724571,0.02031023062686643,-0.00033342693922473,0.0009560984497981852,0.00035782115978413316,0.0009804926703575884
2018-07,Energy,0.0,0.043983754710679064,,0.0102693682216873,0.02031023062686643,0.00044163482911307783,,,0.00044163482911307783
2018-07,Finance,0.08099409395706392,0.23112758232973038,-0.00409105314995689,0.030670343608933944,0.02031023062686643,-0.0015553999019327443,-0.008034317591286963,0.005218849756118582,-0.004370867737101125
2018-07,Healthcare,0.12784570657961777,0.08083929092913973,0.05190637825044204,0.04067772299908049,0.02031023062686643,0.0009574028122062353,0.0009077165286078287,0.0005278188359414238,0.0023929381767554877
2018-07,Industrials,0.11111284850700412,0.1474659437646069,0.001963197047317439,0.023816035674794966,0.02031023062686643,-0.00012744686486193077,-0.0032225494721366305,0.000794418324273712,-0.002555578012724849
2018-07,Non-Corporate,0.0,0.002836276873812433,,0.07168606901618228,0.02031023062686643,-0.00014571610229634154,,,-0.00014571610229634154
2018-07,Non-Energy Materials,0.07681054481939711,0.11344773559170009,0.032152229222672815,0.017084753968511654,0.02031023062686643,0.00011817240366375419,0.0017093709486685595,-0.0005520299653436567,0.001275513386988657
2018-07,Technology,0.2783707006343349,0.09750961144446961,0.035991305752807234,0.008908211239929948,0.02031023062686643,-0.0020621816452852915,0.002640862022664511,0.0048982779722310495,0.005476958349610268
2018-07,Telecommunications,0.0,0.021704856451639266,,0.05398999470362796,0.02031023062686643,-0.0007310144446111859,,,-0.0007310144446111859
2018-07,Utilities,0.0,0.024452609718410734,,0.03132326478891234,0.02031023062686643,-0.0002692974261800333,,,-0.0002692974261800333
2018-08,Business Services,0.08416818020436823,0.0290769127450617,-0.004189710798990747,-0.007455516097684553,-0.013935742932175196,0.00035700390973589924,9.495953571247996e-05,0.00017991735318036088,0.0006318807986287401
2018-08,Consumer Cyclicals,0.16833222197613235,0.07449745404550934,-0.02686503156326267,-0.009989485577204709,-0.013935742932175196,0.0003702961430981698,-0.0012571852115892328,-0.0015835129413043056,-0.0024704020097953685
2018-08,Consumer Non-Cyclicals,0.002805141671233938,0.08953958272063496,-0.015154828650547604,-0.011123833249341384,-0.013935742932175196,-0.00024388941462198915,-0.00036093364617280344,0.0003496261329963275,-0.0002551969277984651
2018-08,Consumer Services,0.054566617628611175,0.0402985971929975,0.012420789097051337,-0.017667798436014865,-0.013935742932175196,-5.32490441956289e-05,0.001212527869101281,0.0004293045818005395,0.0015885834067061917
2018-08,Energy,0.0,0.043561785253629,,-0.024887329639064034,-0.013935742932175196,0.0004770706683119896,,,0.0004770706683119896
2018-08,Finance,0.07621151343674476,0.2327170846575061,-0.018935890389717866,-0.018895429654919468,-0.013935742932175196,0.0007762186036191181,-9.415904245383764e-06,6.3323304116350644e-06,0.0007731350297853694
2018-08,Healthcare,0.12770803203461348,0.0828505047042749,0.023588707112693688,0.002494780723940634,-0.013935742932175196,0.0007370326639559905,0.0017476424475030132,0.0009462213794876403,0.003430896490946644
2018-08,Industrials,0.12375165098369004,0.14835938581831273,0.020363997454794565,-0.013753950346994719,-0.013935742932175196,-4.473503731021739e-06,0.005061717781254711,-0.000839565412607929,0.00421767886491576
2018-08,Non-Corporate,0.0,0.0028687613739031997,,-0.028726446162397192,-0.013935742932175196,4.243099811972615e-05,,,4.243099811972615e-05
2018-08,Non-Energy Materials,0.07520505274414865,0.11366185848251542,0.16614898549779525,-0.02974035629714494,-0.013935742932175196,0.0006077949459466366,0.022265146645329584,-0.0075332783636245446,0.015339663227651675
2018-08,Technology,0.2872515893204573,0.09583266644732687,-0.0027697647577479946,0.010085785258056612,-0.013935742932175196,0.004598175051940712,-0.0012319816366615306,-0.002460795536966973,0.0009053978783122077
2018-08,Telecommunications,0.0,0.022255424445387532,,-0.030065756033056487,-0.013935742932175196,0.00035898028786977463,,,0.00035898028786977463
2018-08,Utilities,0.0,0.024479982112940266,,-0.03211464223847223,-0.013935742932175196,0.00044501912985109353,,,0.00044501912985109353
2018-09,Business Services,0.0782530217382173,0.029101216386658597,-0.06882325401805435,-0.01593189512103922,-0.00534120437660109,-0.0005205515700091773,-0.0015392028802464577,-0.00259970577728552,-0.004659460227541155
2018-09,Consumer Cyclicals,0.15231624001146898,0.07484438960394717,-0.07769906910433465,0.0037176668619812014,-0.00534120437660109,0.0007018075174564493,-0.006093585906944641,-0.006307505189451123,-0.011699283578939314
2018-09,Consumer Non-Cyclicals,0.020553726305359458,0.08994531015503433,-0.0055234090332658674,0.005575923487176598,-0.00534120437660109,-0.0007575567935569513,-0.0009983329060650565,0.0007702002632677065,-0.0009856894363543013
2018-09,Consumer Services,0.0512218743844208,0.0400270528750561,0.10434984951126548,-0.02331836566172962,-0.00534120437660109,-0.00020125111183207529,0.005110182399193514,0.0014292228812808467,0.006338154168642285
2018-09,Energy,0.0,0.042955230127143806,,0.042894373643202185,-0.00534120437660109,-0.002071970354156449,,,-0.002071970354156449
2018-09,Finance,0.08645582049663579,0.23098268873977337,0.08920017432871077,-0.006798853882774851,-0.00534120437660109,0.00021066951812344974,0.022174113652694307,-0.013874438901790631,0.008510344269027127
2018-09,Healthcare,0.1292252698669697,0.08471501922020742,0.052948484647600685,-0.0063849718875495,-0.00534120437660109,-4.6458353529260894e-05,0.00502643491077659,0.0026409470221183096,0.007620923579365639
2018-09,Industrials,0.117908121984552,0.14869524293072298,-0.04537780418775172,0.0005344919070561708,-0.00534120437660109,-0.0001808957721279234,-0.006826940021324743,0.0014135074127872638,-0.005594328380665403
2018-09,Non-Corporate,0.0,0.0029031056716138665,,-0.016046433445762582,-0.00534120437660109,3.1078411226608365e-05,,,3.1078411226608365e-05
2018-09,Non-Energy Materials,0.04478895463839079,0.11112321296777977,0.026769338415603725,-0.00027174380039562377,-0.00534120437660109,-0.0003362789074526665,0.0030048919379677378,-0.001793750133222347,0.0008748628972927242
2018-09,Technology,0.3192769705739851,0.09854773246275407,-0.07470088972521646,-0.049083798782163165,-0.00534120437660109,-0.009655269536148313,-0.0025245062247300568,-0.0056544409664862705,-0.01783421672736464
2018-09,Telecommunications,0.0,0.0220269674555913,,0.012006256960490314,-0.00534120437660109,-0.0003821119663092407,,,-0.0003821119663092407
2018-09,Utilities,0.0,0.024132831403716633,,0.0047548328049024135,-0.00534120437660109,-0.0002436459631468785,,,-0.0002436459631468785
2018-10,Business Services,0.07217566745123669,0.028826947912374935,-0.08505829013973852,-0.1044659454236384,-0.09383387759928015,-0.00046088652623626217,0.0005594634679703101,0.0008412970058086846,0.0009398739475427326
2018-10,Consumer Cyclicals,0.1390836915971547,0.07696724507041443,-0.12810124005514398,-0.09682311890364843,-0.09383387759928015,-0.00018568104763831586,-0.0024073908160092707,-0.0019428857399637768,-0.004535957603611363
2018-10,Consumer Non-Cyclicals,0.020317361636124694,0.09145477276563845,-0.11149114749186456,-0.07597909778310942,-0.09383387759928015,-0.001270142812409881,-0.0032477464365562583,0.0025262352801834432,-0.001991653968782696
2018-10,Consumer Services,0.0562609273429531,0.0387785539430436,-0.15789528345563045,-0.08012285208263444,-0.09383387759928015,0.0002397012677776874,-0.0030159024252793824,-0.0013596466854815523,-0.004135847842983247
2018-10,Energy,0.0,0.04606358441589079,,-0.10117018679765981,-0.09383387759928015,0.00033793669806063756,,,0.00033793669806063756
2018-10,Finance,0.1358871049959188,0.23193784475084075,-0.16412120729274063,-0.07707914442208678,-0.09383387759928015,-0.0016093045160657565,-0.02018834846488663,0.008360454528520727,-0.013437198452431659
2018-10,Healthcare,0.13502206527908472,0.08091983766159623,-0.13527624180252354,-0.0854206174400727,-0.09383387759928015,0.00045517611613858866,-0.004034309029927043,-0.00269730033726932,-0.006276433251057775
2018-10,Industrials,0.1110245341147323,0.15078527971575093,-0.09545004840725928,-0.1124222254593871,-0.09383387759928015,0.0007390865704089513,0.0025591544641903425,-0.0006748264140651005,0.0026234146205341936
2018-10,Non-Corporate,0.0,0.0024616367353838,,-0.05133471348703877,-0.09383387759928015,-0.00010461750360179822,,,-0.00010461750360179822
2018-10,Non-Energy Materials,0.045058355755141374,0.1115920601967486,-0.12206245880799475,-0.11598315213222321,-0.09383387759928015,0.0014736732853708515,-0.0006784023565171935,0.0004044787935756735,0.0011997497224293316
2018-10,Technology,0.28517029182765385,0.09269010134636507,-0.16306980521356007,-0.12063219789377772,-0.09383387759928015,-0.005158145794863478,-0.003933546123367871,-0.008168398740481843,-0.017260090658713194
2018-10,Telecommunications,0.0,0.0230448062937247,,-0.05855746853199347,-0.09383387759928015,-0.0008129380136938151,,,-0.0008129380136938151
2018-10,Utilities,0.0,0.02447732919222723,,-0.053634989201718795,-0.09383387759928015,-0.000983961424468713,,,-0.000983961424468713
2018-11,Business Services,0.07021501308208435,0.0281947254627576,-0.0469545071638639,-0.013597179666648099,0.0014768109188564782,-0.000633413419973926,-0.0009405006909552946,-0.001401684495645085,-0.002975598606574306
2018-11,Consumer Cyclicals,0.13947253156440154,0.07496062857829673,-0.07183373512292804,-0.009739653467012914,0.0014768109188564782,-0.0007235954623083057,-0.004654611391919482,-0.0040058073717976666,-0.009384014226025455
2018-11,Consumer Non-Cyclicals,0.020416964440968098,0.09110854571833955,0.12681274997715075,0.017452451718993827,0.0014768109188564782,-0.001129343310081001,0.009963657733624539,-0.0077308524128340845,0.0011034620107094537
2018-11,Consumer Services,0.049871364789059916,0.0388088911448694,-0.1472485791385975,0.008500694901283355,0.0014768109188564782,7.770153143544924e-05,-0.00604445662210617,-0.0017229722391679883,-0.007689727329838709
2018-11,Energy,0.0,0.0443443222801426,,-0.09797816437699819,0.0014768109188564782,0.004410263476883,,,0.004410263476883
2018-11,Finance,0.12652789177989848,0.23111882398197728,-0.07101884460672586,0.008553891490017182,0.0014768109188564782,-0.0007401984542069182,-0.018390757187707486,0.00832258664622836,-0.010808368995686045
2018-11,Healthcare,0.1232072529450186,0.07932581172793457,-0.04497198168473321,0.02260858315236704,0.0014768109188564782,0.0009272926210776021,-0.005360883162735289,-0.00296553258331655,-0.007399123124974236
2018-11,Industrials,0.13707583293429235,0.16506794660428714,0.00614193580812595,0.002020559593314603,0.0014768109188564782,-1.5220674703340828e-05,0.0006803071089626585,-0.00011536603148181212,0.0005497204027775054
2018-11,Non-Corporate,0.0,0.0029393303250220327,,0.02297510030806917,0.0014768109188564782,-6.319057393781226e-05,,,-6.319057393781226e-05
2018-11,Non-Energy Materials,0.05793356047394323,0.10727487319494326,-0.0824312782042141,-0.014078486106269165,0.0014768109188564782,0.0007675187749847659,-0.007332537104827363,0.0033726164902582014,-0.003192401839584396
2018-11,Technology,0.27527958799033336,0.08929855360290938,0.010746775202228399,0.01045644601635995,0.0014768109188564782,0.001670041823855312,2.59259763667628e-05,5.3995722300672955e-05,0.0017499635225227477
2018-11,Telecommunications,0.0,0.022704343825909468,,0.02547577675858395,0.0014768109188564782,-0.0005448807718914287,,,-0.0005448807718914287
2018-11,Utilities,0.0,0.024853203552610434,,0.033867521248965936,0.0014768109188564782,-0.0008050129170478519,,,-0.0008050129170478519
2018-12,Business Services,0.0755949712429698,0.027873635457605867,0.006578182532982132,-0.07951742613188284,-0.0592034178227693,-0.0009694116116658803,0.002399797610425139,0.00410859745074131,0.0055389834495005695
2018-12,Consumer Cyclicals,0.1331014007294038,0.07430625039176227,-0.18464661039653052,-0.06788878328734844,-0.0592034178227693,-0.0005106573682272906,-0.008675836336372972,-0.006864793997980718,-0.01605128770258098
2018-12,Consumer Non-Cyclicals,0.023660374056066028,0.09269314508889524,-0.16839052109612943,-0.05844416471132987,-0.0592034178227693,-5.2413346197961237e-05,-0.01019127356437161,0.007589901646205708,-0.002653785264363863
2018-12,Consumer Services,0.04365685674981492,0.03924905935823494,-0.040026356457409075,-0.043448189945658966,-0.0592034178227693,6.944585234047513e-05,0.0001343037456943161,1.5082748723928899e-05,0.0002188323467587201
2018-12,Energy,0.0,0.03987022390492247,,-0.07569585284294318,-0.0592034178227693,0.0006575570769917172,,,0.0006575570769917172
2018-12,Finance,0.12093199671041838,0.2334331214377452,-0.0440938889924931,-0.048889439716133236,-0.0592034178227693,-0.0011603341374095818,0.0011194403744323549,-0.0005395048500964613,-0.0005803986130736883
2018-12,Healthcare,0.12091211499533847,0.08080062039822596,-0.11042262918270014,-0.061653252671622236,-0.0592034178227693,-9.826653730358254e-05,-0.0039405958785297636,-0.001956212582428647,-0.0059950749982619934
2018-12,Industrials,0.1418854103328613,0.16537125761991248,-0.10814132672572627,-0.07474150229911652,-0.0592034178227693,0.0003649250791447913,-0.005523370969712726,0.0007844231758976776,-0.004374022714670257
2018-12,Non-Corporate,0.0,0.0009613747792938,,-0.008909281133601517,-0.0592034178227693,-4.8351514559320884e-05,,,-4.8351514559320884e-05
2018-12,Non-Energy Materials,0.05461259921828153,0.10599359559218254,-0.032163970676566206,-0.04941017558678375,-0.0592034178227693,-0.0005031865438159078,0.0018279872687535109,-0.0008861271919554412,0.00043867353298216187
2018-12,Technology,0.28564427596484576,0.0900489360419074,-0.021947014601214426,-0.07044592855265072,-0.0592034178227693,-0.002198982707798439,0.004367275600514858,0.009486161560224521,0.01165445445294094
2018-12,Telecommunications,0.0,0.023611610737301,,-0.05887369810660752,-0.0592034178227693,-7.785213590425365e-06,,,-7.785213590425365e-06
2018-12,Utilities,0.0,0.025787169192010365,,-0.0026443235122212685,-0.0592034178227693,-0.0014584989343329729,,,-0.0014584989343329729
2019-01,Business Services,0.06723274581010032,0.028065552696942535,0.1282530795007884,0.08566723520358117,0.07564117165620347,0.0003926927671249341,0.0011951952572670592,0.0016679679874755844,0.0032558560118675778
2019-01,Consumer Cyclicals,0.11483770977537314,0.07602144045096473,0.1957521013496544,0.07882115378128808,0.07564117165620347,0.0001234350426140887,0.00888925906744344,0.004538823153171985,0.013551517263229514
2019-01,Consumer Non-Cyclicals,0.021673502408124587,0.0939881467976519,0.12848893734790529,0.06254716613622022,0.07564117165620347,0.0009468883528120968,0.006197744872741032,-0.004768555735588575,0.002376077489964554
2019-01,Consumer Services,0.06064716331169875,0.040204086973676396,0.04451454733889267,0.07092366567238821,0.07564117165620347,-9.644033495221263e-05,-0.0010617544903779666,-0.0005398836221115149,-0.001698078447441694
2019-01,Energy,0.0,0.040967152301043135,,0.09624170948798991,0.07564117165620347,-0.0008439453708381958,,,-0.0008439453708381958
2019-01,Finance,0.10329118961990744,0.24120936657577804,0.19587285452011458,0.07058612071373147,0.07564117165620347,0.000697183410404795,0.030220333701785788,-0.017279317923331802,0.01363819918885878
2019-01,Healthcare,0.11970447661587108,0.08270236131589864,0.20540461462995482,0.04962169346970518,0.07564117165620347,-0.0009627757319019277,0.012883615432641118,0.005764297610538073,0.017685137311277264
2019-01,Industrials,0.12294061890320104,0.14672199972795355,0.20255309691359064,0.09233457596620369,0.07564117165620347,-0.00039699220515767994,0.01617148180045795,-0.0026211486205907704,0.0131533409747095
2019-01,Non-Corporate,0.0,0.0006888401066199333,,0.054907627668219945,0.07564117165620347,1.428209665129165e-05,,,1.428209665129165e-05
2019-01,Non-Energy Materials,0.058567440170537145,0.10731568380309237,0.08511657309679718,0.0804285130340094,0.07564117165620347,-0.00023337448383749587,0.0005031023713480391,-0.00022853469410483095,4.1193193405712286e-05
2019-01,Technology,0.33110515338518653,0.08945541766015326,0.09453206732696257,0.09257365179515818,0.07564117165620347,0.00409172935074778,0.00017519087934969227,0.00047325059570032976,0.004740170825797803
2019-01,Telecommunications,0.0,0.024391498637384268,,0.029406558159722578,0.07564117165620347,0.001127731512099402,,,0.001127731512099402
2019-01,Utilities,0.0,0.028268452952840698,,0.07877993904318895,0.07564117165620347,-8.872809820890955e-05,,,-8.872809820890955e-05
2019-02,Business Services,0.06419677420780334,0.028442445554366896,0.06533952222052965,0.025356226983060406,0.024345385876161776,3.6141945152457125e-05,0.0011372226978758962,0.0014295758785678554,0.0026029405215962087
2019-02,Consumer Cyclicals,0.12372914950181091,0.07615311743965557,0.05971461369450649,0.02273852043660986,0.024345385876161776,-7.644828167169123e-05,0.002815844772328258,0.0017591757983709355,0.004498572289027502
2019-02,Consumer Non-Cyclicals,0.020649162704346507,0.09283419409235454,0.05430017138930706,0.016865371248254993,0.024345385876161776,0.0005399450906982102,0.003475229502102928,-0.0027022322231856502,0.0013129423696154876
2019-02,Consumer Services,0.05527952730020287,0.03990462544725713,-0.07301324228897335,0.0307304012312563,0.024345385876161776,9.816898441412979e-05,-0.004139851237208529,-0.001595048336990521,-0.00563673058978492
2019-02,Energy,0.0,0.04212998563718737,,0.03854762268326937,0.024345385876161776,-0.0005983400326993767,,,-0.0005983400326993767
2019-02,Finance,0.1050025229479994,0.24008625524464092,0.05225109424340382,0.018175256490203406,0.024345385876161776,0.0008334841062084414,0.008181140280489847,-0.004603091344837115,0.004411533041861174
2019-02,Healthcare,0.1359659826961169,0.0807375248302144,0.059191194133390045,0.0213335814339117,0.024345385876161776,-0.00016633731473914633,0.0030565299453367734,0.002090817567876795,0.004981010198474422
2019-02,Industrials,0.1262071359014231,0.1475796069552808,-0.0007874178336516104,0.03254704808897182,0.024345385876161776,-0.00017528978823680113,-0.004919487378924968,0.0007124399080270751,-0.004382337259134694
2019-02,Non-Corporate,0.0,0.0006561916065051,,0.02114018023887408,0.024345385876161776,2.1032290363110147e-06,,,2.1032290363110147e-06
2019-02,Non-Energy Materials,0.06121760033508029,0.1076446916988708,0.021599505129784445,0.018807688985949766,0.024345385876161776,0.00025709915946685156,0.00030052418808301437,-0.00012961590318071796,0.00042800744436914803
2019-02,Technology,0.3077521444052166,0.09151740887773434,-0.002196528904227563,0.050393713538891126,0.024345385876161776,0.005632553243083481,-0.004812922720646071,-0.011371837166013941,-0.010552206643576532
2019-02,Telecommunications,0.0,0.02396605090330223,,-0.0013698149800222214,0.024345385876161776,0.0006162918127079468,,,0.0006162918127079468
2019-02,Utilities,0.0,0.028347901712629367,,-0.0010659996046928626,0.024345385876161776,0.0007203594579930043,,,0.0007203594579930043
2019-03,Business Services,0.06742385257301331,0.028924500299769933,0.013802762763921823,-0.0014900054681371167,0.0041294827553796645,-0.00021634665671251514,0.0004423356793125009,0.0005887616713991024,0.0008147506939990882
2019-03,Consumer Cyclicals,0.11651805588773587,0.07600040426246853,0.01752905943960573,-0.010842391486999576,0.0041294827553796645,-0.0006066251847300355,0.0021562417399347907,0.001149544564747562,0.0026991611199523174
2019-03,Consumer Non-Cyclicals,0.021581649245800763,0.09233959937919184,0.18684212349235538,0.02733128444627074,0.0041294827553796645,-0.0016417119270488994,0.014729166974154207,-0.011286659994958228,0.0018007950521470792
2019-03,Consumer Services,0.05126614869206811,0.04034193815204417,0.005925424508714453,-0.009256220892555926,0.0041294827553796645,-0.00014622824487641486,0.0006124569998243154,0.00016584749070746384,0.0006320762456553644
2019-03,Energy,0.0,0.042058897382665904,,0.0013746841584616482,0.0041294827553796645,0.00011586379149768685,,,0.00011586379149768685
2019-03,Finance,0.10888241747146979,0.2392918210084304,0.08476053557432205,0.00046839589640745714,0.0041294827553796645,0.0004774401535755702,0.020170419600225153,-0.010992487658251013,0.009655372095549711
2019-03,Healthcare,0.14168509089080636,0.08090728301025707,0.004448083073881257,0.019839418469849004,0.0041294827553796645,0.0009548154546697973,-0.0012452711287873495,-0.0009354516257212257,-0.001225907299838778
2019-03,Industrials,0.12458468450812293,0.14826794641318913,0.1464301354232293,0.001797654949982442,0.0041294827553796645,5.522528863273817e-05,0.02144436086441399,-0.0034253689150272786,0.01807421723801945
2019-03,Non-Corporate,0.0,0.0006501174259465333,,-0.004810708242774375,0.0041294827553796645,5.8121739591902725e-06,,,5.8121739591902725e-06
2019-03,Non-Energy Materials,0.06195914383187076,0.10669980816592019,0.020910451909854598,-0.010695554416391957,0.0041294827553796645,0.0006632820118420396,0.0033723548119013675,-0.0014140737199824398,0.002621563103760967
2019-03,Technology,0.30609895689911204,0.09329190995170084,-0.03417790722844094,0.011653781965852318,0.0041294827553796645,0.0016012238953294232,-0.004275725821248346,-0.009753306434049125,-0.012427808359968047
2019-03,Telecommunications,0.0,0.023336902186271033,,0.028577780570521218,0.0041294827553796645,-0.0005705475347327822,,,-0.0005705475347327822
2019-03,Utilities,0.0,0.027888872362143866,,0.006988171108549145,0.0041294827553796645,-7.972559460469088e-05,,,-7.972559460469088e-05
2019-04,Business Services,0.054431225779875185,0.030272379674270367,0.14560631397466364,0.0558506997046935,0.024754812769463067,0.0007512407469855195,0.0027171160330778953,0.0021683920722622364,0.0056367488523256515
2019-04,Consumer Cyclicals,0.11996125815997793,0.07327332428037531,0.0955187371242729,0.03941608066053502,0.024754812769463067,0.0006845043058895084,0.0041108281400579596,0.002619317115449055,0.007414649561396523
2019-04,Consumer Non-Cyclicals,0.026226614976978938,0.09415759408522646,0.16972271864056024,0.011323006358503956,0.024754812769463067,0.0009124357606888886,0.014914535812270518,-0.010760247545784784,0.0050667240271746235
2019-04,Consumer Services,0.051754618808978116,0.040184810370987034,0.016234268727432707,0.017735751830435912,0.024754812769463067,-8.120919047912999e-05,-6.0336813769424967e-05,-1.7371871874627508e-05,-0.00015891787612318245
2019-04,Energy,0.0,0.04295056446660354,,0.003911265766047582,0.024754812769463067,0.0008952421092828779,,,0.0008952421092828779
2019-04,Finance,0.10532930849900761,0.23736444591118797,0.1323661697253045,0.025764544783579035,0.024754812769463067,-0.0001333201052332795,0.025303435637524938,-0.014075160197542435,0.011094955334749223
2019-04,Healthcare,0.1443580438628084,0.08162749727564163,-0.010632318928704296,-0.023492582713496832,0.024754812769463067,-0.0030265854900532758,0.0010497511470571855,0.0008067313764751819,-0.0011701029665209081
2019-04,Industrials,0.11664906946752109,0.14726514135008528,0.0430277192175545,0.04749067989104815,0.024754812769463067,-0.0006960829421068769,-0.0006572385344219145,0.00013663832478873875,-0.0012166831517400527
2019-04,Non-Corporate,0.0,0.0006663870157713,,-0.00273022665115995,0.024754812769463067,1.8315673397865515e-05,,,1.8315673397865515e-05
2019-04,Non-Energy Materials,0.06362973883575274,0.10445368931226977,-0.02919332775856871,0.015979514871274084,0.024754812769463067,0.00035824232681235104,-0.004718470069409654,0.0018441338904041996,-0.002516093852193103
2019-04,Technology,0.31766012160909995,0.09565119858906494,0.07586586153957586,0.05709051325833021,0.024754812769463067,0.0071788140406318125,0.0017958845670282874,0.004168294851245413,0.013142993458905513
2019-04,Telecommunications,0.0,0.0244192332991764,,0.021439784966726962,0.024754812769463067,8.095043730826907e-05,,,8.095043730826907e-05
2019-04,Utilities,0.0,0.027713734369339504,,-0.02216232863515059,0.024754812769463067,0.001300249194256203,,,0.001300249194256203
2019-05,Business Services,0.07161892661300877,0.0312966821097882,-0.14094103412714887,-0.05241394941249332,-0.05142346615129072,-3.993850823455858e-05,-0.0027706040284208645,-0.0035696107550216615,-0.006380153291677085
2019-05,Consumer Cyclicals,0.10931125755479168,0.07475961813539013,-0.11296424537841342,-0.07242150298773009,-0.05142346615129072,-0.0007255165972879645,-0.0030309599392889792,-0.0014008182161565762,-0.00515729475273352
2019-05,Consumer Non-Cyclicals,0.027365851802004185,0.09267441968028013,-0.08576104170158454,-0.044301124172242905,-0.05142346615129072,-0.0004651499545909383,-0.0038422737970240095,0.002707687838192731,-0.001599735913422217
2019-05,Consumer Services,0.07319455334836507,0.039617412073436796,0.01943505132371708,-0.054988298029552136,-0.05142346615129072,-0.00011969686359775158,0.0029484604992138126,0.002498923315388062,0.0053276869510041226
2019-05,Energy,0.0,0.04215084706417369,,-0.07781303119510855,-0.05142346615129072,0.0011123425202520295,,,0.0011123425202520295
2019-05,Finance,0.1069206768635928,0.2364551909059757,0.07657485972832943,-0.032521481469942194,-0.05142346615129072,-0.0024484594001350467,0.02579639618518078,-0.014131741540920112,0.00921619524412562
2019-05,Healthcare,0.12723041506391478,0.07939716745495673,0.01986419968216867,-0.023165290469979984,-0.05142346615129072,0.001351680314341573,0.0034164196351115584,0.0020582402569349484,0.0068263402063880796
2019-05,Industrials,0.09432305190217076,0.15018204221139295,-0.0760751630168417,-0.07267206977470979,-0.05142346615129072,0.0011869255438850693,-0.0005110834929391603,0.00019009335243362575,0.0008659354033795348
2019-05,Non-Corporate,0.0,0.0005384904029111,,0.0027719029826591,-0.05142346615129072,-2.9183686160856427e-05,,,-2.9183686160856427e-05
2019-05,Non-Energy Materials,0.054813865154321795,0.10358374496709914,-0.12332481723036319,-0.07280118367448753,-0.05142346615129072,0.0010425887142778126,-0.005233427173062997,0.0024640315362248607,-0.0017268069225603233
2019-05,Technology,0.3352214016978302,0.09852835491698324,-0.07045011252654398,-0.062009804353057474,-0.05142346615129072,-0.0025057126432286463,-0.0008316096793259934,-0.0019977622573518075,-0.005335084579906448
2019-05,Telecommunications,0.0,0.024269941039135035,,-0.018518030203213676,-0.05142346615129072,-0.0007986129903268643,,,-0.0007986129903268643
2019-05,Utilities,0.0,0.026546089038476633,,-0.00990977604857871,-0.05142346615129072,-0.001102026113782319,,,-0.001102026113782319
2019-06,Business Services,0.07178863323451884,0.0312679046254061,0.25225231831795514,0.04107412211183794,0.05093376663194991,-0.00039951997978178265,0.0066030996979381685,0.008557094376630036,0.014760674094786421
2019-06,Consumer Cyclicals,0.0767230253852351,0.07383545621539046,0.0372378843850956,0.057228672524632394,0.05093376663194991,1.8176976182783245e-05,-0.001476028962387916,-5.772478351262216e-05,-0.0015155767697177548
2019-06,Consumer Non-Cyclicals,0.026418818324155817,0.09404544347290873,0.12094521009782415,0.026411036600448513,0.05093376663194991,0.0016583894714644108,0.008890508269905588,-0.0063930271148541955,0.004155870626515803
2019-06,Consumer Services,0.0765923242283803,0.04019364572503847,-0.08352467355765632,0.02114202174613783,0.05093376663194991,-0.0010843801441522522,-0.00420693607025125,-0.003809729392370042,-0.009101045606773543
2019-06,Energy,0.0,0.040617275169605234,,0.055584348437263995,0.05093376663194991,-0.00018889396088520176,,,-0.00018889396088520176
2019-06,Finance,0.10426820821482345,0.24119152921587717,0.050646384404051885,0.037876579232107827,0.05093376663194991,0.001787833461719491,0.0030799688372100047,-0.0017484841326790121,0.0031193181662504837
2019-06,Healthcare,0.15055504970567293,0.08174399038307893,0.028260118274320498,0.05437865749438949,0.05093376663194991,0.00023704658949519222,-0.00213503361882539,-0.0017972443516916655,-0.0036952313810218636
2019-06,Industrials,0.09152748447312117,0.14522676750381924,0.10699202481507404,0.06682877419560668,0.05093376663194991,-0.0008535505099358915,0.005832779059911011,-0.0021567377624476377,0.002822490787527482
2019-06,Non-Corporate,0.0,0.0007118143160394333,,0.069988688011994,0.05093376663194991,-1.3563565829321257e-05,,,-1.3563565829321257e-05
2019-06,Non-Energy Materials,0.050065563118471906,0.10264850254517328,0.12073772558180378,0.08121476381124225,0.05093376663194991,-0.0015922638404588445,0.004056972841898271,-0.002078233504745271,0.00038647549669415613
2019-06,Technology,0.3520608933156207,0.09650151139753481,0.049620022643734225,0.06206125692601304,0.05093376663194991,0.0028437345418502735,-0.0012005979118907297,-0.003179474143477274,-0.0015363375135177303
2019-06,Telecommunications,0.0,0.02444126690862987,,0.02983729969038665,0.05093376663194991,0.0005156243793478341,,,0.0005156243793478341
2019-06,Utilities,0.0,0.027574892521497734,,0.05229531480263632,0.05093376663194991,-3.754454446951971e-05,,,-3.754454446951971e-05
2019-07,Business Services,0.06949972047394755,0.03140332862584557,0.009754060325949089,-0.007147473653780223,-0.008556003853076536,5.36599184022775e-05,0.0005307644258463351,0.0006438874613257784,0.0012283118055743908
2019-07,Consumer Cyclicals,0.0829397321945687,0.0741097598195925,-0.011870503638550276,-0.011593903907389675,-0.008556003853076536,-2.6824573557523696e-05,-2.049873964247603e-05,-2.4423679850739527e-06,-4.976568118507368e-05
2019-07,Consumer Non-Cyclicals,0.022982757373893336,0.09135790593688499,-0.12104152408492688,-0.00115725687581508,-0.008556003853076536,-0.0005058904237502374,-0.01095237560700242,0.008197104580788407,-0.003261161449964252
2019-07,Consumer Services,0.05495347364969705,0.03900515456300353,0.09719557165631737,-0.0072571296257972154,-0.008556003853076536,2.071486063013308e-05,0.0040741937580321165,0.0016658450095142444,0.005760753628176494
2019-07,Energy,0.0,0.04071720345856423,,-0.0214305425072956,-0.008556003853076536,0.0005242152098189873,,,0.0005242152098189873
2019-07,Finance,0.058408531777767406,0.23783255757710406,-0.05730882141856556,-0.010664032314015238,-0.008556003853076536,0.00037823095296120156,-0.01109364949037984,0.008369195843699453,-0.0023462226937191848
2019-07,Healthcare,0.13391688429034204,0.08165758345874247,0.0004732249250817468,0.012058461704661252,-0.008556003853076536,0.0010772975570644673,-0.0009460224392178063,-0.0006054363740693573,-0.00047416125622269623
2019-07,Industrials,0.08576233862294945,0.14732877214931359,-0.06894077062130118,-0.03140908434545093,-0.008556003853076536,0.0014069826610064171,-0.005529497255714261,0.0023106920682344875,-0.001811822526473356
2019-07,Non-Corporate,0.0,0.0008368154921175333,,0.03321667622338633,-0.008556003853076536,-3.4956025835253555e-05,,,-3.4956025835253555e-05
2019-07,Non-Energy Materials,0.07958076753904536,0.10530035572475434,-0.03492723791928542,-0.02500835731614333,-0.008556003853076536,0.00042314775575580084,-0.001044461655902228,0.0002551095243760312,-0.0003662043757703959
2019-07,Technology,0.4119557940777891,0.09749331509841176,0.05706839317938734,0.02797482193044797,-0.008556003853076536,0.01148757403505087,0.002836428709110939,0.009148836537304614,0.023472839281466422
2019-07,Telecommunications,0.0,0.024267665354002804,,-0.006531554915729072,-0.008556003853076536,-4.912864933781485e-05,,,-4.912864933781485e-05
2019-07,Utilities,0.0,0.0286895827416621,,0.00016887840664834506,-0.008556003853076536,-0.00025031323150163676,,,-0.00025031323150163676
2019-08,Business Services,0.03664989867642639,0.03173258148905033,-0.030948255136669243,-0.031597427437637784,-0.024923857836866035,-3.281605849902529e-05,2.0599912940918555e-05,3.1921861131210724e-06,-9.023959444985664e-06
2019-08,Consumer Cyclicals,0.10011492405737621,0.07409837296096816,-0.04423023486824099,-0.03131907974281855,-0.024923857836866035,-0.00016638161748908163,-0.000956695587840468,-0.00033590372703420365,-0.0014589809323637532
2019-08,Consumer Non-Cyclicals,0.01988524697198237,0.09164951873729398,-0.0639905118724844,-0.005837351281312797,-0.024923857836866035,-0.0013697292435031242,-0.005329709181233448,0.004173319220676649,-0.002526119204059923
2019-08,Consumer Services,0.06713593166010576,0.0394318286430464,0.16394743556434777,-0.006078331324089269,-0.024923857836866035,0.0005220984079206909,0.006704426904847402,0.004710411361431779,0.011936936674199872
2019-08,Energy,0.0,0.03994735413801137,,-0.08411105062215607,-0.024923857836866035,0.0023643717506287324,,,0.0023643717506287324
2019-08,Finance,0.05188268085671226,0.23721677768220528,-0.01633530257404978,-0.020066483940836394,-0.024923857836866035,-0.0009002370039643797,0.0008850988207770073,-0.0006915151287055059,-0.0007066533118928783
2019-08,Healthcare,0.13376656875582565,0.08302276810564936,-0.02977325705937028,-0.0046415372956342925,-0.024923857836866035,0.0010292020302672393,-0.002086504942040818,-0.0012752789776871146,-0.0023325818894606933
2019-08,Industrials,0.0752708196429202,0.14371247415584354,-0.02793609600733379,-0.034745371598791215,-0.024923857836866035,0.0006722006516876051,0.0009785778424573413,-0.00046603808751381076,0.0011847404066311355
2019-08,Non-Corporate,0.0,0.0008167551578069666,,0.04326002539027714,-0.024923857836866035,-5.56895383050771e-05,,,-5.56895383050771e-05
2019-08,Non-Energy Materials,0.07220590009162212,0.10433177517991006,-0.02780836944488854,-0.03351126103435445,-0.024923857836866035,0.0002758778424552773,0.0005949928031875574,-0.00018321038284522978,0.000687660262797605
2019-08,Technology,0.44308802928702906,0.10064604572769713,-0.005643342250160472,-0.03127275241822995,-0.024923857836866035,-0.0021741280538513535,0.002579498787749427,0.008776586055409423,0.009181956789307496
2019-08,Telecommunications,0.0,0.02452058605460943,,-0.02412216748564907,-0.024923857836866035,-1.965791724616567e-05,,,-1.965791724616567e-05
2019-08,Utilities,0.0,0.028873161967907433,,-0.004401480315371166,-0.024923857836866035,-0.0005925459301446641,,,-0.0005925459301446641
2019-09,Business Services,0.03535975145857989,0.03178149095134067,-0.020666519918658026,0.03360479477613217,0.026355049062280745,2.594147877540139e-05,-0.0017248232968898366,-0.00019419690204831944,-0.0018930787201627548
2019-09,Consumer Cyclicals,0.11802257564066693,0.07394331115119936,-0.016446033167811562,0.038471800849739765,0.026355049062280745,0.0005340975067926351,-0.004060806488509718,-0.002420737730848324,-0.005947446712565407
2019-09,Consumer Non-Cyclicals,0.015758187996330015,0.09346980212888073,0.05434485955413975,0.0028629968824351666,0.026355049062280745,0.0018256052941819066,0.004811999517150439,-0.004000738646768473,0.002636866164563872
2019-09,Consumer Services,0.04920217476091278,0.04047969664751077,-0.021949062387522845,0.015081792824534243,0.026355049062280745,-9.833073080051654e-05,-0.001498997785581964,-0.00032300082410772666,-0.0019203293404902071
2019-09,Energy,0.0,0.037751864462937164,,0.05226090065462934,0.026355049062280745,-0.000977994198111309,,,-0.000977994198111309
2019-09,Finance,0.052663798324684694,0.23779589824198563,-0.09861594421547447,0.03922124714977168,0.026355049062280745,-0.0023819462698891586,-0.03277711873185117,0.02551808868415088,-0.009640976317589447
2019-09,Healthcare,0.16834678894599694,0.08399201357967111,-0.14591025859656714,-0.0025887345693343215,0.026355049062280745,-0.0024415463664964276,-0.012037863392354499,-0.012089854964476697,-0.026569264723327622
2019-09,Industrials,0.0929980112963199,0.14207287760213827,0.03734263020608107,0.03491456994876307,0.026355049062280745,-0.0004200573431459799,0.000344961507748557,-0.00011915673251035193,-0.00019425256790777485
2019-09,Non-Corporate,0.0,0.0008089455193639666,,0.0021176595014030654,0.026355049062280745,1.9606727686350977e-05,,,1.9606727686350977e-05
2019-09,Non-Energy Materials,0.07295996261778742,0.10282141552405148,0.10820863579274817,0.01875400364313006,0.026355049062280745,0.0002269782598223423,0.009197851902807058,-0.0026712452851829958,0.006753584877446404
2019-09,Technology,0.39468874895872147,0.10061923736181744,0.013411529561310734,0.024658790463417575,0.026355049062280745,-0.0004988179377097412,-0.0011316908143793772,-0.0033074765202855128,-0.004937985272374631
2019-09,Telecommunications,0.0,0.024603338059841065,,0.006877665372566685,0.026355049062280745,0.00047920865543926955,,,0.00047920865543926955
2019-09,Utilities,0.0,0.029860108769261734,,0.03152128746724766,0.026355049062280745,-0.0001542644407002493,,,-0.0001542644407002493
2019-10,Business Services,0.03301631742981147,0.031698801020868264,0.042111899311975225,0.0474750387250345,0.03659509434465636,1.4334505249537595e-05,-0.00017000508910174224,-7.066024180155618e-06,-0.00016273660803236027
2019-10,Consumer Cyclicals,0.10584125506502721,0.0759071872077051,0.1268034093231621,0.04214709015096523,0.03659509434465636,0.00016619381920961754,0.006426023067719181,0.002534108002651659,0.009126324889580458
2019-10,Consumer Non-Cyclicals,0.01591672099297847,0.0919234365728681,-0.025916363852284234,0.00501944310640223,0.03659509434465636,0.0023999615429157713,-0.0028437256887973066,0.0023513290807432525,0.0019075649348617172
2019-10,Consumer Services,0.046519410636081546,0.0398802450852438,0.04272797541509057,0.038724439835779,0.03659509434465636,1.4137077230493114e-05,0.0001596619801104388,2.6580135499718592e-05,0.0002003791928406505
2019-10,Energy,0.0,0.0379867863314288,,-0.007457335552071369,0.03659509434465636,0.0016734102418672426,,,0.0016734102418672426
2019-10,Finance,0.05758337511066197,0.2400028666079904,0.051938494576663774,0.02919591289865761,0.03659509434465636,0.001349754916875559,0.00545828479678784,-0.004148690185038342,0.002659349528625056
2019-10,Healthcare,0.1480943744507642,0.08086725080938803,0.015450271788275368,0.03981102089942075,0.03659509434465636,0.00021619749211873043,-0.0019699868082755697,-0.001637703092491515,-0.003391492408648354
2019-10,Industrials,0.09261718772990335,0.1437305293825337,0.08340849554199592,0.050908216325891084,0.03659509434465636,-0.0007315914939426238,0.004671282336810905,-0.0016611978753786475,0.0022784929674896336
2019-10,Non-Corporate,0.0,0.0007948655326519,,0.013918595456811806,0.03659509434465636,1.802476736716678e-05,,,1.802476736716678e-05
2019-10,Non-Energy Materials,0.07723635214147914,0.10281524880729694,0.06744009826922392,0.052082438255059114,0.03659509434465636,-0.0003961491695121745,0.0015790016354542303,-0.0003928319985310835,0.0007900204674109721
2019-10,Technology,0.42317500644329276,0.10084994573001888,0.030899748339525655,0.05654363342522527,0.03659509434465636,0.006429914070285489,-0.0025861844191996464,-0.008265666817172347,-0.004421937166086504
2019-10,Telecommunications,0.0,0.023596911253763203,,0.03558706844161373,0.03659509434465636,2.378629777559144e-05,,,2.378629777559144e-05
2019-10,Utilities,0.0,0.029945925658242296,,0.023936013341077693,0.03659509434465636,0.00037908789863483404,,,0.00037908789863483404
2019-11,Business Services,0.05050124282268203,0.031747616124070566,-0.08101156894239686,0.019772786878090316,0.017654692838253418,3.9721944935655074e-05,-0.0031996630399005635,-0.0018900721861174457,-0.005050013281082354
2019-11,Consumer Cyclicals,0.10586204402202049,0.07621929263767993,0.024875911321306128,0.018246867549054434,0.017654692838253418,1.755368772836829e-05,0.0005052610271852416,0.00019650309645676805,0.0007193178113703779
2019-11,Consumer Non-Cyclicals,0.013325238742648574,0.08991859590910002,-0.10521398949816929,0.009581216687837495,0.017654692838253418,0.0006183746423636343,-0.010322223757341363,0.008792550228401256,-0.0009112988865764733
2019-11,Consumer Services,0.06541126051643512,0.0389653904722535,-0.021099829770954998,0.024844572313536543,0.017654692838253418,0.0001901426182366662,-0.0017902415672364307,-0.00121503968678409,-0.0028151386357838544
2019-11,Energy,0.0,0.0364340597206102,,0.01178918836195032,0.017654692838253418,0.00021370414038113356,,,0.00021370414038113356
2019-11,Finance,0.05330932687960579,0.23901601849484053,0.08776327440280966,0.012426004590656608,0.017654692838253418,0.0009710023959486629,0.018006814274772364,-0.01399063513213924,0.004987181538581785
2019-11,Healthcare,0.14792308208792038,0.08178327379757207,-0.020535268664941545,0.031994054740182146,0.017654692838253418,0.0009484026471994904,-0.004296020038442441,-0.003474279379636587,-0.006821896770879538
2019-11,Industrials,0.08853896760323379,0.1461845316756107,-0.00011365411785058016,0.021280426241314848,0.017654692838253418,-0.0002090074471955349,-0.0031274836179349796,0.0012332738301138514,-0.002103217235016663
2019-11,Non-Corporate,0.0,0.0007898631803589666,,-0.024497532279430315,0.017654692838253418,3.329449059066079e-05,,,3.329449059066079e-05
2019-11,Non-Energy Materials,0.07776403570133011,0.1039910635049326,0.05473874019120742,0.010571039734312525,0.017654692838253418,0.00018578316690813287,0.004593046143079798,-0.001158387507904169,0.0036204418020837625
2019-11,Technology,0.3973648016241238,0.10245727453793307,0.06865566810431892,0.031494436871906846,0.017654692838253418,0.004081444688470595,0.0038074384705468565,0.01095912680622876,0.01884800996524621
2019-11,Telecommunications,0.0,0.022943531940682767,,0.014639511368133492,0.017654692838253418,6.917891236665135e-05,,,6.917891236665135e-05
2019-11,Utilities,0.0,0.029549488004354568,,0.0012498556497312341,0.017654692838253418,0.0004847545397156259,,,0.0004847545397156259
2019-12,Business Services,0.04277628685552943,0.031841571998781494,-0.029485408903333885,0.04362032478032738,0.04219441357471945,1.5591932444364373e-05,-0.002327801482612046,-0.0007993903522241888,-0.00311159990239187
2019-12,Consumer Cyclicals,0.09075999828257111,0.07563138408932374,0.08022124056464404,0.04156858639609968,0.04219441357471945,-9.467897936987075e-06,0.0029233537334929787,0.0005847610924609225,0.0034986469280169144
2019-12,Consumer Non-Cyclicals,0.031293284823217325,0.08926421660553047,-0.016526289975492776,0.027946228839538054,0.04219441357471945,0.0008259805453049963,-0.0039698045524984415,0.00257811335441379,-0.0005657106527796555
2019-12,Consumer Services,0.05697315400759327,0.039331652836149665,-0.028741455889880044,0.03975234854910333,0.04219441357471945,-4.308169301014825e-05,-0.0026939745376212206,-0.0012083335312469544,-0.003945389761878323
2019-12,Energy,0.0,0.03595822123242267,,0.06695339168177775,0.04219441357471945,-0.0008902888122623116,,,-0.0008902888122623116
2019-12,Finance,0.09154537775836154,0.23900680277497396,0.07302317479518497,0.039729687991214596,0.04219441357471945,0.00036345194681852765,0.007957369834247746,-0.004909505007885252,0.003411316773181021
2019-12,Healthcare,0.14569184578345654,0.08237344845927334,0.013723103519347309,0.03723081179918286,0.04219441357471945,-0.000314287309382447,-0.0019364109963846672,-0.0014884704130436186,-0.0037391687188107325
2019-12,Industrials,0.08106561562776624,0.14789451060972678,0.02255232645630988,0.042517479771717805,0.04219441357471945,-2.159015695142424e-05,-0.002952736578830419,0.0013342491342141374,-0.0016400776015677058
2019-12,Non-Corporate,0.0,0.0008532890744608001,,0.003137849222993275,0.04219441357471945,3.332653964730311e-05,,,3.332653964730311e-05
2019-12,Non-Energy Materials,0.0755459328032329,0.10398649641235425,0.07201790271511957,0.05686648752767912,0.04219441357471945,-0.00041728205253688185,0.0015755425810308657,-0.0004309147874066071,0.0007273457410873767
2019-12,Technology,0.38434850405827164,0.10281642200378315,0.07332227689322388,0.04695130040291422,0.04219441357471945,0.001339216252839244,0.002711369447479522,0.007424275917126845,0.011474861617445611
2019-12,Telecommunications,0.0,0.022043045303266267,,0.014881368496493136,0.04219441357471945,0.0006020626900294964,,,0.0006020626900294964
2019-12,Utilities,0.0,0.028998938599952936,,0.04392980989652436,0.04219441357471945,-5.032465138260473e-05,,,-5.032465138260473e-05
2020-01,Business Services,0.05731727631134947,0.0318610369602456,-0.04838636262809661,-0.0338328914840232,-0.027185673208221017,-0.00016921317944785234,-0.0004636886820211908,-0.0003704766448329162,-0.0010033785063019594
2020-01,Consumer Cyclicals,0.0865581081043919,0.07552972987214714,-0.06435312952703487,-0.051218294271358995,-0.027185673208221017,-0.0002650408349964981,-0.0009920705587763534,-0.000144855931217817,-0.0014019673249906685
2020-01,Consumer Non-Cyclicals,0.027050028697072306,0.0881643161025107,-0.2509652081470162,-0.020573644928827853,-0.027185673208221017,-0.00040408939659972013,-0.02031231460691994,0.014080216210304594,-0.0066361877932150665
2020-01,Consumer Services,0.039721961196836485,0.0390552289499334,0.04250536012846347,-0.0586840057562896,-0.027185673208221017,-2.1000954033474324e-05,0.003951973851927611,6.746621327903974e-05,0.003998439111173177
2020-01,Energy,0.0,0.0365583595428672,,-0.10052774551862456,-0.027185673208221017,0.002681265849142698,,,0.002681265849142698
2020-01,Finance,0.08651723922030884,0.2385816795227446,0.07039195087061152,-0.014588792851964438,-0.027185673208221017,-0.0019155375609309043,0.020274848564424106,-0.012922549230658244,0.0054367617728349575
2020-01,Healthcare,0.12978611846848037,0.08263661048912109,-0.031177247628877695,-0.008184574264704161,-0.027185673208221017,0.0008958924662539432,-0.0019000365928987977,-0.0010840932362509016,-0.002088237362895756
2020-01,Industrials,0.08267891349312734,0.14797864342326092,-0.11295733890902888,-0.034761918162681434,-0.027185673208221017,0.0004947267494108024,-0.011571252283955608,0.005106139856509652,-0.005970385678035154
2020-01,Non-Corporate,0.0,0.0006095168980391666,,-0.009505471559242288,-0.027185673208221017,-1.0776381665792474e-05,,,-1.0776381665792474e-05
2020-01,Non-Energy Materials,0.07129795552072825,0.1053221370672276,-0.08147956903733451,-0.04595763945146647,-0.027185673208221017,0.0006387007874449406,-0.0037412455367352012,0.0012086045811115407,-0.0018939401681787199
2020-01,Technology,0.41907239898770515,0.10363764375110929,0.020137814944471175,-0.012494183188488371,-0.027185673208221017,0.004634206558435258,0.003381903397390525,0.010293266343951148,0.01830937629977693
2020-01,Telecommunications,0.0,0.02103470859432237,,-0.010586151469906371,-0.027185673208221017,-0.000349166102570568,,,-0.000349166102570568
2020-01,Utilities,0.0,0.02903038882647053,,0.04155543177589687,-0.027185673208221017,-0.001995581006050174,,,-0.001995581006050174
2020-02,Business Services,0.06117226957587484,0.030930331153010165,-0.028767995443039696,-0.12032321894020265,-0.08772133165268042,-0.0009859442678184218,0.0028318333815551076,0.002768807431292815,0.0046146965450295
2020-02,Consumer Cyclicals,0.07920089169566534,0.0738268999805214,-0.08940714564119519,-0.0979848306761991,-0.08772133165268042,-5.51559587207773e-05,0.0006332638951436494,4.60964083132252e-05,0.0006242043447360973
2020-02,Consumer Non-Cyclicals,0.010115188034988152,0.08877045363216024,0.06533359865004928,-0.08735760093652013,-0.08772133165268042,-2.8609336085437258e-05,0.013554467052938484,-0.01200996685783243,0.0015158908590206157
2020-02,Consumer Services,0.054319497627794984,0.037911256041541434,-0.25772487755576406,-0.11563580160894031,-0.08772133165268042,-0.0004580273667945288,-0.005386775338926062,-0.002331431884903012,-0.008176234590623603
2020-02,Energy,0.0,0.0336751120645915,,-0.1363303417801054,-0.08772133165268042,0.001636913863389899,,,0.001636913863389899
2020-02,Finance,0.08078388243617343,0.24172939997296206,-0.09586765752207736,-0.07535429846214847,-0.08772133165268042,-0.001990418557244807,-0.0049586819769865354,0.003301533190318227,-0.003647567343913116
2020-02,Healthcare,0.1277758482554145,0.08478837655156267,-0.07461089052124271,-0.07473345072217741,-0.08772133165268042,0.0005583161639929951,1.0391680467085952e-05,5.268553169698519e-06,0.0005739763976297796
2020-02,Industrials,0.08430427324737497,0.14587316047550805,-0.1458479802058309,-0.09958989196588179,-0.08772133165268042,0.0007307340514837909,-0.006747813529116307,0.0028480590182344556,-0.003169020459398061
2020-02,Non-Corporate,0.0,0.0007985850292687334,,-0.04797154819281495,-0.08772133165268042,-3.1743581987722484e-05,,,-3.1743581987722484e-05
2020-02,Non-Energy Materials,0.05355539364232907,0.10375180177868987,-0.09299855503992771,-0.09515393544488365,-0.08772133165268042,0.0003730900134692963,0.0002236246005326612,-0.00010819235449628309,0.0004885222595056745
2020-02,Technology,0.4487727554843847,0.10545231187045145,-0.08121694481033398,-0.07736769980286179,-0.08772133165268042,0.003554613479695082,-0.0004059117849937357,-0.0013215245035440703,0.001827177191157276
2020-02,Telecommunications,0.0,0.021377702593643768,,-0.05001027449358465,-0.08772133165268042,-0.00080617576443905,,,-0.00080617576443905
2020-02,Utilities,0.0,0.031114608856088067,,-0.058441604681677986,-0.08772133165268042,-0.0009110272521157931,,,-0.0009110272521157931
2020-03,Business Services,0.06871321147398372,0.030394763295488403,-0.08741618270592627,-0.25069137983897094,-0.16652007837016633,-0.0032253136534488966,0.004962710968883099,0.0062564521801761796,0.007993849495610382
2020-03,Consumer Cyclicals,0.07220272674622917,0.0735127902039156,-0.3980253428505276,-0.22695242765864848,-0.16652007837016633,7.917021246498303e-05,-0.012576047324072855,0.00022411637479277066,-0.0122727607368151
2020-03,Consumer Non-Cyclicals,0.01087858663238184,0.08902805648193719,-0.12642855492040786,-0.047683078342702856,-0.16652007837016633,-0.009287048550657866,-0.007010556736456983,0.006153917247598225,-0.010143688039516624
2020-03,Consumer Services,0.040381388950943065,0.03583373262544523,-0.05665664800486252,-0.23234917261964416,-0.16652007837016633,-0.000299368096865431,0.0062957189513355395,0.0007989892209070956,0.006795340075377204
2020-03,Energy,0.0,0.0315185322997893,,-0.27510190940703133,-0.16652007837016633,0.003422339948705694,,,0.003422339948705694
2020-03,Finance,0.086950583739341,0.24389936865866113,-0.11637123370232016,-0.22359052048225034,-0.16652007837016633,0.008957136544299983,0.0261507163536569,-0.016827936780026163,0.01827991611793072
2020-03,Healthcare,0.1283343084987435,0.0865087027909656,-0.18904687935585426,-0.047026305543565274,-0.16652007837016633,0.004997899426780201,-0.012286015610129701,-0.005940096522665166,-0.013228212706014666
2020-03,Industrials,0.0897194681810225,0.14385427075138624,-0.033093797844551,-0.19098246574830552,-0.16652007837016633,0.0013242665111153227,0.02271295918120241,-0.008547271865067476,0.015489953827250253
2020-03,Non-Corporate,0.0,0.0008304602784283333,,-0.10641005268088558,-0.16652007837016633,-4.991898867025437e-05,,,-4.991898867025437e-05
2020-03,Non-Energy Materials,0.06407598916999702,0.1032307504451593,-0.15688814706661,-0.1454259916666769,-0.16652007837016633,-0.000825933929192703,-0.0011832469036541276,0.00044879795838319227,-0.0015603828744636386
2020-03,Technology,0.4387437366073582,0.10696477846877044,-0.19573499283674456,-0.1225039678818517,-0.16652007837016633,0.014603619279125995,-0.007833140361341116,-0.024296513162955276,-0.017526034245170397
2020-03,Telecommunications,0.0,0.022115763316790337,,-0.09782234131785653,-0.16652007837016633,-0.0015193028930479814,,,-0.0015193028930479814
2020-03,Utilities,0.0,0.03230803038326233,,-0.14025444166811954,-0.16652007837016633,-0.000848590988605458,,,-0.000848590988605458
2020-04,Business Services,0.0660067836555553,0.027915987524803298,0.13821861942917507,0.12168986076731939,0.09301753522076939,0.0010921517069881885,0.00046141662060484776,0.0006295935764831462,0.0021831619040761823
2020-04,Consumer Cyclicals,0.050322378286827646,0.06866954388454156,0.5157940053165071,0.1150301082547307,0.09301753522076939,-0.0004038683226858601,0.027520274016623554,-0.007352881584977586,0.01976352410896011
2020-04,Consumer Non-Cyclicals,0.009940303191775957,0.10124599642483327,0.1977122189271829,0.06406121450942064,0.09301753522076939,0.002643876936028433,0.013531629115456136,-0.012203097609658192,0.003972408441826378
2020-04,Consumer Services,0.03935045760516222,0.0322815281088708,0.26006622886942427,0.13287534506703835,0.09301753522076939,0.00028175204767986523,0.00410591609065884,0.0008991033901700603,0.005286771528508765
2020-04,Energy,0.0,0.02719107337014587,,0.09438437904848668,0.09301753522076939,-3.7165950804991856e-05,,,-3.7165950804991856e-05
2020-04,Finance,0.08845629422011071,0.2287728527966161,0.1265898937461721,0.05806454292717069,0.09301753522076939,0.004904483590588883,0.015676739995751886,-0.009615241402169992,0.010965982184170778
2020-04,Healthcare,0.1334752541811023,0.09943916066033709,0.15142370401758035,0.09651510700947476,0.09301753522076939,0.00011904368049596598,0.005460064799522716,0.00186887414286189,0.007447982622880572
2020-04,Industrials,0.08940820043179804,0.14103575634008883,0.22069732470181572,0.10333416334220094,0.09301753522076939,-0.0005326222951242526,0.016552402228817157,-0.006059173174667266,0.00996060675902564
2020-04,Non-Corporate,0.0,0.0006911562971268666,,0.04937931423225468,0.09301753522076939,3.0160831231625736e-05,,,3.0160831231625736e-05
2020-04,Non-Energy Materials,0.05572342084233378,0.1065591444065465,0.17348385240748823,0.13296095263790852,0.09301753522076939,-0.0020305525260276448,0.004318085528318654,-0.0020600109307066534,0.0002275220715843556
2020-04,Technology,0.4673169075853339,0.11010033333011933,0.11869544149222887,0.12716721694015196,0.09301753522076939,0.012198832315703767,-0.000932745300714253,-0.0030262586033665217,0.008239828411622992
2020-04,Telecommunications,0.0,0.022915285011094935,,0.05074711498479614,0.09301753522076939,0.0009686387272460817,,,0.0009686387272460817
2020-04,Utilities,0.0,0.033182181844875036,,0.0469664191525132,0.09301753522076939,0.0015280765075363235,,,0.0015280765075363235
2020-05,Business Services,0.02700294770050179,0.027663497257155834,0.18584067355341008,0.06853169514220804,0.056350529057287664,-8.046263856923409e-06,0.0032451766025180405,-7.74883936810581e-05,0.003159641944980059
2020-05,Consumer Cyclicals,0.10201822716389139,0.07017403342760943,0.27104846806263816,0.07246318381491954,0.056350529057287664,0.0005130944997078545,0.013935530375030727,0.006323788264758974,0.020772413139497556
2020-05,Consumer Non-Cyclicals,0.009635818997603369,0.09917062585105117,0.08598326464393047,0.048784701613572,0.056350529057287664,0.0006774048988595968,0.0036890047764804243,-0.0033305661561489498,0.001035843519191071
2020-05,Consumer Services,0.0403734500110504,0.03331342459880173,-0.05870931689854599,0.08620007305826043,0.056350529057287664,0.00021073853919090254,-0.004827428035984427,-0.0010230639755685056,-0.0056397534723620305
2020-05,Energy,0.0,0.027598085501728698,,0.0005789897257243753,0.056350529057287664,0.0015391877110355085,,,0.0015391877110355085
2020-05,Finance,0.07111874337566639,0.22115452049441708,0.18039701948995365,0.031075135391530555,0.056350529057287664,0.0037922133306242172,0.03302320967710968,-0.022403624921542933,0.014411798086190964
2020-05,Healthcare,0.1408015507476112,0.1004079018893143,0.1291540361634454,0.06911418488234458,0.056350529057287664,0.0005155706315455048,0.006028475496881792,0.002425228670153153,0.008969274798580451
2020-05,Industrials,0.10125325976034374,0.14117674294413682,0.26884719543964253,0.06261454056965536,0.056350529057287664,-0.00025008115827709795,0.029115254503267064,-0.008233525928650932,0.020631647416339032
2020-05,Non-Corporate,0.0,0.0005948682643376666,,0.07663456231902137,0.056350529057287664,-1.2066327660175027e-05,,,-1.2066327660175027e-05
2020-05,Non-Energy Materials,0.053231002346527154,0.11065692160973777,0.055603471631159446,0.06775989521718216,0.056350529057287664,-0.0006551933399425087,-0.001345192411813283,0.0006980937993803297,-0.001302291952375462
2020-05,Technology,0.45456499989680466,0.11362075609320689,0.15834280832158998,0.08274623614589835,0.056350529057287664,0.008999464392987636,0.008589339688656768,0.025774216134585283,0.04336302021622969
2020-05,Telecommunications,0.0,0.022444510514552197,,0.024894227187413413,0.056350529057287664,0.0007060212980673205,,,0.0007060212980673205
2020-05,Utilities,0.0,0.03202411155394983,,0.046471527445248996,0.056350529057287664,0.0003163662496655765,,,0.0003163662496655765
2020-06,Business Services,0.02906825587433432,0.028319137058269096,-0.08381974474943292,0.015785284088856596,0.03227912783335192,-1.2355848698241169e-05,-0.0028207284633643666,-7.461600127748211e-05,-0.00290770031334009
2020-06,Consumer Cyclicals,0.09812369211080876,0.07170658332390767,0.11395915670734985,0.027735167919552224,0.03227912783335192,-0.00012003828336616428,0.0061828276365318915,0.00227778849184779,0.008340577845013518
2020-06,Consumer Non-Cyclicals,0.009505663410506208,0.09814684784842757,0.06821323884471304,0.03350710906762318,0.03227912783335192,-0.00010884971107334491,0.0034062972386398205,-0.0030763924506974575,0.00022105507686901804
2020-06,Consumer Services,0.03411986496522839,0.0337913320339375,0.2398887536216383,-0.023121331747464034,0.03227912783335192,-1.8200875380947995e-05,0.008887461122981584,8.64074743053787e-05,0.008955667721906015
2020-06,Energy,0.0,0.025991324820094003,,0.015559613474213805,0.03227912783335192,0.0004345623285425845,,,0.0004345623285425845
2020-06,Finance,0.06405925945377608,0.21593381982410478,0.06865027575065835,0.037888408457210455,0.03227912783335192,-0.0008519070287423182,0.0066425275095964,-0.004671945071362793,0.0011186754094912894
2020-06,Healthcare,0.13989070124447303,0.10155844358683185,-0.0010636245138754218,0.016289140493474807,0.03227912783335192,-0.0006129323146545901,-0.0017623198060745277,-0.0006651706593342487,-0.0030404227800633664
2020-06,Industrials,0.12870836757661405,0.1419478537722687,-0.0720830499765812,0.03153512893493245,0.03227912783335192,9.850163145206795e-06,-0.014708378108280316,0.001371851449317859,-0.013326676495817251
2020-06,Non-Corporate,0.0,0.0006078922444209,,0.03732381158854687,0.03227912783335192,-3.0666241303391123e-06,,,-3.0666241303391123e-06
2020-06,Non-Energy Materials,0.050327837090822745,0.1122935034630098,0.008890648569321655,0.032938902245610115,0.03227912783335192,-4.088336111089709e-05,-0.0027004626574776364,0.0014901660641386115,-0.001251179954449922
2020-06,Technology,0.44619635827343634,0.11637298433542566,-0.007356275376239707,0.05680669924412969,0.03227912783335192,0.008089766357208218,-0.007466836840410562,-0.021162448771189186,-0.020539519254391528
2020-06,Telecommunications,0.0,0.021682016090532732,,0.045147201757098555,0.03227912783335192,-0.0002790057858688392,,,-0.0002790057858688392
2020-06,Utilities,0.0,0.03164826159876923,,0.04134138976102281,0.03227912783335192,-0.0002868048361634952,,,-0.0002868048361634952
2020-07,Business Services,0.02963874057534862,0.029512566673357766,0.012374515413095697,0.025567036111601976,0.0434317915719349,-2.2540659045426166e-06,-0.0003893451467043189,-1.6645518136256411e-06,-0.00039326376442248715
2020-07,Consumer Cyclicals,0.09985088624820271,0.07201984320302927,0.04099157846611607,0.01621637181653606,0.0434317915719349,-0.0007574335187049685,0.0017843064982254004,0.0006895198427175283,0.0017163928222379604
2020-07,Consumer Non-Cyclicals,0.00928600470736397,0.09866194953424663,0.055682120469566554,0.04979388936915853,0.0434317915719349,-0.000568618501707891,0.0005809443596744378,-0.000526266217958002,-0.0005139403599914551
2020-07,Consumer Services,0.04511171258982266,0.0325255148655518,-0.055567680283304374,-0.026832115504535115,0.0434317915719349,-0.000884355427344246,-0.0009346390393818863,-0.0003616715000241835,-0.0021806659667503157
2020-07,Energy,0.0,0.0249391947675893,,0.0019882857139816284,0.0434317915719349,0.0010335676644432246,,,0.0010335676644432246
2020-07,Finance,0.06181668086089097,0.21581132645800835,0.09526479537011964,0.034934798957108264,0.0434317915719349,0.0013084913663615517,0.013019896551098871,-0.009290496416497051,0.005037891500963372
2020-07,Healthcare,0.13935326672270046,0.09970615441836339,0.08940076390249665,0.045319947705738724,0.0434317915719349,7.485993828504311e-05,0.004395128666601441,0.001747677070219702,0.006217665675106186
2020-07,Industrials,0.14353090632635124,0.14364919650781813,0.07187135415469166,0.04581126211767915,0.0434317915719349,-2.8146800265120756e-07,0.003743511282036637,-3.08265301610207e-06,0.0037401471610178836
2020-07,Non-Corporate,0.0,0.0006219199404029,,0.057134978320383646,0.0434317915719349,-8.522285085925054e-06,,,-8.522285085925054e-06
2020-07,Non-Energy Materials,0.06070834934876041,0.11279662317281924,-0.07947548973729719,0.06980494765305605,0.0434317915719349,-0.0013737321755580806,-0.01683832924339331,0.00777576029936399,-0.010436301119587403
2020-07,Technology,0.41070345262055896,0.1161249071667065,0.12362105617897934,0.0669884960636143,0.0434317915719349,0.006939299744845152,0.00657645078600969,0.016682737184112093,0.030198487714966936
2020-07,Telecommunications,0.0,0.021821011327374032,,0.05016404276882363,0.0434317915719349,-0.00014690452962603633,,,-0.00014690452962603633
2020-07,Utilities,0.0,0.03180979196473213,,0.06281113992799468,0.0434317915719349,-0.0006164530396183353,,,-0.0006164530396183353
2020-08,Business Services,0.024209271927592896,0.028984784439389333,0.3672690478006752,0.06719917943504226,0.054819849757438054,-5.911764376305187e-05,0.008697460451333803,-0.0014329874107931902,0.00720535539677756
2020-08,Consumer Cyclicals,0.19180501313587905,0.0703149649338257,0.1785886096337998,0.10484912709149828,0.054819849757438054,0.006078059314828872,0.005184989129200384,0.008958613288458683,0.02022166173248794
2020-08,Consumer Non-Cyclicals,0.007822243992323254,0.09913202339234962,0.11876581403263337,0.03298614191131318,0.054819849757438054,0.0019936310469142867,0.008503512463318793,-0.007832522938404337,0.002664620571828742
2020-08,Consumer Services,0.041423529181825874,0.030394204500080967,-0.029844061643231303,0.14563657884507808,0.054819849757438054,0.0010016471916416488,-0.005333594472806864,-0.0019354329593061154,-0.006267380240471331
2020-08,Energy,0.0,0.024437291216606066,,0.05153132702450525,0.054819849757438054,8.036258769710825e-05,,,8.036258769710825e-05
2020-08,Finance,0.05001940681095763,0.213277862137586,-0.01177196403596651,0.05383868828470784,0.054819849757438054,0.00016018290646393398,-0.013993299660405873,0.010711493750845761,-0.0031216230030961783
2020-08,Healthcare,0.12410106781212255,0.10055335860875893,-0.04587740487970895,0.029377976653143206,0.054819849757438054,-0.0005990978294488131,-0.007567181366511857,-0.0017720918403237834,-0.009938371036284453
2020-08,Industrials,0.12529107066367073,0.14299682144750034,0.14156012546126043,0.07023409075780944,0.054819849757438054,-0.0002729207096744641,0.010199396249047595,-0.0012628809948580849,0.008663594544515044
2020-08,Non-Corporate,0.0,0.0006051616727572334,,0.0634295374531209,0.054819849757438054,-5.210253007836799e-06,,,-5.210253007836799e-06
2020-08,Non-Energy Materials,0.04614545112139559,0.11604720325346378,-0.009840212541814388,0.05303755872024358,0.054819849757438054,0.0001245852663091749,-0.007296789501772845,0.004395266381377256,-0.0027769378540864137
2020-08,Technology,0.38918294535423237,0.11873976542831648,0.11872427794159922,0.04031797335846492,0.054819849757438054,-0.003921933568230885,0.009309946214302502,0.02120445033770275,0.026592462983774368
2020-08,Telecommunications,0.0,0.0220812704473788,,0.035215458654346755,0.054819849757438054,0.00043288986190354576,,,0.00043288986190354576
2020-08,Utilities,0.0,0.032435288521986134,,0.009426640145752844,0.054819849757438054,0.0014723418506940038,,,0.0014723418506940038
2020-09,Business Services,0.04038850525653118,0.029518050974973134,-0.039567521588648714,-0.0009358517526227137,-0.01614522061694394,0.00016533274889095635,-0.0011403315994681475,-0.00041994380077276574,-0.001394942651349957
2020-09,Consumer Cyclicals,0.21923132283226646,0.07368331643537046,-0.04184757193573739,0.006400484956877775,-0.01614522061694394,0.0032814824990811363,-0.00355507684341032,-0.007022408493244155,-0.007296002837573338
2020-09,Consumer Non-Cyclicals,0.007967761070526491,0.09744967362964845,0.0879279307574755,-0.0029366352323481368,-0.01614522061694394,-0.0011819294824140978,0.008854722300207967,-0.008130735148623966,-0.00045794233083009707
2020-09,Consumer Services,0.03691197950192651,0.033256806801220666,0.05346336002937896,-0.027412727748271963,-0.01614522061694394,-4.118468447143863e-05,0.002689680426059901,0.0002956160681847594,0.0029441118097732217
2020-09,Energy,0.0,0.024174959253379997,,-0.11439659193068574,-0.01614522061694394,0.002375222898098416,,,0.002375222898098416
2020-09,Finance,0.03548068028469495,0.21195678529011985,-0.036900834312098015,-0.04115351332689586,-0.01614522061694394,0.004413366090287877,0.0009013841728473055,-0.0007504962283698315,0.004564254034765351
2020-09,Healthcare,0.09772619128022035,0.09852526132169813,-0.02667930775926263,-0.0035704350128396467,-0.01614522061694394,-1.0048134454245788e-05,-0.0022768077261911927,1.846560790398892e-05,-0.0022683902527414496
2020-09,Industrials,0.12207278835820815,0.14505754353616607,0.04513499935161961,-0.01206468805511101,-0.01614522061694394,-9.379004192941531e-05,0.008297246146256917,-0.0013147208112994262,0.006888735293028077
2020-09,Non-Corporate,0.0,0.0005861153433089999,,-0.04388305633313305,-0.01614522061694394,1.6257571103442824e-05,,,1.6257571103442824e-05
2020-09,Non-Energy Materials,0.041830615329148696,0.11589610237599823,0.005929955631558005,-0.010066575289762555,-0.01614522061694394,-0.0004502178267427452,0.001853935585318189,-0.001184790853747596,0.00021892690482784778
2020-09,Technology,0.39839015608647715,0.11690532075043543,0.03172774560547046,0.0015314664654252285,-0.01614522061694394,0.004975719352667421,0.00353010569833667,0.008499794661496784,0.017005619712500877
2020-09,Telecommunications,0.0,0.021663157825805867,,-0.01744674152715304,-0.01614522061694394,2.8195052891446306e-05,,,2.8195052891446306e-05
2020-09,Utilities,0.0,0.03132690646187413,,-0.013084835503166197,-0.01614522061694394,-9.587239819662732e-05,,,-9.587239819662732e-05
2020-10,Business Services,0.03813836805846817,0.03116852161580223,-0.035943487737015424,-0.03586909436190317,-0.03144442934826602,-3.0839235705287306e-05,-2.3187315202587333e-06,-5.185104008840475e-07,-3.367647762643009e-05
2020-10,Consumer Cyclicals,0.20307617033989395,0.07652829038385389,-0.03222125059362235,-0.01032839930126525,-0.03144442934826602,0.0026721888355359887,-0.0016754224810320351,-0.002770493917240643,-0.0017737275627366894
2020-10,Consumer Non-Cyclicals,0.008510561909454067,0.09756674766815226,-0.0014653624675146045,-0.04223929353919997,-0.03144442934826602,0.0009613494306277326,0.003978179844309759,-0.003631170779632368,0.0013083584953051237
2020-10,Consumer Services,0.06011824391591531,0.03228193075774897,-0.06330661771656824,-0.03662982464046256,-0.03144442934826602,-0.00014434228720246436,-0.0008611783869216407,-0.0007425835661220814,-0.0017481042402461866
2020-10,Energy,0.0,0.02320565034932817,,-0.05474753701765158,-0.03144442934826602,0.0005407637686285089,,,0.0005407637686285089
2020-10,Finance,0.03315180191734026,0.20957700537341903,-0.07658329357184504,-0.027349045020348198,-0.03144442934826602,-0.0007225290132837388,-0.010318366373233303,0.008686162317704981,-0.0023547330688120597
2020-10,Healthcare,0.09293417265228049,0.09921376233646251,-0.0688501081396041,-0.06495565908079709,-0.03144442934826602,0.00021043677253265584,-0.0003863829433519387,2.4455542135256865e-05,-0.000151490628684026
2020-10,Industrials,0.12380168588909797,0.1450044395416511,-0.05424422694966916,-0.026018301939636983,-0.03144442934826602,-0.00011504884273252801,-0.004092884436624388,0.0005984673346031504,-0.003609465944753766
2020-10,Non-Corporate,0.0,0.0005897903315686333,,0.014207108616866077,-0.03144442934826602,-2.692483571307331e-05,,,-2.692483571307331e-05
2020-10,Non-Energy Materials,0.040793982131700726,0.1152823803068127,-0.05274949646459686,-0.020118840563352586,-0.03144442934826602,-0.0008436249669782148,-0.0037617396832679848,0.002430605289486951,-0.0021747593607592485
2020-10,Technology,0.3994750131858491,0.11582396295447628,-0.013183572294357715,-0.035950682673595,-0.03144442934826602,-0.0012782034883381797,0.002636976949145251,0.006457914769804243,0.007816688230611315
2020-10,Telecommunications,0.0,0.021639404557506865,,-0.002963830726995398,-0.03144442934826602,-0.0006163031956056473,,,-0.0006163031956056473
2020-10,Utilities,0.0,0.0321181138232169,,-0.014754713055280809,-0.03144442934826602,-0.0005360422075752967,,,-0.0005360422075752967
2020-11,Business Services,0.03487469692314789,0.03095174866923847,0.2853259671131219,0.16005274029266128,0.14267859616226253,6.815786837951834e-05,0.0038774254315314016,0.0004914403864169244,0.004437023686327844
2020-11,Consumer Cyclicals,0.21138549834535972,0.0770800015190599,0.22330984520414182,0.14704064742852901,0.14267859616226253,0.0005858474624977108,0.005878829880401715,0.010243372499797,0.016708049842696426
2020-11,Consumer Non-Cyclicals,0.025144757565467662,0.09653158339734134,0.11035327448131207,0.09013746179900618,0.14267859616226253,0.003750744807798854,0.001951464407887042,-0.0014431426990015538,0.004259066516684342
2020-11,Consumer Services,0.04660214375969702,0.03223334983849943,0.2568271553725781,0.20710853711513022,0.14267859616226253,0.0009257805439066848,0.0016025976157791227,0.0007143965797879607,0.003242774739473768
2020-11,Energy,0.0,0.02272776182573773,,0.2963090842582841,0.14267859616226253,-0.0034916771426182144,,,-0.0034916771426182144
2020-11,Finance,0.032856781261316303,0.21077037902154153,0.20666336231677856,0.1645227694606693,0.14267859616226253,-0.0038863754616173937,0.008881988728474616,-0.0074973844867792456,-0.002501771219922023
2020-11,Healthcare,0.09251853401435821,0.09653721986756332,0.19281229051333842,0.09257095710758301,0.14267859616226253,0.00020136686020654854,0.00967701964280913,-0.0004028384284641263,0.009475548074551553
2020-11,Industrials,0.11512988462888848,0.14553918959093473,0.19900732118351822,0.17279502393114565,0.14267859616226253,-0.000915819636391405,0.003814916499426988,-0.0007970977409032042,0.0021019991221323787
2020-11,Non-Corporate,0.0,0.0006203823845423,,0.06867856844473466,0.14267859616226253,4.590831365159623e-05,,,4.590831365159623e-05
2020-11,Non-Energy Materials,0.041494579701855785,0.11684154852680594,0.190271301496164,0.12392147269258767,0.14267859616226253,0.0014132923973153321,0.00775241674189833,-0.0049992584824038455,0.004166450656809817
2020-11,Technology,0.3999931237999089,0.11552074541861546,0.09853892864611165,0.13104426772213573,0.14267859616226253,-0.0033096450822319937,-0.003755041000147151,-0.009246871117046968,-0.016311557199426112
2020-11,Telecommunications,0.0,0.022269648799982136,,0.10839199202753627,0.14267859616226253,0.0007635506326243691,,,0.0007635506326243691
2020-11,Utilities,0.0,0.03237644114013703,,0.10637211803094408,0.14267859616226253,0.001175474552224304,,,0.001175474552224304
2020-12,Business Services,0.033201305927225894,0.0320719753197606,0.13590080517947184,0.048080217592489045,0.06156777263536143,-1.5231908729788621e-05,0.0028165797176565865,9.917847752756609e-05,0.002900526286454364
2020-12,Consumer Cyclicals,0.3035441336879958,0.07778889743013233,0.3006076351796792,0.07364076707839091,0.06156777263536143,0.002725541712825994,0.01765550242276949,0.05123895893091368,0.07162000306650916
2020-12,Consumer Non-Cyclicals,0.019915444333422915,0.09063181312529267,0.03536345969980249,0.04075415312806848,0.06156777263536143,0.0014718635929713826,-0.0004885683194063468,0.00038121026451716673,0.0013645055380822025
2020-12,Consumer Services,0.06010655830493328,0.03368494112351614,0.12409198732415792,0.06115135136065292,0.06156777263536143,-1.1002523506546075e-05,0.0021201516167073287,0.0016629933885826654,0.003772142481783448
2020-12,Energy,0.0,0.025791395652584634,,0.06822591293548107,0.06156777263536143,-0.00017172273079080417,,,-0.00017172273079080417
2020-12,Finance,0.04382159831961539,0.21567734099516359,0.14057002233252208,0.05098579988822994,0.06156777263536143,0.0018185727854306934,0.019321286891904186,-0.015395563080175341,0.005744296597159538
2020-12,Healthcare,0.09371471327567596,0.09217361541098713,-0.0002629870072935007,0.038454767477504335,0.06156777263536143,-3.561940289531538e-05,-0.003568755411458778,-5.9667848762068146e-05,-0.0036640426631161615
2020-12,Industrials,0.08626575951224186,0.14997062606041048,0.07737679429807494,0.07615977913006089,0.06156777263536143,-0.0009295818264148389,0.00018251652667208257,-7.7529788865432e-05,-0.0008245950886081883
2020-12,Non-Corporate,0.0,0.0005986948600638334,,0.013071733652292,0.06156777263536143,2.903432927261896e-05,,,2.903432927261896e-05
2020-12,Non-Energy Materials,0.03735337277956184,0.11532211541999993,0.12025220068134714,0.08795216672465489,0.06156777263536143,-0.0020571580324720176,0.00372490824402358,-0.0025183930348467486,-0.0008506428232951863
2020-12,Technology,0.3220771138593271,0.11516736218792833,0.15028986587171667,0.06910647130695965,0.06156777263536143,0.0015598302700658923,0.009349677405484863,0.016797636009235055,0.02770714368478581
2020-12,Telecommunications,0.0,0.019337803147463133,,0.03394987309074759,0.06156777263536143,0.0005340695047401542,,,0.0005340695047401542
2020-12,Utilities,0.0,0.031783419266696665,,0.06467078590578909,0.06156777263536143,-9.862437176412595e-05,,,-9.862437176412595e-05
2021-01,Business Services,0.033459242911706766,0.03184820700744897,0.019394821941048246,-0.011648521541481252,-0.008940574370205822,-4.362600119758057e-06,0.0009886748294349412,5.001194093856231e-05,0.0010343241702537454
2021-01,Consumer Cyclicals,0.3414922900626984,0.07855839385595774,-0.005763835902901427,-0.029238393216216147,-0.008940574370205822,-0.005336984593680103,0.001844123519013631,0.006172256816118277,0.0026793957414518055
2021-01,Consumer Non-Cyclicals,0.0183864626873404,0.08838616481420443,0.2740854040647449,-0.007127431055879681,-0.008940574370205822,-0.00012691949191614488,0.024855323992841225,-0.01968481469269465,0.005043589808230428
2021-01,Consumer Services,0.06030910257227334,0.0335448767399508,0.15205106620150707,-0.0036872676172394346,-0.008940574370205822,0.00014060068830285745,0.0052242232116351634,0.004168215937074567,0.009533039837012588
2021-01,Energy,0.0,0.025699190651903736,,-0.01736744201217823,-0.008940574370205822,0.0002165636781294074,,,0.0002165636781294074
2021-01,Finance,0.04459846558551451,0.21607092098832745,-0.05749773675708683,-0.017899071651789087,-0.008940574370205822,0.0015361355255925073,-0.00855612003921003,0.0067900803362790935,-0.00022990417733842906
2021-01,Healthcare,0.07248961336869021,0.09043669880731753,0.06736997797905127,-0.012119816419094024,-0.008940574370205822,5.705812868147311e-05,0.007188794594240662,-0.0014266101315624326,0.005819242591359702
2021-01,Industrials,0.08306550858106024,0.15080134056017463,0.12708107847624497,-0.007368466187161825,-0.008940574370205822,-0.00010648805573965904,0.02027517157294682,-0.00910705176698896,0.011061631750218202
2021-01,Non-Corporate,0.0,0.00039367648774553334,,0.0092416139433415,-0.008940574370205822,-7.157900034805192e-06,,,-7.157900034805192e-06
2021-01,Non-Energy Materials,0.037336072917867315,0.11851342230271907,0.057016147923995064,-0.0026518912510317214,-0.008940574370205822,-0.0005104986267358152,0.007071463524725134,-0.00484369326322017,0.001717271634769149
2021-01,Technology,0.30886324131284876,0.11448961611476827,0.08698955905146404,0.015831006267581854,-0.008940574370205822,0.00481494193045337,0.008146915391509146,0.013831345868452142,0.026793203190414658
2021-01,Telecommunications,0.0,0.018858720501874735,,-0.006398373533598164,-0.008940574370205822,-4.794265503721596e-05,,,-4.794265503721596e-05
2021-01,Utilities,0.0,0.032398771167606664,,-0.011702256348847594,-0.008940574370205822,8.947510246371796e-05,,,8.947510246371796e-05
2021-02,Business Services,0.02452942795498843,0.031336131148013834,0.064214334456989,0.0216239483743757,0.030783442908386992,6.234596069115337e-05,0.0013346179239293134,-0.0002899001169407086,0.0011070637676797584
2021-02,Consumer Cyclicals,0.3458882506710128,0.07745302401471103,0.05118946352777264,0.046756224273332044,0.030783442908386992,0.004287657186030578,0.00034336778643714736,0.0011900375840873765,0.005821062556555102
2021-02,Consumer Non-Cyclicals,0.023621904533767477,0.08863997886803694,0.04704010191564957,-0.0069279241976082755,0.030783442908386992,0.0024519204697445243,0.0047837246942288416,-0.0035088971335055946,0.0037267480304677713
2021-02,Consumer Services,0.07889169293795588,0.0336226340414923,0.16960083477356894,0.09251324706965557,0.030783442908386992,0.0027944501402436296,0.0025918877505101212,0.003489682547954756,0.008876020438708507
2021-02,Energy,0.0,0.025489420981621397,,0.11773211679860872,0.030783442908386992,-0.0022162713525815743,,,-0.0022162713525815743
2021-02,Finance,0.029244931125367024,0.21326340436605254,0.16418615890809427,0.05609405195484673,0.030783442908386992,-0.004657619633521404,0.023052090713949026,-0.019890944490905497,-0.0014964734104778755
2021-02,Healthcare,0.07805739165290249,0.09074421708216956,0.10729494228442306,-0.033094873093559796,0.030783442908386992,0.0008104130438322568,0.012739563882785382,-0.001781101079747503,0.011768875846870135
2021-02,Industrials,0.07442162473095654,0.15129181391552793,-0.13132039422111513,0.03205672886419614,0.030783442908386992,-9.787773230910687e-05,-0.024717621303877214,0.012558830359998883,-0.012256668676187436
2021-02,Non-Corporate,0.0,0.00039811222371666666,,0.0206297512145008,0.030783442908386992,4.042308779186479e-06,,,4.042308779186479e-06
2021-02,Non-Energy Materials,0.04007168108541468,0.11854332864514337,0.08292370652002384,0.04324401540559551,0.030783442908386992,-0.0009778016533933953,0.004703762664315453,-0.003113730736410318,0.0006122302745117394
2021-02,Technology,0.30527309530763475,0.1175911818163099,-0.0270433939004342,0.023721882540696716,0.030783442908386992,-0.0013253271620426144,-0.005969548851944259,-0.009527724221387524,-0.016822600235374397
2021-02,Telecommunications,0.0,0.018926176193718967,,0.03803520339073189,0.030783442908386992,-0.00013724809660350796,,,-0.00013724809660350796
2021-02,Utilities,0.0,0.03270057670348503,,-0.04484198786121611,0.030783442908386992,0.002472995199615503,,,0.002472995199615503
2021-03,Business Services,0.02934870339800949,0.0314373969098394,-0.010755938633514876,0.018559168055998203,0.01790625519427526,-1.3637348580710127e-06,-0.0009215906444525107,6.123027314098748e-05,-0.0008617241061695942
2021-03,Consumer Cyclicals,0.32854642587003435,0.07840718330398667,-0.02566657128985808,0.043085352752124016,0.01790625519427526,0.00629828039161691,-0.005390644710861459,-0.01719755420481985,-0.016289918524064396
2021-03,Consumer Non-Cyclicals,0.0324786918795869,0.08601399108696517,-0.16686856841419853,0.025329458247770834,0.01790625519427526,-0.00039740339654600963,-0.016531719352234926,0.010289378864416195,-0.0066397438843647395
2021-03,Consumer Services,0.07167103654896674,0.035977476746275903,0.07904652944374876,-0.0008455493215301517,0.01790625519427526,-0.0006693186558932684,0.0028743154059894653,0.0028516326911697696,0.0050566294412659665
2021-03,Energy,0.0,0.027515817652405867,,0.009118215000897737,0.01790625519427526,0.00024181011148298947,,,0.00024181011148298947
2021-03,Finance,0.03486713752675629,0.2183215918152591,-0.026616301174237588,0.01721264259732413,0.01790625519427526,0.00012724632046130026,-0.00956880477178884,0.008040614961653328,-0.0014009434896742109
2021-03,Healthcare,0.1078843687036691,0.08512159098818368,-0.03724865152568368,-0.0003434640276606504,0.01790625519427526,-0.0004154143020189486,-0.003141428275548946,-0.0008400645795658096,-0.004396907157133704
2021-03,Industrials,0.06082936574203532,0.15178877842705585,-0.04164899886514347,0.03010437848577737,0.01790625519427526,-0.0011095341304545017,-0.01089135749611185,0.006526645062006414,-0.005474246564559938
2021-03,Non-Corporate,0.0,0.0003632918116869667,,-0.0209238043862421,0.01790625519427526,1.4106642692919007e-05,,,1.4106642692919007e-05
2021-03,Non-Energy Materials,0.08481509897705183,0.11966043056964842,-0.055580035763659205,0.012482117995644285,0.01790625519427526,0.00018900585929003424,-0.008144346624335871,0.0023716483166492247,-0.005583692448396613
2021-03,Technology,0.24955917135389,0.11644588767567517,-0.02828865609792763,0.0018299655790858622,0.01790625519427526,-0.0021399677000398455,-0.0035071896367476684,-0.004009188631289128,-0.009656345968076643
2021-03,Telecommunications,0.0,0.0190325406598114,,0.011976655595517294,0.01790625519427526,0.00011285534545976232,,,0.00011285534545976232
2021-03,Utilities,0.0,0.0299140223532058,,0.04413399872601184,0.01790625519427526,-0.000784577306282517,,,-0.000784577306282517
2021-04,Business Services,0.027739899299659622,0.032848695334797534,0.06567196288163725,0.039131867561216616,0.04858714670547486,4.8305092603308694e-05,0.0008718075053369831,-0.0001355879337451472,0.0007845246641951446
2021-04,Consumer Cyclicals,0.3287515302490956,0.08168704068783873,0.014453476488808006,0.048607305178921194,0.04858714670547486,4.980442952353396e-06,-0.0027899251938547495,-0.008438198251885425,-0.01122314300278782
2021-04,Consumer Non-Cyclicals,0.030933742950478092,0.0872241349517554,-0.07951248952649029,0.028283266638599022,0.04858714670547486,0.0011429133681113614,-0.00940239158297027,0.006067865370606983,-0.002191612844251926
2021-04,Consumer Services,0.07528155078907939,0.035500638349611834,0.1055621924052548,0.04424875598947248,0.04858714670547486,-0.00017258514120148963,0.002176666132168609,0.002439104445419098,0.004443185436386218
2021-04,Energy,0.0,0.0269316121829659,,0.012534835869595364,0.04858714670547486,0.0009709468537316457,,,0.0009709468537316457
2021-04,Finance,0.032830888943084634,0.21920565891788132,0.09178415379558945,0.05561145060353379,0.04858714670547486,-0.0013091530232338018,0.00792926123805551,-0.006741679236785967,-0.00012157102196425941
2021-04,Healthcare,0.09864786800275382,0.08329948039476623,0.08832787423858764,0.058974390250141895,0.04858714670547486,0.00015942744010211671,0.0024451299640136205,0.00045052864989952293,0.0030550860540152604
2021-04,Industrials,0.05619408765902016,0.15333799608417054,0.03918130426668717,0.042883559106370504,0.04858714670547486,0.0005540687914222165,-0.0005676963381099642,0.00035965150511276737,0.0003460239584250197
2021-04,Non-Corporate,0.0,0.0003031150993973,,,0.04858714670547486,,,,0.0
2021-04,Non-Energy Materials,0.07692081490119383,0.11852174523168003,0.08940768860711679,0.06724345952338756,0.04858714670547486,-0.0007761199697617432,0.002626943112718348,-0.0009220525499411556,0.0009287705930154494
2021-04,Technology,0.27269961720563496,0.1121079312225773,0.11910837081190345,0.05404185510837719,0.04858714670547486,0.0008759808189680373,0.007294472467383667,0.01044914145787238,0.01861959474422408
2021-04,Telecommunications,0.0,0.018894034737230333,,0.028528764075601207,0.04858714670547486,0.0003789837781814903,,,0.0003789837781814903
2021-04,Utilities,0.0,0.03013791680532707,,0.023062630493039044,0.04858714670547486,0.0007692557461066125,,,0.0007692557461066125
2021-05,Business Services,0.020098593115866877,0.03168826886810533,-0.002200773897941468,0.0063885913791107436,0.018850530515402295,0.0001444298338337496,-0.00027218211630559855,9.954795847857095e-05,-2.820432399327801e-05
2021-05,Consumer Cyclicals,0.32488484595993833,0.08194739042248217,0.06775688692940998,0.04568825416036,0.018850530515402295,0.0065198882947234485,0.0018084668656157227,0.005361297492103528,0.0136896526524427
2021-05,Consumer Non-Cyclicals,0.0315135598860128,0.08574322396205301,0.08731579189082286,0.017945719479346336,0.018850530515402295,4.906759853760855e-05,0.005948013655041067,-0.0037619157238049567,0.0022351655297737183
2021-05,Consumer Services,0.0772530446000796,0.0345354502930487,0.038204523462040646,-0.0014977008249605526,0.018850530515402295,-0.0008692274912632318,0.0013711341933872008,0.0016959835101788667,0.0021978902123028356
2021-05,Energy,0.0,0.026104859235791367,,0.040783963858352236,0.018850530515402295,-0.000572569189975321,,,-0.000572569189975321
2021-05,Finance,0.03349993951194504,0.22048309798425092,-0.05501213305740439,0.029957236397005316,0.018850530515402295,-0.0020767669459650696,-0.018734309811076634,0.015887841073985796,-0.0049232356830559085
2021-05,Healthcare,0.10146581951149458,0.0848236784634502,0.024778665266157136,0.021908452080223108,0.018850530515402295,5.089036199560458e-05,0.000243462040405223,4.776649267827095e-05,0.00034211889507909855
2021-05,Industrials,0.054637368239946624,0.15250658076249468,-0.016185529009775254,0.01837596273652052,0.018850530515402295,4.64455748077339e-05,-0.00527085493227875,0.0033825059808145117,-0.0018419033766565048
2021-05,Non-Corporate,0.0,0.00030158471971116667,,,0.018850530515402295,,,,0.0
2021-05,Non-Energy Materials,0.07788813478632217,0.12009259078701735,0.007783642903163705,0.012657581181095593,0.018850530515402295,0.0002613700576942817,-0.0005853238751328543,0.0002057019136010804,-0.0001182519038374922
2021-05,Technology,0.27875869438839396,0.11347292287947373,-0.0041384462701019335,-0.007482822234176461,0.018850530515402295,-0.0043525285256306705,0.0003794961158513945,0.0005527777614379472,-0.0034202546483413287
2021-05,Telecommunications,0.0,0.0186901766473446,,0.0036276231619343435,0.018850530515402295,0.00028451882752247707,,,0.00028451882752247707
2021-05,Utilities,0.0,0.029610174974776266,,0.011551746009182816,0.018850530515402295,0.00021611828633234475,,,0.00021611828633234475
2021-06,Business Services,0.0002858453418356598,0.03146526539121707,0.0760848804054025,0.010179665401088276,-0.00556982668543317,-0.0004910600293300607,0.002073725080775968,-0.0020548863820643074,-0.00047222133061839994
2021-06,Consumer Cyclicals,0.35013967723935663,0.0850589969917402,-0.07656557906550675,-0.002977014131375402,-0.00556982668543317,0.000687304515584193,-0.006259369523358757,-0.019506906851185432,-0.025078971858959995
2021-06,Consumer Non-Cyclicals,0.03174937713783177,0.08506212119623506,0.02509212801437831,-0.009215309684728083,-0.00556982668543317,0.00019435070211067007,0.002918263423493672,-0.0018290236453520755,0.0012835904802522666
2021-06,Consumer Services,0.08159962385082653,0.033256674223980036,-0.03180713499895443,-0.03924058087907422,-0.00556982668543317,-0.0016277435738811198,0.0002472116879967305,0.0003593546997365208,-0.0010211771861478685
2021-06,Energy,0.0,0.026374988596325633,,0.0007220329072180223,-0.00556982668543317,-0.00016594772500585724,,,-0.00016594772500585724
2021-06,Finance,0.04115572632903404,0.2224215603281662,-0.012447100620950967,-0.024048190982898406,-0.00556982668543317,0.003349496115319824,0.0025803326198123996,-0.0021028813197576965,0.0038269474153745276
2021-06,Healthcare,0.08395099477095289,0.08584889222858604,0.002134707367771362,0.02342162515648045,-0.00556982668543317,-5.502280274386175e-05,-0.0018274583111216576,4.040038715203684e-05,-0.0018420807267134824
2021-06,Industrials,0.051148602965931295,0.15256479213077914,0.05056564423273246,-0.00012763169392042065,-0.00556982668543317,-0.0005519266767312445,0.0077340091041780265,-0.005141118860763256,0.0020409635666835263
2021-06,Non-Corporate,0.0,0.00024441136255803333,,,-0.00556982668543317,,,,0.0
2021-06,Non-Energy Materials,0.07874892232856733,0.11973713272019447,-0.012975108389258357,-0.022673422662271066,-0.00556982668543317,0.0007010457903520193,0.001161248343269879,-0.0003975165458663654,0.0014647775877555328
2021-06,Technology,0.2812212300356638,0.10984283369933216,0.0357596346867432,0.030990534623971614,-0.00556982668543317,0.006265656090682657,0.0005238514650904942,0.0008173207207252933,0.007606828276498445
2021-06,Telecommunications,0.0,0.018757128071456266,,-0.024753116317415908,-0.00556982668543317,0.0003598234204589393,,,0.0003598234204589393
2021-06,Utilities,0.0,0.029365203059429103,,-0.014747402148840438,-0.00556982668543317,0.00026950136707618857,,,0.00026950136707618857
2021-07,Business Services,0.00030569181028767504,0.03183369088055377,-0.12242317354147408,0.014906093082993316,0.011838811799339133,-9.670524145929368e-05,-0.004371697422576444,0.004329716990456533,-0.00013868567357920494
2021-07,Consumer Cyclicals,0.3533794013456325,0.08548533031010704,0.00277108181060324,0.000957316614959802,0.011838811799339133,-0.002915088043896845,0.00015505031685455518,0.0004858969421634669,-0.002274140784878823
2021-07,Consumer Non-Cyclicals,0.03198095996126935,0.08499909839255904,-0.03217791044577219,-0.006872793884476681,0.011838811799339133,0.0009920545004162536,-0.002150912092428732,0.0013416301728666864,0.00018277258085420815
2021-07,Consumer Services,0.07761529049356547,0.03256284808012593,0.051540676998886516,-0.02286612256943763,0.011838811799339133,-0.0015635420571115139,0.002422897310471719,0.0033522080527202615,0.004211563306080466
2021-07,Energy,0.0,0.026524493342631766,,-0.03804568977076869,0.011838811799339133,0.0013231611297968289,,,0.0013231611297968289
2021-07,Finance,0.06510608727049219,0.21887036919548356,0.12186200988080109,0.015646831964324776,0.011838811799339133,-0.0005855374862249046,0.023247355204743143,-0.01633210056186218,0.006329717156656058
2021-07,Healthcare,0.07434964744268857,0.0887468775725469,0.008074419906289678,-0.00190410158208011,0.011838811799339133,0.00019785988660700232,0.000885562624883382,-0.0001436630702237963,0.0009397594412665881
2021-07,Industrials,0.051584068584719554,0.1518023934893485,-0.0817279075531916,0.016262845808896365,0.011838811799339133,-0.00044336927775893504,-0.01487523090018938,0.009820469158091094,-0.00549813101985722
2021-07,Non-Corporate,0.0,0.0003043134647535333,,,0.011838811799339133,,,,0.0
2021-07,Non-Energy Materials,0.0723216881104849,0.11758403421092967,0.03319333095594817,0.04467156364444237,0.011838811799339133,-0.0014860873774430795,-0.0013496569051249137,0.0005195317405680633,-0.00231621254199993
2021-07,Technology,0.2733571649808597,0.11397279913004683,0.07764836196946982,0.02417019388773649,0.011838811799339133,0.001965429514223286,0.006095056508622275,0.00852358390657025,0.01658406992941581
2021-07,Telecommunications,0.0,0.0180292048728075,,-0.016090948886761415,0.011838811799339133,0.0005035513774581914,,,0.0005035513774581914
2021-07,Utilities,0.0,0.029284547058105365,,0.0059786672668790146,0.011838811799339133,0.00017161167832812718,,,0.00017161167832812718
2021-08,Business Services,0.01013276092255669,0.0319389406449342,0.014420697202442809,0.011051463920989258,0.018565721331801007,0.00016385724758036813,0.00010760974179528185,-7.347010646199186e-05,0.00019799688291365813
2021-08,Consumer Cyclicals,0.3393089523731707,0.0845680943670954,0.002080101997266889,-0.008108115054678846,0.018565721331801007,-0.00679491596740555,0.0008615981010813975,0.0025953551533647837,-0.003337962712959369
2021-08,Consumer Non-Cyclicals,0.030631912656984794,0.08325362017457309,0.1370775291116268,0.012557261058000216,0.018565721331801007,0.0003161754391589937,0.010366763100572655,-0.006552469125529631,0.0041304694142020185
2021-08,Consumer Services,0.07834401676516366,0.03128433916936643,0.09275777806434192,0.021252135757611167,0.018565721331801007,0.00012642179676732482,0.0022370067664471624,0.0033650324732351477,0.005728461036449635
2021-08,Energy,0.0,0.025277276899810002,,0.010947000751849945,0.018565721331801007,0.00019258050972170403,,,0.00019258050972170403
2021-08,Finance,0.06997067674499843,0.21963662872725795,0.04169876417365331,0.027426226318473385,0.018565721331801007,-0.001326115913873879,0.0031347720978938884,-0.0021361129652983403,-0.00032745678127833093
2021-08,Healthcare,0.0714650596872054,0.08860608648370877,0.011852205047140385,0.025775160076362734,0.018565721331801007,-0.00012357718270828216,-0.0012336585574280635,0.0002386537452424116,-0.0011185819948939342
2021-08,Industrials,0.04540989373161423,0.15280216209118755,0.06861145003567623,0.030298099228578103,0.018565721331801007,-0.0012599666755866124,0.005854362840282739,-0.004114557651630358,0.00047983851306576935
2021-08,Non-Corporate,0.0,0.000323149772442,,,0.018565721331801007,,,,0.0
2021-08,Non-Energy Materials,0.07138522168608727,0.1209311834973847,-0.028582356079296104,-0.003023554256836525,0.018565721331801007,0.001069661423848211,-0.0030908561531651497,0.0012663354190381015,-0.0007548593102788374
2021-08,Technology,0.2833515054322188,0.11489417365456711,0.06710236691970253,0.0312993053803567,0.018565721331801007,0.0021450655927861594,0.004113563169866753,0.006031288216389263,0.012289916979042175
2021-08,Telecommunications,0.0,0.017593013867408632,,0.017554341040206117,0.018565721331801007,1.779322749525268e-05,,,1.779322749525268e-05
2021-08,Utilities,0.0,0.028891330650263735,,0.014844458514608382,0.018565721331801007,0.00010751223448804408,,,0.00010751223448804408
2021-09,Business Services,0.014017920938147828,0.032005254099793205,-0.08766011285469155,-0.024346676219146664,-0.03481615499622002,-0.00018831800279199405,-0.0020263626274517705,0.00113883987837227,-0.0010758407518714943
2021-09,Consumer Cyclicals,0.33302468217914555,0.08232424248107037,-0.10769176425547171,-0.02914075955802821,-0.03481615499622002,0.0014228241318151368,-0.006466651957844036,-0.019692771416374655,-0.024736599242403554
2021-09,Consumer Non-Cyclicals,0.03162898061573665,0.0837201562048953,-0.07529092341418993,-0.035171165007757126,-0.03481615499622002,1.8492888846888702e-05,-0.0033588324406892156,0.0020898853797441147,-0.0012504541720982122
2021-09,Consumer Services,0.07732781803622281,0.0314637622529257,0.012035434752471595,0.0035768693922297876,-0.03481615499622002,0.0017608598122413482,0.00026613828949548105,0.0003879441135287948,0.002414942215265624
2021-09,Energy,0.0,0.024364304699503764,,0.10387895677871527,-0.03481615499622002,-0.0033792099636162556,,,-0.0033792099636162556
2021-09,Finance,0.06591890705410478,0.22135534506248436,-0.0695980585756103,-0.03487854407051401,-0.03481615499622002,9.697535478898058e-06,-0.00768535011367752,0.005396677664052435,-0.002278974914146187
2021-09,Healthcare,0.07958340364883097,0.08909649802967438,-0.024466776351031453,-0.05012621964279986,-0.03481615499622002,0.0001456460899597281,0.0022861665386875855,-0.00024410070579449224,0.0021877119228528212
2021-09,Industrials,0.04392625247628754,0.15416713720189926,-0.17949528229092643,-0.03930060362389285,-0.03481615499622002,0.0004943695842212083,-0.021613412261036746,0.015455185410076625,-0.0056638572667389135
2021-09,Non-Corporate,0.0,0.00033094880863486666,,,-0.03481615499622002,,,,0.0
2021-09,Non-Energy Materials,0.0675235465197878,0.11844745003324203,-0.1025820009784555,-0.05188925324208459,-0.03481615499622002,0.0008694288077481322,-0.006004426704551536,0.0025814725945588275,-0.0025535253022445762
2021-09,Technology,0.28704848853173603,0.1157673141637255,-0.07719061831283186,-0.04868253541662885,-0.03481615499622002,-0.0023750499226412123,-0.0033003041888502636,-0.004882897917442247,-0.010558252028933724
2021-09,Telecommunications,0.0,0.0174650758812791,,-0.006021360961376498,-0.03481615499622002,-0.0005029032628043448,,,-0.0005029032628043448
2021-09,Utilities,0.0,0.02949251108087163,,-0.04044148836576206,-0.03481615499622002,0.00016590520673481554,,,0.00016590520673481554
2021-10,Business Services,0.013209498209234226,0.0327862833074839,0.19250287211829917,0.022614445137691643,0.02879946120728908,0.00012108273042372986,0.00557001009764899,-0.003325869225679035,0.002365223602393685
2021-10,Consumer Cyclicals,0.33232014606242066,0.08268746927836214,-0.018753476327509812,0.027821885772079853,0.02879946120728908,-0.0002440347726496205,-0.0038511988227384127,-0.011626732313107357,-0.01572196590849539
2021-10,Consumer Non-Cyclicals,0.030494660613162097,0.08406348362308018,-0.09591859045442648,0.01997087492570624,0.02879946120728908,0.0004729369759459019,-0.009742072175070305,0.006208062259662359,-0.0030610729394620435
2021-10,Consumer Services,0.07922616905565057,0.0328913996290921,0.01771717024544997,-0.009325914508009984,0.02879946120728908,-0.0017665304930692938,0.000889484907829459,0.0012530350966344459,0.0003759895113946111
2021-10,Energy,0.0,0.027923747608202303,,0.034529055351053786,0.02879946120728908,-0.00015999174076791964,,,-0.00015999174076791964
2021-10,Finance,0.06213261849984201,0.22154864847727376,0.03204702374227247,0.045200367285243424,0.02879946120728908,-0.0026145673349802123,-0.002914105484902491,0.002096853808549717,-0.0034318190113329866
2021-10,Healthcare,0.08226133951661571,0.0881882587862668,0.04241485143062162,0.018125753431796347,0.02879946120728908,6.326220429319246e-05,0.0021420132600053978,-0.00014395952297168102,0.002061315941326909
2021-10,Industrials,0.05091908636700035,0.1502385444733636,0.05658432902331448,0.024318710929242725,0.02879946120728908,0.0004450256895255005,0.004847539498986765,-0.0032046037045700758,0.00208796148394219
2021-10,Non-Corporate,0.0,0.0004564157941677,,,0.02879946120728908,,,,0.0
2021-10,Non-Energy Materials,0.06107148256439895,0.11697365197044214,-0.022192763729504756,0.026336823399281537,0.02879946120728908,0.00013766679592896455,-0.005676683035071896,0.0027129092008787445,-0.0028261070382641865
2021-10,Technology,0.28836499911167546,0.11452184415843465,0.04147427825999923,0.03519228611071384,0.02879946120728908,0.0011113488502750067,0.0007194253259249714,0.0010920813346232624,0.0029228555108232407
2021-10,Telecommunications,0.0,0.0182666824253347,,-0.014354452130803736,0.02879946120728908,0.0007882788303573569,,,0.0007882788303573569
2021-10,Utilities,0.0,0.029453570468495532,,0.043904145154944674,0.02879946120728908,-0.0004448868730566273,,,-0.0004448868730566273
2021-11,Business Services,0.018658389171799104,0.03273425532452743,0.008849446941349074,-0.07005767830064462,-0.053082939613156875,0.00023893414974261677,0.002582965984595885,-0.001110686133402874,0.0017112140009356276
2021-11,Consumer Cyclicals,0.27750320875496715,0.08270676167678807,-0.10020073579366819,-0.04054590877535449,-0.053082939613156875,0.0024421690641134716,-0.004933857561073689,-0.01162054835423087,-0.014112236851191087
2021-11,Consumer Non-Cyclicals,0.022319536957591105,0.08289992552280846,0.0642457404190958,-0.054112265884785134,-0.053082939613156875,6.235698549562637e-05,0.009811869907619824,-0.007170174011693553,0.0027040528814218966
2021-11,Consumer Services,0.07823475633930993,0.03135323636085344,-0.14340544211811282,-0.11750688317423454,-0.053082939613156875,-0.003020292397149616,-0.0008120036399729105,-0.001214163808540663,-0.005046459845663189
2021-11,Energy,0.0,0.027748281752147202,,-0.08661610519174327,-0.053082939613156875,0.0009304877265160196,,,0.0009304877265160196
2021-11,Finance,0.06390460378431985,0.22381314584508205,-0.0875729390675901,-0.06311264845489974,-0.053082939613156875,0.001603836118177037,-0.005474534590311161,0.003911409410257864,4.0710938123740374e-05
2021-11,Healthcare,0.1017564529794889,0.08786453770341311,-0.07435994827440923,-0.058598969811771,-0.053082939613156875,-7.662822417942292e-05,-0.0013848310863731586,-0.00021895017747102554,-0.001680409488023607
2021-11,Industrials,0.0641278985390384,0.15011564088655605,-0.0633255492521795,-0.06332057060487464,-0.053082939613156875,0.000880310775964789,-7.473728309158799e-07,4.281026416887179e-07,0.0008799915057755617
2021-11,Non-Corporate,0.0,0.00044847033587863336,,,-0.053082939613156875,,,,0.0
2021-11,Non-Energy Materials,0.07762104212913463,0.11756564187732027,-0.058574310111648493,-0.03653735100306653,-0.053082939613156875,-0.000660906914628198,-0.002590789242624698,0.0008802575112594403,-0.002371438645993456
2021-11,Technology,0.2958741113443509,0.11530404088991465,-0.08657144126133993,-0.018258136454317734,-0.053082939613156875,0.006288317159953457,-0.00787680009079409,-0.012335338261979377,-0.013923821192820011
2021-11,Telecommunications,0.0,0.017504930546231732,,-0.02155833415194548,-0.053082939613156875,-0.0005518360290958631,,,-0.0005518360290958631
2021-11,Utilities,0.0,0.0299411312784784,,-0.04278675206321439,-0.053082939613156875,-0.0003082795031006628,,,-0.0003082795031006628
2021-12,Business Services,0.021683555972220346,0.03237027836377963,-0.021479325053574506,0.035396372600667726,0.04130385122685613,6.313158411214544e-05,-0.001841082165201989,0.0006078147916571461,-0.0011701357894326973
2021-12,Consumer Cyclicals,0.2757193343651495,0.08217857019712506,-0.009208331378954377,0.031899812538795494,0.04130385122685613,-0.001820064833952921,-0.003378208490618327,-0.007956101587370437,-0.013154374911941685
2021-12,Consumer Non-Cyclicals,0.040197301613863236,0.08288473597194561,-0.21392204459853909,0.032799135336503846,0.04130385122685613,0.00036304450130355306,-0.02044941985760292,0.010531894173225776,-0.00955448118307359
2021-12,Consumer Services,0.07358433528438876,0.029646253584340837,0.022222627170264787,0.047959799559803395,0.04130385122685613,0.0002924496016443349,-0.000763010739204157,-0.001130841983179765,-0.001601403120739587
2021-12,Energy,0.0,0.0269724666106302,,0.04761847985021264,0.04130385122685613,-0.00017032110970201334,,,-0.00017032110970201334
2021-12,Finance,0.0641596092875496,0.22039570862829602,-0.01855743794476335,0.04304030323832121,0.04130385122685613,-0.000271296488963698,-0.013575877817948294,0.009623790810645986,-0.004223383496266006
2021-12,Healthcare,0.10462779215553399,0.08763315035103847,0.08809807598462632,0.04144772601814565,0.04130385122685613,2.445100542661981e-06,0.004088117132541163,0.0007928059877346984,0.004883368220818524
2021-12,Industrials,0.08211552650374274,0.14949975408075541,0.012974498300151115,0.05326443852642363,0.04130385122685613,-0.0008059549365487843,-0.006023336155756076,0.002714906501271385,-0.004114384591033475
2021-12,Non-Corporate,0.0,0.0004574534585570667,,,0.04130385122685613,,,,0.0
2021-12,Non-Energy Materials,0.038640535277938745,0.11943475674778233,-0.0003974257061431349,0.05273888427558446,0.04130385122685613,-0.0009238845926539375,-0.006346322257142393,0.004293106796753959,-0.0029771000530423707
2021-12,Technology,0.2992720095396132,0.1200979341294746,0.011537213064815664,0.028466332570986522,0.04130385122685613,-0.0023001505357258412,-0.0020331522793221113,-0.0030332593350259054,-0.007366562150073858
2021-12,Telecommunications,0.0,0.018112163190245334,,0.01235898483566861,0.04130385122685613,0.0005242541435970358,,,0.0005242541435970358
2021-12,Utilities,0.0,0.030316774686028797,,0.03530574815057805,0.04130385122685613,0.00018184313950709872,,,0.00018184313950709872
2022-01,Business Services,0.016684538685515695,0.0324502403115455,-0.1461183470021208,-0.0829261700633949,-0.061196177076155774,0.0003425885857725321,-0.00205060132747136,0.0009962690067152346,-0.0007117437349835932
2022-01,Consumer Cyclicals,0.2843795264483433,0.08220219897793324,-0.09911748565097986,-0.062041007082004954,-0.061196177076155774,-0.00017080547274939812,-0.0030477680687279528,-0.00749602334908928,-0.01071459689056663
2022-01,Consumer Non-Cyclicals,0.051484856677675606,0.0818453612664351,-0.11100280324484707,-0.055129500173824945,-0.061196177076155774,-0.00018418737193173635,-0.004572970674996824,0.0016963416742769174,-0.0030608163726516427
2022-01,Consumer Services,0.08631585331641936,0.029999615325608298,-0.024071561275069164,-0.054389339931602367,-0.061196177076155774,0.0003833354605973625,0.0009095216972229336,0.001707383238174056,0.0030002403959943523
2022-01,Energy,0.0,0.02774043272315273,,0.05719946994256508,-0.061196177076155774,-0.003284346480836964,,,-0.003284346480836964
2022-01,Finance,0.06139072149954276,0.22182032092219242,-0.07186374055076217,-0.02683096738737251,-0.061196177076155774,-0.005513196824446858,-0.00998918419511939,0.007224589759493652,-0.008277791260072595
2022-01,Healthcare,0.11688345462339658,0.0861307387605567,-0.25228504592193124,-0.10332841677981176,-0.061196177076155774,-0.0012956807962715938,-0.01282974451129302,-0.0045808208918940154,-0.01870624619945863
2022-01,Industrials,0.08485031660516341,0.15001774440215213,-0.11073518702882755,-0.07338599262592135,-0.061196177076155774,0.0007943789246979587,-0.005603041899561473,0.0024339509295270845,-0.0023747120453364292
2022-01,Non-Corporate,0.0,0.00045862400593503337,,,-0.061196177076155774,,,,0.0
2022-01,Non-Energy Materials,0.030698181525310363,0.12037591538908955,-0.031097667970699273,-0.0629521193826075,-0.061196177076155774,0.00015746892683812872,0.003834508747925729,-0.0028566350160937914,0.001135342658670066
2022-01,Technology,0.267312550618633,0.11835282744872296,-0.16441317067130404,-0.11860852000478606,-0.061196177076155774,-0.008552126709184711,-0.005421109916683435,-0.006823048083178956,-0.0207962847090471
2022-01,Telecommunications,0.0,0.017749030748912636,,-0.009159440276676414,-0.061196177076155774,-0.0009236016415270328,,,-0.0009236016415270328
2022-01,Utilities,0.0,0.030856949717763166,,-0.0382883911257825,-0.061196177076155774,-0.0007068643992159496,,,-0.0007068643992159496
2022-02,Business Services,0.01699922004945272,0.03142749268998917,0.008796200314295776,-0.02120462558524327,-0.015050144101891769,8.879853680292865e-05,0.0009428507366514011,-0.0004328600955198166,0.000598789177934513
2022-02,Consumer Cyclicals,0.29210773114974736,0.0823154689181243,-0.10964180452044468,-0.05068062556164369,-0.015050144101891769,-0.007474999309843259,-0.004853417093959147,-0.012369599117610434,-0.02469801552141284
2022-02,Consumer Non-Cyclicals,0.0570561305047492,0.08264995517075907,-0.10380125261522538,-0.01025238681496834,-0.015050144101891769,-0.00012279295879158948,-0.0077318095646666,0.002394273268995866,-0.005460329254462323
2022-02,Consumer Services,0.10133874947982568,0.03041586656550797,-0.016556514189058492,-0.0024382476710719616,-0.015050144101891769,0.0008944720538905347,-0.00042941931054735715,-0.0010013081632082909,-0.0005362554198651133
2022-02,Energy,0.0,0.03130877167983537,,0.04328528678629189,-0.015050144101891769,-0.001826410686522958,,,-0.001826410686522958
2022-02,Finance,0.054070130443577835,0.22892509787419912,-0.06725715262079068,-0.03009229040236755,-0.015050144101891769,0.002630194001456333,-0.008507969720833642,0.006498460772765904,0.0006206850533885958
2022-02,Healthcare,0.09654707138247769,0.0811965942571603,-0.014316968373595645,-0.00933227064968435,-0.015050144101891769,8.777208563356952e-05,-0.0004047404785830159,-7.651748838752197e-05,-0.0003934858813369683
2022-02,Industrials,0.090905701710383,0.14863666166980302,-0.04344068212678043,-0.014440904770438627,-0.015050144101891769,-3.517197144982516e-05,-0.004310430095414191,0.001674184985391064,-0.0026714170814729514
2022-02,Non-Corporate,0.0,0.0005103679385052667,,,-0.015050144101891769,,,,0.0
2022-02,Non-Energy Materials,0.03576932776014784,0.12130090455464353,-0.07247600342543901,0.012317581640789816,-0.015050144101891769,-0.0023408047360508667,-0.01028553856896467,0.007252529032772754,-0.005373814272242783
2022-02,Technology,0.2552059375196387,0.11101684747860974,-0.08490176408458644,-0.026791291244417804,-0.015050144101891769,-0.0016929453225186565,-0.006451241500206896,-0.008378896200677844,-0.016523083023403398
2022-02,Telecommunications,0.0,0.0188012562068358,,-0.01334761538184806,-0.015050144101891769,-3.200967866503799e-05,,,-3.200967866503799e-05
2022-02,Utilities,0.0,0.03149471499602677,,0.02813919984422023,-0.015050144101891769,-0.0013602360784481715,,,-0.0013602360784481715
2022-03,Business Services,0.018788428388526117,0.031302636809957436,-0.06408477211290423,0.0012521865534033194,0.01260875290781416,0.0001421184383109117,-0.002045219087398626,0.0008176403183726159,-0.0010854603307150984
2022-03,Consumer Cyclicals,0.29091999143867814,0.0793343609589081,-0.07751417276770027,-0.03238347309965965,0.01260875290781416,-0.009519708506479652,-0.0035804152177924082,-0.009549007543255522,-0.022649131267527583
2022-03,Consumer Non-Cyclicals,0.07199228993095538,0.08362146596204302,-0.05898539819602741,-0.02197224268786906,0.01260875290781416,0.0004021484851124665,-0.003095094323473269,0.0004304325008703945,-0.0022625133374904083
2022-03,Consumer Services,0.10919774047825294,0.031176941048271834,0.004647445900567236,-0.03161328894863783,0.01260875290781416,-0.00345023905806647,0.0011304987927606826,0.002829091520853555,0.0005093512555477673
2022-03,Energy,0.0,0.0332411617611355,,0.0844353960301692,0.01260875290781416,-0.0023876010627895544,,,-0.0023876010627895544
2022-03,Finance,0.06740165501499933,0.22470815902344557,-0.062135305734341124,0.02300727616032951,0.01260875290781416,-0.0016357553397037276,-0.019132232832054386,0.01339348190010347,-0.007374506271654643
2022-03,Healthcare,0.104428092362053,0.08197872670897506,0.047677132251583904,0.031213205129031186,0.01260875290781416,0.000417658150689319,0.0013496917821362313,0.00036960472005981326,0.0021369546528853638
2022-03,Industrials,0.08261244669478308,0.1491073715352139,-0.07328047713263207,0.006778413638822132,0.01260875290781416,0.00038768797148583715,-0.011937370770956328,0.005323509924656107,-0.0062261728748143836
2022-03,Non-Corporate,0.0,0.0005257969272946,,,0.01260875290781416,,,,0.0
2022-03,Non-Energy Materials,0.028424345565261078,0.12326553257741225,-0.06536262073504653,0.032623501994308586,0.01260875290781416,-0.0018982225611135,-0.012078311603429637,0.009293120190370366,-0.004683413974172773
2022-03,Technology,0.2262350101264908,0.11029525421876611,-0.015849705399395522,0.010228034767187841,0.01260875290781416,-0.00027601988010930755,-0.0028762509811242403,-0.003023446829538743,-0.006175717690772291
2022-03,Telecommunications,0.0,0.0188229836966874,,0.03971105807838289,0.01260875290781416,-0.0005101462483682619,,,-0.0005101462483682619
2022-03,Utilities,0.0,0.032619608771888665,,0.01569253137374917,0.01260875290781416,-0.00010059164709797502,,,-0.00010059164709797502
2022-04,Business Services,0.017969574920105834,0.03140987086360337,-0.19274980233440392,-0.07158352152624715,-0.07073342033684255,1.1425611567517195e-05,-0.003805817233207307,0.0016285106724345526,-0.002165880949205237
2022-04,Consumer Cyclicals,0.2925779413137391,0.074744189093414,-0.14856306803168162,-0.07916919400460316,-0.07073342033684255,-0.0018375962309297095,-0.005186788842204503,-0.015116327960423061,-0.022140713033557274
2022-04,Consumer Non-Cyclicals,0.0571687420877383,0.08197026712866447,-0.21569356366732967,-0.048023261739933064,-0.07073342033684255,-0.0005632465671246553,-0.013743979438532524,0.004158479191871978,-0.0101487468137852
2022-04,Consumer Services,0.12745813257989028,0.0306196939670262,-0.12252046202754867,-0.0634751032756266,-0.07073342033684255,0.0007028840911652647,-0.0018079508151571258,-0.005717860348872542,-0.006822927072864403
2022-04,Energy,0.0,0.03582697805002893,,-0.012430479692355206,-0.07073342033684255,-0.0020888181747221873,,,-0.0020888181747221873
2022-04,Finance,0.06401781238745953,0.22923466976778917,-0.08107743635587046,-0.07205542881638803,-0.07073342033684255,0.00021841808642065303,-0.002068156918955759,0.0014905877329349274,-0.0003591510996001786
2022-04,Healthcare,0.08450014536261978,0.08363737867418268,-0.11345367393322404,-0.05960313271577002,-0.07073342033684255,9.602841392185187e-06,-0.004503918107613885,-4.646045311672836e-05,-0.004540775719338428
2022-04,Industrials,0.07808166918663072,0.14730932368558022,-0.18791936722678873,-0.07941343433376541,-0.07073342033684255,0.0006008970100250218,-0.01598393559034422,0.0075116112334044196,-0.007871427346914778
2022-04,Non-Corporate,0.0,0.0007092492864253667,,,-0.07073342033684255,,,,0.0
2022-04,Non-Energy Materials,0.027968951747659957,0.12324055393228402,-0.026943784726469983,-0.07206766321697078,-0.07073342033684255,0.00012711545689324412,0.005561091780742394,-0.0042990242005743065,0.0013891830370613319
2022-04,Technology,0.25025703041415653,0.10986045875171291,-0.10557771617943609,-0.11098628833627228,-0.07073342033684255,-0.00565136466670082,0.0005941882183417644,0.0007593449884087485,-0.004297831459950307
2022-04,Telecommunications,0.0,0.018779074807287435,,-0.02848994791256669,-0.07073342033684255,-0.0007932933287750602,,,-0.0007932933287750602
2022-04,Utilities,0.0,0.0326582919920008,,-0.042295608036766366,-0.07073342033684255,-0.0009287303777095997,,,-0.0009287303777095997
2022-05,Business Services,0.017366701291445668,0.0312719899658331,-0.06034333502962382,-0.004326703369735928,0.006155794482434453,0.00014576215866307537,-0.001751751543187783,0.0007789274337975717,-0.0008270619507271359
2022-05,Consumer Cyclicals,0.2833628159267748,0.07408693005537777,-0.056167983464668114,0.007112421097760983,0.006155794482434453,0.00020019888237061587,-0.004688250906692693,-0.013243062723102746,-0.017731114747424823
2022-05,Consumer Non-Cyclicals,0.09942432050532313,0.08375502021353408,-0.12763356072615495,-0.0159648346694931,0.006155794482434453,-0.00034661478082485575,-0.009352816408095313,-0.001749770801783363,-0.011449201990703532
2022-05,Consumer Services,0.12749518352977313,0.030741321236389934,-0.03312613515729179,-0.00991461020863858,0.006155794482434453,-0.0015548737224790193,-0.0007135529448330278,-0.0022458046885014214,-0.004514231355813469
2022-05,Energy,0.0,0.0383330044457909,,0.10193750409595954,0.006155794482434453,-0.0036716007004407103,,,-0.0036716007004407103
2022-05,Finance,0.04657050669792069,0.2287887190943021,-0.08513862820957006,0.0025379640714613045,0.006155794482434453,0.000659234590240793,-0.02005941524253054,0.015976271914455907,-0.0034239087378338424
2022-05,Healthcare,0.0849086851302511,0.0843386368922326,-0.12285525620237965,-0.00719097005836396,0.006155794482434453,-7.6082996097298945e-06,-0.00975496823049943,-6.593422251806345e-05,-0.009828510752627223
2022-05,Industrials,0.06873213173627832,0.14612168328873934,-0.007255335226954518,0.018843974345225525,0.006155794482434453,-0.0009819325495983675,-0.003813675047360855,0.0020198138636198667,-0.002775793733339356
2022-05,Non-Corporate,0.0,0.0007576621326486,,,0.006155794482434453,,,,0.0
2022-05,Non-Energy Materials,0.05767052866369729,0.12322472844004777,-0.021234801067220335,-0.012933775337300833,0.006155794482434453,0.0012514014736075179,-0.00102289164134318,0.0005441670990477686,0.0007726769313121066
2022-05,Technology,0.2144691265185359,0.1050467434472745,-0.0009561513442211721,0.01627846391732008,0.006155794482434453,0.0011076466126078044,-0.0018104402077916055,-0.001885852673234175,-0.002588646268417976
2022-05,Telecommunications,0.0,0.0195544427905009,,0.02409026566744244,0.006155794482434453,-0.0003506985907651256,,,-0.0003506985907651256
2022-05,Utilities,0.0,0.03397911799732787,,0.005263395642362592,0.006155794482434453,3.0322925487480288e-05,,,3.0322925487480288e-05
2022-06,Business Services,0.0192871997897843,0.030230910516601966,-0.06944473188095296,-0.12122500182114669,-0.10616058839760138,0.00016486058277646886,0.0015653647070874913,-0.0005666682955820125,0.0011635569942819476
2022-06,Consumer Cyclicals,0.30006120729280916,0.07452276513917713,-0.27098319959943223,-0.09068655227969988,-0.10616058839760138,0.0034899899998605413,-0.013436204703589465,-0.04066382496201525,-0.05061003966574418
2022-06,Consumer Non-Cyclicals,0.10647922178700256,0.0821144941784885,-0.14283935125501726,-0.05777173017389589,-0.10616058839760138,0.0011789813499075898,-0.006985284676043606,-0.0020726494159458105,-0.007878952742081826
2022-06,Consumer Services,0.12419492501832691,0.030520498635478763,-0.16066091615217692,-0.1146468824842699,-0.10616058839760138,-0.000794948730684829,-0.0014043712517742303,-0.004310338209402254,-0.006509658191861313
2022-06,Energy,0.0,0.041969244549602804,,-0.14134178078661924,-0.10616058839760138,0.0014765280669213154,,,0.0014765280669213154
2022-06,Finance,0.04316326466150843,0.22768085165103769,-0.07411454461001571,-0.10570505931864069,-0.10616058839760138,-8.405312645339023e-05,0.007192555292954368,-0.005829005545792712,0.0012794966207082658
2022-06,Healthcare,0.056549933423569426,0.08353261649098354,-0.1189926063073677,-0.06688261879050886,-0.10616058839760138,-0.0010598250054397016,-0.0043528836025957095,0.0014060672778143078,-0.004006641330221103
2022-06,Industrials,0.07760408508403616,0.14697009952791557,-0.1025328566680783,-0.11440633728316113,-0.10616058839760138,0.00057197473629634,0.0017450466277414986,-0.0008236160278449573,0.0014934053361928814
2022-06,Non-Corporate,0.0,0.0007859466468452333,,,-0.10616058839760138,,,,0.0
2022-06,Non-Energy Materials,0.05677219744968898,0.12170397904903014,-0.1629924283565276,-0.14384822779435702,-0.10616058839760138,0.002447125570304863,-0.0023299253841288403,0.001243067049796845,0.0013602672359728676
2022-06,Technology,0.21588796549327421,0.10644015709597103,-0.14475414922886784,-0.12706154027189656,-0.10616058839760138,-0.002287563376059114,-0.001883204076817607,-0.0019364172751710027,-0.0061071847280477235
2022-06,Telecommunications,0.0,0.019830471953698834,,-0.06618114760473018,-0.10616058839760138,-0.0007928111793675955,,,-0.0007928111793675955
2022-06,Utilities,0.0,0.03369796456516833,,-0.07915162287656316,-0.10616058839760138,-0.0009101471630697992,,,-0.0009101471630697992
2022-07,Business Services,0.02251510955281632,0.030194187984950566,0.029750546637693772,0.07711585954039081,0.055867158659892606,-0.00016317044064230576,-0.0014301571617500388,0.0003637219527423908,-0.0012296056496499538
2022-07,Consumer Cyclicals,0.2587214864677494,0.07502646257291316,0.11181207844353472,0.0775314569669474,0.055867158659892606,0.0039796237951792894,0.002571953764189382,0.006297179581271544,0.012848757140640215
2022-07,Consumer Non-Cyclicals,0.1166748186509606,0.08763456179895497,0.10077976962567158,0.03717082105699685,0.055867158659892606,-0.000542946446179904,0.005574342334308073,0.0018472202045203298,0.006878616092648499
2022-07,Consumer Services,0.12662923523128475,0.030593379547336468,0.04445932035496593,0.049173636171940996,0.055867158659892606,-0.0006428181596701832,-0.00014422685309472985,-0.0004527433534475723,-0.0012397883662124854
2022-07,Energy,0.0,0.04043896985764737,,0.06107078472204062,0.055867158659892606,-0.0002104292774776717,,,-0.0002104292774776717
2022-07,Finance,0.04884751985032446,0.2272443141436694,0.08635747770705182,0.0398441678519088,0.055867158659892606,0.0028584501951360443,0.010569885196583955,-0.008297825370130565,0.005130510021589435
2022-07,Healthcare,0.06123440490358378,0.0900808388799692,0.12325887848780867,0.027549847447928533,0.055867158659892606,0.0008168534482646802,0.008621549804461415,-0.0027608642448357255,0.0066775390078903695
2022-07,Industrials,0.0860183898161028,0.14450643665573004,0.0685020910043172,0.08588734888724399,0.055867158659892606,-0.0017558222921518478,-0.0025122816670026912,0.0010168297773756208,-0.0032512741817789185
2022-07,Non-Corporate,0.0,0.0008498239951996333,,,0.055867158659892606,,,,0.0
2022-07,Non-Energy Materials,0.05885228693121504,0.11514015724297129,0.06303923395915823,0.05392364369338777,0.055867158659892606,0.00010939631838358143,0.0010495704965633086,-0.000513097162694795,0.0006458696522520949
2022-07,Technology,0.22050674859596292,0.10321933191242533,0.1312937168781097,0.07962277052884362,0.055867158659892606,0.0027862343478460487,0.005333440561454018,0.006060351814899087,0.014180026724199154
2022-07,Telecommunications,0.0,0.020569446166668098,,0.0007738488875488744,0.055867158659892606,0.0011332388695057937,,,0.0011332388695057937
2022-07,Utilities,0.0,0.03450208924156407,,0.059480206665760704,0.055867158659892606,-0.0001246577047325162,,,-0.0001246577047325162
2022-08,Business Services,0.021567545382438644,0.0308555876430463,-0.16689470473318016,-0.05510593190951616,-0.040982318845063787,0.00013118071501510406,-0.003449308277369157,0.00103829884624766,-0.0022798287161063927
2022-08,Consumer Cyclicals,0.27184900241223264,0.07611016185110224,-0.1310353681826857,-0.043108355065863344,-0.040982318845063787,-0.0004161478648502727,-0.00669213919940534,-0.017210731601490115,-0.024319018665745727
2022-08,Consumer Non-Cyclicals,0.0949667606138007,0.0861348211325233,0.01900321235000667,-0.033035461341846165,-0.040982318845063787,7.018616453475329e-05,0.004482341850421489,0.0004596024167323868,0.005012130431688629
2022-08,Consumer Services,0.1232699708930128,0.03038530461871337,-0.03093207706649774,-0.057065995829908456,-0.040982318845063787,-0.0014939269692009274,0.0007940870825069436,0.002427440322779056,0.0017276004360850723
2022-08,Energy,0.0,0.040790940948023935,,0.02768359024032889,-0.040982318845063787,-0.002800947042644633,,,-0.002800947042644633
2022-08,Finance,0.048733069953002944,0.22398858186370685,-0.10705181942924905,-0.03958955413996506,-0.040982318845063787,-0.000244089691363238,-0.015110777131459894,0.011823133837929175,-0.0035317329848939573
2022-08,Healthcare,0.05735274160909999,0.08933174760662736,-0.10479745259774173,-0.0625579812039513,-0.040982318845063787,0.0006899682359754893,-0.0037733257975874433,0.00135077630903441,-0.0017325812525775441
2022-08,Industrials,0.08466159235963615,0.14801405668129167,-0.03374124985544705,-0.049823918053348515,-0.040982318845063787,0.0005601370983892359,0.0023804609622305947,-0.0010188766632045765,0.0019217213974152543
2022-08,Non-Corporate,0.0,0.0007852278527243,,,-0.040982318845063787,,,,0.0
2022-08,Non-Energy Materials,0.05809246469813166,0.11503622613855917,-0.025432871860213643,-0.025992530800827997,-0.040982318845063787,-0.0008535749144335353,6.438105245297938e-05,-3.1869085202346205e-05,-0.000821062947182902
2022-08,Technology,0.2395068520786444,0.10540701408948745,-0.13324163368080497,-0.04926856865639276,-0.040982318845063787,-0.0011111847572368972,-0.008851350048165663,-0.011260774415226616,-0.021223309220629177
2022-08,Telecommunications,0.0,0.0186681322475678,,-0.04666389369289455,-0.040982318845063787,0.00010606439063375964,,,0.00010606439063375964
2022-08,Utilities,0.0,0.034492197326625736,,-0.047357721098155885,-0.040982318845063787,0.00021990163255026696,,,0.00021990163255026696
2022-09,Business Services,0.03282804834812792,0.03014587051019607,-0.0913903833260243,-0.09763879212274307,-0.10320708688591942,1.4935156808863602e-05,0.00018836372248065412,1.6759343596897506e-05,0.00022005822288641522
2022-09,Consumer Cyclicals,0.2631462084322196,0.07600508961729113,-0.19688793611386407,-0.11268204234752147,-0.10320708688591942,-0.001773153765805823,-0.006400076502014966,-0.015758385170244363,-0.023931615438065153
2022-09,Consumer Non-Cyclicals,0.12732910705317377,0.08669434381248077,-0.10630540460813291,-0.09151362699830075,-0.10320708688591942,0.00047516097399792547,-0.0012823634537045445,-0.0006010603810845137,-0.0014082628607911328
2022-09,Consumer Services,0.13330798517649764,0.0300042875306777,-0.11215009134128628,-0.09907961363906134,-0.10320708688591942,0.000426383248334638,-0.00039217037114086875,-0.0013502286766370766,-0.0013160157994433074
2022-09,Energy,0.0,0.0437603033596784,,-0.08772299301567212,-0.10320708688591942,-0.000677588645011759,,,-0.000677588645011759
2022-09,Finance,0.041367369079495536,0.22418220369159916,-0.012482009208600243,-0.10557097462887835,-0.10320708688591942,0.0004321537467706149,0.02086888940728902,-0.017018043817519975,0.00428299933653966
2022-09,Healthcare,0.05960468267789852,0.0874601631633782,-0.16133163647335522,-0.09188491668710197,-0.10320708688591942,-0.0003153844910264391,-0.0060738214436671135,0.0019344717477865524,-0.004454734186907
2022-09,Industrials,0.09480272014247049,0.14604117026901037,0.14283753916333697,-0.10537732371360031,-0.10320708688591942,0.00011119957145790731,0.036249589052709856,-0.012718144872185887,0.023642643751981877
2022-09,Non-Corporate,0.0,0.0008414890719313666,,,-0.10320708688591942,,,,0.0
2022-09,Non-Energy Materials,0.06531213329308964,0.11692218675416831,-0.08164081795811617,-0.09744519653135608,-0.10320708688591942,-0.0002973714692358876,0.0018478825030739327,-0.0008156648230840378,0.0007348462107540073
2022-09,Technology,0.18230174579702696,0.1048964108533561,-0.14488624371969464,-0.11880317057051291,-0.10320708688591942,-0.0012072200814154793,-0.002736020757374707,-0.002018969013472679,-0.005962209852262866
2022-09,Telecommunications,0.0,0.018808758148314498,,-0.10634832768967142,-0.10320708688591942,5.908283856338839e-05,,,5.908283856338839e-05
2022-09,Utilities,0.0,0.0342377232179173,,-0.11444889071244761,-0.10320708688591942,0.0003848937678827957,,,0.0003848937678827957
2022-10,Business Services,0.04230003764801709,0.030640117334507302,0.014968311160035478,0.05400834466202199,0.04439195591939261,0.00011212632644279122,-0.001196191207243963,-0.00045520367966991524,-0.001539268560471087
2022-10,Consumer Cyclicals,0.22888438518759519,0.07646971122203927,0.09539211780333445,0.053143639667965696,0.04439195591939261,0.0013338850251884216,0.003230728922582289,0.006439288020543147,0.011003901968313858
2022-10,Consumer Non-Cyclicals,0.13555355819910325,0.08774921074300547,0.05851422930643752,0.01038958546526321,0.04439195591939261,-0.0016254611315201551,0.004222899514351285,0.002300567195384453,0.0048980055782155835
2022-10,Consumer Services,0.12769180277615177,0.030395300543975667,0.2294357749793333,0.039683146304431434,0.04439195591939261,-0.00045815070521296213,0.005767588177583057,0.018462267059428873,0.023771704531798967
2022-10,Energy,4.7277404863814276e-05,0.04218255289866424,-0.03071670000000004,0.09450279580901452,0.04439195591939261,-0.002111434043974943,-0.005282078005907822,0.005276157953107616,-0.0021173540967751488
2022-10,Finance,0.04709985549098496,0.2239747482626487,0.18023816423970676,0.04350793672536324,0.04439195591939261,0.00015636080015203719,0.030624118287419774,-0.024184144330244697,0.006596334757327113
2022-10,Healthcare,0.07145248845440608,0.09001880258521473,0.08399278628196069,0.03721842015953503,0.04439195591939261,0.0001331861183461049,0.004210572430023192,-0.0008684275746984092,0.0034753309736708874
2022-10,Industrials,0.06512326825061594,0.14517250492159248,0.11918534517765822,0.06465255651775526,0.04439195591939261,-0.0016218456123944605,0.007916661530117925,-0.004365308105764918,0.0019295078119585477
2022-10,Non-Corporate,0.0,0.0009907805549894332,,0.0224682582915618,0.04439195591939261,2.172157330312273e-05,,,2.172157330312273e-05
2022-10,Non-Energy Materials,0.09334237095443179,0.1161672947368762,0.10403759754954496,0.03778037904507399,0.04439195591939261,0.00015090873823809452,0.007696921830454487,-0.0015123159624013155,0.006335514606291266
2022-10,Technology,0.1885049556338301,0.10422657771554088,0.03159735463197973,0.03896747962772205,0.04439195591939261,-0.00045716606291821155,-0.0007681629056419874,-0.000621142179696201,-0.0018464711482564
2022-10,Telecommunications,0.0,0.018260101883358266,,0.05811223271907551,0.04439195591939261,-0.00025053365223008645,,,-0.00025053365223008645
2022-10,Utilities,0.0,0.033752296597586835,,0.016429359364401003,0.04439195591939261,0.0009438018525627365,,,0.0009438018525627365
2022-11,Business Services,0.03777066818623957,0.03128068565747954,-0.029781986850543663,0.07299871253391264,0.09568307842723554,-0.00014722113832366562,-0.003215050749101078,-0.0006670449432988586,-0.0040293168307236026
2022-11,Consumer Cyclicals,0.2136961160857892,0.07740267009259873,0.17136894640653724,0.10549620720402714,0.09568307842723554,0.0013374651369638686,0.005098725900587684,0.008978022622920833,0.015414213660472386
2022-11,Consumer Non-Cyclicals,0.12602016571780503,0.08418960830968131,0.10772626555056015,0.09334953108483623,0.09568307842723554,-9.761358607080882e-05,0.0012103716434415921,0.0006013868164098153,0.0017141448737805986
2022-11,Consumer Services,0.13324974426345826,0.030242343791409165,0.1763718571660256,0.11009762698985698,0.09568307842723554,0.0014848051764137457,0.002004288053498675,0.006826736168733362,0.010315829398645783
2022-11,Energy,6.408396712519541e-05,0.04441134798744443,0.894366,0.06001926964053255,0.09568307842723554,0.0015815923442340984,0.037054462984180775,-0.0370009947357414,0.0016350605926734735
2022-11,Finance,0.04991323504169111,0.22380061970246837,0.04400055563041653,0.09393843956889357,0.09568307842723554,0.00030337068825465,-0.011176129372061104,0.008683568033555206,-0.0021891906502512475
2022-11,Healthcare,0.06349249621120179,0.08993698543987165,0.06176885455793535,0.05767867598196888,0.09568307842723554,0.0010050070111058888,0.0003678583310331713,-0.00010816268329548151,0.0012647026588435786
2022-11,Industrials,0.06452854464192777,0.14752540120701488,0.11561189171422433,0.10249352445750283,0.09568307842723554,-0.0005652456123183609,0.001935292392728806,-0.0010887832455742494,0.00028126353483619586
2022-11,Non-Corporate,0.0,0.0010072541711826,,-0.011781195690457697,0.09568307842723554,0.00010824383835815684,,,0.00010824383835815684
2022-11,Non-Energy Materials,0.09079585714716736,0.11556670476843779,0.03184027021499814,0.12277710006224868,0.09568307842723554,-0.0006711418813683149,-0.010509269767534865,0.0022525823553076404,-0.00892782929359554
2022-11,Technology,0.22046908873759474,0.10351253652887164,0.11073533698089157,0.12207657193198525,0.09568307842723554,0.003086892001058853,-0.0011739599971576004,-0.0013264317376689833,0.0005865002662322693
2022-11,Telecommunications,0.0,0.018192226784192068,,0.03858531612162749,0.09568307842723554,0.001038735440733515,,,0.001038735440733515
2022-11,Utilities,0.0,0.03293161555934734,,0.07691456584225041,0.09568307842723554,0.0006180774410695026,,,0.0006180774410695026
2022-12,Business Services,0.03246921231515163,0.030906256287596565,-0.04694478230663425,-0.005516100441694497,-0.0008356193478973378,-7.315386137407802e-06,-0.001280405459375132,-6.475120803446886e-05,-0.0013524720535470086
2022-12,Consumer Cyclicals,0.22152454982520486,0.0778900389682215,-0.02118453898035532,-0.014164508168247932,-0.0008356193478973378,-0.0019144884259781716,-0.0005467904735131601,-0.0010083186918979964,-0.0034695975913893277
2022-12,Consumer Non-Cyclicals,0.12190293080132547,0.08334439741539984,-0.014225059818278867,0.021178491334952598,-0.0008356193478973378,0.0008488318217261313,-0.00295068763723136,-0.0013651090091222012,-0.00346696482462743
2022-12,Consumer Services,0.12206700746573759,0.030451724283900205,-0.003044496233896098,0.0027094114399874984,-0.0008356193478973378,0.00032477899952040135,-0.00017521641004012085,-0.0005271458809449929,-0.00037758329146471236
2022-12,Energy,0.0001068359840040741,0.04275629451022126,0.08736049999999995,-0.026289618969439443,-0.0008356193478973378,0.001085599301185308,0.0048592579577790345,-0.004847116035486755,0.0010977412234775873
2022-12,Finance,0.04688481972246013,0.22342583070373365,0.005870482870718099,0.018154396633723174,-0.0008356193478973378,-0.0033525166199458263,-0.002744543636792436,0.002168614554527696,-0.003928445702210567
2022-12,Healthcare,0.06092593671306044,0.08742890315858454,0.04582257112672824,0.007697125273179609,-0.0008356193478973378,-0.00022614304438062856,0.0033332659134077615,-0.0010104374121772451,0.002096685456849888
2022-12,Industrials,0.11986369446834984,0.14823190949344114,-0.026957686085062608,0.0018289208735578293,-0.0008356193478973378,-7.558824994524459e-05,-0.004267093717313488,0.0008166246560449342,-0.003526057311213798
2022-12,Non-Corporate,0.0,0.0008973301610466,,0.0326064820545715,-0.0008356193478973378,-3.000860623721409e-05,,,-3.000860623721409e-05
2022-12,Non-Energy Materials,0.07708841314897169,0.11897745397048341,0.02164016882727243,-0.017620989132498117,-0.0008356193478973378,0.0007031230401113115,0.004671192613986478,-0.0016446122484766483,0.0037297034056211417
2022-12,Technology,0.19716659955573435,0.10594349724220153,-0.08750030368511931,-0.02885782738768779,-0.0008356193478973378,-0.002556272751064906,-0.006212789025892805,-0.005349548615199519,-0.01411861039215723
2022-12,Telecommunications,0.0,0.017350706529291868,,-0.005728981928840694,-0.0008356193478973378,8.490329808336639e-05,,,8.490329808336639e-05
2022-12,Utilities,0.0,0.0323956572758774,,-0.0019047465495730881,-0.0008356193478973378,3.4635078409805466e-05,,,3.4635078409805466e-05
