benchmark,month,sector,begin_wt,sector_ret,mv_coverage
efa,2018-02,Business Services,0.014869382256293702,-0.027934970731379235,0.8471761094483358
efa,2018-02,Consumer Cyclicals,0.09027641162270754,-0.04340137853025887,0.8759840782190067
efa,2018-02,Consumer Non-Cyclicals,0.11508496674559195,-0.05946376795860557,0.852684909896213
efa,2018-02,Consumer Services,0.017008015837141316,-0.015699659572703438,0.8587186594730055
efa,2018-02,Energy,0.05741580108469099,-0.0553205923055293,0.9380326791959019
efa,2018-02,Finance,0.2516609019537914,-0.037892830144059246,0.7769417813640933
efa,2018-02,Healthcare,0.09753611633068954,-0.04231898055516889,0.8108014775770671
efa,2018-02,Industrials,0.12784325745400646,-0.04491437704473773,0.805424558260926
efa,2018-02,Non-Corporate,0.0001813021429037454,,0.0
efa,2018-02,Non-Energy Materials,0.08888399767992657,-0.04054791057501316,0.887146073130975
efa,2018-02,Technology,0.06652158614897972,-0.011508001440925784,0.8195930860865622
efa,2018-02,Telecommunications,0.04108219186954879,-0.03638907688856688,0.8602830030611528
efa,2018-02,Utilities,0.031636068873728246,-0.0474457173340068,0.7887147506038626
efa,2018-03,Business Services,0.01519933378925881,-0.039361855504094115,0.8411840847267782
efa,2018-03,Consumer Cyclicals,0.09035813285455079,-0.006190231329979203,0.8743194713499582
efa,2018-03,Consumer Non-Cyclicals,0.11382363191925911,0.010843307483920926,0.844364856559972
efa,2018-03,Consumer Services,0.017325880462009013,-0.04091051305302274,0.8579502617853689
efa,2018-03,Energy,0.056296396594496007,-0.002868591989281009,0.9365645893368076
efa,2018-03,Finance,0.2517953467695888,-0.042213960486561036,0.7774604574668674
efa,2018-03,Healthcare,0.0976216001607886,0.002171403482564598,0.8052650768451982
efa,2018-03,Industrials,0.12711005998739458,-0.022417966757333554,0.8070529084274917
efa,2018-03,Non-Energy Materials,0.08877126175040692,-0.036337925589205025,0.8889985672096381
efa,2018-03,Technology,0.06887341416371665,-0.029050566209964337,0.816880994659631
efa,2018-03,Telecommunications,0.041288242226390784,-0.019305405684292776,0.8588165440967721
efa,2018-03,Utilities,0.03153669932213993,0.055793110036859994,0.7869701895369341
efa,2018-04,Business Services,0.014882869101234134,0.028853958661788817,0.8399864731534437
efa,2018-04,Consumer Cyclicals,0.0911646643707304,0.03764995253722354,0.8764546608900304
efa,2018-04,Consumer Non-Cyclicals,0.11741695253602562,0.007060457803162918,0.8470335906179318
efa,2018-04,Consumer Services,0.017539404287136698,0.04063411423797288,0.8555074009873237
efa,2018-04,Energy,0.05744618764639905,0.09762707253597408,0.9373686639563507
efa,2018-04,Finance,0.2464386056590545,0.030236237240405705,0.7753367288539069
efa,2018-04,Healthcare,0.09882243403614335,0.009433298562243968,0.8065547180423274
efa,2018-04,Industrials,0.12660241865879565,0.006968969929914172,0.8073503552235421
efa,2018-04,Non-Energy Materials,0.08660523673200497,0.02948821490815067,0.8887013435721393
efa,2018-04,Technology,0.06821346535739015,0.00903524224026976,0.8199811361610858
efa,2018-04,Telecommunications,0.041206708575483086,0.0495617213061254,0.8608571995177628
efa,2018-04,Utilities,0.03366105303960239,0.033761751603027926,0.7936068033168154
efa,2018-05,Business Services,0.01487313616318742,-0.0035773151357839134,0.8421152898829591
efa,2018-05,Consumer Cyclicals,0.09091069517457807,-0.030321946555546698,0.8787638848504558
efa,2018-05,Consumer Non-Cyclicals,0.11502044306950895,-0.019672885410754643,0.844652450756652
efa,2018-05,Consumer Services,0.017713054820172512,0.030525840788368414,0.8614207444707953
efa,2018-05,Energy,0.061619337965160614,-0.0036662016031815967,0.9381262662352507
efa,2018-05,Finance,0.24666005856043044,-0.06517101958530444,0.7756711916585733
efa,2018-05,Healthcare,0.09783314124310068,0.004045350915047357,0.8100080120445717
efa,2018-05,Industrials,0.12540373213292907,-0.017582310373647377,0.8072297948663235
efa,2018-05,Non-Energy Materials,0.08689711864510094,0.000641950360664398,0.8902052044263125
efa,2018-05,Technology,0.06727242642502579,0.015754970238102566,0.8175025054768308
efa,2018-05,Telecommunications,0.04178869190887251,-0.08758793449938125,0.869534296387897
efa,2018-05,Utilities,0.03400816389193302,-0.04172785608490928,0.7918812503751413
efa,2018-06,Business Services,0.015004491162886359,0.01339382462153066,0.8458437800359662
efa,2018-06,Consumer Cyclicals,0.0905761764795728,-0.03817836222196012,0.8820906197182825
efa,2018-06,Consumer Non-Cyclicals,0.11678082372858455,0.002675682235749044,0.8423660442179038
efa,2018-06,Consumer Services,0.01864606849922464,-0.05591353465767279,0.8603197599522654
efa,2018-06,Energy,0.06288174225712698,-0.0027314276841754297,0.9374887769467055
efa,2018-06,Finance,0.23663677904965336,-0.025071437131423905,0.7745384576101665
efa,2018-06,Healthcare,0.10105209726798188,0.006515760031298064,0.8087519047207863
efa,2018-06,Industrials,0.126276858019117,-0.04041308575435752,0.8034027022756682
efa,2018-06,Non-Energy Materials,0.0894316630170699,-0.03613689615974694,0.8911835146447763
efa,2018-06,Technology,0.06995622139393227,-0.014827726933391162,0.8230933347771529
efa,2018-06,Telecommunications,0.03924047625596715,-0.01768945245644223,0.8732041896716568
efa,2018-06,Utilities,0.03351660286888311,-0.004297362669770028,0.7878656731374735
efa,2018-07,Business Services,0.016860422040430336,0.019317510335947106,0.775575911844651
efa,2018-07,Consumer Cyclicals,0.08715134059411962,0.020051832731805278,0.8842885258294697
efa,2018-07,Consumer Non-Cyclicals,0.11887641688877447,0.03327441091255958,0.8452511524272931
efa,2018-07,Consumer Services,0.018333671985634285,0.012203185046432169,0.858638072890773
efa,2018-07,Energy,0.0647949310610363,0.01574475957265491,0.9340412402034264
efa,2018-07,Finance,0.23504042359936475,0.04206570242862857,0.7729904000911346
efa,2018-07,Healthcare,0.10390293484865118,0.06247972540116658,0.8125175837009977
efa,2018-07,Industrials,0.12318051436535879,0.03196821196332822,0.8019571644046184
efa,2018-07,Non-Energy Materials,0.0882016567459628,0.02896294110963558,0.887684013581145
efa,2018-07,Technology,0.07042759526639572,0.02596648087075756,0.8248205034162677
efa,2018-07,Telecommunications,0.03915738124040993,0.059094303963389716,0.8738247029080269
efa,2018-07,Utilities,0.03407271136386181,0.03204163638230443,0.7826365926438549
efa,2018-08,Business Services,0.016417088887155238,0.009165477739979593,0.7861125153351995
efa,2018-08,Consumer Cyclicals,0.0863311518222764,-0.018488483061443104,0.881629761219377
efa,2018-08,Consumer Non-Cyclicals,0.1187366582561599,-0.01935968909273148,0.8498506737263737
efa,2018-08,Consumer Services,0.018038773467618934,-0.03412330571003956,0.8557455718438669
efa,2018-08,Energy,0.06367004576858475,-0.036745153198106034,0.9346937938343683
efa,2018-08,Finance,0.2365187662151952,-0.03786939206650829,0.7749692681221332
efa,2018-08,Healthcare,0.10702553475730033,-0.006451719430707383,0.8119320866108054
efa,2018-08,Industrials,0.12239375560867649,-0.007135544262234751,0.8054509994835499
efa,2018-08,Non-Energy Materials,0.08783014029595469,-0.02933397468546715,0.8883993702912094
efa,2018-08,Technology,0.06948275312832053,0.024093967398629297,0.8293188224930981
efa,2018-08,Telecommunications,0.039906569524005564,-0.030464097331788398,0.8827169145021166
efa,2018-08,Utilities,0.03364876226875202,-0.03462996369323395,0.7736364787869803
efa,2018-09,Business Services,0.016902020443106982,-0.024820793125956014,0.7866976699212855
efa,2018-09,Consumer Cyclicals,0.08639933022038701,0.003261242201335871,0.8833737283402993
efa,2018-09,Consumer Non-Cyclicals,0.11890621803594384,-0.006104939024818113,0.8477143239005661
efa,2018-09,Consumer Services,0.01780445409534028,-0.029327550023454628,0.8522254339717255
efa,2018-09,Energy,0.062387967386579354,0.05760129887624556,0.9365838482891975
efa,2018-09,Finance,0.2318992387703249,0.011489893044437958,0.7759131616577631
efa,2018-09,Healthcare,0.10890705678265787,0.004120619013849918,0.8089556401751661
efa,2018-09,Industrials,0.12413489957186047,0.009345080819126689,0.8056251221336435
efa,2018-09,Non-Energy Materials,0.08679046409841777,0.02026905834130095,0.88800044719784
efa,2018-09,Technology,0.07299966929066223,-0.014182980455413371,0.8327942730150485
efa,2018-09,Telecommunications,0.03952783230432486,0.0313722398932108,0.8806473814912676
efa,2018-09,Utilities,0.033340849000394426,0.007358411863174523,0.7687671182084458
efa,2018-10,Business Services,0.016357225128429513,-0.07735197474616193,0.7853114791259609
efa,2018-10,Consumer Cyclicals,0.08578410035723286,-0.09480638242943235,0.8826402177147601
efa,2018-10,Consumer Non-Cyclicals,0.11836071120770227,-0.05316396525690441,0.8429557969135638
efa,2018-10,Consumer Services,0.017208221966745516,-0.09798730252245608,0.8491684913539362
efa,2018-10,Energy,0.06525738249697735,-0.07119792547205979,0.937242509935685
efa,2018-10,Finance,0.23239997359752496,-0.08350777715648608,0.7769086843900234
efa,2018-10,Healthcare,0.108284290996162,-0.04952693290164608,0.809593744259796
efa,2018-10,Industrials,0.12456596805690939,-0.10811078164026368,0.8035268315700194
efa,2018-10,Non-Energy Materials,0.08789164988351233,-0.10316225938759985,0.8864380121539639
efa,2018-10,Technology,0.07040895657896412,-0.10255444886998928,0.8349436013720247
efa,2018-10,Telecommunications,0.04018558515272132,-0.06621598225950782,0.8819490448151238
efa,2018-10,Utilities,0.03329593457711837,-0.04891763507689194,0.7691067504867551
efa,2018-11,Business Services,0.015425486140707568,0.0022981582766376076,0.7887201855104038
efa,2018-11,Consumer Cyclicals,0.08027739067593496,-0.02959585723605264,0.8799405007777065
efa,2018-11,Consumer Non-Cyclicals,0.11520417042108978,0.006271376378909983,0.8643434520806099
efa,2018-11,Consumer Services,0.015923584170153035,0.028993197078712014,0.850117952700233
efa,2018-11,Energy,0.06223649750629745,-0.06145562761525879,0.9390144437503946
efa,2018-11,Finance,0.21959366490858812,0.007940745840491491,0.7770231047884314
efa,2018-11,Healthcare,0.1049779161805769,0.022706975851456868,0.8179547285736327
efa,2018-11,Industrials,0.17347258715214037,0.006850565392663522,0.5299956468096076
efa,2018-11,Non-Energy Materials,0.07797302093878455,-0.029594239044767837,0.9211631960155585
efa,2018-11,Technology,0.06531131303599454,0.00035194520737592545,0.8305457770127449
efa,2018-11,Telecommunications,0.03704481466677139,0.04921016091946775,0.8735435602584427
efa,2018-11,Utilities,0.03255955420296134,0.03470858865738775,0.7695426880253844
efa,2018-12,Business Services,0.015519065594679745,-0.04279967279923632,0.7852146707879749
efa,2018-12,Consumer Cyclicals,0.07785531747042562,-0.04166666984586283,0.8794224970042276
efa,2018-12,Consumer Non-Cyclicals,0.11674961225494573,-0.05193301749264049,0.8561380518004859
efa,2018-12,Consumer Services,0.016371985636504344,-0.038077137101306065,0.8498657576582552
efa,2018-12,Energy,0.05794926505525165,-0.04627446916090231,0.9387670224954897
efa,2018-12,Finance,0.22090891723518533,-0.061447732879760984,0.7715953951079662
efa,2018-12,Healthcare,0.10752083706061359,-0.06552436549298396,0.8152532979482545
efa,2018-12,Industrials,0.1741755048772084,-0.0722654644425312,0.5291892583013181
efa,2018-12,Non-Energy Materials,0.07553536607246901,-0.030537465351695,0.9192930339415105
efa,2018-12,Technology,0.06508331201697096,-0.061066822455707166,0.8328183077846548
efa,2018-12,Telecommunications,0.03884209908918815,-0.06626241272384713,0.8710841691334957
efa,2018-12,Utilities,0.03348871763655747,-0.0035833809815848275,0.7708028131129026
efa,2019-01,Business Services,0.016511125282526073,0.05490643500225035,0.7934358901407411
efa,2019-01,Consumer Cyclicals,0.08324159339553189,0.07751971944848694,0.8813231331582618
efa,2019-01,Consumer Non-Cyclicals,0.12446132638630934,0.05639048994145982,0.8545576543029463
efa,2019-01,Consumer Services,0.017726184686443942,0.06093107414966288,0.8468921145242144
efa,2019-01,Energy,0.06202937073064088,0.06747891918352214,0.9377549292074114
efa,2019-01,Finance,0.2333723277359859,0.0654890658405668,0.7699832887797082
efa,2019-01,Healthcare,0.1134783036242192,0.0470240657955636,0.8162751907215977
efa,2019-01,Industrials,0.12055566673046886,0.0815505828380357,0.7944397018023197
efa,2019-01,Non-Energy Materials,0.08109917770227089,0.07688708353894512,0.9211626820767573
efa,2019-01,Technology,0.06868002745761478,0.08926194816638588,0.8360064294276831
efa,2019-01,Telecommunications,0.040797537346302606,0.02657788514674106,0.8699535711715151
efa,2019-01,Utilities,0.038047358921685634,0.08138045426812496,0.7680393952427073
efa,2019-02,Business Services,0.016374728566536333,0.0279270904574302,0.7920468670182037
efa,2019-02,Consumer Cyclicals,0.08430643574942784,0.016410562089899064,0.8807972015615145
efa,2019-02,Consumer Non-Cyclicals,0.12321629423279828,0.023373270882339387,0.8567065177627808
efa,2019-02,Consumer Services,0.017613120198792118,0.007744049112171141,0.8485729402808107
efa,2019-02,Energy,0.06242931570592154,0.0251632167363184,0.9347672006291036
efa,2019-02,Finance,0.23349119234818255,0.034493944641433294,0.7697699130841322
efa,2019-02,Healthcare,0.10978133422265417,0.0338439952942235,0.8122613907741143
efa,2019-02,Industrials,0.12184379309522747,0.03146253715830549,0.7972515928762575
efa,2019-02,Non-Energy Materials,0.08164012579599125,0.033869247015993295,0.9236757762959236
efa,2019-02,Technology,0.07044093535051586,0.023438757486445687,0.8341904251259571
efa,2019-02,Telecommunications,0.040564456124486024,0.014981173051199398,0.8782364427000985
efa,2019-02,Utilities,0.038298268609466564,-0.0011777634634050388,0.7700455308907695
efa,2019-03,Business Services,0.01629716394257852,-0.002352561604218428,0.7993067768649307
efa,2019-03,Consumer Cyclicals,0.08387539735195504,-0.014147771352505101,0.8783696390293613
efa,2019-03,Consumer Non-Cyclicals,0.12270261774551466,0.05210491383408273,0.8588578758857802
efa,2019-03,Consumer Services,0.01743843726119798,-0.002779924898815676,0.8443012896448345
efa,2019-03,Energy,0.06199353050292773,0.008196046985536335,0.9335066416542246
efa,2019-03,Finance,0.23420180086518658,-0.01967944583606392,0.7741998182260164
efa,2019-03,Healthcare,0.11119542682147826,0.0255059409730119,0.8081077295212089
efa,2019-03,Industrials,0.12246113886983792,0.01086538365019803,0.8010199672230468
efa,2019-03,Non-Energy Materials,0.08211140835081467,0.006838547020324296,0.9251837938660404
efa,2019-03,Technology,0.07010080291494923,0.005490857052059391,0.8390314615743002
efa,2019-03,Telecommunications,0.04010780115033984,0.004222364927189595,0.8802705776110794
efa,2019-03,Utilities,0.03751447422321956,0.0089584705386068,0.7679833735251888
efa,2019-04,Business Services,0.016215867885033604,0.061313241618100756,0.7962579429913405
efa,2019-04,Consumer Cyclicals,0.08191088643558744,0.05930909310411929,0.87951361268443
efa,2019-04,Consumer Non-Cyclicals,0.1276409310314815,0.01588557781900347,0.8631434712574345
efa,2019-04,Consumer Services,0.017307050016920306,0.036181681203904935,0.8412017542569529
efa,2019-04,Energy,0.0620708152770622,-0.0007132251169973818,0.9354474832594412
efa,2019-04,Finance,0.22981803491106384,0.04645997647309254,0.7710986137764788
efa,2019-04,Healthcare,0.11222895454339853,-0.04627434330402448,0.8084496399782559
efa,2019-04,Industrials,0.12311881401506845,0.05691019994993882,0.799726616820111
efa,2019-04,Non-Energy Materials,0.08182965247434215,0.0223456027485615,0.9175909039803013
efa,2019-04,Technology,0.07013253789939501,0.06772389322493291,0.8389161207176297
efa,2019-04,Telecommunications,0.0398651663876639,0.015436050121406045,0.8782684641357812
efa,2019-04,Utilities,0.03786128912298308,-0.02686456547827476,0.7639511546189135
efa,2019-05,Business Services,0.01684043781259819,-0.027300801740009078,0.7950017650244019
efa,2019-05,Consumer Cyclicals,0.08444142671012471,-0.07087423949125835,0.8821465874899189
efa,2019-05,Consumer Non-Cyclicals,0.1253952129620024,-0.028757328767892235,0.8658985308699431
efa,2019-05,Consumer Services,0.017387866168284614,-0.057030406968825414,0.8453066608556966
efa,2019-05,Energy,0.060558037695861475,-0.05360391547260082,0.9353849454120006
efa,2019-05,Finance,0.23262140552412955,-0.05845616567143016,0.7730560723165094
efa,2019-05,Healthcare,0.10668769556497602,-0.01947006763742115,0.8086978570090141
efa,2019-05,Industrials,0.12580408383501698,-0.07217229648191717,0.8051095504453872
efa,2019-05,Non-Energy Materials,0.08144913719594518,-0.05832240394931437,0.9164213307455511
efa,2019-05,Technology,0.07315908362855286,-0.042485594174011494,0.8378164634611013
efa,2019-05,Telecommunications,0.039340906503941224,-0.019564897153092217,0.8806665048529065
efa,2019-05,Utilities,0.036314706398566814,-0.019282233126872193,0.7589591118398877
efa,2019-06,Business Services,0.017832603619761057,0.04725450783166562,0.8057423151035912
efa,2019-06,Consumer Cyclicals,0.08150622292836937,0.0896333813601319,0.8831595603676988
efa,2019-06,Consumer Non-Cyclicals,0.1287186066029557,0.03668796550543686,0.8651193859936036
efa,2019-06,Consumer Services,0.016687181478587148,0.045147881847415854,0.8224618030809476
efa,2019-06,Energy,0.05927868955938372,0.05521284825210136,0.9327318927938987
efa,2019-06,Finance,0.22970596306949093,0.05050933656502418,0.7665175637708628
efa,2019-06,Healthcare,0.10987300706920217,0.07157081486276864,0.8101748101681552
efa,2019-06,Industrials,0.12404324178106493,0.07926836132791618,0.7955940024099899
efa,2019-06,Non-Energy Materials,0.08043090951763969,0.09133360676946482,0.9189505441961915
efa,2019-06,Technology,0.07380641737955591,0.06561143556662674,0.8350788870725919
efa,2019-06,Telecommunications,0.041250617896987,0.030007631600239244,0.880574383335158
efa,2019-06,Utilities,0.036866539097002375,0.048675940855927365,0.7605680172962141
efa,2019-07,Business Services,0.01758124445802812,-0.018537695085850212,0.8069133919189724
efa,2019-07,Consumer Cyclicals,0.08344027854120765,-0.008399698730737011,0.8859746471444252
efa,2019-07,Consumer Non-Cyclicals,0.12563622674727898,0.009340242506259023,0.8663644289636578
efa,2019-07,Consumer Services,0.01637936642358537,0.02510168403049274,0.8257965922527913
efa,2019-07,Energy,0.05908054214023188,-0.038670211290921276,0.9328802136520632
efa,2019-07,Finance,0.2280028755663476,-0.02649833215701978,0.7685945619751714
efa,2019-07,Healthcare,0.11119772091022583,0.0077046208291060335,0.8115606809636527
efa,2019-07,Industrials,0.12596976812401622,-0.023942153954317966,0.7986634355395921
efa,2019-07,Non-Energy Materials,0.08191233304120162,-0.029602143269845706,0.9194503455570693
efa,2019-07,Technology,0.07415911003087307,0.01046083964382922,0.8373747957248948
efa,2019-07,Telecommunications,0.040100483887264796,0.012612432815673674,0.8815453347090023
efa,2019-07,Utilities,0.03654005012973886,-0.002359128292814877,0.7621430035008454
efa,2019-08,Business Services,0.01749860341729814,-0.006506769186458342,0.805117535629784
efa,2019-08,Consumer Cyclicals,0.0836860696738847,-0.03398728250784257,0.8852892407287923
efa,2019-08,Consumer Non-Cyclicals,0.1275817422735721,0.01899926302506086,0.8687686789351662
efa,2019-08,Consumer Services,0.01688850989816736,-0.0237370066905453,0.8223616901436468
efa,2019-08,Energy,0.057499310124193515,-0.08025291884910545,0.9345709618846788
efa,2019-08,Finance,0.2251913165060468,-0.05352845723450829,0.7669058415867314
efa,2019-08,Healthcare,0.11270059620650091,0.015153237262228973,0.8159217265238282
efa,2019-08,Industrials,0.12471245231727822,-0.025902069306154223,0.7959189295568451
efa,2019-08,Non-Energy Materials,0.08065681761815133,-0.055018970113606146,0.91963361259784
efa,2019-08,Technology,0.07623978902691074,-0.02886673218789094,0.8330167617831068
efa,2019-08,Telecommunications,0.04078594942416338,-0.01718967893124363,0.8854976971396618
efa,2019-08,Utilities,0.036558843513832796,-0.004855434226179979,0.7630357088190665
efa,2019-09,Business Services,0.017775098747388998,0.041719707866336525,0.8075343253720647
efa,2019-09,Consumer Cyclicals,0.08332982849066775,0.031027239568162317,0.8922295280960624
efa,2019-09,Consumer Non-Cyclicals,0.13259858536041555,-0.0030048552231921244,0.8715237246047031
efa,2019-09,Consumer Services,0.017233393495748487,0.01557964696161731,0.8096359040432625
efa,2019-09,Energy,0.05374168851053109,0.05944866085450523,0.9322852820995352
efa,2019-09,Finance,0.21971180135034504,0.054607600796674406,0.7618487992343477
efa,2019-09,Healthcare,0.11779910634950701,0.007016165154024306,0.8123765279230546
efa,2019-09,Industrials,0.12491714487726507,0.0337817569081742,0.7960268329268161
efa,2019-09,Non-Energy Materials,0.07810608926805632,0.03963723943104178,0.9166249117931218
efa,2019-09,Technology,0.07590092921050201,0.02524530244173363,0.8299790665957895
efa,2019-09,Telecommunications,0.04113805327180404,0.0006379801082331318,0.8836739953332478
efa,2019-09,Utilities,0.037748281067768626,0.029822261090839103,0.7544472972721223
efa,2019-10,Business Services,0.017866441066587534,0.03359862214640263,0.8139078744002713
efa,2019-10,Consumer Cyclicals,0.08338121259391375,0.05768779644004274,0.880091384651089
efa,2019-10,Consumer Non-Cyclicals,0.13137896364646798,-0.010833299308374369,0.871388427878384
efa,2019-10,Consumer Services,0.01714619417039544,0.030773495360897917,0.807175416761801
efa,2019-10,Energy,0.05500626387143069,-0.0017702277255325113,0.9327265490644363
efa,2019-10,Finance,0.2231674928807693,0.02753443018233681,0.763955321533691
efa,2019-10,Healthcare,0.11529903165821019,0.03672667082901785,0.8117891224859604
efa,2019-10,Industrials,0.12506427107155005,0.05339806721428342,0.7973287885925451
efa,2019-10,Non-Energy Materials,0.07854286941292378,0.04066886605348685,0.9161229805504123
efa,2019-10,Technology,0.07612351727165378,0.039001224201561484,0.8279890029188585
efa,2019-10,Telecommunications,0.03989802028400179,0.035293079823689594,0.880144436532854
efa,2019-10,Utilities,0.03712572207209572,0.024610975215393592,0.7665943863727923
efa,2019-11,Business Services,0.017586546475509647,0.007407463372396401,0.8232076848428097
efa,2019-11,Consumer Cyclicals,0.08522661656640072,0.011026613075949545,0.8801916954400515
efa,2019-11,Consumer Non-Cyclicals,0.126401509214927,0.001799523599236173,0.8642729185697874
efa,2019-11,Consumer Services,0.01711516165220112,0.011110723783246762,0.8159520202207499
efa,2019-11,Energy,0.053114124261302964,-0.0007884182072327789,0.9306625297345948
efa,2019-11,Finance,0.222887368753391,0.0012594231092673005,0.764217896474019
efa,2019-11,Healthcare,0.11667115305698926,0.0346535890911615,0.8054278104111647
efa,2019-11,Industrials,0.1293269683906006,0.020647637215083968,0.774051447884733
efa,2019-11,Non-Energy Materials,0.07876856972668689,0.018797305636047975,0.9156381933021819
efa,2019-11,Technology,0.07670623189505302,0.03215387682938274,0.8253185082191842
efa,2019-11,Telecommunications,0.03960516183467128,0.0010776471616028404,0.8832117385720684
efa,2019-11,Utilities,0.036590588172266514,-0.01068147804443387,0.7701809931593556
efa,2019-12,Business Services,0.017577347344792243,0.036797897017602214,0.8212955138416528
efa,2019-12,Consumer Cyclicals,0.08476265775987442,0.019300857134143316,0.8796359135095548
efa,2019-12,Consumer Non-Cyclicals,0.12462541565488205,0.028709530798515234,0.8630902096856145
efa,2019-12,Consumer Services,0.016304333957641554,0.0556313672184254,0.8344011073390838
efa,2019-12,Energy,0.051867806955896475,0.03026165194317123,0.9291257299842105
efa,2019-12,Finance,0.22062471764559125,0.040953541602454194,0.7634920790321839
efa,2019-12,Healthcare,0.12018479273735384,0.034238352236833865,0.8062447466704222
efa,2019-12,Industrials,0.13074032167711103,0.021550540886408738,0.7743588478658291
efa,2019-12,Non-Energy Materials,0.0789561363346726,0.04212098256552209,0.918094326395549
efa,2019-12,Technology,0.07925303698631635,0.04310857574812455,0.8235736744398762
efa,2019-12,Telecommunications,0.03916416016903273,0.011856384526485535,0.880570416306935
efa,2019-12,Utilities,0.035939272776835465,0.0511373158664908,0.7751005764523653
efa,2020-01,Business Services,0.017794547275467684,0.001838626866454528,0.8171692594999812
efa,2020-01,Consumer Cyclicals,0.08365790950709937,-0.05007893984678525,0.8804941394850226
efa,2020-01,Consumer Non-Cyclicals,0.12384876902949822,-0.011176399974109793,0.8655298202915751
efa,2020-01,Consumer Services,0.016596517238911226,-0.05869365954742596,0.8448400740377943
efa,2020-01,Energy,0.051845083747762026,-0.08025829681536112,0.9288901975231159
efa,2020-01,Finance,0.22208422320132684,-0.033583257382139735,0.7669202027850374
efa,2020-01,Healthcare,0.12049127493983457,0.005147757213477183,0.8077287999233252
efa,2020-01,Industrials,0.1295818757478546,-0.02579455134474855,0.7747924264644389
efa,2020-01,Non-Energy Materials,0.0797242945308256,-0.04906220058213037,0.9197086394557857
efa,2020-01,Technology,0.0797332734425993,-0.0035157817266834243,0.8271006853380626
efa,2020-01,Telecommunications,0.038098300848178134,-0.010138591326508403,0.8872770254742446
efa,2020-01,Utilities,0.03654393049064244,0.042094857020837616,0.7773250517095334
efa,2020-02,Business Services,0.018142698349984235,-0.09955963067599853,0.823718647291731
efa,2020-02,Consumer Cyclicals,0.08174973889483375,-0.08642546456749729,0.8795474089732928
efa,2020-02,Consumer Non-Cyclicals,0.1255164106368643,-0.08959438607459433,0.8660247397380517
efa,2020-02,Consumer Services,0.015952886375746392,-0.09928360877182435,0.8400673360762971
efa,2020-02,Energy,0.04893496373310249,-0.14022697532867082,0.9242795306594718
efa,2020-02,Finance,0.2210051092487227,-0.08053601650643927,0.7634943052510784
efa,2020-02,Healthcare,0.12474466337668448,-0.0748701105999682,0.803164631370387
efa,2020-02,Industrials,0.12716884300003514,-0.10305590154703206,0.8020731684192083
efa,2020-02,Non-Energy Materials,0.07778801300676294,-0.10070576214588975,0.9180305863133675
efa,2020-02,Technology,0.08159699678188836,-0.0754507248667923,0.8270201283448698
efa,2020-02,Telecommunications,0.03862559901318712,-0.04242049433066792,0.8886398170970389
efa,2020-02,Utilities,0.038774077582188066,-0.04297130861817696,0.7803165855774237
efa,2020-03,Business Services,0.017864867851167393,-0.16378448251352323,0.8320179666995973
efa,2020-03,Consumer Cyclicals,0.08187389115677839,-0.14914253642159134,0.8808473407751373
efa,2020-03,Consumer Non-Cyclicals,0.12502694636588785,-0.04125852813163152,0.8648592463813046
efa,2020-03,Consumer Services,0.016234471482110373,-0.21537206446633556,0.8527481050363942
efa,2020-03,Energy,0.045329489994642404,-0.16931767482983304,0.9271939389349604
efa,2020-03,Finance,0.22218368241765543,-0.22122517548240267,0.7650973339524254
efa,2020-03,Healthcare,0.12664004800899767,-0.0223956360613398,0.7994058689645358
efa,2020-03,Industrials,0.12478935201280779,-0.17352546732629467,0.8005355021081996
efa,2020-03,Non-Energy Materials,0.07650322626698176,-0.12157860095932611,0.9180940340504757
efa,2020-03,Technology,0.08244091850036415,-0.08257823087060018,0.8285073634233053
efa,2020-03,Telecommunications,0.04026468530188739,-0.0973936408205537,0.8919562644519552
efa,2020-03,Utilities,0.0408484206407194,-0.14698987986724452,0.7750908908229662
efa,2020-04,Business Services,0.017017279988401357,0.06029181209221784,0.8430829009572466
efa,2020-04,Consumer Cyclicals,0.07933166295816672,0.06373041013634656,0.8867923494116688
efa,2020-04,Consumer Non-Cyclicals,0.13772166369040215,0.0460902264849286,0.8675531250702129
efa,2020-04,Consumer Services,0.015297172285172434,0.13362204961601426,0.8176744302887174
efa,2020-04,Energy,0.042749280295789505,-0.02679640023540855,0.9416801211395959
efa,2020-04,Finance,0.1996954586657618,0.037898807675391506,0.7663247790330904
efa,2020-04,Healthcare,0.1422724677386762,0.07906700708624091,0.7966096853444249
efa,2020-04,Industrials,0.1199468914616276,0.0673518176441181,0.7911728858296004
efa,2020-04,Non-Energy Materials,0.07667914336841637,0.07178425638675816,0.9217657651732218
efa,2020-04,Technology,0.08707952307415819,0.07618917786270266,0.8300361026423646
efa,2020-04,Telecommunications,0.04153570595598308,0.04007908915595059,0.895832544347751
efa,2020-04,Utilities,0.04067375051744464,0.024073123766152553,0.767737762341426
efa,2020-05,Business Services,0.01703930159284518,0.07866737043492955,0.842925852197137
efa,2020-05,Consumer Cyclicals,0.08003244207946862,0.06954355049591855,0.8859067729458437
efa,2020-05,Consumer Non-Cyclicals,0.1357193950437745,0.02842746738442157,0.8690496564143109
efa,2020-05,Consumer Services,0.016252425338557235,0.010925543329680399,0.8300385356339777
efa,2020-05,Energy,0.040116870765480116,0.0042673713390529,0.9213630793160528
efa,2020-05,Finance,0.19752822226448166,0.010055179632023964,0.7610444569641546
efa,2020-05,Healthcare,0.1451446114515967,0.04174528258924215,0.7998829882422165
efa,2020-05,Industrials,0.12073093348749453,0.08034797650631842,0.7946865176593627
efa,2020-05,Non-Energy Materials,0.07784855562056497,0.08343468469125558,0.9189017731902668
efa,2020-05,Technology,0.08920010083805249,0.06510184310021325,0.8270365661030668
efa,2020-05,Telecommunications,0.04089651276565458,0.024243077450189984,0.8949765601688056
efa,2020-05,Utilities,0.03949062875202939,0.04860324091403251,0.7688566320433788
efa,2020-06,Business Services,0.01764391602988969,0.016483454102982464,0.8383049260502573
efa,2020-06,Consumer Cyclicals,0.08222522578437338,0.030335293071010436,0.8826580287568904
efa,2020-06,Consumer Non-Cyclicals,0.13317621507557878,0.02850064022698076,0.869623302555019
efa,2020-06,Consumer Services,0.016500388981566326,-0.019827547304143194,0.820296305383536
efa,2020-06,Energy,0.038306942240433524,0.021171414925475477,0.9161460880815666
efa,2020-06,Finance,0.19153827799389736,0.06555243989109473,0.7552883970924056
efa,2020-06,Healthcare,0.14533958168361547,0.005345162630804266,0.792976100981791
efa,2020-06,Industrials,0.12494880002233431,0.052837419997211754,0.7939526762921183
efa,2020-06,Non-Energy Materials,0.08062043588884528,0.052379439067375286,0.9203893557462451
efa,2020-06,Technology,0.09028563133833768,0.0748085380195379,0.8309238635005483
efa,2020-06,Telecommunications,0.039915717316975484,0.046661754170339034,0.898309568229928
efa,2020-06,Utilities,0.039498867644152745,0.05132943480905613,0.7657902225629144
efa,2020-07,Business Services,0.016945150246180322,0.039186675605930546,0.8321625457559564
efa,2020-07,Consumer Cyclicals,0.08009227486285347,0.003138301222630142,0.8845879499344677
efa,2020-07,Consumer Non-Cyclicals,0.13112127531253148,0.04875850566483377,0.8707780062936666
efa,2020-07,Consumer Services,0.016400956458766797,0.008295825075936068,0.8312370433976431
efa,2020-07,Energy,0.03716651684274683,-0.026089172224691485,0.9166329147410304
efa,2020-07,Finance,0.19694286121456,0.012401231586110607,0.7611184901693946
efa,2020-07,Healthcare,0.1425222187769037,0.013957666498829568,0.7922467860665859
efa,2020-07,Industrials,0.12373083251207621,0.031079575999781024,0.8025578396727738
efa,2020-07,Non-Energy Materials,0.08261555545000489,0.06228007740655658,0.9076608738564409
efa,2020-07,Technology,0.09397490979658109,0.047130469877135144,0.8208363777975151
efa,2020-07,Telecommunications,0.03918958574883811,0.049159578401218595,0.897942120118659
efa,2020-07,Utilities,0.0392978627779571,0.050394249847946236,0.7626866528601026
efa,2020-08,Business Services,0.017021634611926753,0.06898772816302681,0.8402613834829209
efa,2020-08,Consumer Cyclicals,0.07800573946320993,0.08707418997735068,0.8861237698909581
efa,2020-08,Consumer Non-Cyclicals,0.13345660406252538,0.013117236406547918,0.8730040592347394
efa,2020-08,Consumer Services,0.016191064688673595,0.11216268657389478,0.8400982156445606
efa,2020-08,Energy,0.03542209459921145,0.03298604155300987,0.9158131361254571
efa,2020-08,Finance,0.1936765716729463,0.0613255772097537,0.7644556100817191
efa,2020-08,Healthcare,0.14124815800245288,0.00523785312838891,0.7913903196672492
efa,2020-08,Industrials,0.12292123343983999,0.08202262577427862,0.812549356644078
efa,2020-08,Non-Energy Materials,0.08558973920791833,0.05945353426149876,0.9074536963155297
efa,2020-08,Technology,0.09650214296711415,0.05280034403684932,0.8167914810853927
efa,2020-08,Telecommunications,0.039930656087646337,-0.007480477765994577,0.900337790442437
efa,2020-08,Utilities,0.040034361196534855,-0.001950919638496013,0.7598663806427995
efa,2020-09,Business Services,0.01736295972285231,-0.016058567188245162,0.8411593341575822
efa,2020-09,Consumer Cyclicals,0.08145079272000112,0.006020818536629035,0.8834896142423935
efa,2020-09,Consumer Non-Cyclicals,0.1290251071665534,-0.006514578685841809,0.8781810703944845
efa,2020-09,Consumer Services,0.017049728438204254,-0.04357203999272274,0.8382111351482971
efa,2020-09,Energy,0.03472862873628294,-0.12639100469087863,0.9158736923622904
efa,2020-09,Finance,0.19640474576516048,-0.0712272262493537,0.76411337727428
efa,2020-09,Healthcare,0.13626663935254238,-0.008368478787142518,0.7932480396480213
efa,2020-09,Industrials,0.12761272557227682,-0.011087824742357795,0.8104719876497659
efa,2020-09,Non-Energy Materials,0.08646041992586344,-0.009564487979792813,0.9076577240338557
efa,2020-09,Technology,0.09679490442459122,-0.006439657006000402,0.8222690310381663
efa,2020-09,Telecommunications,0.038158633185515295,-0.035411156948399844,0.9091255906380352
efa,2020-09,Utilities,0.03868471499015633,-0.03032081389223878,0.7586186281877835
efa,2020-10,Business Services,0.017470819432022677,-0.04371862744088182,0.842885672210236
efa,2020-10,Consumer Cyclicals,0.08373499528555538,-0.019622286460067632,0.8921670931135758
efa,2020-10,Consumer Non-Cyclicals,0.1307823620578469,-0.044303450133967644,0.8820824754078243
efa,2020-10,Consumer Services,0.016816600276817993,-0.02609808737033298,0.8310827676415442
efa,2020-10,Energy,0.031069758560434577,-0.06878975332360686,0.914605381483666
efa,2020-10,Finance,0.1864960855137813,-0.021789080879469354,0.7635031953933603
efa,2020-10,Healthcare,0.1408102340853044,-0.0814135153713995,0.7911353620652909
efa,2020-10,Industrials,0.13021946219864278,-0.030408309616058643,0.8045490854498821
efa,2020-10,Non-Energy Materials,0.08760374647440594,-0.04746831050950806,0.9049494256791599
efa,2020-10,Technology,0.0985191065313161,-0.060271017500753386,0.8457456923727198
efa,2020-10,Telecommunications,0.03804214243772502,0.006674544545465145,0.9091332080724489
efa,2020-10,Utilities,0.03843468714614691,-0.01761341129308371,0.7683705399774906
efa,2020-11,Business Services,0.01751161730236106,0.10893107409506962,0.8346912477866556
efa,2020-11,Consumer Cyclicals,0.08539436449809937,0.1738087135623127,0.8915686872196961
efa,2020-11,Consumer Non-Cyclicals,0.1299974458950626,0.08324897673510197,0.8801993294422613
efa,2020-11,Consumer Services,0.01709831575851315,0.14797505415202272,0.829016150149985
efa,2020-11,Energy,0.030097386750258165,0.34657412961932565,0.9105432509025568
efa,2020-11,Finance,0.19051840804008993,0.22787885837482624,0.7780626132248389
efa,2020-11,Healthcare,0.13518570498366683,0.10265006925494745,0.7868005133656854
efa,2020-11,Industrials,0.13094083108477153,0.1814730295495426,0.8005797280923517
efa,2020-11,Non-Energy Materials,0.08673234486311399,0.15193901292026224,0.9039827974102167
efa,2020-11,Technology,0.09765070824272269,0.1290499941800028,0.8340296887977396
efa,2020-11,Telecommunications,0.03980190088552263,0.11261060592515135,0.913828865248984
efa,2020-11,Utilities,0.03907097169581805,0.12221648607391515,0.7719995806505219
efa,2020-12,Business Services,0.017265747511550657,0.03192845492546591,0.8210442230369418
efa,2020-12,Consumer Cyclicals,0.0872900915279292,0.07917381918649172,0.8949056756874836
efa,2020-12,Consumer Non-Cyclicals,0.1176292377811299,0.03815014326377807,0.8716961500692084
efa,2020-12,Consumer Services,0.01756167488873821,0.0696154634562712,0.8236261290923286
efa,2020-12,Energy,0.03501096729938773,0.044238826943356735,0.9158252278053528
efa,2020-12,Finance,0.20200307123036076,0.04476001020189748,0.7855395254398989
efa,2020-12,Healthcare,0.1298615242483191,0.019267387896609624,0.7891496889691431
efa,2020-12,Industrials,0.1346943204142794,0.04714394984887135,0.8085619297620142
efa,2020-12,Non-Energy Materials,0.08694197678413804,0.08058463253664483,0.9074560664851692
efa,2020-12,Technology,0.09753081045861392,0.06945497957756593,0.8246760553412479
efa,2020-12,Telecommunications,0.0358758247841001,0.04637327058792421,0.907516207787458
efa,2020-12,Utilities,0.038334753071453016,0.04508826536207021,0.7711034958004231
efa,2021-01,Business Services,0.01675090793188343,-0.014830504276430454,0.8226088219816052
efa,2021-01,Consumer Cyclicals,0.08826624870364053,-0.04843808279920587,0.8854238449788585
efa,2021-01,Consumer Non-Cyclicals,0.12132075966395556,-0.02429990260587843,0.8787986814000142
efa,2021-01,Consumer Services,0.017790428356715016,-0.04019290684555529,0.8361427233171129
efa,2021-01,Energy,0.0347202448778047,0.01840408144614306,0.9164934785808512
efa,2021-01,Finance,0.19985829170874264,-0.022002363051601602,0.7862189301614808
efa,2021-01,Healthcare,0.12519068701248015,-0.009930967305087865,0.788018292916642
efa,2021-01,Industrials,0.13282306531864596,-0.01513308048318572,0.8117610246592782
efa,2021-01,Non-Energy Materials,0.08922457924985276,-0.006242679698804533,0.9032950987696021
efa,2021-01,Technology,0.1010882261317795,0.005094449657539249,0.8315558158890187
efa,2021-01,Telecommunications,0.03512318104753846,-0.002961638332921618,0.9157892551703967
efa,2021-01,Utilities,0.037843379996961295,-0.014981468096206369,0.7705344204880482
efa,2021-02,Business Services,0.016703616030426083,-0.002957846687493526,0.8249425035456918
efa,2021-02,Consumer Cyclicals,0.08576360836220305,0.054520568912728155,0.8920651847781101
efa,2021-02,Consumer Non-Cyclicals,0.12035605765954745,-0.03458477647884519,0.8785196040650558
efa,2021-02,Consumer Services,0.017332059699536138,0.07902086320674785,0.8367802570142632
efa,2021-02,Energy,0.03580389985348353,0.10972320574746962,0.9157291455256356
efa,2021-02,Finance,0.19897519918092177,0.08445409410198079,0.7844080947606965
efa,2021-02,Healthcare,0.12561188559998776,-0.04100494455988855,0.7889796550223095
efa,2021-02,Industrials,0.1329386336824057,0.01807478437994613,0.8113239690057167
efa,2021-02,Non-Energy Materials,0.08989008832999426,0.052051030319080406,0.9056319772662117
efa,2021-02,Technology,0.10371820064423816,0.021496532471002187,0.8290709963310886
efa,2021-02,Telecommunications,0.035416810770442717,0.05757500651354878,0.9237356745005962
efa,2021-02,Utilities,0.0374899401868134,-0.047065034404916474,0.7745786931363526
efa,2021-03,Business Services,0.01644938055186959,0.028909091642121673,0.8155697780661509
efa,2021-03,Consumer Cyclicals,0.08802016061888018,0.04191743135258737,0.895472826012338
efa,2021-03,Consumer Non-Cyclicals,0.11356220704199878,0.03970429774927238,0.8736307207903476
efa,2021-03,Consumer Services,0.018327847227349935,0.030066683490844844,0.8371982118021283
efa,2021-03,Energy,0.03841379591200859,-0.014548569331732555,0.9210010715385539
efa,2021-03,Finance,0.20907687880828174,0.017736037862708116,0.7898941405790781
efa,2021-03,Healthcare,0.11773217521979458,0.018221513313795283,0.7872874415845469
efa,2021-03,Industrials,0.13249414077107327,0.022879536474019826,0.8078173954420863
efa,2021-03,Non-Energy Materials,0.09167534721034018,0.011870915738998901,0.9087500803801372
efa,2021-03,Technology,0.1030762092286577,0.004189264132612182,0.829551501207519
efa,2021-03,Telecommunications,0.03629720010345242,0.011669795540904866,0.9282112701656193
efa,2021-03,Utilities,0.034874657306293015,0.040467618526230806,0.7739660402163753
efa,2021-04,Business Services,0.01666601790166241,0.06799856197000742,0.8106128477354735
efa,2021-04,Consumer Cyclicals,0.09024594131055282,0.03240895387002065,0.8909968865753691
efa,2021-04,Consumer Non-Cyclicals,0.1154877644957284,0.04348707452715937,0.879206154590954
efa,2021-04,Consumer Services,0.018252010368209677,0.06826791538656163,0.8478419298154601
efa,2021-04,Energy,0.037096304531227274,0.0011453844115175734,0.9197620555051903
efa,2021-04,Finance,0.209236712621819,0.04941562924688268,0.7881269538473504
efa,2021-04,Healthcare,0.11676750707051685,0.028540322037880157,0.7914534283530378
efa,2021-04,Industrials,0.13227435781925134,0.03473197530582601,0.8106658893669272
efa,2021-04,Non-Energy Materials,0.09037093126642466,0.05459603583298736,0.9064298481255503
efa,2021-04,Technology,0.10212472645260827,0.05680160509103871,0.8334488783206703
efa,2021-04,Telecommunications,0.036021969438195744,0.03188008361116462,0.9247454027031572
efa,2021-04,Utilities,0.03545575672380354,0.017151891078434445,0.7773954651271453
efa,2021-05,Business Services,0.017175697246976197,0.004236916352249993,0.8120067286178975
efa,2021-05,Consumer Cyclicals,0.08957687420575523,0.07108302100003314,0.8936998437349797
efa,2021-05,Consumer Non-Cyclicals,0.11532379647218069,0.030244800394159364,0.8792653496293441
efa,2021-05,Consumer Services,0.018710475352371903,-0.04279534371942761,0.8570261846586472
efa,2021-05,Energy,0.035771632723326896,0.041163875453161164,0.9203861028284673
efa,2021-05,Finance,0.20996433343281276,0.03113633134054783,0.7926903703539675
efa,2021-05,Healthcare,0.11662577077717395,0.0251336314284269,0.7871545290132151
efa,2021-05,Industrials,0.13086092315732703,0.021388966010778866,0.8170482976003641
efa,2021-05,Non-Energy Materials,0.09155819725151312,0.020068127833088513,0.9068551333223034
efa,2021-05,Technology,0.10364191759779882,-0.0011212806893917946,0.8367467603381721
efa,2021-05,Telecommunications,0.03599840657609845,-0.021262287995046533,0.9262135969068779
efa,2021-05,Utilities,0.03479197520666493,0.017501634184456178,0.7741481423548988
efa,2021-06,Business Services,0.01685434687158988,0.012663177015246701,0.8117401354278626
efa,2021-06,Consumer Cyclicals,0.09383031460087049,-0.0024950339753084926,0.8929725840433784
efa,2021-06,Consumer Non-Cyclicals,0.11558748974171446,-0.0040005068983975465,0.8803430417171193
efa,2021-06,Consumer Services,0.01862540692065031,-0.03733493271275453,0.8504229822004852
efa,2021-06,Energy,0.03614615666481714,0.0048424120319495,0.9257742171870394
efa,2021-06,Finance,0.21158594297179276,-0.03568572170153673,0.7928089899445828
efa,2021-06,Healthcare,0.11621907390375041,0.02930273714919506,0.7871017796447785
efa,2021-06,Industrials,0.13113724636421756,-0.010398849608076695,0.8189172038533653
efa,2021-06,Non-Energy Materials,0.09094469006409665,-0.013607479866162163,0.9076816527690217
efa,2021-06,Technology,0.10196072183577297,0.01860697385462325,0.8394437769479564
efa,2021-06,Telecommunications,0.03329077235176165,-0.014699733286626368,0.925576901468255
efa,2021-06,Utilities,0.03381783770896572,-0.03208749246507257,0.7879327328915874
efa,2021-07,Business Services,0.017063722576564216,0.03425300170043441,0.8175526953534209
efa,2021-07,Consumer Cyclicals,0.09462386990847008,0.0021555521264798806,0.8972916939392855
efa,2021-07,Consumer Non-Cyclicals,0.11683301316861402,-0.005815213807515171,0.8773123813692862
efa,2021-07,Consumer Services,0.018318282728414324,-0.017421625970073733,0.8514402826542208
efa,2021-07,Energy,0.0363970350229353,-0.022177903593846308,0.926363574742736
efa,2021-07,Finance,0.20485756661983906,0.0015008411017310343,0.7897911735524934
efa,2021-07,Healthcare,0.1212939389904229,0.005337724971297821,0.7823008280079402
efa,2021-07,Industrials,0.13088303148601246,0.016375954160179822,0.8177730237265272
efa,2021-07,Non-Energy Materials,0.09002842293032504,0.0395016487669912,0.9094971020087649
efa,2021-07,Technology,0.10439294989364897,0.035040060597785486,0.8429615657443608
efa,2021-07,Telecommunications,0.03273331832875887,-0.02973956443827651,0.9283928309650282
efa,2021-07,Utilities,0.03257484834599474,0.016083084395899214,0.7916273283973476
efa,2021-08,Business Services,0.0173002394863609,0.021715384630611137,0.8259473716002106
efa,2021-08,Consumer Cyclicals,0.09369448466745121,-0.0382423456783375,0.8920768078844424
efa,2021-08,Consumer Non-Cyclicals,0.1149812934692738,0.004699773557170106,0.8784741160904777
efa,2021-08,Consumer Services,0.017695281065139644,0.007619946674842851,0.8585076550199763
efa,2021-08,Energy,0.035244739472219316,0.009158629988536823,0.9270876000205508
efa,2021-08,Finance,0.20329143952126183,0.019768905398741182,0.790206854505947
efa,2021-08,Healthcare,0.12329054834448565,0.028706110825687425,0.7807598502126777
efa,2021-08,Industrials,0.13162581521425412,0.029201471467224165,0.8201834403424129
efa,2021-08,Non-Energy Materials,0.09263486244414595,-0.020272848737487706,0.9104279485795724
efa,2021-08,Technology,0.10613730184305724,0.04836902597909672,0.8511913462896601
efa,2021-08,Telecommunications,0.03156257616346067,0.001978889106080069,0.9268472714781637
efa,2021-08,Utilities,0.03254141830888966,0.027682452107383917,0.7930831718662181
efa,2021-09,Business Services,0.017422434064056736,-0.04889262411423673,0.8253993340654547
efa,2021-09,Consumer Cyclicals,0.08913237928964778,-0.01637332800244027,0.8891334327368562
efa,2021-09,Consumer Non-Cyclicals,0.11571522453110637,-0.037876297965658515,0.8820061677606192
efa,2021-09,Consumer Services,0.01769488287250197,-0.03867363806189574,0.8518049304542915
efa,2021-09,Energy,0.03470221748476171,0.10160659362322197,0.9321238486470631
efa,2021-09,Finance,0.20345670764365276,-0.012871791910561871,0.7915575535838242
efa,2021-09,Healthcare,0.12585694034248707,-0.05167431996182882,0.7742328334335753
efa,2021-09,Industrials,0.13320728137806445,-0.032642847955453344,0.8244981340423172
efa,2021-09,Non-Energy Materials,0.08929990362610447,-0.08042473775988437,0.9083170698301667
efa,2021-09,Technology,0.10947016423593686,-0.0474549687375777,0.8528502231920019
efa,2021-09,Telecommunications,0.03113813605350891,-0.00898432694107633,0.9260367529239005
efa,2021-09,Utilities,0.032903728478170885,-0.07862180371287081,0.795161280902217
efa,2021-10,Business Services,0.017316660625028214,0.03307595264525753,0.8131152014643678
efa,2021-10,Consumer Cyclicals,0.09004552761001047,0.05063489694359476,0.8895923101055162
efa,2021-10,Consumer Non-Cyclicals,0.11594982222088832,0.038133676373774024,0.8800279002838375
efa,2021-10,Consumer Services,0.018920663235757713,0.01916701653613604,0.8499008020709931
efa,2021-10,Energy,0.03910470051652478,0.04279052000849879,0.9309068424521583
efa,2021-10,Finance,0.20709148689786677,0.046820593416183685,0.7902862354806046
efa,2021-10,Healthcare,0.12372154882259333,0.03464377458464467,0.7703555744031538
efa,2021-10,Industrials,0.1337596899844086,0.009846024139972582,0.8246653841098603
efa,2021-10,Non-Energy Materials,0.08364301296291639,0.027855776449540102,0.9069033661429713
efa,2021-10,Technology,0.10818012879579923,0.03888628168627735,0.8448628098493749
efa,2021-10,Telecommunications,0.03127277899286521,-0.03509525150417913,0.926712371568508
efa,2021-10,Utilities,0.030993979335340965,0.06203667031970557,0.8004265793383786
efa,2021-11,Business Services,0.017388613061678923,-0.03154323749559779,0.8235262441863477
efa,2021-11,Consumer Cyclicals,0.09151582382807134,-0.030563812307522788,0.8924289440566304
efa,2021-11,Consumer Non-Cyclicals,0.11583764546340812,-0.04078623125492545,0.8883411730551121
efa,2021-11,Consumer Services,0.018794636731304173,-0.12638681048777842,0.8533411608553838
efa,2021-11,Energy,0.039512999028811245,-0.09086320580848013,0.9326266464355583
efa,2021-11,Finance,0.20832797989201676,-0.08232765362473292,0.7921859953058682
efa,2021-11,Healthcare,0.1244103302567004,-0.05257873347318106,0.7708251018310937
efa,2021-11,Industrials,0.13133157294080358,-0.05116225812732426,0.823206225400864
efa,2021-11,Non-Energy Materials,0.08337612483141263,-0.039419518889500155,0.9061018873405408
efa,2021-11,Technology,0.1082004614456813,-0.03293723039693023,0.8522657001485558
efa,2021-11,Telecommunications,0.029292561376180373,-0.019720841554226726,0.9247541905962094
efa,2021-11,Utilities,0.03201125114393115,-0.039576938180101065,0.79830161868753
efa,2021-12,Business Services,0.01770002396133299,0.06984292110743517,0.8252326221950188
efa,2021-12,Consumer Cyclicals,0.09308221515645143,0.021406547624517307,0.8964188179850878
efa,2021-12,Consumer Non-Cyclicals,0.11701993528305717,0.050138421223680986,0.8875740914158916
efa,2021-12,Consumer Services,0.017437390653373144,0.04075273009916766,0.8372300527424964
efa,2021-12,Energy,0.037783513374900705,0.06163407623159357,0.932242267733462
efa,2021-12,Finance,0.20184287357609795,0.04558528682719097,0.7906257700307942
efa,2021-12,Healthcare,0.12483224488119089,0.056306867914348475,0.7650467652341842
efa,2021-12,Industrials,0.13191795118049018,0.05897616135876664,0.8230739057830613
efa,2021-12,Non-Energy Materials,0.08457558634252736,0.06679636397048742,0.9048206933634562
efa,2021-12,Technology,0.11123108673909318,0.03505998549761657,0.8462191832706563
efa,2021-12,Telecommunications,0.030233174419299187,-0.006314799388278902,0.9258740189657557
efa,2021-12,Utilities,0.03234400443218578,0.045606657089669995,0.8000362181883104
efa,2022-01,Business Services,0.01817393685953992,-0.09890650160791639,0.8187605822195602
efa,2022-01,Consumer Cyclicals,0.09036132993356122,-0.03079798346466081,0.8982140817556368
efa,2022-01,Consumer Non-Cyclicals,0.11677155923387078,-0.058074501022956,0.8895691682227425
efa,2022-01,Consumer Services,0.017348000038555016,-0.05521276534399248,0.8355240825450093
efa,2022-01,Energy,0.03826097791656831,0.09909554315423366,0.9326154958559925
efa,2022-01,Finance,0.20231852166016906,0.005587023294600521,0.7942373241734695
efa,2022-01,Healthcare,0.12562043632184694,-0.06564773903175292,0.7686715304577946
efa,2022-01,Industrials,0.13452075514720205,-0.09447555518914676,0.8254984135989191
efa,2022-01,Non-Energy Materials,0.08611887150850081,-0.028347328646012283,0.9033678963659544
efa,2022-01,Technology,0.11022851616678234,-0.12640092794506053,0.8399174999160002
efa,2022-01,Telecommunications,0.02850336228752033,0.006089908536613158,0.9238925196499427
efa,2022-01,Utilities,0.03177373292588322,-0.031683916173118644,0.8041809280070351
efa,2022-02,Business Services,0.017269664783715923,0.003960383465083482,0.816328781951101
efa,2022-02,Consumer Cyclicals,0.09194063846223566,-0.05409666126879704,0.9005442965711293
efa,2022-02,Consumer Non-Cyclicals,0.11605646221503749,-0.010688666098892984,0.8872361250742757
efa,2022-02,Consumer Services,0.017310643375904444,-0.04091550286188835,0.8265167665290273
efa,2022-02,Energy,0.04384347725097538,0.006300945460443183,0.9354677797792099
efa,2022-02,Finance,0.21229560237460363,-0.045233245152365216,0.7988213514820021
efa,2022-02,Healthcare,0.12171752139502992,0.008188794434822283,0.7798997372362285
efa,2022-02,Industrials,0.12848938884438524,-0.030033545318810233,0.826676042972763
efa,2022-02,Non-Energy Materials,0.08748247717298145,0.006065989410962829,0.8623938697152137
efa,2022-02,Technology,0.10133342917896457,-0.04147286632640907,0.8406558057131498
efa,2022-02,Telecommunications,0.030343639712659607,0.0035611551129849073,0.9197948521493444
efa,2022-02,Utilities,0.031917055233506714,0.03112153682391503,0.7976212046717952
efa,2022-03,Business Services,0.01769957257691192,-0.0027670987332526534,0.8165699937190527
efa,2022-03,Consumer Cyclicals,0.0889618109663711,-0.04052559572874089,0.8995045905866176
efa,2022-03,Consumer Non-Cyclicals,0.11742351062340334,-0.022210952216689114,0.885906166676029
efa,2022-03,Consumer Services,0.017301314577481335,-0.03235615697318682,0.8128842338804754
efa,2022-03,Energy,0.04509106447913176,0.056610709192381745,0.9300311401356127
efa,2022-03,Finance,0.20765641124698014,0.021987421829091545,0.7954746439243734
efa,2022-03,Healthcare,0.12545773771491195,0.05084614837751305,0.7808840557465215
efa,2022-03,Industrials,0.1269664866526875,0.005573060891132359,0.8276315574492464
efa,2022-03,Non-Energy Materials,0.08969794458552674,0.0329418110493897,0.9100106853885382
efa,2022-03,Technology,0.0994356804243222,0.029337659649576908,0.8375392889253304
efa,2022-03,Telecommunications,0.031079290880392667,0.02529397358416817,0.9205561683679218
efa,2022-03,Utilities,0.03322917527187932,-0.031410197560145244,0.8065126857710938
efa,2022-04,Business Services,0.017355558209378952,-0.0674445461122577,0.8203065744153788
efa,2022-04,Consumer Cyclicals,0.08410361894017308,-0.08461724078734971,0.9012420454033259
efa,2022-04,Consumer Non-Cyclicals,0.11528090008746424,-0.028965332723846982,0.8848293339802833
efa,2022-04,Consumer Services,0.017062102494656468,-0.06515715114342707,0.7864636664993623
efa,2022-04,Energy,0.047066786233006225,-0.027827744883718388,0.9248261922900272
efa,2022-04,Finance,0.2091578907250459,-0.07732333108968983,0.795527012616962
efa,2022-04,Healthcare,0.1287549463798735,-0.03661903222150666,0.7799330485928742
efa,2022-04,Industrials,0.12632411385407993,-0.09898748483629857,0.82593376745397
efa,2022-04,Non-Energy Materials,0.0910122868298099,-0.07682307412614608,0.9082847659766871
efa,2022-04,Technology,0.10098406848928335,-0.1196575644746255,0.8368604211243571
efa,2022-04,Telecommunications,0.030932588124515204,-0.03177926570552146,0.9216827631220764
efa,2022-04,Utilities,0.03196513963271322,-0.0397779602746449,0.8022568334469291
efa,2022-05,Business Services,0.01735836083510156,-0.041034750699971076,0.8212817052226081
efa,2022-05,Consumer Cyclicals,0.0823513148531807,0.008529414025459618,0.9031427029553526
efa,2022-05,Consumer Non-Cyclicals,0.11936640176972058,-0.017823856424694993,0.8880568930575841
efa,2022-05,Consumer Services,0.016620393171913724,0.01162466627872066,0.8034679727806058
efa,2022-05,Energy,0.049348475768645456,0.1255744127212679,0.9261181329890225
efa,2022-05,Finance,0.20724587124587154,0.02453054053578224,0.7953240979342274
efa,2022-05,Healthcare,0.13337806045493883,-0.005462420320376938,0.7809421569823668
efa,2022-05,Industrials,0.12246392890443802,0.0240689365726302,0.8250879669240351
efa,2022-05,Non-Energy Materials,0.09066409274764504,0.006637987328621135,0.906795054295307
efa,2022-05,Technology,0.09548180636138226,0.01647373851918504,0.8394080056734642
efa,2022-05,Telecommunications,0.032227338363619226,0.04426790698166903,0.918912557433016
efa,2022-05,Utilities,0.033493955523543055,0.020594592387386878,0.7897457305337798
efa,2022-06,Business Services,0.01649113300378303,-0.09869131184780153,0.8212397843802826
efa,2022-06,Consumer Cyclicals,0.0818002084226235,-0.08504812038174428,0.8984124607402233
efa,2022-06,Consumer Non-Cyclicals,0.11593606144305414,-0.03974689550273857,0.8877215743346861
efa,2022-06,Consumer Services,0.016513887655536387,-0.07574179067639378,0.8101720888293146
efa,2022-06,Energy,0.055439789070815,-0.1340780931711766,0.9109949704634881
efa,2022-06,Finance,0.20733855178198402,-0.0935843173938676,0.7954447640167375
efa,2022-06,Healthcare,0.13123014581353523,-0.053356228593032476,0.7785406640039447
efa,2022-06,Industrials,0.12330193226363613,-0.11900799185143873,0.8273381847730716
efa,2022-06,Non-Energy Materials,0.08943024126010739,-0.16600268893076048,0.9095332755557181
efa,2022-06,Technology,0.09611931316555511,-0.12699118698904505,0.8368491863562046
efa,2022-06,Telecommunications,0.033271839235694066,-0.06984827150323566,0.9206950559984335
efa,2022-06,Utilities,0.033126896883676,-0.11360857918270113,0.8010776382943136
efa,2022-07,Business Services,0.016314898938150104,0.08885773961398087,0.8223890447377812
efa,2022-07,Consumer Cyclicals,0.08273955213166556,0.07868205096985732,0.9020051875935873
efa,2022-07,Consumer Non-Cyclicals,0.12140514614990744,0.045957511446390424,0.8869837794839478
efa,2022-07,Consumer Services,0.01656417305334372,0.07364211597423884,0.8184019048434986
efa,2022-07,Energy,0.05337369045080322,0.013936081234584374,0.9004850566353121
efa,2022-07,Finance,0.208191380019003,0.022044722444653667,0.7835954174765785
efa,2022-07,Healthcare,0.13710597391385537,0.006334058754534276,0.7770513465448226
efa,2022-07,Industrials,0.12252898539512687,0.09296336764008734,0.8221238162902147
efa,2022-07,Non-Energy Materials,0.08270599474829521,0.030677228006320677,0.9081160826841316
efa,2022-07,Technology,0.09229589711655771,0.1022576627990537,0.8472778807561627
efa,2022-07,Telecommunications,0.034308697097529005,-0.005910245223819655,0.9191699997718702
efa,2022-07,Utilities,0.03246561098576282,0.0496584212400073,0.7995315335519093
efa,2022-08,Business Services,0.016858061667753877,-0.09476139683946874,0.8213964474453127
efa,2022-08,Consumer Cyclicals,0.08498830361439806,-0.0492593824735215,0.9029766861975074
efa,2022-08,Consumer Non-Cyclicals,0.12095649284572925,-0.044051418805202094,0.8870181357380728
efa,2022-08,Consumer Services,0.016980417956189913,-0.027635577871472184,0.8179969454910082
efa,2022-08,Energy,0.05192933932844131,0.012824511992604043,0.9017054851868442
efa,2022-08,Finance,0.20445894559467936,-0.03720442519464349,0.7777711802284378
efa,2022-08,Healthcare,0.1344346266318238,-0.07148802389809816,0.770237037072119
efa,2022-08,Industrials,0.1271383100707864,-0.061480154244980226,0.8401649247865289
efa,2022-08,Non-Energy Materials,0.08123681186656256,-0.04301962245769511,0.9053434129475179
efa,2022-08,Technology,0.09670576509198435,-0.08089541449615612,0.848882831174002
efa,2022-08,Telecommunications,0.03224429156827192,-0.048603404297602175,0.9259115885529786
efa,2022-08,Utilities,0.03206863376337919,-0.06340099030095768,0.8037031764956802
efa,2022-09,Business Services,0.016155266328527384,-0.0792873210167016,0.8172076343682221
efa,2022-09,Consumer Cyclicals,0.08511653387315843,-0.10704555778164497,0.9019729845459307
efa,2022-09,Consumer Non-Cyclicals,0.12178768825836946,-0.07567292820601512,0.8844612634573692
efa,2022-09,Consumer Services,0.017222918576955,-0.05900981142747191,0.8143287268126493
efa,2022-09,Energy,0.055256070111026956,-0.07310785637512852,0.8996303464348091
efa,2022-09,Finance,0.20652957761440702,-0.09190251836550853,0.7769965110983372
efa,2022-09,Healthcare,0.13098736999062008,-0.06056756637478428,0.7705963132628404
efa,2022-09,Industrials,0.12627405880901538,-0.1059558986688183,0.8360931319093624
efa,2022-09,Non-Energy Materials,0.0819138971686123,-0.08323695093663551,0.9037525599402045
efa,2022-09,Technology,0.09423771238613499,-0.10453227301334593,0.8440369043614994
efa,2022-09,Telecommunications,0.03245735777685815,-0.10213604902051494,0.9249688711544973
efa,2022-09,Utilities,0.03206154910631485,-0.11020760504578471,0.794160257566006
efa,2022-10,Business Services,0.016389276988536355,0.0785427537131894,0.8163309325121433
efa,2022-10,Consumer Cyclicals,0.08281838427946081,0.06511880793566102,0.9066298792581372
efa,2022-10,Consumer Non-Cyclicals,0.12400362630226183,0.006998912270662558,0.8815784374464781
efa,2022-10,Consumer Services,0.017791374169432023,0.055231363487326685,0.8445955559176335
efa,2022-10,Energy,0.05563439147676642,0.1216037888365446,0.905167731735039
efa,2022-10,Finance,0.2063692444469119,0.05631388659175883,0.7753476632675016
efa,2022-10,Healthcare,0.13520878806498518,0.04786185624583488,0.773372254919186
efa,2022-10,Industrials,0.12383845117931408,0.0888767487767281,0.8368247530448714
efa,2022-10,Non-Energy Materials,0.08198916805744766,0.03597362603799584,0.9053983555308092
efa,2022-10,Technology,0.09244251349854525,0.06867331988856808,0.8473403208493323
efa,2022-10,Telecommunications,0.03205856228456117,0.06474076359797609,0.9262500733034735
efa,2022-10,Utilities,0.03145621925177731,0.037435125337148996,0.7924847153014616
efa,2022-11,Business Services,0.01716934453206619,0.05591966529529853,0.8133137795827995
efa,2022-11,Consumer Cyclicals,0.08437999299860939,0.13942644653412567,0.8977587023480381
efa,2022-11,Consumer Non-Cyclicals,0.11777571195024641,0.10061922335881784,0.8862585434747879
efa,2022-11,Consumer Services,0.017676203050034114,0.09864128227886668,0.8519937431520304
efa,2022-11,Energy,0.05905544790471011,0.09747026371244748,0.9058749436962378
efa,2022-11,Finance,0.20621887003590558,0.12636799835550383,0.7793066985481107
efa,2022-11,Healthcare,0.13514176336926934,0.05887173680518225,0.7697791055421067
efa,2022-11,Industrials,0.1265869314036133,0.10985752140714995,0.8424411105771207
efa,2022-11,Non-Energy Materials,0.08024140589988882,0.16567906712240446,0.9072404014874396
efa,2022-11,Technology,0.0932783711706869,0.11659081105739255,0.8490121396307598
efa,2022-11,Telecommunications,0.03139669168533022,0.02807959952717077,0.9267573231326987
efa,2022-11,Utilities,0.031079265999639647,0.12036420969514326,0.7873062546159277
efa,2022-12,Business Services,0.016504019666995984,-0.006372982983989585,0.8071689942325299
efa,2022-12,Consumer Cyclicals,0.08661530235884007,-0.031573822364949114,0.9014379987598583
efa,2022-12,Consumer Non-Cyclicals,0.11601005286589818,0.0017972433818643993,0.8850930652760493
efa,2022-12,Consumer Services,0.0175399752454496,0.00024120382262913736,0.8551487483756209
efa,2022-12,Energy,0.05803767289720001,-0.026558488417840382,0.907465858313784
efa,2022-12,Finance,0.2088831616010934,0.02738468380134979,0.7819582801316826
efa,2022-12,Healthcare,0.1304000850512995,0.004612173413400275,0.7643015239268627
efa,2022-12,Industrials,0.12629422795661077,-0.005486455392946648,0.8394268902122048
efa,2022-12,Non-Energy Materials,0.08415447227856403,-0.00019252833989265615,0.9106828849465753
efa,2022-12,Technology,0.09450430032854498,-0.045250153309806314,0.8454566527505744
efa,2022-12,Telecommunications,0.029873128429647452,4.697960345626516e-06,0.9266086671819571
efa,2022-12,Utilities,0.031183601319856036,0.016190897115617976,0.792910799620661
scz,2018-02,Business Services,0.04144064386182551,-0.02761738770136285,0.540911840741464
scz,2018-02,Consumer Cyclicals,0.07334778476816749,-0.042146976197792306,0.6290316927646648
scz,2018-02,Consumer Non-Cyclicals,0.0753186054064314,0.010934665574392181,0.6553802080066704
scz,2018-02,Consumer Services,0.053340823280217144,-0.03236840584981347,0.6970014827180171
scz,2018-02,Energy,0.021895261748136188,-0.07782084868853476,0.6710863798417598
scz,2018-02,Finance,0.2439254748029344,-0.04184658340799827,0.6601869405709914
scz,2018-02,Healthcare,0.06515254208396438,-0.044182536959637524,0.5749686783695439
scz,2018-02,Industrials,0.16959041280100737,-0.04597499844983491,0.6898838955773217
scz,2018-02,Non-Corporate,0.004552115231172767,-0.04084101798355645,0.32017471439753376
scz,2018-02,Non-Energy Materials,0.12868672050211877,-0.02493059724426062,0.6283857616109946
scz,2018-02,Technology,0.09517620491561816,-0.0018286003816932847,0.7483628550474108
scz,2018-02,Telecommunications,0.013074114242829424,-0.044329246153621216,0.6176895336723534
scz,2018-02,Utilities,0.014499296355577018,-0.06526543017645449,0.733330451493742
scz,2018-03,Business Services,0.041038411397375824,-0.022522499845657403,0.548554745274064
scz,2018-03,Consumer Cyclicals,0.07285764292303716,-0.024883554922121184,0.6270055379664156
scz,2018-03,Consumer Non-Cyclicals,0.07722009612773224,0.005244388549467471,0.6703504861517676
scz,2018-03,Consumer Services,0.05479742405576533,-0.0342435481689177,0.6956050074051064
scz,2018-03,Energy,0.02129308470527543,-0.025829802099537065,0.6595954147987775
scz,2018-03,Finance,0.24092679600744205,-0.004614605762885494,0.6539324063002723
scz,2018-03,Healthcare,0.06554956189174917,0.02521872607619138,0.567943598485798
scz,2018-03,Industrials,0.16927744456442154,-0.02865001395272862,0.6817337481956536
scz,2018-03,Non-Corporate,0.003088070108880447,-0.013719147278038106,0.46193384070009363
scz,2018-03,Non-Energy Materials,0.12822446130710502,-0.015258045674394686,0.6355921683705084
scz,2018-03,Technology,0.09860724818904688,-0.014318477938861138,0.7418945054248988
scz,2018-03,Telecommunications,0.012885350181095438,-0.05710073963953766,0.6163891770216882
scz,2018-03,Utilities,0.014234408541073485,0.06512309139528404,0.7213936107550815
scz,2018-04,Business Services,0.04152385754436216,0.0023389579244249984,0.5377717039574443
scz,2018-04,Consumer Cyclicals,0.07210087153970693,0.03320257769701528,0.6294775695045386
scz,2018-04,Consumer Non-Cyclicals,0.07616004503566604,0.03632727962134466,0.6884578090419925
scz,2018-04,Consumer Services,0.05134946779365103,0.02516953555485811,0.677082830529929
scz,2018-04,Energy,0.022122371395954025,0.10312288648779311,0.6537247368829943
scz,2018-04,Finance,0.2425473279484574,0.02158509048785118,0.6505125672199102
scz,2018-04,Healthcare,0.06808213375458882,0.013809619450736603,0.5672338556896841
scz,2018-04,Industrials,0.16811717527469447,0.01626235169988899,0.6792336381153175
scz,2018-04,Non-Corporate,0.003692183597536556,0.0683841379151854,0.38326088018365656
scz,2018-04,Non-Energy Materials,0.12726081517324062,0.012513634286253178,0.6333084210957117
scz,2018-04,Technology,0.09876037626324596,-0.029483706290992222,0.7454544457108483
scz,2018-04,Telecommunications,0.012951881248264522,0.021004810226307735,0.6145580423195243
scz,2018-04,Utilities,0.015331493430631452,0.047457225885418355,0.7379077559007776
scz,2018-05,Business Services,0.041803204298426426,-0.0244007427733573,0.5270022915721746
scz,2018-05,Consumer Cyclicals,0.07290983853654867,-0.021906226022938964,0.6337880744751543
scz,2018-05,Consumer Non-Cyclicals,0.07752436507770738,0.0024256890042045737,0.6978144043649867
scz,2018-05,Consumer Services,0.05268466342635084,-0.028544556791205485,0.6647291240489205
scz,2018-05,Energy,0.024060386808507424,0.0330103550256231,0.6526703701201576
scz,2018-05,Finance,0.24270214716256333,-0.029564081270431676,0.6513126206543489
scz,2018-05,Healthcare,0.06804758541488518,0.0015285022063294123,0.5778793902701184
scz,2018-05,Industrials,0.16501822186350848,-0.010083886647620128,0.6757371785697844
scz,2018-05,Non-Corporate,0.003781705990339883,-0.031204957489228007,0.3923201147321652
scz,2018-05,Non-Energy Materials,0.12684403972701608,0.011826057888060931,0.6305322708642362
scz,2018-05,Technology,0.09542413026271337,0.01258838348658765,0.7385601152819843
scz,2018-05,Telecommunications,0.013203374718361796,-0.04139819432064744,0.6063348124581773
scz,2018-05,Utilities,0.015996336713071137,-0.06036669180149346,0.7469410390472155
scz,2018-06,Business Services,0.04253662401809039,0.008810646746746989,0.5272286024803376
scz,2018-06,Consumer Cyclicals,0.07121381796019267,-0.04374462473357837,0.6454848470472512
scz,2018-06,Consumer Non-Cyclicals,0.07817702900785349,-0.011606172555766552,0.7016351906602393
scz,2018-06,Consumer Services,0.052261744848511246,-0.027377728828324125,0.6565262667967715
scz,2018-06,Energy,0.025074606009972505,0.007734024758868242,0.6766342587598705
scz,2018-06,Finance,0.2380543498174049,-0.01739063930729003,0.6457359149563244
scz,2018-06,Healthcare,0.06809075324032461,-0.005932032945804579,0.5888524531528395
scz,2018-06,Industrials,0.16466797949302836,-0.02960673383509795,0.6803605176438184
scz,2018-06,Non-Corporate,0.0037101677435634113,-0.022797050135117385,0.39315155697103804
scz,2018-06,Non-Energy Materials,0.12858154256380946,-0.0392204362404106,0.6399851023566552
scz,2018-06,Technology,0.09913018678803522,-0.03674406397705137,0.7326547829380453
scz,2018-06,Telecommunications,0.012980057563059236,0.0031647861659213463,0.6050752982973387
scz,2018-06,Utilities,0.015521140946154447,0.016610926733161967,0.7302660156456041
scz,2018-07,Business Services,0.03715278069459911,-0.002742799368528385,0.6339356688726672
scz,2018-07,Consumer Cyclicals,0.06827808432071893,-0.002435249137213191,0.6359522668253444
scz,2018-07,Consumer Non-Cyclicals,0.07853240010914869,-0.014927351395596356,0.6678495376590463
scz,2018-07,Consumer Services,0.05304803050401594,-0.0018367721601751795,0.652354269769778
scz,2018-07,Energy,0.026198290118888266,0.008282017030328688,0.6857170605638171
scz,2018-07,Finance,0.24059836442651092,0.026166270942640603,0.6429272844409143
scz,2018-07,Healthcare,0.06932898894616792,0.03929500139284869,0.6200959948558471
scz,2018-07,Industrials,0.16922350391420013,0.02249684726769721,0.6770203792698644
scz,2018-07,Non-Corporate,0.0037740933153012934,0.08432529038601493,0.4050645911284452
scz,2018-07,Non-Energy Materials,0.1229905034794048,0.014945942621625938,0.6228750834000824
scz,2018-07,Technology,0.10030403494648471,0.013863532206542314,0.7214681509894258
scz,2018-07,Telecommunications,0.014399161880112367,0.0537271412656093,0.6132214630832237
scz,2018-07,Utilities,0.016171763344446914,0.021267682368874708,0.7537287011410999
scz,2018-08,Business Services,0.03663681459010982,-0.004508603140950622,0.6426522068330621
scz,2018-08,Consumer Cyclicals,0.0674057602222283,-0.008813723871610663,0.6303890554396939
scz,2018-08,Consumer Non-Cyclicals,0.07597817795266285,-0.02520885877854721,0.667578395679996
scz,2018-08,Consumer Services,0.05187035739397466,-0.015900714480688482,0.6583300590604729
scz,2018-08,Energy,0.026221320744404652,-0.0005765054968736894,0.6894297227932815
scz,2018-08,Finance,0.24176910725916517,-0.011430094354604334,0.6523445334103276
scz,2018-08,Healthcare,0.07150857534509461,0.0023371450864691267,0.6188374374742026
scz,2018-08,Industrials,0.17125606810818728,-0.015247416491188107,0.6788733711599865
scz,2018-08,Non-Corporate,0.0038039242596910267,-0.051202959239263074,0.4251111468902204
scz,2018-08,Non-Energy Materials,0.12303816043291466,-0.018149666626340776,0.6203972787007157
scz,2018-08,Technology,0.09919073588730651,0.02539852287913615,0.7302733251908622
scz,2018-08,Telecommunications,0.015089575568097308,-0.02892952420847715,0.629353290256378
scz,2018-08,Utilities,0.016231422236163168,-0.039245347949163435,0.7516400980157206
scz,2018-09,Business Services,0.03639180802060704,-0.005297003895426291,0.6575952598558575
scz,2018-09,Consumer Cyclicals,0.06777446133685165,0.005382480562735722,0.6515734232684021
scz,2018-09,Consumer Non-Cyclicals,0.07523299097525454,0.02136101023613804,0.6800982711366496
scz,2018-09,Consumer Services,0.05167148378614054,-0.019365262736184292,0.6848547734420264
scz,2018-09,Energy,0.026097944503163256,0.05780200013891931,0.6961092465497309
scz,2018-09,Finance,0.2411678207858925,-0.00809956499862847,0.674195512238792
scz,2018-09,Healthcare,0.0725135090918775,-0.01446827293898653,0.6228277649193266
scz,2018-09,Industrials,0.17117380447406208,-0.0013950569113279135,0.6961635496132946
scz,2018-09,Non-Corporate,0.003810253424164336,-0.010938458019626259,0.40548534388360513
scz,2018-09,Non-Energy Materials,0.1204520255949489,0.005058542176332121,0.6475049762401557
scz,2018-09,Technology,0.10299546952078657,-0.044347563371243306,0.7355364497304058
scz,2018-09,Telecommunications,0.014893950443543701,-0.01198947600749791,0.6241106782040564
scz,2018-09,Utilities,0.015824478042707396,0.0006309772033464427,0.8251481692954096
scz,2018-10,Business Services,0.03634600679124878,-0.11378495453570067,0.660796989826949
scz,2018-10,Consumer Cyclicals,0.06781392739492723,-0.10672852922661277,0.6599102222813548
scz,2018-10,Consumer Non-Cyclicals,0.07732580522436502,-0.08006613117895726,0.6778121430634394
scz,2018-10,Consumer Services,0.05093419823936371,-0.08006679338633621,0.689053542203465
scz,2018-10,Energy,0.02790687949634693,-0.12800283563429946,0.705502488682653
scz,2018-10,Finance,0.24135846745271314,-0.07362474737802834,0.6739847034741249
scz,2018-10,Healthcare,0.07080838381593291,-0.0923251582496187,0.6362609702248596
scz,2018-10,Industrials,0.17341798486473953,-0.11566959424644466,0.6915118326375687
scz,2018-10,Non-Corporate,0.003736611659032613,-0.05434958928360657,0.41160453490540005
scz,2018-10,Non-Energy Materials,0.11926665835018414,-0.1266270238144225,0.6357816268393379
scz,2018-10,Technology,0.09978723968500088,-0.12019540115180043,0.7361430363105399
scz,2018-10,Telecommunications,0.015334426837406375,-0.050736836217098326,0.607436109936488
scz,2018-10,Utilities,0.015963410188738737,-0.07757316260754188,0.8251789183989682
scz,2018-11,Business Services,0.03573911253446527,-0.022698925618602758,0.6530033743799788
scz,2018-11,Consumer Cyclicals,0.06723656316828049,-0.024841429729159512,0.6564977694578846
scz,2018-11,Consumer Non-Cyclicals,0.07930282153872122,0.03008464929807568,0.6747365911812496
scz,2018-11,Consumer Services,0.05134481195520019,-0.00990564015900274,0.6993955752321324
scz,2018-11,Energy,0.027163809176424584,-0.14618828976121612,0.707081677311506
scz,2018-11,Finance,0.24658902800229424,0.00723197171328117,0.6751364185039275
scz,2018-11,Healthcare,0.0708498311463953,0.0037487242746597877,0.6388621351173047
scz,2018-11,Industrials,0.17000670383198724,-0.0062873324494819895,0.6908399049587927
scz,2018-11,Non-Corporate,0.004275943408779204,0.022330468768976448,0.37938561869685045
scz,2018-11,Non-Energy Materials,0.11697975716285856,-0.017618380577787748,0.6287089496346858
scz,2018-11,Technology,0.0978285447807642,-0.01252757282501233,0.7327377287762021
scz,2018-11,Telecommunications,0.0163157959494789,-0.01679310003549608,0.6095074765937243
scz,2018-11,Utilities,0.01636727734435062,0.02926887379466364,0.821945402719177
scz,2018-12,Business Services,0.03543640537969441,-0.08766521277993364,0.6528429067911173
scz,2018-12,Consumer Cyclicals,0.06675096765404444,-0.10175119018375473,0.6554266444617673
scz,2018-12,Consumer Non-Cyclicals,0.08152876172568806,-0.06595584183387382,0.6763112093141397
scz,2018-12,Consumer Services,0.05142811030446184,-0.04550772479820061,0.6939136939042753
scz,2018-12,Energy,0.023814671374107723,-0.10796533570793555,0.6944038036334442
scz,2018-12,Finance,0.25112815505589814,-0.0472139525556099,0.6738384166331732
scz,2018-12,Healthcare,0.07039912951229603,-0.06843435764372124,0.6372255089744298
scz,2018-12,Industrials,0.1708194560409206,-0.0773809047426991,0.6894211366713147
scz,2018-12,Non-Corporate,0.0009527753237817373,-0.01080864664776271,0.46843242699435245
scz,2018-12,Non-Energy Materials,0.1166636708177721,-0.07421659783425855,0.621859522396433
scz,2018-12,Technology,0.0967367838443239,-0.0797313497015338,0.7308123734868405
scz,2018-12,Telecommunications,0.01671400403931594,-0.04910859990418671,0.6072936810543108
scz,2018-12,Utilities,0.01762710892769506,0.013900069829845216,0.8269853603971664
scz,2019-01,Business Services,0.035582031403967096,0.08286021724770874,0.6512183042384108
scz,2019-01,Consumer Cyclicals,0.06727990345928855,0.09624965842085723,0.6432097041354653
scz,2019-01,Consumer Non-Cyclicals,0.07886168322803742,0.04185208782756553,0.6724472584638828
scz,2019-01,Consumer Services,0.05219999493208842,0.07757369712526953,0.6980213515394583
scz,2019-01,Energy,0.02406724576541252,0.16099208114518762,0.6947297610307326
scz,2019-01,Finance,0.25804735647406407,0.07604863656889332,0.679183440733718
scz,2019-01,Healthcare,0.07005445319530393,0.05967959154773939,0.6485164603542078
scz,2019-01,Industrials,0.1706301899786702,0.10480834245261691,0.7107373993133123
scz,2019-01,Non-Corporate,0.00047971823810796115,0.06558234857905765,1.0
scz,2019-01,Non-Energy Materials,0.11293330082593542,0.08662442831625515,0.5937324206144361
scz,2019-01,Technology,0.09328488548737919,0.11245121306294553,0.7313235567888509
scz,2019-01,Telecommunications,0.01716894393677064,0.03278971330994066,0.6024840864997535
scz,2019-01,Utilities,0.019410293074974612,0.057708584347453434,0.8344947012361296
scz,2019-02,Business Services,0.036048416373198826,0.0337883969570966,0.6506137956109925
scz,2019-02,Consumer Cyclicals,0.06768876471312396,0.020345149316420185,0.649411775574717
scz,2019-02,Consumer Non-Cyclicals,0.07558676652381736,0.012249670078261589,0.6645121893222778
scz,2019-02,Consumer Services,0.052267228052715525,0.03493521038651498,0.7269591650672771
scz,2019-02,Energy,0.02588345164740178,0.044884065919854596,0.6957300749167924
scz,2019-02,Finance,0.2565249268500313,0.009678786115425884,0.6774019602983655
scz,2019-02,Healthcare,0.06950528972248152,0.008385904902519798,0.6422475385163908
scz,2019-02,Industrials,0.1717073679903238,0.030307586190088127,0.7190877346835024
scz,2019-02,Non-Corporate,0.00046986583836226234,0.01410151352465605,1.0
scz,2019-02,Non-Energy Materials,0.11232526864504873,0.018700407995205316,0.5930494834182282
scz,2019-02,Technology,0.09642662103012521,0.05930116189453348,0.7280708894516537
scz,2019-02,Telecommunications,0.016500098089538714,-0.024872820873344206,0.5953470036470823
scz,2019-02,Utilities,0.01906593452383101,-0.006501377375366874,0.8263901281790055
scz,2019-03,Business Services,0.03705032235771475,-0.0028565719150944464,0.6394289892214211
scz,2019-03,Consumer Cyclicals,0.06757506248120745,-0.014687408809653728,0.6602299401444521
scz,2019-03,Consumer Non-Cyclicals,0.0755466778382622,0.010281176230108055,0.6623870111202894
scz,2019-03,Consumer Services,0.053116745200862465,-0.009875068057566898,0.7385261041975675
scz,2019-03,Energy,0.025608669001136806,-0.005457313330305984,0.7066376922815856
scz,2019-03,Finance,0.25539620936294716,0.006553190256788456,0.68233506259831
scz,2019-03,Healthcare,0.06923339710203628,0.02316084091227715,0.6462850285138032
scz,2019-03,Industrials,0.17224101535153055,0.0012562077252738825,0.7218638600482458
scz,2019-03,Non-Corporate,0.0004652905627591322,-0.023263281604805838,1.0
scz,2019-03,Non-Energy Materials,0.11088086523621536,-0.019128157050948048,0.6077174060934322
scz,2019-03,Technology,0.09859810212627243,0.017788350929843492,0.7268505869789055
scz,2019-03,Telecommunications,0.01565429600596073,0.10229245701493699,0.5764456943797067
scz,2019-03,Utilities,0.0186333473730947,0.002572040113728055,0.8350936259325897
scz,2019-04,Business Services,0.03754709850626323,0.07113698701339367,0.6335967180860709
scz,2019-04,Consumer Cyclicals,0.06378786165414375,0.03256212910138308,0.6876621298053454
scz,2019-04,Consumer Non-Cyclicals,0.07661318670458286,0.0004477736280609777,0.6607924002867834
scz,2019-04,Consumer Services,0.053264863468188324,0.01848998033082954,0.7294288386672992
scz,2019-04,Energy,0.025672510900294276,0.006021545778483086,0.7046558076077518
scz,2019-04,Finance,0.25659096412180615,0.01878114044657274,0.6834046159304478
scz,2019-04,Healthcare,0.07122827080108227,-0.0037468510054382894,0.6456718463667845
scz,2019-04,Industrials,0.17107506349736315,0.04745390968861954,0.728861987350349
scz,2019-04,Non-Corporate,0.0004719805212440475,0.03079841426759722,1.0
scz,2019-04,Non-Energy Materials,0.10826424100589534,0.0344432754812476,0.6063939013476731
scz,2019-04,Technology,0.09938740307786383,0.06424918145919736,0.7291781683470155
scz,2019-04,Telecommunications,0.01731478207381126,0.03104264876089503,0.6122834154875434
scz,2019-04,Utilities,0.018781773667461525,-0.035369075844353164,0.8361582210892161
scz,2019-05,Business Services,0.03920149966493354,-0.06641475678962594,0.6366126335029691
scz,2019-05,Consumer Cyclicals,0.06529080267035224,-0.0793515405060143,0.6857289487772487
scz,2019-05,Consumer Non-Cyclicals,0.07439177847000324,-0.04469582673840378,0.661366116958017
scz,2019-05,Consumer Services,0.0521973385913586,-0.05308298259121179,0.7393299431038964
scz,2019-05,Energy,0.025741404041847098,-0.09393794529999216,0.6928989218510188
scz,2019-05,Finance,0.252870242897374,-0.021968993919347344,0.6861658256253387
scz,2019-05,Healthcare,0.07052388217985385,-0.022388636659572553,0.6375241357785365
scz,2019-05,Industrials,0.17432796742444864,-0.07943213359775138,0.7299383369739816
scz,2019-05,Non-Corporate,0.00047716473426532023,0.002771902982659169,1.0
scz,2019-05,Non-Energy Materials,0.10815170893017731,-0.09048867100076458,0.611820815049424
scz,2019-05,Technology,0.10184685885490731,-0.05274145198541226,0.7264296839620871
scz,2019-05,Telecommunications,0.01741067365154767,0.00043915963757795766,0.612599166572877
scz,2019-05,Utilities,0.017568677888931232,0.005875207261247467,0.8396468466096526
scz,2019-06,Business Services,0.03807094560813784,0.037453143496093966,0.6134277658067819
scz,2019-06,Consumer Cyclicals,0.06642610988041585,0.030283463746953444,0.6963313784876544
scz,2019-06,Consumer Non-Cyclicals,0.07621609680572744,0.006121028281361704,0.6506360424484021
scz,2019-06,Consumer Services,0.05420259542232348,0.01515072456900554,0.7483037565518041
scz,2019-06,Energy,0.025068323801045275,0.06668169067223799,0.7003344670968128
scz,2019-06,Finance,0.26150216452704395,0.028580061324754873,0.6877333455358762
scz,2019-06,Healthcare,0.07254405005108783,0.050188756586342566,0.6534781689891279
scz,2019-06,Industrials,0.16306027454130304,0.062353520470940706,0.7315368141941617
scz,2019-06,Non-Corporate,0.0005114522701027098,-0.008718927817888522,1.0
scz,2019-06,Non-Energy Materials,0.10799483813196151,0.0694520378697574,0.6076351261624692
scz,2019-06,Technology,0.09956457302993876,0.05558628921356393,0.7380212795866558
scz,2019-06,Telecommunications,0.015768862249646375,0.020567589886647263,0.4866612455649199
scz,2019-06,Utilities,0.019069713681265945,0.056323843200126025,0.8351616904439761
scz,2019-07,Business Services,0.03847253374914619,-0.003960003280570043,0.6063449746789844
scz,2019-07,Consumer Cyclicals,0.06562579110394294,-0.01937162874194374,0.7079407974197575
scz,2019-07,Consumer Non-Cyclicals,0.07294578681997449,0.004534264490741175,0.6487170070897241
scz,2019-07,Consumer Services,0.0526233697491355,-0.005647469885671398,0.744344461380457
scz,2019-07,Energy,0.025802347082861905,-0.005926141019219284,0.6999683382078675
scz,2019-07,Finance,0.2569204732277044,0.00012001424185359017,0.6860622690795483
scz,2019-07,Healthcare,0.07189995871378238,0.03807554939304018,0.664181330833549
scz,2019-07,Industrials,0.1680744850412009,-0.03198074152171011,0.7331601170349539
scz,2019-07,Non-Corporate,0.0004914396593937118,-0.03614632902952952,1.0
scz,2019-07,Non-Energy Materials,0.11064604170567174,-0.03856226076500974,0.6021227095244335
scz,2019-07,Technology,0.10107935052874903,0.028699187030125577,0.7354998817816684
scz,2019-07,Telecommunications,0.016124545430562368,-0.03621032010356587,0.5087518647413021
scz,2019-07,Utilities,0.01929387718787443,-0.012351618773463942,0.8303737925268173
scz,2019-08,Business Services,0.03905449697450396,-0.02708492221457399,0.602222131948679
scz,2019-08,Consumer Cyclicals,0.06513049625209763,-0.026749150186315174,0.707192605099155
scz,2019-08,Consumer Non-Cyclicals,0.07285723736612189,-0.007989997253107249,0.6553814174717477
scz,2019-08,Consumer Services,0.05342796791364718,0.0007563541499458074,0.7354025082812985
scz,2019-08,Energy,0.025476163809462743,-0.06902534919354474,0.7376213987825849
scz,2019-08,Finance,0.25664956658148225,0.0024441226699279234,0.6866903273988104
scz,2019-08,Healthcare,0.07427820684419964,-0.014915560465176064,0.6719318772144874
scz,2019-08,Industrials,0.16412266197393438,-0.03172512902305787,0.7314991777784823
scz,2019-08,Non-Corporate,0.00047759057852924834,0.004410754165819597,1.0
scz,2019-08,Non-Energy Materials,0.1088476340685067,-0.045419966076592336,0.5939098329422398
scz,2019-08,Technology,0.10444103969716578,-0.02449111821483652,0.7319028655554275
scz,2019-08,Telecommunications,0.016003580035813657,-0.04321979979008429,0.4989567399375925
scz,2019-08,Utilities,0.019233357904534936,0.011335876747224333,0.8223717532947153
scz,2019-09,Business Services,0.03921012239850854,0.0387154667248277,0.6067904794655853
scz,2019-09,Consumer Cyclicals,0.06515000913156016,0.061811996065636386,0.7060500207825856
scz,2019-09,Consumer Non-Cyclicals,0.07410386360314557,0.020272043447898253,0.6605716610766562
scz,2019-09,Consumer Services,0.05514019259491927,0.016547352038536498,0.7484898023562374
scz,2019-09,Energy,0.02466557828879938,0.01877286279220572,0.7270080430909087
scz,2019-09,Finance,0.25980925498213336,0.03528767306316405,0.7005012324358343
scz,2019-09,Healthcare,0.07347213431199345,-0.009545547270348202,0.6904692184910464
scz,2019-09,Industrials,0.1608913391810047,0.036260733738962644,0.7275634431092827
scz,2019-09,Non-Corporate,0.0004826984075357314,-0.024952645313216726,1.0
scz,2019-09,Non-Energy Materials,0.10577792350233678,0.029612024956071178,0.5965913993985407
scz,2019-09,Technology,0.10520895683397202,0.01754420173135691,0.7357712543514167
scz,2019-09,Telecommunications,0.015980278011868552,0.019818817314671017,0.49130821556733584
scz,2019-09,Utilities,0.02010764875222245,0.04233390544512344,0.8176394879551719
scz,2019-10,Business Services,0.03893120579428442,0.0571033659701283,0.6175176564021804
scz,2019-10,Consumer Cyclicals,0.06779455716546828,0.04902791112667781,0.7086250731770092
scz,2019-10,Consumer Non-Cyclicals,0.07384115674991609,0.018466585630993286,0.6525402552517986
scz,2019-10,Consumer Services,0.054804300761431786,0.03979373476484563,0.7486216725039053
scz,2019-10,Energy,0.024537452076697934,0.01854636655439999,0.7214201766646839
scz,2019-10,Finance,0.2616545817957923,0.030830730113152013,0.6975421848207671
scz,2019-10,Healthcare,0.07033801316718398,0.03286730527796675,0.6935189221236753
scz,2019-10,Industrials,0.16157011272334335,0.052525381963288154,0.7312301431688559
scz,2019-10,Non-Corporate,0.00042804437029277147,0.0857830522943963,1.0
scz,2019-10,Non-Energy Materials,0.10519349722527419,0.05557721645308474,0.600361653701217
scz,2019-10,Technology,0.10487660765088176,0.05966669611020661,0.735157741030686
scz,2019-10,Telecommunications,0.015717409142617114,0.03429456586789536,0.4946469732263239
scz,2019-10,Utilities,0.020313061376816013,0.0295060200895834,0.8365992705933359
scz,2019-11,Business Services,0.03906688501872132,0.03212105395807711,0.6287768518638479
scz,2019-11,Consumer Cyclicals,0.06846937146443587,0.029175670427710933,0.7073596177975295
scz,2019-11,Consumer Non-Cyclicals,0.07323338248634746,0.024766090192867136,0.6461733076581138
scz,2019-11,Consumer Services,0.053916268706435906,0.029512995286728662,0.7362072013303973
scz,2019-11,Energy,0.023896121293595734,0.014170918914144643,0.7251547139887045
scz,2019-11,Finance,0.26097285179030216,0.014651083583707689,0.6989686643428361
scz,2019-11,Healthcare,0.07014567364765438,0.04169752150283195,0.6903089029316536
scz,2019-11,Industrials,0.16263775962027785,0.026511605731171346,0.7338503716402497
scz,2019-11,Non-Corporate,0.00044559507481762754,0.0032537564347014936,1.0
scz,2019-11,Non-Energy Materials,0.10600265126040764,0.016622992447201713,0.6064218508336301
scz,2019-11,Technology,0.1062509139704827,0.04323984205184924,0.7367609465128425
scz,2019-11,Telecommunications,0.014792290937442826,0.038139568485667484,0.5278971821783538
scz,2019-11,Utilities,0.020170234729078543,0.0036051336365515657,0.8426533659496103
scz,2019-12,Business Services,0.039438874905088246,0.046968859670526934,0.6260088978668428
scz,2019-12,Consumer Cyclicals,0.06771211118474417,0.055599473764222716,0.7274470680430123
scz,2019-12,Consumer Non-Cyclicals,0.0731370860162124,0.02309969728574,0.6516174697236142
scz,2019-12,Consumer Services,0.055420798525333596,0.03757558545666755,0.7451332823954997
scz,2019-12,Energy,0.023940398794556523,0.08120718481964191,0.7559591511589897
scz,2019-12,Finance,0.2628595864778247,0.03754609056500282,0.7056926310224007
scz,2019-12,Healthcare,0.06826610234960855,0.03458355562457133,0.6671081820222815
scz,2019-12,Industrials,0.1653406856626045,0.04835945137045837,0.7333267873726286
scz,2019-12,Non-Corporate,0.00043037574390056803,0.017952535423629845,1.0
scz,2019-12,Non-Energy Materials,0.10740634083020652,0.05287779489655085,0.6104940904972342
scz,2019-12,Technology,0.10454357684661848,0.037078170485159864,0.7171182503575045
scz,2019-12,Telecommunications,0.012296235706234133,0.017800512316071958,0.5559504659452652
scz,2019-12,Utilities,0.01920782695706765,0.04202208847914668,0.8368332353928499
scz,2020-01,Business Services,0.03965366566626435,-0.044307181807745344,0.6304480673067986
scz,2020-01,Consumer Cyclicals,0.0679747973892007,-0.05253207255258356,0.7316977769655661
scz,2020-01,Consumer Non-Cyclicals,0.07184192802853791,-0.034812909202161735,0.6507096410887281
scz,2020-01,Consumer Services,0.05403720461288981,-0.06541812808439171,0.7403598560117053
scz,2020-01,Energy,0.024172060999226006,-0.11982187338443204,0.7792681821764892
scz,2020-01,Finance,0.2622757274183808,-0.002945323799684513,0.707559320588131
scz,2020-01,Healthcare,0.0684520761246805,-0.021533250525630678,0.662948103738709
scz,2020-01,Industrials,0.16622929049648583,-0.03686391993020915,0.7316711042792112
scz,2020-01,Non-Corporate,0.0004238676828537407,0.0029779860352225906,1.0
scz,2020-01,Non-Energy Materials,0.1088958455822494,-0.051575680486053696,0.610568867782841
scz,2020-01,Technology,0.10483795174497967,-0.00839445633396219,0.7159469016584298
scz,2020-01,Telecommunications,0.011882362155083303,-0.009021368364709029,0.5604014116598128
scz,2020-01,Utilities,0.019323222099167935,0.05507644985886119,0.8329986021212198
scz,2020-02,Business Services,0.037785454936369714,-0.12868996290344603,0.6542976512048025
scz,2020-02,Consumer Cyclicals,0.06663142904601593,-0.10542222998460016,0.7379803511180393
scz,2020-02,Consumer Non-Cyclicals,0.07165958485379498,-0.08637281684250879,0.6517398797464602
scz,2020-02,Consumer Services,0.05231731571483231,-0.12787826678757158,0.7388690443686301
scz,2020-02,Energy,0.021998059902696345,-0.14976786344159385,0.7744754023195507
scz,2020-02,Finance,0.26910050270929164,-0.07178518929659243,0.7101617820752274
scz,2020-02,Healthcare,0.06930324032508489,-0.08003965139594843,0.6621371610718249
scz,2020-02,Industrials,0.16338614115591674,-0.10128678746112695,0.7266175511511793
scz,2020-02,Non-Corporate,0.00044329123032881197,0.022496506285794693,1.0
scz,2020-02,Non-Energy Materials,0.10781510839759227,-0.10291938913871064,0.6058066795243138
scz,2020-02,Technology,0.10626481024226461,-0.09231870588924593,0.7238245500721872
scz,2020-02,Telecommunications,0.01221052248195041,-0.05620583664594887,0.5574878148728222
scz,2020-02,Utilities,0.02108453900386138,-0.0817470607104474,0.8296342171457372
scz,2020-03,Business Services,0.037004907183341644,-0.29414496244862287,0.6442002355554022
scz,2020-03,Consumer Cyclicals,0.06680426650627526,-0.2654259269937398,0.7391205051540294
scz,2020-03,Consumer Non-Cyclicals,0.07277696193280143,-0.031937552434704995,0.6564176718916742
scz,2020-03,Consumer Services,0.046499041280593276,-0.2430352846203874,0.7705884848163118
scz,2020-03,Energy,0.020528002921802967,-0.33104712353368515,0.7836381917840264
scz,2020-03,Finance,0.2736146526460872,-0.2140002373843803,0.7090998419483814
scz,2020-03,Healthcare,0.07063807201394946,-0.07722022713022045,0.661588682726453
scz,2020-03,Industrials,0.16186228361703703,-0.18732546822244386,0.7346718083724577
scz,2020-03,Non-Corporate,0.0005042135490588552,-0.2108256847220481,1.0
scz,2020-03,Non-Energy Materials,0.10859604523914536,-0.13611462499133994,0.6046176029491067
scz,2020-03,Technology,0.10670799874253932,-0.12507751111821988,0.7086808326453301
scz,2020-03,Telecommunications,0.012789561816832926,-0.09218765128733092,0.5544141730669194
scz,2020-03,Utilities,0.0216739925505353,-0.125704474628815,0.8186574793043391
scz,2020-04,Business Services,0.032700137530320646,0.15630203485068286,0.6206145444837354
scz,2020-04,Consumer Cyclicals,0.06025127820494387,0.1454093266431797,0.7238428368987229
scz,2020-04,Consumer Non-Cyclicals,0.08568647954039105,0.06362486757187917,0.6577950802220256
scz,2020-04,Consumer Services,0.04246193011222146,0.13477630967412632,0.7583108642142501
scz,2020-04,Energy,0.016509621614357966,0.15509797608759324,0.7850280150071096
scz,2020-04,Finance,0.25933892105936396,0.058192913883549996,0.7182851722132095
scz,2020-04,Healthcare,0.0812266337693017,0.118736875637142,0.6441645487320303
scz,2020-04,Industrials,0.15965763024293972,0.10682513728588679,0.7275479099151686
scz,2020-04,Non-Corporate,0.0005109021971454082,-0.13882066616959376,1.0
scz,2020-04,Non-Energy Materials,0.1118548022186104,0.1015211226951803,0.6184502685031851
scz,2020-04,Technology,0.11305634797664421,0.1295178107799378,0.6949516898956077
scz,2020-04,Telecommunications,0.013735677568451635,0.05863378698775895,0.5658080268037378
scz,2020-04,Utilities,0.023009637965308014,0.058031108449224406,0.8173152164090984
scz,2020-05,Business Services,0.033190093481268224,0.07072264228868592,0.6511454933491296
scz,2020-05,Consumer Cyclicals,0.06262365064206037,0.08481027822657672,0.731772361312164
scz,2020-05,Consumer Non-Cyclicals,0.0832262396911035,0.0746704359269024,0.6547813200887233
scz,2020-05,Consumer Services,0.04421413253839761,0.11166631291405936,0.7517649523630957
scz,2020-05,Energy,0.017194473475364576,-0.0208547922524881,0.7822462718180608
scz,2020-05,Finance,0.2494523494402559,0.05203192566156539,0.7167500623548311
scz,2020-05,Healthcare,0.08270657318218297,0.10542505082559346,0.642766180074277
scz,2020-05,Industrials,0.15936968326229953,0.0663118237528033,0.7341618874292976
scz,2020-05,Non-Corporate,0.0004185896880390583,0.1432748373393411,1.0
scz,2020-05,Non-Energy Materials,0.11471417117060413,0.06661378740386822,0.6039403256682951
scz,2020-05,Technology,0.11721564147107841,0.11473725403834803,0.6864881219825231
scz,2020-05,Telecommunications,0.013336238178688294,0.039862635564168,0.5585405070394243
scz,2020-05,Utilities,0.022338163778657428,0.057379320011396714,0.8099276815059
scz,2020-06,Business Services,0.03349613451725971,0.009713776767217838,0.6399519106752473
scz,2020-06,Consumer Cyclicals,0.06325083668021698,0.02367250141417386,0.7252195705597811
scz,2020-06,Consumer Non-Cyclicals,0.0827564841717839,0.03032482921832717,0.660522027818507
scz,2020-06,Consumer Services,0.04607227651316997,-0.026130123873321823,0.7506131045293383
scz,2020-06,Energy,0.015588246134509105,-0.011980024065768117,0.781708187777524
scz,2020-06,Finance,0.2449744714557332,0.018744795227140558,0.716608483519488
scz,2020-06,Healthcare,0.08418997741823854,-0.006491210549198541,0.6492745034896006
scz,2020-06,Industrials,0.15809114951877962,0.018683120302373762,0.7364481423644753
scz,2020-06,Non-Corporate,0.00043582520250238106,0.07257791135273872,1.0
scz,2020-06,Non-Energy Materials,0.1151262390064738,0.0017322813142977653,0.5982707938059487
scz,2020-06,Technology,0.12134612467370344,0.027806804057449435,0.6917007253002287
scz,2020-06,Telecommunications,0.012560125146108948,0.03952513951381041,0.5713864343456083
scz,2020-06,Utilities,0.02211210956152041,0.02934421651917898,0.8089788156862794
scz,2020-07,Business Services,0.03799223237532969,0.026132150157671365,0.6646149596123269
scz,2020-07,Consumer Cyclicals,0.06715071115343252,0.004566761441162901,0.7279957768437482
scz,2020-07,Consumer Non-Cyclicals,0.08624613271215224,0.04572761992327472,0.6723176647138441
scz,2020-07,Consumer Services,0.044599219344027746,-0.057396794156215576,0.7360896518584362
scz,2020-07,Energy,0.01491774024239414,0.020648785285930022,0.77521816974998
scz,2020-07,Finance,0.24173488403628554,0.046018757809612044,0.6950664839492156
scz,2020-07,Healthcare,0.07837398265512367,0.043316781763699054,0.6307037421711923
scz,2020-07,Industrials,0.16636774388529493,0.04615931310333916,0.7321441412611864
scz,2020-07,Non-Corporate,0.0004796166841425866,0.0947700138805363,1.0
scz,2020-07,Non-Energy Materials,0.11297539735502297,0.03525265978302682,0.6150810946615246
scz,2020-07,Technology,0.1129593450045537,0.06919959587559832,0.7096962728341748
scz,2020-07,Telecommunications,0.013332705712852,0.06313752247073429,0.6339524622038154
scz,2020-07,Utilities,0.02287028883938827,0.07129520893178552,0.885552860107543
scz,2020-08,Business Services,0.03760139735864422,0.06915481020053608,0.6655965998182914
scz,2020-08,Consumer Cyclicals,0.06524628305713712,0.12688095597082644,0.7278009849279792
scz,2020-08,Consumer Non-Cyclicals,0.0864590771423822,0.056767764979798,0.6739629467559083
scz,2020-08,Consumer Services,0.04084808974241873,0.16724218585137185,0.730980234928316
scz,2020-08,Energy,0.014647251392755703,0.04641583046720981,0.781586131164712
scz,2020-08,Finance,0.24203098694091219,0.05344123633234635,0.7003679496372608
scz,2020-08,Healthcare,0.07915654807371195,0.05113466599537815,0.6301487412862464
scz,2020-08,Industrials,0.16670860392667206,0.072876402146689,0.7372839737376559
scz,2020-08,Non-Corporate,0.0005058075458261628,0.15666552399657196,1.0
scz,2020-08,Non-Energy Materials,0.1137942649946651,0.06961185168876947,0.6096731012655592
scz,2020-08,Technology,0.11602850095687076,0.06588408822786314,0.7123179495495153
scz,2020-08,Telecommunications,0.013530284815663093,0.09801927229840639,0.645901356322353
scz,2020-08,Utilities,0.023442904052340736,0.023188289853388992,0.8868837130133749
scz,2020-09,Business Services,0.038125047176780884,0.017198059198333056,0.6555059919487979
scz,2020-09,Consumer Cyclicals,0.06858780732778946,0.01754935872827324,0.7313135965981272
scz,2020-09,Consumer Non-Cyclicals,0.08596036430171139,0.010565522605978686,0.6700947214924619
scz,2020-09,Consumer Services,0.045649549525154653,-0.01666130983032422,0.7394467917838405
scz,2020-09,Energy,0.014206801570495878,-0.09206428292217951,0.7875831773610891
scz,2020-09,Finance,0.23686795286982776,-0.02454640262280798,0.6978677925849037
scz,2020-09,Healthcare,0.0775815740096619,0.017493283579604092,0.6296611128038759
scz,2020-09,Industrials,0.1675532046809348,-0.011689963610398481,0.7361359368901694
scz,2020-09,Non-Corporate,0.0005429487218627727,-0.03215999507057654,1.0
scz,2020-09,Non-Energy Materials,0.11363255729361209,0.004738818145970854,0.6110947522160347
scz,2020-09,Technology,0.11513281888026256,0.013378187776082618,0.7154094076617784
scz,2020-09,Telecommunications,0.013564725565777525,0.0020027781809143614,0.6614500363980302
scz,2020-09,Utilities,0.022594648076128345,-0.020354494245187926,0.8700345707269662
scz,2020-10,Business Services,0.03887512533642697,-0.03835458450279776,0.6607332238680482
scz,2020-10,Consumer Cyclicals,0.07042339288331874,-0.019674583640968607,0.7361556189072755
scz,2020-10,Consumer Non-Cyclicals,0.08791676950799414,-0.043465923231465815,0.689888413450076
scz,2020-10,Consumer Services,0.04573524165943852,-0.033231009424944065,0.7303929378078401
scz,2020-10,Energy,0.013243968252018916,-0.06101443654505047,0.7933371561720253
scz,2020-10,Finance,0.23344016003794663,-0.03382393655294972,0.6992683804829563
scz,2020-10,Healthcare,0.07454881201507443,-0.06361227684423226,0.6169522715452209
scz,2020-10,Industrials,0.1678693733469096,-0.028211811262699036,0.7376142088927693
scz,2020-10,Non-Corporate,0.0005440346443315667,0.03366287858026196,1.0
scz,2020-10,Non-Energy Materials,0.11486385990451004,-0.006327607807687506,0.6153526874764566
scz,2020-10,Technology,0.11709057918773738,-0.02727587336933066,0.7101687546591129
scz,2020-10,Telecommunications,0.012939714273769009,-0.020581116164384596,0.6418427171721859
scz,2020-10,Utilities,0.022508968950524073,-0.02982194560960169,0.8680684639359687
scz,2020-11,Business Services,0.03856292310771456,0.18265388371156016,0.6601498357955169
scz,2020-11,Consumer Cyclicals,0.06980678214513046,0.12889218408291975,0.7388296029150088
scz,2020-11,Consumer Non-Cyclicals,0.0872005959376403,0.09568769530429905,0.6756292911822938
scz,2020-11,Consumer Services,0.045922522331088594,0.22033444924054968,0.7272811230014685
scz,2020-11,Energy,0.012714700674432797,0.292387191658993,0.8018296733391455
scz,2020-11,Finance,0.23386580933670215,0.13425864675588844,0.7073832083801213
scz,2020-11,Healthcare,0.07309794108497136,0.09630124064047624,0.6346107696988734
scz,2020-11,Industrials,0.16774719878027675,0.16644531037399804,0.7371715404739007
scz,2020-11,Non-Corporate,0.0005797647108077958,0.04043168301559397,1.0
scz,2020-11,Non-Energy Materials,0.11715619575446419,0.13757393849693658,0.6229731241619355
scz,2020-11,Technology,0.11768418725344736,0.13419891998650105,0.7142748892081392
scz,2020-11,Telecommunications,0.013016835206192044,0.10720736028408846,0.5087082970425143
scz,2020-11,Utilities,0.022644543677131663,0.098569989721569,0.8704295407937718
scz,2020-12,Business Services,0.040680101266588976,0.04819097885613084,0.6589764922253188
scz,2020-12,Consumer Cyclicals,0.06934248974727324,0.08061891394705639,0.7381867820327196
scz,2020-12,Consumer Non-Cyclicals,0.08340577209494585,0.048955414232877976,0.682292067279243
scz,2020-12,Consumer Services,0.04816640107495977,0.06290944715497847,0.7360533749211184
scz,2020-12,Energy,0.01461037669953796,0.07717529695863963,0.7968281835955938
scz,2020-12,Finance,0.2345244264476233,0.05854294387222937,0.6993425349804839
scz,2020-12,Healthcare,0.06942274388918195,0.05840581207953571,0.645728182415339
scz,2020-12,Industrials,0.17221781030168726,0.09202567516898089,0.7385853938234939
scz,2020-12,Non-Corporate,0.0005332903779068552,0.013071733652292084,1.0
scz,2020-12,Non-Energy Materials,0.11625146138409914,0.08893095683029172,0.6283964292669808
scz,2020-12,Technology,0.11714295982613518,0.07118119460787231,0.7191018726600018
scz,2020-12,Telecommunications,0.011089167544929779,0.002755219032540224,0.582412696954201
scz,2020-12,Utilities,0.02261299934513074,0.07465138269796921,0.8481852877244632
scz,2021-01,Business Services,0.040601149338874966,-0.015060673943319464,0.6451172792353294
scz,2021-01,Consumer Cyclicals,0.07135465969874201,-0.01676429445551918,0.7488652675549496
scz,2021-01,Consumer Non-Cyclicals,0.07542802615489481,0.012285794265445567,0.650190354041058
scz,2021-01,Consumer Services,0.04792704370496263,0.00581984601740879,0.7387102867469983
scz,2021-01,Energy,0.014578117032610957,-0.06930611617997931,0.7768338232787168
scz,2021-01,Finance,0.23652149811823114,-0.013605268933928976,0.6980014498016486
scz,2021-01,Healthcare,0.06862302620765512,0.0046327949650617475,0.6424269100729006
scz,2021-01,Industrials,0.1760166009176804,-0.007068721634704714,0.7386221701609004
scz,2021-01,Non-Corporate,0.0004660119913027621,0.009241613943341553,1.0
scz,2021-01,Non-Energy Materials,0.119924781561093,0.007661136331571153,0.6375682846900508
scz,2021-01,Technology,0.11296115077955543,0.004192900098800601,0.701897952818891
scz,2021-01,Telecommunications,0.01101756623141551,-0.003918791729592535,0.5607505375482469
scz,2021-01,Utilities,0.02458036826298127,-0.012685006098460488,0.8000614706895709
scz,2021-02,Business Services,0.039721491753078375,0.016798388227314803,0.6554606126653214
scz,2021-02,Consumer Cyclicals,0.07108587637665963,0.04009819837865423,0.7433373775631882
scz,2021-02,Consumer Non-Cyclicals,0.07638075023709076,0.010752210612685735,0.6544773960363122
scz,2021-02,Consumer Services,0.04842898506165909,0.0985056311136331,0.7434372572800519
scz,2021-02,Energy,0.01392209411793264,0.07763041750835314,0.7666458693754474
scz,2021-02,Finance,0.2334065873636009,0.04035116804319664,0.6981260286494226
scz,2021-02,Healthcare,0.07014102056575644,-0.029126845648504388,0.6375858070444201
scz,2021-02,Industrials,0.17599128902523128,0.04062485610307044,0.7361508040834754
scz,2021-02,Non-Corporate,0.0004757284409200129,0.020629751214500835,1.0
scz,2021-02,Non-Energy Materials,0.1203728232229406,0.031434678431783956,0.6434854497442595
scz,2021-02,Technology,0.11491219166023726,0.02154012428931505,0.6989868267465043
scz,2021-02,Telecommunications,0.011042098347082039,-0.007101247254721303,0.5638430530293759
scz,2021-02,Utilities,0.024119063827810983,-0.034090546412747655,0.8202530240063767
scz,2021-03,Business Services,0.040186701471063145,0.008179327493616615,0.6556081356931998
scz,2021-03,Consumer Cyclicals,0.07123746907785185,0.04820842008224071,0.7505775964757848
scz,2021-03,Consumer Non-Cyclicals,0.07577041877088232,0.01525124850455122,0.6483097749701349
scz,2021-03,Consumer Services,0.05215318037050673,-0.010706695126114378,0.7664447491279427
scz,2021-03,Energy,0.014518874844016271,-0.00959933571646134,0.7675282218259798
scz,2021-03,Finance,0.23631949264594046,0.017162412980329406,0.69463727629212
scz,2021-03,Healthcare,0.06573374554418077,-0.013764631613529107,0.6305018298056326
scz,2021-03,Industrials,0.1778837269561591,0.03540080881665046,0.7399611940043612
scz,2021-03,Non-Corporate,0.0004708702235339403,-0.020923804386242195,1.0
scz,2021-03,Non-Energy Materials,0.12036447909609377,0.030045015087929,0.6443861172478651
scz,2021-03,Technology,0.11243049795655456,-0.0040939806785935205,0.7011820908728029
scz,2021-03,Telecommunications,0.010773676494968918,0.01749807670924495,0.548135053852401
scz,2021-03,Utilities,0.022156866548248177,0.04754394623970548,0.8107755665380357
scz,2021-04,Business Services,0.04078611826875002,0.036569951334857353,0.641200141872117
scz,2021-04,Consumer Cyclicals,0.07359771519027815,0.04434763407677728,0.753060432464397
scz,2021-04,Consumer Non-Cyclicals,0.0762208418020929,0.009295967251706385,0.6504881720110078
scz,2021-04,Consumer Services,0.05156092253077582,0.042691486147239374,0.7648330714324936
scz,2021-04,Energy,0.014207401280197717,-0.01675560567190696,0.7632362100286082
scz,2021-04,Finance,0.23665720257107656,0.058365069086269095,0.6966223369011353
scz,2021-04,Healthcare,0.0647736800939526,0.08435064553755175,0.6248338184528146
scz,2021-04,Industrials,0.1810759896074084,0.046879956509271105,0.7415795558779171
scz,2021-04,Non-Energy Materials,0.1217353309433762,0.04928589812899893,0.6479783918582175
scz,2021-04,Technology,0.10592842780650148,0.054228493998404695,0.689798320803451
scz,2021-04,Telecommunications,0.010550711722711836,0.023950837405927853,0.5309960941755056
scz,2021-04,Utilities,0.022905658182878322,0.04064100713017013,0.8130304360640995
scz,2021-05,Business Services,0.039103556542319756,0.007462750316873871,0.6220311870373745
scz,2021-05,Consumer Cyclicals,0.07373501112170362,0.0403137989302719,0.7522087993959101
scz,2021-05,Consumer Non-Cyclicals,0.07395952276250102,0.00775733936399204,0.6497160482528428
scz,2021-05,Consumer Services,0.05030463266526835,-0.002621853252215414,0.7668979657524456
scz,2021-05,Energy,0.01351496220972761,0.0025755718746840197,0.755164139256896
scz,2021-05,Finance,0.2389226346746866,0.026250027735874207,0.6962756403482062
scz,2021-05,Healthcare,0.06728471753990686,0.004291657082611342,0.6386912738832567
scz,2021-05,Industrials,0.1810045597971987,0.011609465592885306,0.7437944427459193
scz,2021-05,Non-Energy Materials,0.12177644491806677,0.006836537062813981,0.6433101225375354
scz,2021-05,Technology,0.10734606394608005,-0.0011662076254198566,0.6892441757945706
scz,2021-05,Telecommunications,0.010368417231807814,0.05825899086275987,0.5322787477331938
scz,2021-05,Utilities,0.02267947659073283,0.01838557236960413,0.8248723777429356
scz,2021-06,Business Services,0.03901413674162404,0.0010714400988864495,0.6203548738348493
scz,2021-06,Consumer Cyclicals,0.07740481428424752,-0.014669238771070299,0.7366348276238007
scz,2021-06,Consumer Non-Cyclicals,0.07377367210928533,-0.011858501021514785,0.6492024648420922
scz,2021-06,Consumer Services,0.04654501405139105,-0.049458364487806813,0.745003276787616
scz,2021-06,Energy,0.013404211706068803,-0.04440598257783705,0.752270446195948
scz,2021-06,Finance,0.23984904211115926,-0.023776619789130957,0.6907096567829849
scz,2021-06,Healthcare,0.06954882856076575,0.010619021480205902,0.6574183852679795
scz,2021-06,Industrials,0.18013406969677545,-0.005530133946062279,0.7430307574540702
scz,2021-06,Non-Energy Materials,0.12058997156635454,-0.02363953888227553,0.6472332240075013
scz,2021-06,Technology,0.1027258059262094,0.031782438916224454,0.6505934778923512
scz,2021-06,Telecommunications,0.013327506609669394,-0.047694650122835046,0.6262797428347101
scz,2021-06,Utilities,0.02368292663644945,-0.007930776720841713,0.8100435550047629
scz,2021-07,Business Services,0.03958584467637356,0.01859225432385501,0.6144985237469195
scz,2021-07,Consumer Cyclicals,0.07727828348316824,0.00011823337195948126,0.7337669377923483
scz,2021-07,Consumer Non-Cyclicals,0.07394068024102217,-0.005118959237205613,0.6481004098684474
scz,2021-07,Consumer Services,0.045559101728427864,-0.025518601266252966,0.7397434367643114
scz,2021-07,Energy,0.013047398237754929,-0.043192789529158254,0.7509921723089196
scz,2021-07,Finance,0.23704118555030765,0.029361533428454666,0.6885957380490987
scz,2021-07,Healthcare,0.07130550756327697,0.004610554818515434,0.6584614557388468
scz,2021-07,Industrials,0.17855019944728456,0.020786055085949662,0.7434122328436392
scz,2021-07,Non-Energy Materials,0.11967155988149909,0.04964827934465697,0.643159781417126
scz,2021-07,Technology,0.10805487241114907,0.017094027771714957,0.6596603576478618
scz,2021-07,Telecommunications,0.0121659167581302,0.005783208789410409,0.6533949191173004
scz,2021-07,Utilities,0.02379945002160567,-0.01941483873347889,0.8074921271107561
scz,2021-08,Business Services,0.039834768519298784,0.013627775207237944,0.6134867744211231
scz,2021-08,Consumer Cyclicals,0.07599058580153137,0.0035872240134313576,0.7347298363088823
scz,2021-08,Consumer Non-Cyclicals,0.07221475377592981,0.02522847635420064,0.6487092098174883
scz,2021-08,Consumer Services,0.04359982071379135,0.022741361520346944,0.7423260654219936
scz,2021-08,Energy,0.012264587909353069,0.03467388912087812,0.7606755905165195
scz,2021-08,Finance,0.23956319695496486,0.03370760096236173,0.6857113902022226
scz,2021-08,Healthcare,0.07127904215079148,0.04079368429129889,0.6503145356133906
scz,2021-08,Industrials,0.17947341311129741,0.0369260327124111,0.7450277587240858
scz,2021-08,Non-Energy Materials,0.1227078663579266,0.0015802321270601864,0.6468449936874294
scz,2021-08,Technology,0.10826448546630493,0.03590658866791238,0.659608455994787
scz,2021-08,Telecommunications,0.012057943911446321,0.03877147640319927,0.6608794026832966
scz,2021-08,Utilities,0.022749535327364002,0.007737235184748477,0.813544806875257
scz,2021-09,Business Services,0.03998884496560126,-0.019893864745609165,0.605861526947144
scz,2021-09,Consumer Cyclicals,0.0738252280028296,-0.03582638421858734,0.7421053323019632
scz,2021-09,Consumer Non-Cyclicals,0.07251886894016651,-0.03135608766590332,0.6473865882910864
scz,2021-09,Consumer Services,0.04359065709314564,0.008737773864087554,0.7450330236434877
scz,2021-09,Energy,0.01225842475009973,0.08758939520706151,0.7752081276848791
scz,2021-09,Finance,0.2418133735050274,-0.04751478294359639,0.6875148523602498
scz,2021-09,Healthcare,0.07166847014415463,-0.04592890480585822,0.6474806212613079
scz,2021-09,Industrials,0.18096978384809434,-0.045947064150580676,0.7511798431944766
scz,2021-09,Non-Energy Materials,0.11945502669044455,-0.04908253437699375,0.6570374608021198
scz,2021-09,Technology,0.10928482805085366,-0.04551574266433649,0.6676666801275855
scz,2021-09,Telecommunications,0.012059376906997491,-0.0009929398196113668,0.6736791823713124
scz,2021-09,Utilities,0.022567117102585157,-0.010983618349619913,0.8127913831721537
scz,2021-10,Business Services,0.04003400037520699,0.021903470902900825,0.614476834775665
scz,2021-10,Consumer Cyclicals,0.07432483350396853,0.014145537218898045,0.7360546997793238
scz,2021-10,Consumer Non-Cyclicals,0.07380460303500594,0.010408003082093414,0.6509860604735945
scz,2021-10,Consumer Services,0.045991347568655534,-0.025841220647845973,0.7418240921171839
scz,2021-10,Energy,0.014016313143728112,-0.014254879754641386,0.7830694090585663
scz,2021-10,Finance,0.2395240719184121,0.04208859841438303,0.6822980688733167
scz,2021-10,Healthcare,0.0713858398235927,0.01679670128688539,0.6463640383712002
scz,2021-10,Industrials,0.17852388017139684,0.0321620342745705,0.7463645432442962
scz,2021-10,Non-Energy Materials,0.11801438861733432,0.023030903882388355,0.6620480746017042
scz,2021-10,Technology,0.10894922271307868,0.01587568289968236,0.6657921998137053
scz,2021-10,Telecommunications,0.012491471704653727,0.01567130374082214,0.6764665292258722
scz,2021-10,Utilities,0.022940027424966543,0.05057935520223188,0.820335053225688
scz,2021-11,Business Services,0.04008511265735003,-0.08488659629135052,0.6143121260453
scz,2021-11,Consumer Cyclicals,0.07368402281951772,-0.050430736502772175,0.742481738371652
scz,2021-11,Consumer Non-Cyclicals,0.07258191493202674,-0.08219961607236528,0.6587518830465204
scz,2021-11,Consumer Services,0.043141966424950856,-0.11457104692392525,0.7600514565338783
scz,2021-11,Energy,0.01361844521160202,-0.0796916175199764,0.77694325345481
scz,2021-11,Finance,0.24244841202379708,-0.05222005583384762,0.6880572849719176
scz,2021-11,Healthcare,0.07175589201774629,-0.07604546247283496,0.6442504942994451
scz,2021-11,Industrials,0.179609890310878,-0.06881959251702717,0.7495473268411031
scz,2021-11,Non-Energy Materials,0.11834907403439802,-0.04822194550104901,0.6605773790056892
scz,2021-11,Technology,0.10879230247359997,-0.03062409355079145,0.6632815179271531
scz,2021-11,Telecommunications,0.012368421243624386,-0.02198668999671621,0.6774132940051758
scz,2021-11,Utilities,0.02356454585050889,-0.032217310278448374,0.8210676099058952
scz,2021-12,Business Services,0.03948364957128311,0.025869940207230126,0.6209488422122756
scz,2021-12,Consumer Cyclicals,0.07334326776808345,0.034788026512804604,0.7406574648239024
scz,2021-12,Consumer Non-Cyclicals,0.0709293694031535,0.019151905398478716,0.6608350773286739
scz,2021-12,Consumer Services,0.04107743657589451,0.050236362763399885,0.7526691998726291
scz,2021-12,Energy,0.013175637504778372,0.03489904971192947,0.7787334386413316
scz,2021-12,Finance,0.24195097915071012,0.043813036571733285,0.6915438179910185
scz,2021-12,Healthcare,0.07060865679604979,0.023931242346401857,0.6465806581139947
scz,2021-12,Industrials,0.17946505539714444,0.05396844297075077,0.7469133786058479
scz,2021-12,Non-Energy Materials,0.12023177182942009,0.05636061355903535,0.6604341669770518
scz,2021-12,Technology,0.11283907632734752,0.015814169924164845,0.6617298906877873
scz,2021-12,Telecommunications,0.012840826763125176,0.029437150010558976,0.6806976173215283
scz,2021-12,Utilities,0.02405427291300991,0.017505143713211324,0.831287559323427
scz,2022-01,Business Services,0.03946712264247537,-0.09769507981793132,0.6380979405378866
scz,2022-01,Consumer Cyclicals,0.07685172843717498,-0.09054179544635624,0.7312037396720229
scz,2022-01,Consumer Non-Cyclicals,0.06955890035172056,-0.047831491723058984,0.6557922001020895
scz,2022-01,Consumer Services,0.04193514311053744,-0.053508624130274754,0.7669631104081707
scz,2022-01,Energy,0.014801623439176247,0.0005709018330686342,0.786607460525563
scz,2022-01,Finance,0.24438429304258583,-0.04492387203109956,0.6854364963096903
scz,2022-01,Healthcare,0.0654517930965182,-0.13670584850378625,0.658483693979169
scz,2022-01,Industrials,0.17833730240516685,-0.06337038533485057,0.7330596753683708
scz,2022-01,Non-Energy Materials,0.12086704148145452,-0.06931223286683268,0.6708432258392151
scz,2022-01,Technology,0.10894988162502542,-0.12348308440267242,0.6838697258228178
scz,2022-01,Telecommunications,0.013295684193397909,-0.023824517504359956,0.7034725978166565
scz,2022-01,Utilities,0.02609948617476667,-0.03832516870774737,0.8143560268441442
scz,2022-02,Business Services,0.03792586060879789,-0.009134348450083268,0.652359406046042
scz,2022-02,Consumer Cyclicals,0.07580708722256661,-0.04934203845169528,0.7292078363196308
scz,2022-02,Consumer Non-Cyclicals,0.07157392465179477,-0.006526456050122041,0.6565989005926586
scz,2022-02,Consumer Services,0.04264378519102298,0.0002181093880908061,0.7721042448519435
scz,2022-02,Energy,0.016007881550179095,0.06598780924487217,0.7754591186853207
scz,2022-02,Finance,0.2503060000751237,-0.02491157757467688,0.6918800186328646
scz,2022-02,Healthcare,0.06004611264737857,-0.02624013134019512,0.6742829610839348
scz,2022-02,Industrials,0.18009362613390126,-0.011617178560130238,0.7329649974146133
scz,2022-02,Non-Energy Materials,0.12218382701619254,-0.007386352744966391,0.6681796465016767
scz,2022-02,Technology,0.10228887794450767,-0.017437688463467133,0.6876142443219885
scz,2022-02,Telecommunications,0.01404550798529022,-0.027723843151186096,0.7003109220879028
scz,2022-02,Utilities,0.027077508973244693,0.028256474845779353,0.8146670390575931
scz,2022-03,Business Services,0.03819871525150669,-0.0032969906462973885,0.6505544719062313
scz,2022-03,Consumer Cyclicals,0.07299353282647833,-0.03935666929672253,0.7270224941845072
scz,2022-03,Consumer Non-Cyclicals,0.07308356657288755,-0.030402366313642768,0.6407940988794456
scz,2022-03,Consumer Services,0.04376107272820558,-0.04688003173925622,0.7647002025195179
scz,2022-03,Energy,0.017315530307155196,0.12160576666779362,0.7742256581787461
scz,2022-03,Finance,0.2463983558671857,0.022275788757982768,0.6958978538305097
scz,2022-03,Healthcare,0.059245330402364425,0.0002768931024434467,0.6766648052469526
scz,2022-03,Industrials,0.18184421612786195,0.01096839044098299,0.7308662910512537
scz,2022-03,Non-Energy Materials,0.12249689191429786,0.04170203068043752,0.6730454047244306
scz,2022-03,Technology,0.10248831008199306,-0.0026363291099571525,0.6947675657851963
scz,2022-03,Telecommunications,0.013756977480637011,0.04962804091857179,0.7061237257720904
scz,2022-03,Utilities,0.028417500439426643,0.015037534463879858,0.8117899096718544
scz,2022-04,Business Services,0.03799624635757402,-0.07245844525331349,0.6544719050799073
scz,2022-04,Consumer Cyclicals,0.06988884806752102,-0.08089333702752965,0.7305139713869317
scz,2022-04,Consumer Non-Cyclicals,0.0705255398471077,-0.06146422415589924,0.6441219861044603
scz,2022-04,Consumer Services,0.04209508704896172,-0.062061779332704355,0.7625912056770309
scz,2022-04,Energy,0.018919727400030617,0.0024091361454732065,0.7926511156201586
scz,2022-04,Finance,0.25077640844303556,-0.06964404647721419,0.6921094655881118
scz,2022-04,Healthcare,0.059668437692924604,-0.08457277665004641,0.6744334042927874
scz,2022-04,Industrials,0.1794758045849982,-0.07019289054617188,0.7277426824679287
scz,2022-04,Non-Energy Materials,0.12442191117325854,-0.06900663088812686,0.6872067943998174
scz,2022-04,Technology,0.1030704957332161,-0.10327822573977462,0.6909343589465082
scz,2022-04,Telecommunications,0.014291786665058263,-0.03235000321589908,0.7246937455503102
scz,2022-04,Utilities,0.02886970698631363,-0.031991906367048836,0.8137723814155462
scz,2022-05,Business Services,0.03773817298005386,0.004534810416223618,0.6557729374204643
scz,2022-05,Consumer Cyclicals,0.06940468854744197,0.008731395022306692,0.7315947931573163
scz,2022-05,Consumer Non-Cyclicals,0.07097541967771996,-0.015793805496239096,0.6462839559021785
scz,2022-05,Consumer Services,0.04257901957157501,-0.022467498823859716,0.7671176335219921
scz,2022-05,Energy,0.020682961572844865,0.058186547924809706,0.7974157455702526
scz,2022-05,Finance,0.25132280633830006,-0.0036963060820189297,0.6973112197640248
scz,2022-05,Healthcare,0.057890428084956744,-0.005417678252451703,0.6793118438235162
scz,2022-05,Industrials,0.18055529314249502,0.019701850983250894,0.7294518781165786
scz,2022-05,Non-Energy Materials,0.12440370896989357,-0.013412246609718063,0.6906218402034027
scz,2022-05,Technology,0.09938505345548512,0.009279525524780894,0.6951551525889255
scz,2022-05,Telecommunications,0.014807536189895288,0.006750502351170763,0.6676490653685392
scz,2022-05,Utilities,0.030254911469338494,-0.01378521720690764,0.8144070837591421
scz,2022-06,Business Services,0.03777186026864512,-0.13301606618265696,0.6627396813362344
scz,2022-06,Consumer Cyclicals,0.07058731385798327,-0.10368068648724901,0.7251640511663584
scz,2022-06,Consumer Non-Cyclicals,0.069904398909119,-0.06274062839048004,0.6476646262912306
scz,2022-06,Consumer Services,0.042300974812620996,-0.12411179977465629,0.7541282526235856
scz,2022-06,Energy,0.021397521484432636,-0.13228138716573848,0.7911735025615727
scz,2022-06,Finance,0.2504483198453605,-0.10848987959866299,0.6959533255959252
scz,2022-06,Healthcare,0.05836130808125891,-0.07701499796127696,0.6734112873689709
scz,2022-06,Industrials,0.1814531902649772,-0.1210008392429205,0.7337842892682154
scz,2022-06,Non-Energy Materials,0.12343968000648119,-0.13819731270162927,0.6855412413675405
scz,2022-06,Technology,0.1000538286578873,-0.13047046640827012,0.6979641034850163
scz,2022-06,Telecommunications,0.014673885571051808,-0.0534925348663602,0.6664593432029488
scz,2022-06,Utilities,0.029607718240182105,-0.06906585140148022,0.8226087035454414
scz,2022-07,Business Services,0.03819555905370631,0.0785991965025436,0.6683147300290339
scz,2022-07,Consumer Cyclicals,0.07029518779393266,0.08571712955260045,0.7165217697123417
scz,2022-07,Consumer Non-Cyclicals,0.0787329018490927,0.025556956555864752,0.6590963957925996
scz,2022-07,Consumer Services,0.04238902292279238,0.03936385208323273,0.7522003788238746
scz,2022-07,Energy,0.021435467479631112,0.07742970553436689,0.8066214853243646
scz,2022-07,Finance,0.24867563161642775,0.047446037597455845,0.6927633431714392
scz,2022-07,Healthcare,0.0681499751516083,0.05857443993656761,0.6887102996639674
scz,2022-07,Industrials,0.1724330097671368,0.08797457632141623,0.7301979817472585
scz,2022-07,Non-Energy Materials,0.11825464198435763,0.07531770617659499,0.6839118560226929
scz,2022-07,Technology,0.09595408800806576,0.08859765585930829,0.6978419616224153
scz,2022-07,Telecommunications,0.015344087717064971,0.019527096339092484,0.6545835944185622
scz,2022-07,Utilities,0.030140426656183616,0.06731353478070778,0.8231661266939124
scz,2022-08,Business Services,0.039096476837433176,-0.050361470006967016,0.6792616672210541
scz,2022-08,Consumer Cyclicals,0.07087991592373165,-0.049402864759951925,0.7288819203711525
scz,2022-08,Consumer Non-Cyclicals,0.07645340359538369,-0.02933674085143746,0.6607470372498064
scz,2022-08,Consumer Services,0.0413216406949606,-0.06736170497623525,0.7563296362451801
scz,2022-08,Energy,0.022082107435998696,0.07267912743370875,0.8132593049265939
scz,2022-08,Finance,0.24356125923495747,-0.04083543859513876,0.6995186951408092
scz,2022-08,Healthcare,0.0692989369718667,-0.07062264568369622,0.6754550507671084
scz,2022-08,Industrials,0.17524869879056307,-0.05342543526275584,0.7331924619269274
scz,2022-08,Non-Energy Materials,0.1199952637337035,-0.023444356317251717,0.685607434732585
scz,2022-08,Technology,0.09823807638394509,-0.0492079181978621,0.6898809206811471
scz,2022-08,Telecommunications,0.01353530486838301,-0.0544475620493058,0.6765871786242836
scz,2022-08,Utilities,0.030288915529073326,-0.0594907920205714,0.8209356071771542
scz,2022-09,Business Services,0.0384461015404831,-0.10704318994692885,0.6900072843608142
scz,2022-09,Consumer Cyclicals,0.0706416673042477,-0.1290782573200186,0.7364254499374107
scz,2022-09,Consumer Non-Cyclicals,0.0768899616797692,-0.09382536607152066,0.6770367779756904
scz,2022-09,Consumer Services,0.040562782485227676,-0.11610627982793219,0.761781745335548
scz,2022-09,Energy,0.024731428911212886,-0.07441807516407992,0.8206564493035382
scz,2022-09,Finance,0.2439743961237029,-0.11492274792227415,0.698732457528567
scz,2022-09,Healthcare,0.06787194294066314,-0.1205135220919048,0.6736888964481739
scz,2022-09,Industrials,0.17267453394533414,-0.10641062838909755,0.7274025707232807
scz,2022-09,Non-Energy Materials,0.12313342651238832,-0.1183268769582761,0.6856937501193965
scz,2022-09,Technology,0.09797861506742814,-0.11635063428709236,0.6979028630291523
scz,2022-09,Telecommunications,0.013638687611917642,-0.10187049308297642,0.6711962905463199
scz,2022-09,Utilities,0.02945645587762518,-0.10402710318262211,0.8168885147942502
scz,2022-10,Business Services,0.03905860459881667,0.06597840110408228,0.6905721083941738
scz,2022-10,Consumer Cyclicals,0.07076732705625183,0.05911096745662533,0.7259558467191096
scz,2022-10,Consumer Non-Cyclicals,0.07928805009985983,0.00892698069915906,0.6693005587909482
scz,2022-10,Consumer Services,0.04130944893546145,0.044657893293972566,0.7560472950999069
scz,2022-10,Energy,0.025165954456334075,0.07050314028397413,0.8203504426925339
scz,2022-10,Finance,0.24489996856161317,0.040389756793998866,0.6942111422254844
scz,2022-10,Healthcare,0.06810699229846376,0.037576785424193196,0.6673405980935493
scz,2022-10,Industrials,0.17155872283433146,0.06018301591924827,0.7161329127418806
scz,2022-10,Non-Energy Materials,0.12235973223205486,0.05899537438495305,0.6641540617622249
scz,2022-10,Technology,0.09547554026593957,0.04514899202821663,0.6989855706261754
scz,2022-10,Telecommunications,0.012208239522584024,0.038905055749424045,0.6292768910468178
scz,2022-10,Utilities,0.029801419138289306,0.02876905944992359,0.831266260093911
scz,2022-11,Business Services,0.03978536432087842,0.07521143695251016,0.6911204836037765
scz,2022-11,Consumer Cyclicals,0.07124937929953397,0.10633389168247488,0.7388260811213619
scz,2022-11,Consumer Non-Cyclicals,0.07636806727300402,0.09119641226636561,0.6713941513760434
scz,2022-11,Consumer Services,0.041242600339885915,0.12490413608879955,0.7556195532974223
scz,2022-11,Energy,0.02587951428049149,0.07177258047341178,0.8183427589828005
scz,2022-11,Finance,0.24394217753405198,0.07665514062560201,0.6987990864771314
scz,2022-11,Healthcare,0.06837960258299502,0.04719356161219394,0.6610136169151349
scz,2022-11,Industrials,0.17332561571095764,0.10343002156114935,0.7210358701068403
scz,2022-11,Non-Energy Materials,0.12344881168011163,0.10318409291013224,0.670281225832828
scz,2022-11,Technology,0.09502900539783654,0.12654414087679536,0.7023831591373456
scz,2022-11,Telecommunications,0.012139694239619617,0.05199716676323791,0.6311326577242719
scz,2022-11,Utilities,0.029210167340633763,0.10079362558145477,0.8355414244395863
scz,2022-12,Business Services,0.03951559095405093,0.005312172826852629,0.6848618814082954
scz,2022-12,Consumer Cyclicals,0.07196279172524347,-0.0023642263194172336,0.7393207832913297
scz,2022-12,Consumer Non-Cyclicals,0.07620844811955277,0.052550982675365274,0.6655954270327055
scz,2022-12,Consumer Services,0.041895546233410845,0.014134800770922582,0.765673201112963
scz,2022-12,Energy,0.02516884510583421,-0.02419056379397509,0.8247637195849019
scz,2022-12,Finance,0.24109306868513805,0.021069346778575224,0.6957579972912333
scz,2022-12,Healthcare,0.06628815007923113,0.00027553150997809906,0.6544736752602421
scz,2022-12,Industrials,0.1742249781325923,0.013648386336771803,0.7187889272565842
scz,2022-12,Non-Energy Materials,0.12491432107885488,-0.024521222620620405,0.6689960826053152
scz,2022-12,Technology,0.09750170898028993,-0.022658335521288864,0.6986203735705382
scz,2022-12,Telecommunications,0.011615382347977139,-0.017817109625392985,0.6346429233682238
scz,2022-12,Utilities,0.029611168557824346,0.011601320333729069,0.8300225112252998
vss,2018-02,Business Services,0.033582339802213534,-0.03364621248652105,0.6380565213401896
vss,2018-02,Consumer Cyclicals,0.07334312277889632,-0.04648677254229147,0.6692244088356888
vss,2018-02,Consumer Non-Cyclicals,0.07226576879899976,0.0006167175568115553,0.6322225508582848
vss,2018-02,Consumer Services,0.047290351511472935,-0.023610790951578742,0.7515987194920196
vss,2018-02,Energy,0.036202868510535814,-0.07555176836344356,0.7917483726469203
vss,2018-02,Finance,0.22446581396501014,-0.05261392263943286,0.7062983840053427
vss,2018-02,Healthcare,0.0676095443334135,-0.03823779953301631,0.7291409006635909
vss,2018-02,Industrials,0.15715242201230856,-0.03778511202538466,0.7280193186065845
vss,2018-02,Non-Corporate,0.003909556155751469,-0.045963902461069475,0.6490258873954152
vss,2018-02,Non-Energy Materials,0.13449379376888895,-0.03908785071712736,0.6905450655935306
vss,2018-02,Technology,0.11234324408285898,-0.03495953797807613,0.7760026923053198
vss,2018-02,Telecommunications,0.013111613092167122,-0.04832454194877782,0.6483999252686268
vss,2018-02,Utilities,0.024229561187482884,-0.047119505605046144,0.6948251703721677
vss,2018-03,Business Services,0.03376755098005206,-0.010500260072771361,0.6385605293107411
vss,2018-03,Consumer Cyclicals,0.07328926873862564,-0.013385721554265073,0.6661283856127449
vss,2018-03,Consumer Non-Cyclicals,0.07410003757894874,-0.0024140567849696426,0.6419178321098119
vss,2018-03,Consumer Services,0.04904332751337055,-0.017761522975619306,0.7479030301631391
vss,2018-03,Energy,0.034890486089408757,-0.014569915754065967,0.7846009347273846
vss,2018-03,Finance,0.22047259595721752,-0.005812690725887968,0.7057827000051395
vss,2018-03,Healthcare,0.06749179329385865,0.022490838510312593,0.730981124101464
vss,2018-03,Industrials,0.15704004512231678,-0.024197604139534538,0.7296181266340509
vss,2018-03,Non-Corporate,0.003963657479091937,0.01361429117485191,0.631143257055291
vss,2018-03,Non-Energy Materials,0.1348519534894001,-0.015873324746147964,0.6876351902215627
vss,2018-03,Technology,0.11380925983668246,0.00017012747324234408,0.7703271004652748
vss,2018-03,Telecommunications,0.012994205864014202,-0.04628627199014238,0.6526989647079589
vss,2018-03,Utilities,0.024285818057012597,0.01515369301650238,0.6898007294105749
vss,2018-04,Business Services,0.033404163670274094,-0.006833635819426493,0.638472785742898
vss,2018-04,Consumer Cyclicals,0.07242494390481811,0.023431266767827818,0.6627495961788269
vss,2018-04,Consumer Non-Cyclicals,0.07394004302468349,0.004645043405521024,0.6694749580120888
vss,2018-04,Consumer Services,0.05086891135501178,0.020990793864769104,0.7374537882990472
vss,2018-04,Energy,0.035829611930641485,0.10495575759643516,0.7638455706949266
vss,2018-04,Finance,0.22202326554831392,0.01226154418059775,0.7018401532121022
vss,2018-04,Healthcare,0.06967810157100808,0.0014737336543250797,0.7214005550224094
vss,2018-04,Industrials,0.1505289273108744,0.022036598199832384,0.747616211452227
vss,2018-04,Non-Corporate,0.004455900492091646,0.029412991678380903,0.5635885138608967
vss,2018-04,Non-Energy Materials,0.13102093738762535,0.010607817596330393,0.6755568078585824
vss,2018-04,Technology,0.11955667205959827,-0.015507699473152909,0.7827006453168632
vss,2018-04,Telecommunications,0.012249554730122951,-0.0009650745381174786,0.7299446895504329
vss,2018-04,Utilities,0.02401896701493642,0.004692707630526381,0.708703341724488
vss,2018-05,Business Services,0.033649647712896594,-0.0025882478559475673,0.6288402437432641
vss,2018-05,Consumer Cyclicals,0.07300891629380873,-0.013917165367023721,0.6615390877141246
vss,2018-05,Consumer Non-Cyclicals,0.07360504077944634,0.0008961825502618411,0.6565615437800203
vss,2018-05,Consumer Services,0.051505974652637676,0.0017942706434798015,0.7387433032457313
vss,2018-05,Energy,0.039222523944126196,0.01524641121570181,0.7676296639935551
vss,2018-05,Finance,0.22209627428040632,-0.02758819513674129,0.6959780815093679
vss,2018-05,Healthcare,0.06898933647103876,0.0012987468412835326,0.7195926967997239
vss,2018-05,Industrials,0.15167177215470953,0.0013153611396256332,0.746206221773816
vss,2018-05,Non-Corporate,0.004486601354059994,-0.01950508488104609,0.5633096631470401
vss,2018-05,Non-Energy Materials,0.13060269077000447,-0.00545439510867981,0.6745326602385626
vss,2018-05,Technology,0.11518755383608784,0.05463173492830857,0.7873383126112875
vss,2018-05,Telecommunications,0.012129756389660809,-0.03551970720787352,0.7184948287877765
vss,2018-05,Utilities,0.023843911361116715,-0.035912814728057664,0.700720764352795
vss,2018-06,Business Services,0.03329479198115382,-0.021089326622349223,0.6353581362993107
vss,2018-06,Consumer Cyclicals,0.07184927983904996,-0.053536868116043225,0.66630334065903
vss,2018-06,Consumer Non-Cyclicals,0.07351651465765244,-0.01621743738099736,0.6622521950672575
vss,2018-06,Consumer Services,0.050992039553523986,-0.020206966161286557,0.735488411673217
vss,2018-06,Energy,0.04024921779955577,-0.012144875037355065,0.7832275392296164
vss,2018-06,Finance,0.21598707065621098,-0.024585059170836907,0.6916803785110277
vss,2018-06,Healthcare,0.06877345781624629,-0.04139005573967568,0.7284465716596368
vss,2018-06,Industrials,0.15273992064404895,-0.04505838145070207,0.7486857061127503
vss,2018-06,Non-Corporate,0.004443769990520177,0.030549919921733445,0.5646491017398031
vss,2018-06,Non-Energy Materials,0.13140211203605803,-0.0456837538559273,0.6710347981984819
vss,2018-06,Technology,0.12212110617954211,-0.022129807424029025,0.7882350888697822
vss,2018-06,Telecommunications,0.01168595158980417,-0.03911326131197053,0.7154406198871297
vss,2018-06,Utilities,0.02294476725663331,-0.026912294078517494,0.7060903690449643
vss,2018-07,Business Services,0.03410930912088878,0.010744272432238411,0.6387576040578181
vss,2018-07,Consumer Cyclicals,0.07064750824061627,-0.007765330538211449,0.6661130613647007
vss,2018-07,Consumer Non-Cyclicals,0.07504551364497467,-0.015621726361916789,0.6668584812325017
vss,2018-07,Consumer Services,0.051861536413513265,-0.005706438242936761,0.7299524739438782
vss,2018-07,Energy,0.04095804295211277,0.002878575590488395,0.7868250968861739
vss,2018-07,Finance,0.21774395896331558,0.023346615984655393,0.6901403475388941
vss,2018-07,Healthcare,0.0692859489926002,0.009366477707027233,0.7139411043137874
vss,2018-07,Industrials,0.14999381301426193,0.018609477029790936,0.7480685384143793
vss,2018-07,Non-Corporate,0.004734737306136148,0.0616112543436391,0.5653086864251504
vss,2018-07,Non-Energy Materials,0.12915104654973278,0.011009524061004696,0.6712224990555256
vss,2018-07,Technology,0.12179720412052841,-0.005036374838009805,0.7833965242621816
vss,2018-07,Telecommunications,0.011558026234395615,0.03702459676525558,0.6978654766454387
vss,2018-07,Utilities,0.02311335444692358,0.037299880236531746,0.707928139715678
vss,2018-08,Business Services,0.03417683475792017,-0.018598556099263145,0.6452025915656429
vss,2018-08,Consumer Cyclicals,0.06975545009202337,-0.0006070627030096535,0.6641004071815141
vss,2018-08,Consumer Non-Cyclicals,0.07390391195308224,0.01658853708025098,0.6597806741952347
vss,2018-08,Consumer Services,0.05098666071739902,-0.013643649985890415,0.7458347876074087
vss,2018-08,Energy,0.04079398924789774,-0.022006359832148905,0.7848214348716634
vss,2018-08,Finance,0.219863380498158,-0.006693257911829279,0.6891352520465106
vss,2018-08,Healthcare,0.07001740401042984,0.016331001543729476,0.7067833142449196
vss,2018-08,Industrials,0.15142833373807468,-0.017414338224659615,0.7499643369824921
vss,2018-08,Non-Corporate,0.004802359862018615,-0.010922917101079933,0.5855511686582148
vss,2018-08,Non-Energy Materials,0.1301172747186771,-0.0409747576660054,0.6701630801774769
vss,2018-08,Technology,0.11882451032635363,-0.010888075839196666,0.7809992980689245
vss,2018-08,Telecommunications,0.011770128244059853,-0.030171856937129066,0.7015365346396994
vss,2018-08,Utilities,0.02355976183390571,-0.0236095074962168,0.7051099032071421
vss,2018-09,Business Services,0.03400982069626194,-0.022894077783554026,0.6517667690246386
vss,2018-09,Consumer Cyclicals,0.07035937725460296,0.002674492949946491,0.6867202585174954
vss,2018-09,Consumer Non-Cyclicals,0.07569672145390471,0.008236116582772247,0.6900419701858571
vss,2018-09,Consumer Services,0.05060522074368765,-0.025240547704886335,0.7642624338539895
vss,2018-09,Energy,0.040379778491688965,0.010536752339657897,0.7877579935814633
vss,2018-09,Finance,0.21988100666310287,-0.02466059139618793,0.7172931386229621
vss,2018-09,Healthcare,0.07272449178608709,-0.01405755160374177,0.7125418561935148
vss,2018-09,Industrials,0.15077702474624652,-0.004528702295723644,0.7602498228394289
vss,2018-09,Non-Corporate,0.004899063590677374,-0.02001916833636906,0.5733511223567445
vss,2018-09,Non-Energy Materials,0.12612714920997273,-0.019496704555610242,0.6886229134746831
vss,2018-09,Technology,0.11964805857681352,-0.07445453209653685,0.7842143958369134
vss,2018-09,Telecommunications,0.011659119618905466,-0.022996734811677653,0.6986546139177214
vss,2018-09,Utilities,0.023233167168048227,0.0038273796656699863,0.7535991975033863
vss,2018-10,Business Services,0.033777611817446616,-0.10756860864887771,0.6486471854616002
vss,2018-10,Consumer Cyclicals,0.07730370745908338,-0.09037167085862187,0.6964661248677566
vss,2018-10,Consumer Non-Cyclicals,0.07867780186484812,-0.10628475080430941,0.6806807720549466
vss,2018-10,Consumer Services,0.04819324162302161,-0.07380329121734935,0.7378989900602022
vss,2018-10,Energy,0.045026491254348246,-0.12797875638291661,0.7911946780441227
vss,2018-10,Finance,0.2220550932022842,-0.07410571070483384,0.7257614207386599
vss,2018-10,Healthcare,0.06366683817269385,-0.1387894182677795,0.7048454542379659
vss,2018-10,Industrials,0.15437188622560408,-0.11225319871008686,0.757361230336157
vss,2018-10,Non-Corporate,0.0036482985471188766,-0.048246857625876625,0.7893171790621402
vss,2018-10,Non-Energy Materials,0.12761787235654942,-0.11486567862709288,0.6744843932832424
vss,2018-10,Technology,0.1078741077751303,-0.1328355172481386,0.7601791268317036
vss,2018-10,Telecommunications,0.013614406891046565,-0.04476054421582461,0.6644722062673176
vss,2018-10,Utilities,0.024172642810824714,-0.04432420888322649,0.732922659573981
vss,2018-11,Business Services,0.033419577713100106,-0.01120053036190226,0.6465276744252207
vss,2018-11,Consumer Cyclicals,0.07736793189067491,0.023987443757176177,0.7039114752547223
vss,2018-11,Consumer Non-Cyclicals,0.07881864519520783,0.02108531800342597,0.6726291802546172
vss,2018-11,Consumer Services,0.04915827730925519,0.021087704923682452,0.7488105931408956
vss,2018-11,Energy,0.04363266015770594,-0.1200594245684446,0.8007434627274265
vss,2018-11,Finance,0.22717377903504965,0.010581475021448575,0.7285568904731056
vss,2018-11,Healthcare,0.062149687856831524,0.0439423790592252,0.6961795981746165
vss,2018-11,Industrials,0.1517245488287339,0.005807183079428683,0.753093304403829
vss,2018-11,Non-Corporate,0.004542047566286941,0.02358196493034534,0.663510605542649
vss,2018-11,Non-Energy Materials,0.1268718414831868,-0.0012789073705089457,0.6724259641340403
vss,2018-11,Technology,0.10475580299196943,0.03822036217951609,0.7558654520660244
vss,2018-11,Telecommunications,0.014752420861478299,0.012624632159051383,0.6514689701125569
vss,2018-11,Utilities,0.02563277911051947,0.03573554181022288,0.7395985196719734
vss,2018-12,Business Services,0.03266543539844357,-0.08812275921323584,0.6506706331526001
vss,2018-12,Consumer Cyclicals,0.07831246605081685,-0.06509462455716968,0.7059507381251463
vss,2018-12,Consumer Non-Cyclicals,0.07980106128605204,-0.06029572127525871,0.6782734333288846
vss,2018-12,Consumer Services,0.04994708213373875,-0.043088145178607505,0.7463178752144748
vss,2018-12,Energy,0.037846735285408106,-0.10043934589138333,0.807425545625134
vss,2018-12,Finance,0.2282622920221522,-0.038579033539065076,0.7294880459997619
vss,2018-12,Healthcare,0.06448189462176844,-0.047794956737270536,0.6993526448427543
vss,2018-12,Industrials,0.1511188119416084,-0.07461182853005867,0.7559262161936818
vss,2018-12,Non-Corporate,0.0019313490140997964,-0.007972283946908076,0.1989638489312881
vss,2018-12,Non-Energy Materials,0.12578174988630658,-0.03773557888109065,0.6734498218958795
vss,2018-12,Technology,0.10832671226442744,-0.06778898010458202,0.7527190987027319
vss,2018-12,Telecommunications,0.015278729083399082,-0.050772285101028054,0.6441061451105429
vss,2018-12,Utilities,0.026245681011778748,-0.01255764955738878,0.7427061762211008
vss,2019-01,Business Services,0.03210350140433468,0.10459896540078072,0.6422416616128263
vss,2019-01,Consumer Cyclicals,0.07754282449807391,0.06509641975313335,0.7075194978757715
vss,2019-01,Consumer Non-Cyclicals,0.07864143077860909,0.09304402728869832,0.685469852487617
vss,2019-01,Consumer Services,0.05068608130249697,0.06756966629145307,0.7550308655786215
vss,2019-01,Energy,0.03680484040707613,0.10237608400152623,0.8074044275877377
vss,2019-01,Finance,0.23220841551728424,0.06963836774240431,0.7329793527231313
vss,2019-01,Healthcare,0.06457432712817288,0.043275112924957095,0.7063815043651938
vss,2019-01,Industrials,0.14898014247472172,0.08677457548571209,0.7527734258340569
vss,2019-01,Non-Corporate,0.001586802081751919,0.05168047138544841,0.2611580864043262
vss,2019-01,Non-Energy Materials,0.12791457288107091,0.07720356270012432,0.6786243312663265
vss,2019-01,Technology,0.106401340035466,0.07728410628815548,0.7595250569821438
vss,2019-01,Telecommunications,0.015208014629079612,0.033175471668952565,0.6409257799864355
vss,2019-01,Utilities,0.027347706861861942,0.09011757826656822,0.7472014494421119
vss,2019-02,Business Services,0.03290419172336567,0.014838917558245547,0.6448882624274566
vss,2019-02,Consumer Cyclicals,0.07646415185641502,0.031834180710377726,0.7119033891428275
vss,2019-02,Consumer Non-Cyclicals,0.07969952152044815,0.011181606266621843,0.688910659148302
vss,2019-02,Consumer Services,0.04983352809026389,0.034444520436982866,0.7601397496914872
vss,2019-02,Energy,0.03807718955823897,0.05618469858249235,0.7980571661700575
vss,2019-02,Finance,0.230242646535709,0.01109266976202058,0.7325797446682413
vss,2019-02,Healthcare,0.06292595054550769,0.013809214894977667,0.7020208665962294
vss,2019-02,Industrials,0.1491876597802912,0.036010290521881386,0.7556074419810263
vss,2019-02,Non-Corporate,0.001498708981153172,0.02334689887352437,0.2707870441747076
vss,2019-02,Non-Energy Materials,0.12896868065557254,0.009366814504166227,0.6707627964097405
vss,2019-02,Technology,0.10768467025256205,0.060049843490281765,0.7575757452708979
vss,2019-02,Telecommunications,0.014833598495882023,-0.019940294289013602,0.6275634878826353
vss,2019-02,Utilities,0.027679502004590628,0.00283258639413938,0.7473501434240902
vss,2019-03,Business Services,0.033426014599016625,0.00044528196945955317,0.6358496311651837
vss,2019-03,Consumer Cyclicals,0.07655075295424323,-0.0038265580077505024,0.7111740486962739
vss,2019-03,Consumer Non-Cyclicals,0.07876950255379875,0.005092853484600281,0.6905371191445412
vss,2019-03,Consumer Services,0.050470631994072264,-0.010842595602486915,0.7767813791107462
vss,2019-03,Energy,0.038574492643933284,-0.005052412743986825,0.8091607194691843
vss,2019-03,Finance,0.22827745279715767,0.014331470694728697,0.7375276378288054
vss,2019-03,Healthcare,0.06229302510725681,0.006032981139953576,0.698381238286987
vss,2019-03,Industrials,0.15010168501819904,-0.004978984257796633,0.7640747228541446
vss,2019-03,Non-Corporate,0.0014850617150805147,0.0009707405393106772,0.26715608949159786
vss,2019-03,Non-Energy Materials,0.12710715091073074,-0.014666499270442996,0.6730186481612815
vss,2019-03,Technology,0.11117682481388093,0.010099223515922259,0.7622658478713744
vss,2019-03,Telecommunications,0.014248609402512697,0.016147851972952546,0.623966364905794
vss,2019-03,Utilities,0.02751879549011745,0.007292419733590884,0.7404733975761156
vss,2019-04,Business Services,0.03705417263151438,0.03797051115082496,0.6553749012151314
vss,2019-04,Consumer Cyclicals,0.07412122475139489,0.02333087195968555,0.72642607091618
vss,2019-04,Consumer Non-Cyclicals,0.07821866451961515,0.014529598647669398,0.6818432665739892
vss,2019-04,Consumer Services,0.049982517627852545,0.01054486754868451,0.7799084615767049
vss,2019-04,Energy,0.041108367222454284,0.009576042755847839,0.8118438599336789
vss,2019-04,Finance,0.22568433870069404,0.01262980531560651,0.7399250538306369
vss,2019-04,Healthcare,0.06142526648244422,-0.004765454377886688,0.6818952192995896
vss,2019-04,Industrials,0.1476015465378243,0.03967619758661728,0.7654824452514055
vss,2019-04,Non-Corporate,0.001527180526069998,-0.013092371235443155,0.256086750833257
vss,2019-04,Non-Energy Materials,0.12326717445657193,-0.004463070904557621,0.686278323850484
vss,2019-04,Technology,0.11743365478993603,0.0446815716470573,0.7668276243677769
vss,2019-04,Telecommunications,0.01607775143605418,0.025984474873536324,0.6600897883980417
vss,2019-04,Utilities,0.026498140317574043,-0.006082751710037014,0.7217134383336915
vss,2019-05,Business Services,0.037848108851833005,-0.049086537611301106,0.6522472919142731
vss,2019-05,Consumer Cyclicals,0.07454662502569355,-0.06810454598458027,0.7295400639918609
vss,2019-05,Consumer Non-Cyclicals,0.07823626760883488,-0.06883903948667687,0.6857348550217635
vss,2019-05,Consumer Services,0.04926703146066722,-0.05628621422676221,0.7847335465346403
vss,2019-05,Energy,0.04015309945481271,-0.10398731481612654,0.8230954440723941
vss,2019-05,Finance,0.22387392429642372,-0.017492698590212036,0.7441847554481407
vss,2019-05,Healthcare,0.06097992462004048,-0.03052849160907989,0.6713360736147852
vss,2019-05,Industrials,0.15041407537471335,-0.06525524617009572,0.7654331624147293
vss,2019-05,Non-Corporate,0.001138306474468037,,0.0
vss,2019-05,Non-Energy Materials,0.12115038877517509,-0.06674550467775171,0.6871129634005507
vss,2019-05,Technology,0.12057912226748967,-0.08168423767172674,0.7657746225120332
vss,2019-05,Telecommunications,0.016058242961916366,-0.0365070936117266,0.6616480747912478
vss,2019-05,Utilities,0.025754882827931917,-0.007462211437236869,0.7206578448351165
vss,2019-06,Business Services,0.03790016464831959,0.04180345169195445,0.6533370294263572
vss,2019-06,Consumer Cyclicals,0.07357403583738636,0.04565774245984895,0.7316550340023046
vss,2019-06,Consumer Non-Cyclicals,0.07720162701004311,0.029307261435188376,0.6812923401223676
vss,2019-06,Consumer Services,0.04969116027420496,0.019615668030626893,0.7770714192646064
vss,2019-06,Energy,0.037504812148386836,0.04875403228166515,0.8255641911247993
vss,2019-06,Finance,0.2323664600510967,0.035850640833167004,0.7448502939057808
vss,2019-06,Healthcare,0.06281491402894696,0.029145770187437563,0.6700260381687692
vss,2019-06,Industrials,0.14857678618908987,0.06135476554200337,0.7685108442637234
vss,2019-06,Non-Corporate,0.0016239906780156138,0.0947765081242089,0.001535409957932546
vss,2019-06,Non-Energy Materials,0.1195197599859188,0.0850337636293397,0.6921555916892336
vss,2019-06,Technology,0.11613354378310982,0.0653561828938812,0.769620929854567
vss,2019-06,Telecommunications,0.01630432057925637,0.03837163142067697,0.6552059388213175
vss,2019-06,Utilities,0.026788424786225,0.05440857485685022,0.7297667677726918
vss,2019-07,Business Services,0.03815620767036255,-0.005113094173744754,0.6395206465548755
vss,2019-07,Consumer Cyclicals,0.073263209813627,-0.00826489366856505,0.7473928284296136
vss,2019-07,Consumer Non-Cyclicals,0.07549170424340176,-0.02412718097954049,0.6836005084600566
vss,2019-07,Consumer Services,0.04801272751628987,-0.0200604552726326,0.7812795303428575
vss,2019-07,Energy,0.037268721152599035,-0.0048354190251980265,0.8219018674067244
vss,2019-07,Finance,0.22857432393726024,-0.006990725803123601,0.739836380006397
vss,2019-07,Healthcare,0.06187507075221935,-0.01034943749002434,0.6720877344731562
vss,2019-07,Industrials,0.1479420632827236,-0.037117579182618494,0.7756813204277685
vss,2019-07,Non-Corporate,0.0020190068169589096,0.05010009206413156,0.18164821788379032
vss,2019-07,Non-Energy Materials,0.1233426924273897,-0.009798915602829531,0.6901714757502836
vss,2019-07,Technology,0.11724148473561333,0.03842848505502232,0.7695526286313537
vss,2019-07,Telecommunications,0.016577966744181483,-0.023971967146518502,0.6395535111321956
vss,2019-07,Utilities,0.030234820907373186,0.011213839693965801,0.7451082381165405
vss,2019-08,Business Services,0.03864464407534908,-0.04751904127365222,0.6428577697303279
vss,2019-08,Consumer Cyclicals,0.07347855295692227,-0.03233094476141715,0.754027129094044
vss,2019-08,Consumer Non-Cyclicals,0.07450957657218805,-0.04625984226049052,0.6822566032991437
vss,2019-08,Consumer Services,0.04797900811732489,-0.007473413155043827,0.7779179571228405
vss,2019-08,Energy,0.0368665884803779,-0.10055319352391182,0.8294030751696384
vss,2019-08,Finance,0.2298094499590869,-0.012416631469294465,0.7373400173771352
vss,2019-08,Healthcare,0.06208950126624768,-0.028280749181734902,0.6703658180881533
vss,2019-08,Industrials,0.1423023081763181,-0.04597892211051928,0.7720477536738869
vss,2019-08,Non-Corporate,0.001972674894891705,0.05266555184959021,0.19338440987342356
vss,2019-08,Non-Energy Materials,0.12349087385307227,-0.008967117465794412,0.690397440531341
vss,2019-08,Technology,0.12125730845901503,-0.03862666298358948,0.7700233672177996
vss,2019-08,Telecommunications,0.016772228703851415,-0.02275786701497049,0.6194700382328865
vss,2019-08,Utilities,0.030827284485354715,-0.013681771967544559,0.7519264316478038
vss,2019-09,Business Services,0.03835925170812469,0.024620431452933186,0.6365128426796294
vss,2019-09,Consumer Cyclicals,0.07335009583137035,0.0261983347218207,0.7555533737628801
vss,2019-09,Consumer Non-Cyclicals,0.07370695742308127,-0.004083548487747751,0.6830270606094928
vss,2019-09,Consumer Services,0.04906550385186474,0.013259923556931164,0.7818081628515899
vss,2019-09,Energy,0.034848326589481254,0.06487899434571907,0.8251310094960734
vss,2019-09,Finance,0.23386663839347868,0.02913607835734403,0.7410570123166315
vss,2019-09,Healthcare,0.06070480007751291,-0.01280731244198902,0.6902166806747458
vss,2019-09,Industrials,0.14041014874814514,0.0343798627005943,0.7713851814785199
vss,2019-09,Non-Corporate,0.0019441381505562164,0.008838783214645707,0.2135435150633153
vss,2019-09,Non-Energy Materials,0.12458023380176148,-0.0035580978970439227,0.700497709170889
vss,2019-09,Technology,0.12074782604097833,0.03048913687823952,0.7688606987420541
vss,2019-09,Telecommunications,0.016691682895850705,0.009866297452750085,0.606106765706481
vss,2019-09,Utilities,0.03172439648779424,0.026689643175705616,0.7460368375300104
vss,2019-10,Business Services,0.038298756201732974,0.0441610874899765,0.6595094923573266
vss,2019-10,Consumer Cyclicals,0.0765457918637334,0.01912446404671576,0.7514178483228281
vss,2019-10,Consumer Non-Cyclicals,0.07055018932222046,0.02046609634547065,0.683536933782421
vss,2019-10,Consumer Services,0.04769024032390439,0.0403542591946499,0.7668388782044949
vss,2019-10,Energy,0.034416643046157915,-0.03508615300387388,0.8192318192037048
vss,2019-10,Finance,0.2351865251474095,0.028953686086261227,0.7362060172672631
vss,2019-10,Healthcare,0.056964707602770163,0.05462773413718637,0.6887595371715312
vss,2019-10,Industrials,0.14455720435270786,0.04694662186005664,0.7680695522421813
vss,2019-10,Non-Corporate,0.0019565522276630072,-0.0018035384778460894,0.20872196098965493
vss,2019-10,Non-Energy Materials,0.12470937978369304,0.05632291135502452,0.7013637679396959
vss,2019-10,Technology,0.12154971226752125,0.06483533278707897,0.7892547043549895
vss,2019-10,Telecommunications,0.015175304334670802,0.037698680499173264,0.6432508726795635
vss,2019-10,Utilities,0.03239899352581524,0.01967037663860835,0.7537899989540732
vss,2019-11,Business Services,0.03858941687798085,0.012907044529237082,0.6663177255653987
vss,2019-11,Consumer Cyclicals,0.07496188988220338,0.016473561077218455,0.7436486909329055
vss,2019-11,Consumer Non-Cyclicals,0.07012089602602577,0.0077497811809896676,0.6807622358963407
vss,2019-11,Consumer Services,0.04586474105812355,0.024481615729216828,0.7671664209685132
vss,2019-11,Energy,0.032291933606932006,0.03071448541911639,0.8172365162672184
vss,2019-11,Finance,0.23318783494082856,0.020609127670667214,0.7364536103712663
vss,2019-11,Healthcare,0.058532994688072784,0.015064335743435775,0.688647498088743
vss,2019-11,Industrials,0.14658886701595375,0.016034798509402478,0.7689363889612306
vss,2019-11,Non-Corporate,0.001923994466259335,-0.030924701269630428,0.239298203012134
vss,2019-11,Non-Energy Materials,0.1272019695277034,0.0004336634269501555,0.7075564959487257
vss,2019-11,Technology,0.1244146777482635,0.02105721826455778,0.7927942099742111
vss,2019-11,Telecommunications,0.014433143049934313,0.027769024745419795,0.6806150187935515
vss,2019-11,Utilities,0.031887641111718795,0.013451071987420852,0.7532756432533076
vss,2019-12,Business Services,0.038508493746464194,0.043305010808047176,0.667036784462383
vss,2019-12,Consumer Cyclicals,0.07441938332335273,0.05416491368568139,0.7372216637054474
vss,2019-12,Consumer Non-Cyclicals,0.07003014814549707,0.03164941065608806,0.6801122213186479
vss,2019-12,Consumer Services,0.046269826025474074,0.036764248389728194,0.7679160872437472
vss,2019-12,Energy,0.03206645794681512,0.11566094098993532,0.8373645805352219
vss,2019-12,Finance,0.23353610420150603,0.04103127328616564,0.7380422951667571
vss,2019-12,Healthcare,0.05866945029085779,0.04644115876099354,0.6877049384085652
vss,2019-12,Industrials,0.1476025244894648,0.05454511107973882,0.7659884720226665
vss,2019-12,Non-Corporate,0.0021294914794819392,0.0001437627682296938,0.20416807336075365
vss,2019-12,Non-Energy Materials,0.12559701207218363,0.06954719508628124,0.7070109984506604
vss,2019-12,Technology,0.12465265217841473,0.05767485816207401,0.7911723614470854
vss,2019-12,Telecommunications,0.014668740034532038,0.020510786977549048,0.6879470601237108
vss,2019-12,Utilities,0.03184971606595586,0.03694735078236857,0.7540562053527947
vss,2020-01,Business Services,0.03813489793900493,-0.039586532504328774,0.6673815544480353
vss,2020-01,Consumer Cyclicals,0.07495648272014145,-0.051298503436047166,0.7473897324540287
vss,2020-01,Consumer Non-Cyclicals,0.06880225124949603,-0.022620976494993148,0.6822719683720593
vss,2020-01,Consumer Services,0.0465319649979992,-0.050860279303762884,0.7683694851623654
vss,2020-01,Energy,0.03365793388161362,-0.11789341127512513,0.8531331374583564
vss,2020-01,Finance,0.23138508794852622,-0.009555747744027027,0.7314361470520001
vss,2020-01,Healthcare,0.05896648040284834,-0.019931672097533937,0.6857385614518092
vss,2020-01,Industrials,0.14812476402544233,-0.040247793233569466,0.7630250270993062
vss,2020-01,Non-Corporate,0.0014046830112638949,-0.013272395628330047,0.2676306400527817
vss,2020-01,Non-Energy Materials,0.12734627108860783,-0.03920997210634855,0.7062774945985334
vss,2020-01,Technology,0.12634170606574902,-0.02156232339848156,0.7938788079532133
vss,2020-01,Telecommunications,0.013123462779705782,-0.013302248672244053,0.6473624912996562
vss,2020-01,Utilities,0.031224013889601353,0.0325565133449269,0.7468491555628493
vss,2020-02,Business Services,0.03686284017267667,-0.12196623644156014,0.6808028676578618
vss,2020-02,Consumer Cyclicals,0.07309953200071462,-0.10413275809202958,0.753429635563517
vss,2020-02,Consumer Non-Cyclicals,0.06913536540582152,-0.08431741996234439,0.6861538932852977
vss,2020-02,Consumer Services,0.04546356603404578,-0.10728563740780407,0.7722766775647942
vss,2020-02,Energy,0.03009231255797587,-0.1201706987850192,0.8528663564011667
vss,2020-02,Finance,0.23508258796087192,-0.07456845935172564,0.7301688533595444
vss,2020-02,Healthcare,0.060317225952918836,-0.06835410411131143,0.681299173072859
vss,2020-02,Industrials,0.1470644972705724,-0.09470756041407409,0.76178030704568
vss,2020-02,Non-Corporate,0.0019524638574774781,-0.06397075373460638,0.2038501509853413
vss,2020-02,Non-Energy Materials,0.12565228393171451,-0.08505385003716225,0.7050566146164555
vss,2020-02,Technology,0.12849512858720155,-0.06622061241706198,0.7985211050018786
vss,2020-02,Telecommunications,0.013296986285793889,-0.06636802274919378,0.6483152808684441
vss,2020-02,Utilities,0.03348520998221495,-0.06168069630457221,0.7342161975792044
vss,2020-03,Business Services,0.03631451485195637,-0.24916539070196447,0.6660748528100391
vss,2020-03,Consumer Cyclicals,0.07186021294869331,-0.27983850337577093,0.7542750679023814
vss,2020-03,Consumer Non-Cyclicals,0.06928026114712243,-0.07581740408006829,0.6894717825670881
vss,2020-03,Consumer Services,0.04476768511363221,-0.22740633082815223,0.7696340273244593
vss,2020-03,Energy,0.0286981039829226,-0.40217308755786774,0.8636519445827133
vss,2020-03,Finance,0.2358997709122408,-0.236941881650072,0.7272727969049655
vss,2020-03,Healthcare,0.06224798834994988,-0.06287242016426203,0.6849510515690187
vss,2020-03,Industrials,0.14491117662431405,-0.2101002284801027,0.7671600434371505
vss,2020-03,Non-Corporate,0.0019871672862262443,-0.07991617027168241,0.008635912246160215
vss,2020-03,Non-Energy Materials,0.12459297982935097,-0.16818473720561905,0.7137275926999874
vss,2020-03,Technology,0.13174541816340793,-0.14540341155616135,0.804454813131178
vss,2020-03,Telecommunications,0.013293042831650883,-0.10454215018389541,0.6566656713411602
vss,2020-03,Utilities,0.03440167795853235,-0.14142368302057579,0.7490665773839196
vss,2020-04,Business Services,0.03403054505568803,0.11913347891797418,0.6659695536907486
vss,2020-04,Consumer Cyclicals,0.06642569049051425,0.1487415172845239,0.7453123830049319
vss,2020-04,Consumer Non-Cyclicals,0.0803298460437067,0.09533705438172091,0.7076868793694022
vss,2020-04,Consumer Services,0.03908548192921869,0.13051792001108947,0.7856115399490535
vss,2020-04,Energy,0.022314318200290253,0.28161988176946395,0.8525481044217982
vss,2020-04,Finance,0.22728417866472275,0.07563599989604726,0.7341149181090718
vss,2020-04,Healthcare,0.07481838047303348,0.10556882839613252,0.6917152282198914
vss,2020-04,Industrials,0.14350274731569923,0.12952606528973115,0.7509049221495786
vss,2020-04,Non-Corporate,0.001562566694235218,0.11091382910752992,0.018743958836776646
vss,2020-04,Non-Energy Materials,0.13114348763261285,0.19554639070153332,0.7226501082165182
vss,2020-04,Technology,0.13016512893955573,0.15922951971676957,0.7678469573484179
vss,2020-04,Telecommunications,0.013474471508850254,0.07559226011846988,0.7419720906172561
vss,2020-04,Utilities,0.03586315705187255,0.06583150928310266,0.8034791860046673
vss,2020-05,Business Services,0.03276109669735427,0.061040414522662526,0.6910630050609107
vss,2020-05,Consumer Cyclicals,0.06786600756129949,0.06451288937780295,0.7441754858648848
vss,2020-05,Consumer Non-Cyclicals,0.07856624281827557,0.05652974788249869,0.7093543523554321
vss,2020-05,Consumer Services,0.039473715919450425,0.088668195650738,0.7776529142261231
vss,2020-05,Energy,0.02548291226434153,0.009234839767405117,0.8519844225732203
vss,2020-05,Finance,0.21648298977851377,0.026106218076438054,0.7348480115725221
vss,2020-05,Healthcare,0.07337252103416335,0.08232487171827893,0.692210756457474
vss,2020-05,Industrials,0.14342961208261645,0.04357935610000276,0.7544172005577454
vss,2020-05,Non-Corporate,0.001366015104974007,0.05621390091490043,0.021396764123169976
vss,2020-05,Non-Energy Materials,0.13940803803804436,0.05994983686144052,0.7219300194316679
vss,2020-05,Technology,0.13444652597048992,0.0665616153164059,0.7649375338186799
vss,2020-05,Telecommunications,0.01310078059931398,0.011689479240057065,0.7197511217418334
vss,2020-05,Utilities,0.03424354213116285,0.0368976708403474,0.794292988235906
vss,2020-06,Business Services,0.03381736062765809,0.021434854880849875,0.6767253966363838
vss,2020-06,Consumer Cyclicals,0.06964368750713285,0.028355054366075987,0.7355916247357956
vss,2020-06,Consumer Non-Cyclicals,0.07850784429792017,0.0453542928922042,0.7177398022888746
vss,2020-06,Consumer Services,0.03880133060707638,-0.02094941710076456,0.7693423274822968
vss,2020-06,Energy,0.0240787860853394,0.02446054783238895,0.8592971503184642
vss,2020-06,Finance,0.21128871002268393,0.03500598085206071,0.7294552255388267
vss,2020-06,Healthcare,0.07514577165864163,0.0629780003845561,0.7006075631489204
vss,2020-06,Industrials,0.1428036117756922,0.027124127842038468,0.7548337689122201
vss,2020-06,Non-Corporate,0.0013878515307604263,0.026253012711128895,0.015560121559724537
vss,2020-06,Non-Energy Materials,0.1411338354937104,0.04728979365555215,0.7230087288263819
vss,2020-06,Technology,0.137487196994236,0.07058047279657137,0.7690272716261622
vss,2020-06,Telecommunications,0.012570205808513903,0.0459554112264601,0.7227877100205173
vss,2020-06,Utilities,0.03333380759063464,0.037464435114527024,0.8061667462381217
vss,2020-07,Business Services,0.03360031739856344,0.01805946471890371,0.6851692156606145
vss,2020-07,Consumer Cyclicals,0.06881654359280195,0.04280492088515019,0.7332897471043522
vss,2020-07,Consumer Non-Cyclicals,0.07861844057805635,0.055981506961738176,0.7188719031728493
vss,2020-07,Consumer Services,0.03657636879386108,-0.00531469840238532,0.7665251150989376
vss,2020-07,Energy,0.02273332721762703,0.035646747612083265,0.8529753804825981
vss,2020-07,Finance,0.20875623412317956,0.04335823948777423,0.7293586821280148
vss,2020-07,Healthcare,0.07822226182306291,0.10446957964525501,0.7121225048515458
vss,2020-07,Industrials,0.14084901312608333,0.05834141260480395,0.7581170603310219
vss,2020-07,Non-Corporate,0.0013861431370662284,0.044112953047330324,0.015676232255444983
vss,2020-07,Non-Energy Materials,0.14279891671343006,0.10149447227197696,0.717118398581657
vss,2020-07,Technology,0.14144046669898488,0.07841656803506183,0.7674372483641366
vss,2020-07,Telecommunications,0.012940742520432045,0.039839515852352826,0.7573059156665106
vss,2020-07,Utilities,0.03326122427685111,0.07164798043026356,0.8015895690167159
vss,2020-08,Business Services,0.03233132134759714,0.063983150268909,0.6831630038179798
vss,2020-08,Consumer Cyclicals,0.06769287228113015,0.10409649497368362,0.732443254408468
vss,2020-08,Consumer Non-Cyclicals,0.0774803889721414,0.040671950921256625,0.7230238996851509
vss,2020-08,Consumer Services,0.03414345906915079,0.13566190644594178,0.7736021851907311
vss,2020-08,Energy,0.023242527657851116,0.08301847124511105,0.8559892275208655
vss,2020-08,Finance,0.2041260277988996,0.04720631853840028,0.7342598057870737
vss,2020-08,Healthcare,0.08125536975011219,0.050146617066319905,0.7166218761600169
vss,2020-08,Industrials,0.13936062697598914,0.0566753306657043,0.7614880453622935
vss,2020-08,Non-Corporate,0.0013096774724456939,0.027421080005841203,0.01653420591216267
vss,2020-08,Non-Energy Materials,0.14875760555780795,0.03666729549660146,0.7127060066430632
vss,2020-08,Technology,0.14368865236096467,0.011290117401660726,0.7652951140404883
vss,2020-08,Telecommunications,0.012782870438827164,0.10211148732951297,0.7519989024427686
vss,2020-08,Utilities,0.03382860031708295,0.013354686325442105,0.8038928987903601
vss,2020-09,Business Services,0.03306614602528631,-0.013903226637133491,0.6778799802578475
vss,2020-09,Consumer Cyclicals,0.07101134925832092,-0.0039324080654289575,0.7331258251129058
vss,2020-09,Consumer Non-Cyclicals,0.07736354942068066,-0.011971973894460137,0.7207200764970056
vss,2020-09,Consumer Services,0.037071142440303274,-0.033220088542227515,0.767768888492578
vss,2020-09,Energy,0.023589447453361344,-0.11018798021309839,0.8617998390550922
vss,2020-09,Finance,0.20259765723537143,-0.03141535716007637,0.7357380153148111
vss,2020-09,Healthcare,0.08172757060289028,-0.01556569114337069,0.7230214358673402
vss,2020-09,Industrials,0.14000670035528662,-0.01340352734608944,0.7589716708760923
vss,2020-09,Non-Corporate,0.0012153973080643301,-0.04912004434239602,0.017180325607435216
vss,2020-09,Non-Energy Materials,0.14759532990851937,-0.021759258239619664,0.7098708356815218
vss,2020-09,Technology,0.13878823894645267,-0.0027367790927604616,0.7600829235896293
vss,2020-09,Telecommunications,0.013266114726124928,0.014338762362321183,0.7550165539628355
vss,2020-09,Utilities,0.03270135631933788,0.012327697370152976,0.796786081207519
vss,2020-10,Business Services,0.03715962007895721,-0.029578354163226444,0.7090569533731257
vss,2020-10,Consumer Cyclicals,0.0754264829826877,0.008715490223205122,0.7406167876521206
vss,2020-10,Consumer Non-Cyclicals,0.07400111143861587,-0.03713401082515623,0.7108496606085302
vss,2020-10,Consumer Services,0.03429395033699053,-0.04632697669970065,0.7284968262174412
vss,2020-10,Energy,0.025303224235531153,-0.03422497895053783,0.802570367112984
vss,2020-10,Finance,0.2087947705685291,-0.025076056255181098,0.7454192519798727
vss,2020-10,Healthcare,0.08228224090900874,-0.038008324850365476,0.7049969438547389
vss,2020-10,Industrials,0.13692448307940103,-0.0191540257121377,0.7573314648252711
vss,2020-10,Non-Corporate,0.0012253363503744823,0.005568980082609087,0.01635214895760295
vss,2020-10,Non-Energy Materials,0.14337953454152225,-0.014456932071244313,0.7364933329090406
vss,2020-10,Technology,0.1318622031443754,-0.02548309469902335,0.7753319391538599
vss,2020-10,Telecommunications,0.013936356961026693,-0.012916345974116736,0.714840903115815
vss,2020-10,Utilities,0.03541068537297985,-0.002074330356634922,0.8015399794864261
vss,2020-11,Business Services,0.0367807055976399,0.16069592802159297,0.7100985720823233
vss,2020-11,Consumer Cyclicals,0.07603885791395,0.13364018091370014,0.7451567294596712
vss,2020-11,Consumer Non-Cyclicals,0.07239670835932117,0.0958214466715901,0.715557319218418
vss,2020-11,Consumer Services,0.03367921142589671,0.21909562652675635,0.7247798658277069
vss,2020-11,Energy,0.025371198052522474,0.23864602803426696,0.8017726661695079
vss,2020-11,Finance,0.20792691968783267,0.14051069032801786,0.7508118028095332
vss,2020-11,Healthcare,0.0813280135340519,0.0724643805897157,0.7258197522458839
vss,2020-11,Industrials,0.13792953890775608,0.172279118446896,0.7621892339295582
vss,2020-11,Non-Corporate,0.0012813824428192662,0.08145894283944988,0.016867110990486413
vss,2020-11,Non-Energy Materials,0.14663610496283985,0.09644189719125126,0.7397266997555654
vss,2020-11,Technology,0.13122734075967651,0.1296991938757997,0.7777294328692717
vss,2020-11,Telecommunications,0.013990210308231832,0.0974923205656317,0.6046988885443918
vss,2020-11,Utilities,0.035413808047461595,0.09388040238500345,0.8087660676865985
vss,2020-12,Business Services,0.0382700771811423,0.05524943429814925,0.7080212039535022
vss,2020-12,Consumer Cyclicals,0.07673411101519463,0.061040598915253465,0.7414375638561108
vss,2020-12,Consumer Non-Cyclicals,0.0708604294998023,0.03542360656274046,0.7111681959573726
vss,2020-12,Consumer Services,0.03532674740685059,0.05454657879793699,0.7302294053447508
vss,2020-12,Energy,0.027752842958828357,0.09377490669163753,0.8018349033156125
vss,2020-12,Finance,0.21050452530750688,0.04854069225833843,0.7438324285839973
vss,2020-12,Healthcare,0.07723657809546043,0.0527827727603101,0.7256252187782666
vss,2020-12,Industrials,0.14299974746526492,0.08438271345569816,0.7626895038361823
vss,2020-12,Non-Corporate,0.001262794202284776,,0.0
vss,2020-12,Non-Energy Materials,0.14277290809176274,0.09164167766340511,0.7384922518867111
vss,2020-12,Technology,0.13082831627903607,0.06698896700626955,0.7795429734461256
vss,2020-12,Telecommunications,0.011048417113359672,0.024918996952508495,0.659264755513667
vss,2020-12,Utilities,0.03440250538350635,0.0799312983301615,0.8059057599541359
vss,2021-01,Business Services,0.03819256375158869,-0.006625595866322124,0.7119987444509858
vss,2021-01,Consumer Cyclicals,0.07605427316549071,-0.018659112524176083,0.7365407258469611
vss,2021-01,Consumer Non-Cyclicals,0.06840970862376301,0.0019221035631098852,0.7122087834800228
vss,2021-01,Consumer Services,0.03491715815817483,0.0018631012803003646,0.7250459587623749
vss,2021-01,Energy,0.027799210045295605,-0.03480779311561711,0.8114782448485741
vss,2021-01,Finance,0.21183297313800867,-0.018821967832712512,0.7367265016979245
vss,2021-01,Healthcare,0.07749638320181747,-0.030490201662792697,0.7175604707129236
vss,2021-01,Industrials,0.14356435544419766,-0.0005522906015156629,0.765985252178765
vss,2021-01,Non-Corporate,0.0007150174719339358,,0.0
vss,2021-01,Non-Energy Materials,0.14639090609721153,-0.008911849714851068,0.7335194517125894
vss,2021-01,Technology,0.12941947143296992,0.03437530490842311,0.7828203680154129
vss,2021-01,Telecommunications,0.010435414226670305,-0.020583534390877217,0.6647854724084271
vss,2021-01,Utilities,0.03477256524287764,-0.007438757065256602,0.8033556364689008
vss,2021-02,Business Services,0.037583285660537244,0.037649245339562334,0.7225537370993581
vss,2021-02,Consumer Cyclicals,0.07550958730527056,0.044205467289295176,0.7345600671006334
vss,2021-02,Consumer Non-Cyclicals,0.06918312870747279,0.02166644243046953,0.7095062674304499
vss,2021-02,Consumer Services,0.03510685736328184,0.09090802578295974,0.7280721948547028
vss,2021-02,Energy,0.026742268973448113,0.14933189922011703,0.8187728749916803
vss,2021-02,Finance,0.20740842655363506,0.04660334678614093,0.737489115131674
vss,2021-02,Healthcare,0.07647974508076466,-0.023742364181144743,0.7096885239713382
vss,2021-02,Industrials,0.1449455190389469,0.034477119925499,0.7639088553569965
vss,2021-02,Non-Corporate,0.0007186082302300614,,0.0
vss,2021-02,Non-Energy Materials,0.14536707438249535,0.04757690774801631,0.7368179308933117
vss,2021-02,Technology,0.1341431531444544,0.027311480042201772,0.7841787758270201
vss,2021-02,Telecommunications,0.010319619463632204,0.019271296125584817,0.6638531408315003
vss,2021-02,Utilities,0.036492726095830805,-0.04966412200703602,0.7756018288408355
vss,2021-03,Business Services,0.03767610870658563,0.02511190746360047,0.7191968247219389
vss,2021-03,Consumer Cyclicals,0.07596392021522815,0.039634323360898144,0.7392656252026476
vss,2021-03,Consumer Non-Cyclicals,0.06870934744801457,0.012684769290161223,0.6983456662170976
vss,2021-03,Consumer Services,0.03745140264097114,-0.0022410795540337065,0.7261510394461252
vss,2021-03,Energy,0.02961478220119292,0.04899319336394898,0.8117344821175937
vss,2021-03,Finance,0.2095684039915551,0.016747116263166203,0.7343491337519332
vss,2021-03,Healthcare,0.07189885220057593,-0.01847270407010566,0.7096140800353374
vss,2021-03,Industrials,0.14498846755393535,0.030208527926005202,0.7596443634738111
vss,2021-03,Non-Corporate,0.000619005211527069,,0.0
vss,2021-03,Non-Energy Materials,0.14694146540251157,-0.001522892606368368,0.7330412650481822
vss,2021-03,Technology,0.13383095584181331,0.004989508702893634,0.774586460189882
vss,2021-03,Telecommunications,0.010026745381012942,0.007154767512339303,0.6681543247419736
vss,2021-03,Utilities,0.03271054320507631,0.0457331773363012,0.7613861827831099
vss,2021-04,Business Services,0.041093949833980285,0.029967447273138208,0.7220046284462233
vss,2021-04,Consumer Cyclicals,0.08121746556268535,0.07046636603277627,0.7555897055604394
vss,2021-04,Consumer Non-Cyclicals,0.06996379855744492,0.023872044714997872,0.7103812670128637
vss,2021-04,Consumer Services,0.03668898214985018,0.034488232375221375,0.7226063947765895
vss,2021-04,Energy,0.02949113073747281,0.04097211838183079,0.798526958673573
vss,2021-04,Finance,0.21172306156074855,0.05865660610446466,0.7292825234787074
vss,2021-04,Healthcare,0.06835725401982931,0.08691578228787145,0.741391673981064
vss,2021-04,Industrials,0.14666364082585195,0.04530129465306397,0.7723135435342912
vss,2021-04,Non-Corporate,0.0009093452981919539,,0.0
vss,2021-04,Non-Energy Materials,0.14345897348523937,0.09044890325010532,0.7356116629377327
vss,2021-04,Technology,0.1282706394086223,0.0516905058234934,0.768891698102568
vss,2021-04,Telecommunications,0.010109423050783571,0.02136507679646995,0.6609528364584265
vss,2021-04,Utilities,0.03205233550929948,0.0170389025852246,0.8148399163689108
vss,2021-05,Business Services,0.038785552815020274,0.006258467774915044,0.7097131826941989
vss,2021-05,Consumer Cyclicals,0.08253028593998771,0.022926933305562624,0.7599265486647248
vss,2021-05,Consumer Non-Cyclicals,0.06794635265147747,0.008160809072595497,0.7116753481326378
vss,2021-05,Consumer Services,0.034591242861505916,0.022475089274571272,0.7155418875228096
vss,2021-05,Energy,0.029027982774319703,0.05810500609631681,0.776163693981894
vss,2021-05,Finance,0.21256232584525353,0.032959500199839176,0.7251808297855094
vss,2021-05,Healthcare,0.07056054707326992,0.03337664615691571,0.7438603181991682
vss,2021-05,Industrials,0.14565425933295836,0.024077700884862475,0.7739554802053071
vss,2021-05,Non-Corporate,0.0009047541591335596,,0.0
vss,2021-05,Non-Energy Materials,0.14694313019147237,0.012864258187984524,0.7347986128367139
vss,2021-05,Technology,0.1294307870945424,-0.017815650383610524,0.766821186302364
vss,2021-05,Telecommunications,0.009703706134127616,0.037589526237962134,0.6560525353641945
vss,2021-05,Utilities,0.03135907312693119,8.16608966144325e-06,0.8163237708830587
vss,2021-06,Business Services,0.03852731256043742,0.018316531441697915,0.7072797245763981
vss,2021-06,Consumer Cyclicals,0.08394186209010278,0.007265910027338406,0.7582057912648482
vss,2021-06,Consumer Non-Cyclicals,0.06582520173770555,-0.015410019640843263,0.7295525051631616
vss,2021-06,Consumer Services,0.034599601699898806,-0.026520971765813244,0.7200396180387687
vss,2021-06,Energy,0.029574597418091098,0.01613964274411557,0.789716437876302
vss,2021-06,Finance,0.21582969590154683,-0.012941277218030412,0.7285470045713052
vss,2021-06,Healthcare,0.071778774221242,0.02630421407137853,0.7436277679883085
vss,2021-06,Industrials,0.14642306033134458,0.015717645313972427,0.7770303921460975
vss,2021-06,Non-Corporate,0.0007332340876741997,,0.0
vss,2021-06,Non-Energy Materials,0.14767673653013233,-0.02746764717498825,0.7296941771780944
vss,2021-06,Technology,0.12484197333601425,0.040452799251288765,0.7671518410581764
vss,2021-06,Telecommunications,0.009653105252937944,-0.02775022881720977,0.6821715657799269
vss,2021-06,Utilities,0.03059484483287222,-0.0008572607679927033,0.8179495046051363
vss,2021-07,Business Services,0.03885150538872369,0.0026530263631348657,0.7066656480477186
vss,2021-07,Consumer Cyclicals,0.08455383753868298,0.0003832590694225903,0.7572921592606903
vss,2021-07,Consumer Non-Cyclicals,0.06422360176804105,-0.010815892479641941,0.7286192876605588
vss,2021-07,Consumer Services,0.03381115978353576,-0.022241751240716312,0.7196622991754416
vss,2021-07,Energy,0.030129046767205157,-0.0549856252703636,0.7769239183539294
vss,2021-07,Finance,0.21471235541630418,0.014002605071541017,0.7281274780188142
vss,2021-07,Healthcare,0.07364118616394093,-0.020140099932240297,0.7435616590970884
vss,2021-07,Industrials,0.1459739495347486,0.010628800247457075,0.7822033765072662
vss,2021-07,Non-Corporate,0.0009129403942606015,,0.0
vss,2021-07,Non-Energy Materials,0.143052119820965,0.04376188087991344,0.7344942279598059
vss,2021-07,Technology,0.12947057508534263,0.021311449931884035,0.7690797683353516
vss,2021-07,Telecommunications,0.009188379531533597,0.003569242067706226,0.6807161004739919
vss,2021-07,Utilities,0.03147934280671583,0.014720959728831046,0.8177900903898355
vss,2021-08,Business Services,0.038681813929143036,0.0036289798982046544,0.706342562240414
vss,2021-08,Consumer Cyclicals,0.0840192126323037,0.014918469955911484,0.7558543794416732
vss,2021-08,Consumer Non-Cyclicals,0.06256481327851579,0.012372099210857202,0.7339627838020281
vss,2021-08,Consumer Services,0.03255791572916842,0.02666696152722073,0.723968264317934
vss,2021-08,Energy,0.028322503317857774,0.0028979295230046544,0.7750802011848941
vss,2021-08,Finance,0.2160552497055472,0.02766635749676055,0.7238376154829232
vss,2021-08,Healthcare,0.0712486689558493,0.00567844014323232,0.7422049677818382
vss,2021-08,Industrials,0.14730725794801125,0.023202771165976997,0.7782354063154522
vss,2021-08,Non-Corporate,0.0009694493173260308,,0.0
vss,2021-08,Non-Energy Materials,0.14745082169008164,0.003981935473896864,0.7377955319323156
vss,2021-08,Technology,0.1302807336543392,0.013564225316867488,0.7727538023377113
vss,2021-08,Telecommunications,0.009158521527319007,0.04329718163727985,0.6832913180003911
vss,2021-08,Utilities,0.03138303831453763,0.006684621058443024,0.8179866633150743
vss,2021-09,Business Services,0.038604483269721775,-0.017881433067935045,0.7022373385967174
vss,2021-09,Consumer Cyclicals,0.08401512015073384,-0.036811090635386685,0.752930518283223
vss,2021-09,Consumer Non-Cyclicals,0.06292637514341314,-0.034593347299734234,0.7305471710076691
vss,2021-09,Consumer Services,0.03310574679312962,0.019364175651992357,0.726007398242101
vss,2021-09,Energy,0.02613227186364993,0.11453782358592829,0.8372283202004736
vss,2021-09,Finance,0.21879595403877306,-0.04137688082598425,0.7236743955728924
vss,2021-09,Healthcare,0.06976408360238152,-0.051645281574219604,0.7412309270251959
vss,2021-09,Industrials,0.14832434637953912,-0.03717049484600634,0.7832721712570295
vss,2021-09,Non-Corporate,0.0009928464259046166,,0.0
vss,2021-09,Non-Energy Materials,0.14658741978317721,-0.03679287359576204,0.7386540715870092
vss,2021-09,Technology,0.1285469502043861,-0.05242019178738944,0.7830619346328939
vss,2021-09,Telecommunications,0.00919771468333103,-0.002583375212649478,0.7002779613588798
vss,2021-09,Utilities,0.03300668766185902,-0.022521013181919392,0.8317417544101051
vss,2021-10,Business Services,0.04100818892221662,0.01889091487787081,0.6797854205036189
vss,2021-10,Consumer Cyclicals,0.08369204672110758,0.015422651450416219,0.7457677720826043
vss,2021-10,Consumer Non-Cyclicals,0.062436025613346394,-0.0024551143151106273,0.7255643658993308
vss,2021-10,Consumer Services,0.03376218808286312,-0.0027962419804794976,0.7255913532938189
vss,2021-10,Energy,0.030650229164354118,0.04629760714990945,0.8259933826409597
vss,2021-10,Finance,0.21803038661554255,0.04707996085296431,0.7242605106234155
vss,2021-10,Healthcare,0.06945738771261449,-0.009931156295993523,0.7702638173278302
vss,2021-10,Industrials,0.13843206326428545,0.02818805715219696,0.7784975243108385
vss,2021-10,Non-Corporate,0.0013692473825031206,,0.0
vss,2021-10,Non-Energy Materials,0.14926355433107588,0.028099452341828816,0.750685364030265
vss,2021-10,Technology,0.12643618096642623,0.04867665407510218,0.7721045586504756
vss,2021-10,Telecommunications,0.011035796578485203,0.010433659276666615,0.7132483109358455
vss,2021-10,Utilities,0.03442670464517929,0.023131648362793487,0.8073117493865103
vss,2021-11,Business Services,0.0407290402545534,-0.071906331245356,0.6789051493970946
vss,2021-11,Consumer Cyclicals,0.08292043838277526,-0.042778963900993255,0.7501392100112944
vss,2021-11,Consumer Non-Cyclicals,0.06028021617299061,-0.04590099494850126,0.7226114985929547
vss,2021-11,Consumer Services,0.03212310592630544,-0.11625428763721678,0.7423664425152919
vss,2021-11,Energy,0.03011340101602848,-0.08417483572075649,0.8363837967330195
vss,2021-11,Finance,0.22066304561943242,-0.05693974613214755,0.7309027978006266
vss,2021-11,Healthcare,0.06742739083579274,-0.05114044225887975,0.7697098311867401
vss,2021-11,Industrials,0.13940545940798665,-0.06768977954482806,0.7768231452014855
vss,2021-11,Non-Corporate,0.0013454110076359725,,0.0
vss,2021-11,Non-Energy Materials,0.1509717267661502,-0.02578590128756956,0.7454628785109584
vss,2021-11,Technology,0.12891935875046281,0.00449721783416124,0.7733547947301922
vss,2021-11,Telecommunications,0.010853809018890648,-0.026029278783659886,0.7118269534882485
vss,2021-11,Utilities,0.03424759684099537,-0.05305942186607462,0.8064139457097317
vss,2021-12,Business Services,0.039927161558722946,0.02954655992804713,0.6909067080596415
vss,2021-12,Consumer Cyclicals,0.08011022766684049,0.04144797279067099,0.7653145954965231
vss,2021-12,Consumer Non-Cyclicals,0.06070490322962628,0.015320272142301613,0.7285740509876676
vss,2021-12,Consumer Services,0.03042393352375491,0.04901676693120688,0.7344783118550428
vss,2021-12,Energy,0.02995824895221161,0.035535935468491764,0.8370829342908533
vss,2021-12,Finance,0.2173932731580801,0.03981734064502424,0.7274714062570478
vss,2021-12,Healthcare,0.0674585493758749,0.03228528979949173,0.7732773202946295
vss,2021-12,Industrials,0.13711625566463176,0.04684781807475063,0.7751817986505999
vss,2021-12,Non-Corporate,0.0013723603756712957,,0.0
vss,2021-12,Non-Energy Materials,0.15349691207139973,0.042156479101369625,0.7471264271901367
vss,2021-12,Technology,0.13622363932198328,0.03356265189894368,0.7737947885352524
vss,2021-12,Telecommunications,0.011262488388311892,0.04301562155428934,0.7126938870145239
vss,2021-12,Utilities,0.0345520467128908,0.03805545364735787,0.8041928015087716
vss,2022-01,Business Services,0.03970966143262131,-0.060933741078715686,0.6884240809389577
vss,2022-01,Consumer Cyclicals,0.07939353856306362,-0.07001176048385394,0.7664321581651812
vss,2022-01,Consumer Non-Cyclicals,0.05920562421371419,-0.05789526953559472,0.7270340627695573
vss,2022-01,Consumer Services,0.030715702827732515,-0.055126687835035326,0.7336454627734048
vss,2022-01,Energy,0.030158696813713706,0.03184061589094351,0.8327029188641472
vss,2022-01,Finance,0.21875814806382254,-0.036600378302765114,0.7251750330096514
vss,2022-01,Healthcare,0.06731998686330501,-0.14119013575933018,0.7691183676865516
vss,2022-01,Industrials,0.13719517565408765,-0.06572663076804082,0.7707573818021934
vss,2022-01,Non-Corporate,0.0013758720178051566,,0.0
vss,2022-01,Non-Energy Materials,0.15414183317731348,-0.07729862987307896,0.7449212055430294
vss,2022-01,Technology,0.13588008455436124,-0.10837870020959835,0.7764024861159562
vss,2022-01,Telecommunications,0.011448045765819774,-0.03009536971700801,0.7262659724965254
vss,2022-01,Utilities,0.034697630052639795,-0.044308656687225514,0.8075183870920303
vss,2022-02,Business Services,0.039086952677453865,-0.04403492719713372,0.7067802693693752
vss,2022-02,Consumer Cyclicals,0.07919868106957077,-0.047996261235679114,0.7679893409812094
vss,2022-02,Consumer Non-Cyclicals,0.06031947864544514,-0.013834089814439484,0.7238438595095511
vss,2022-02,Consumer Services,0.03129317112959666,0.015226594302948286,0.731654954723161
vss,2022-02,Energy,0.034074956238351876,0.0802069141643167,0.820162737562695
vss,2022-02,Finance,0.22417369117287012,-0.02153823308320846,0.7302858722464334
vss,2022-02,Healthcare,0.061826148729072564,-0.02740503322033967,0.7757878609004663
vss,2022-02,Industrials,0.1373269700311226,-0.0035548147200439137,0.7717382399980065
vss,2022-02,Non-Corporate,0.0015311038155158404,,0.0
vss,2022-02,Non-Energy Materials,0.15423640947475675,0.03147263650189127,0.7472870500132505
vss,2022-02,Technology,0.12942823531235717,-0.02268890342831945,0.7805873024103493
vss,2022-02,Telecommunications,0.012014620922557612,-0.0392454127366095,0.725134435893262
vss,2022-02,Utilities,0.03548958078132903,0.025367599649251255,0.8079315899987146
vss,2022-03,Business Services,0.03800962260145383,0.007695616910144743,0.6996505718885878
vss,2022-03,Consumer Cyclicals,0.07604773908387495,-0.016165552428161093,0.770339102809919
vss,2022-03,Consumer Non-Cyclicals,0.060357320689838394,-0.011300237954172383,0.7175832267354945
vss,2022-03,Consumer Services,0.03246843583912875,-0.010640870125039727,0.7265909712182447
vss,2022-03,Energy,0.0373168904971197,0.10080921659427843,0.8228402887640298
vss,2022-03,Finance,0.22006970995617095,0.024788605284512356,0.7381557247392875
vss,2022-03,Healthcare,0.06123311200964891,0.02092020193992931,0.7760078683772411
vss,2022-03,Industrials,0.13851141182509238,0.0023825040483518656,0.7739109091876061
vss,2022-03,Non-Corporate,0.0015773907818838178,,0.0
vss,2022-03,Non-Energy Materials,0.15760176123241235,0.02538599902308717,0.7675521841355625
vss,2022-03,Technology,0.12896177214998317,0.005717150424586416,0.7843212858084904
vss,2022-03,Telecommunications,0.011632682729032623,0.06650152939904927,0.7255473386335337
vss,2022-03,Utilities,0.03621215060436016,0.059429182858666454,0.819252241552073
vss,2022-04,Business Services,0.038877808023857284,-0.07257612921707449,0.7425464492708681
vss,2022-04,Consumer Cyclicals,0.07024010027254805,-0.07093032734417924,0.761668233886204
vss,2022-04,Consumer Non-Cyclicals,0.0601043614514215,-0.06880518255505187,0.7267103258237161
vss,2022-04,Consumer Services,0.03270189235746052,-0.06441678337620771,0.7512304723360452
vss,2022-04,Energy,0.04149442051705008,-0.0017317327902388016,0.8121616094389227
vss,2022-04,Finance,0.2277697101352861,-0.0698729370121301,0.7406097570059718
vss,2022-04,Healthcare,0.062488751949749996,-0.08311803639960834,0.7701631966767302
vss,2022-04,Industrials,0.13612805261766267,-0.07340578158657682,0.7733173277929901
vss,2022-04,Non-Corporate,0.0021277478592761213,,0.0
vss,2022-04,Non-Energy Materials,0.1542874637937837,-0.07173101027146005,0.7676794451886957
vss,2022-04,Technology,0.12552681203263932,-0.11033951885996189,0.7746770109589649
vss,2022-04,Telecommunications,0.011112849632288995,-0.014369879289057494,0.7256978168991369
vss,2022-04,Utilities,0.03714002935697567,-0.05247173920534212,0.8243544282626787
vss,2022-05,Business Services,0.038719436082344044,0.003492991895108093,0.7442204195389976
vss,2022-05,Consumer Cyclicals,0.07050478676551072,0.003863625913187709,0.7654796406560512
vss,2022-05,Consumer Non-Cyclicals,0.06092323919316189,-0.012521717180021734,0.7259986184634614
vss,2022-05,Consumer Services,0.03302455096568113,-0.004570148557903381,0.7569075104109247
vss,2022-05,Energy,0.04496757599588251,0.09612117841048003,0.8069828818301572
vss,2022-05,Finance,0.22779747969873482,-0.010592367325539266,0.7461371760815679
vss,2022-05,Healthcare,0.06174742213680236,-0.012587263890326534,0.7708242179116235
vss,2022-05,Industrials,0.13534582781928503,0.012971879258074545,0.7746118388523645
vss,2022-05,Non-Corporate,0.0022729863979458038,,0.0
vss,2022-05,Non-Energy Materials,0.15460638360260484,-0.024026024342114354,0.77052203148852
vss,2022-05,Technology,0.12027337052495625,0.0219068477532178,0.7808886327304376
vss,2022-05,Telecommunications,0.011628453817988322,-0.009750217972323894,0.7321725030112544
vss,2022-05,Utilities,0.03818848699910228,0.006908176004290011,0.8191256517815348
vss,2022-06,Business Services,0.036429738277377804,-0.11920016275962302,0.7352525239556423
vss,2022-06,Consumer Cyclicals,0.07118077313692472,-0.0842803823956735,0.7619404973163578
vss,2022-06,Consumer Non-Cyclicals,0.060503022183292454,-0.08656996923684378,0.7245317238062644
vss,2022-06,Consumer Services,0.032746633438279195,-0.12203998101135151,0.7558758226541542
vss,2022-06,Energy,0.04907042309356086,-0.15349915051826388,0.8087296320732069
vss,2022-06,Finance,0.2252556833257686,-0.1137654264987085,0.7445427465555289
vss,2022-06,Healthcare,0.061006395578156535,-0.08628601484998903,0.7654549291369673
vss,2022-06,Industrials,0.13615517605513347,-0.10145063211062257,0.7785038557410907
vss,2022-06,Non-Corporate,0.002357839940535719,,0.0
vss,2022-06,Non-Energy Materials,0.15224201588050207,-0.1354160506046269,0.7648181575910049
vss,2022-06,Technology,0.12314732946447078,-0.12434679360395581,0.7821511837232733
vss,2022-06,Telecommunications,0.011545691054350797,-0.07173987027171196,0.7263942007442802
vss,2022-06,Utilities,0.03835927857164698,-0.05717948497945954,0.8273692031402995
vss,2022-07,Business Services,0.03607210596299533,0.07023451827538146,0.7377403324394985
vss,2022-07,Consumer Cyclicals,0.07204464779314144,0.06822315933962375,0.7679787816580462
vss,2022-07,Consumer Non-Cyclicals,0.06276563739786484,0.03474343907923983,0.7106703205206975
vss,2022-07,Consumer Services,0.0328269426658734,0.04949431875616897,0.7488801163193953
vss,2022-07,Energy,0.04650775164250786,0.10762414156882764,0.8065779768543205
vss,2022-07,Finance,0.2248659307955775,0.04791693964106847,0.7445582312381366
vss,2022-07,Healthcare,0.06498656757444408,0.039775237918947916,0.7609483705131858
vss,2022-07,Industrials,0.13855731480492656,0.07703235405212468,0.7742359858448822
vss,2022-07,Non-Corporate,0.0025494719855989403,,0.0
vss,2022-07,Non-Energy Materials,0.1444598349962611,0.04971950441947061,0.7766666185945731
vss,2022-07,Technology,0.1214080106126526,0.05532219423087488,0.7788836710692764
vss,2022-07,Telecommunications,0.012055553685410432,-0.0040727898619181335,0.7196883292773283
vss,2022-07,Utilities,0.04090023008274589,0.06150392176781051,0.8313422585726196
vss,2022-08,Business Services,0.036612224423952046,-0.04191300151609565,0.7408476389947106
vss,2022-08,Consumer Cyclicals,0.07246226601517715,-0.02973698599278324,0.7724530689855406
vss,2022-08,Consumer Non-Cyclicals,0.06099456695645718,-0.015826193991610532,0.710431025264971
vss,2022-08,Consumer Services,0.032853855204989624,-0.05932768484788373,0.7504229702503248
vss,2022-08,Energy,0.048361376079631924,0.02309368424499059,0.8238830703814871
vss,2022-08,Finance,0.22394554076148387,-0.040412128065206485,0.7468543371731717
vss,2022-08,Healthcare,0.06426167921619164,-0.03517961742114399,0.757516755902894
vss,2022-08,Industrials,0.1416551611825256,-0.03490659800535083,0.773626820078622
vss,2022-08,Non-Corporate,0.0023556835581729275,,0.0
vss,2022-08,Non-Energy Materials,0.14387660281541154,-0.018503767851999343,0.778797457971289
vss,2022-08,Technology,0.12127720079253317,-0.024098626407934857,0.7762031379612108
vss,2022-08,Telecommunications,0.010224800306048526,-0.03024377157696043,0.7456530127284322
vss,2022-08,Utilities,0.041119042687424806,-0.025908211891099917,0.8327626778216117
vss,2022-09,Business Services,0.03583624366157788,-0.0958224876279962,0.7500371832052427
vss,2022-09,Consumer Cyclicals,0.07225706767446738,-0.10329198604582009,0.7791093012607375
vss,2022-09,Consumer Non-Cyclicals,0.06140538149930375,-0.1200364130276649,0.7200585521096053
vss,2022-09,Consumer Services,0.03222716152985059,-0.09906316738200095,0.7498602382760086
vss,2022-09,Energy,0.051293411056795586,-0.10988226496679569,0.8230142577776203
vss,2022-09,Finance,0.22204263733668766,-0.10800900753672892,0.7421987890983481
vss,2022-09,Healthcare,0.06352117655885153,-0.12587512903745912,0.767629527947552
vss,2022-09,Industrials,0.13917491805268178,-0.10357035723785629,0.7875184866263425
vss,2022-09,Non-Corporate,0.002524467215794187,,0.0
vss,2022-09,Non-Energy Materials,0.14571923658150432,-0.08778703384311132,0.7842368116910018
vss,2022-09,Technology,0.12247290510650538,-0.13174605656279006,0.7787676294106722
vss,2022-09,Telecommunications,0.010330229056167884,-0.1254951657823945,0.737163131672212
vss,2022-09,Utilities,0.041195164669812066,-0.1252018787576325,0.8351863938444841
vss,2022-10,Business Services,0.03647247041616906,0.030164746535473037,0.7498363371179969
vss,2022-10,Consumer Cyclicals,0.07582342233040525,0.03449431098803238,0.7848613423215025
vss,2022-10,Consumer Non-Cyclicals,0.0599559558268948,0.01933653400956281,0.6904288448699738
vss,2022-10,Consumer Services,0.03208507852703366,0.024656591019751525,0.7549077315199519
vss,2022-10,Energy,0.045747312762892366,0.07474703392905244,0.7924926535945774
vss,2022-10,Finance,0.22065503177942117,0.034991874272407575,0.7379677652891694
vss,2022-10,Healthcare,0.06674062739219547,0.01529034828517688,0.7684732727668183
vss,2022-10,Industrials,0.14012034075113206,0.048715557209059124,0.7850970676322884
vss,2022-10,Non-Corporate,0.0029723416649683108,0.02246825829156185,0.006189325244144243
vss,2022-10,Non-Energy Materials,0.14415298392112624,0.020800314487440383,0.7875924898886921
vss,2022-10,Technology,0.12476167938213793,0.012226369761944293,0.7774675640464871
vss,2022-10,Telecommunications,0.01051350384292975,0.0602033193149663,0.7387256661054646
vss,2022-10,Utilities,0.03999925140269394,-0.009283685710498974,0.8342275295337269
vss,2022-11,Business Services,0.03688734811949417,0.07856164968295518,0.7441990842474588
vss,2022-11,Consumer Cyclicals,0.07657863797965306,0.06732997790872867,0.7878715032551534
vss,2022-11,Consumer Non-Cyclicals,0.05842504570579351,0.08150934076756873,0.6936518440715899
vss,2022-11,Consumer Services,0.031808227984307574,0.09726590740851844,0.7523327388829907
vss,2022-11,Energy,0.04829908177713184,0.007930179902861656,0.7946235583438976
vss,2022-11,Finance,0.2212408115374477,0.08276752868511719,0.7359285407038628
vss,2022-11,Healthcare,0.06628959036735069,0.0660621281515623,0.7699373575706674
vss,2022-11,Industrials,0.14266365650647386,0.09482160057286033,0.7837094529766678
vss,2022-11,Non-Corporate,0.003021762513547835,-0.011781195690457769,0.0421823149190667
vss,2022-11,Non-Energy Materials,0.14300989672531303,0.11561828989559755,0.7878809911963746
vss,2022-11,Technology,0.12223023301809152,0.12278960506209012,0.7780764130542596
vss,2022-11,Telecommunications,0.01104029442762648,0.05371434913500982,0.7295093433675677
vss,2022-11,Utilities,0.03850541333776873,0.023729982369565264,0.8314411966462657
vss,2022-12,Business Services,0.03669915824174296,-0.01679002689425398,0.7415424497284769
vss,2022-12,Consumer Cyclicals,0.07509202282058111,-0.005392181051762367,0.7861042913821263
vss,2022-12,Consumer Non-Cyclicals,0.05781469126074875,0.018714943126942135,0.6841039513977518
vss,2022-12,Consumer Services,0.03191965137284028,-0.010930481469690967,0.7549875076336668
vss,2022-12,Energy,0.04506236552762962,-0.027115723792070258,0.7864317765158897
vss,2022-12,Finance,0.2203012618249695,0.006212450320058453,0.7372389230969607
vss,2022-12,Healthcare,0.065598474345223,0.021329175637499018,0.7614655451889624
vss,2022-12,Industrials,0.14417652239112053,-0.006045844693315229,0.7823399989785182
vss,2022-12,Non-Corporate,0.002691990483139859,0.032606482054571506,0.049008131368230914
vss,2022-12,Non-Energy Materials,0.1478635685540314,-0.021710873781494777,0.7816229623599656
vss,2022-12,Technology,0.1258244824177698,-0.02134987486452648,0.7723983108387698
vss,2022-12,Telecommunications,0.010563608810251176,-0.008651726531761116,0.7340756988211686
vss,2022-12,Utilities,0.03639220194995199,-0.02839992158850689,0.8284006382234012
