benchmark,month,n_holdings,wt_classified_sector,sect_wt_business_services,sect_wt_consumer_cyclicals,sect_wt_consumer_non_cyclicals,sect_wt_consumer_services,sect_wt_energy,sect_wt_finance,sect_wt_healthcare,sect_wt_industrials,sect_wt_non_corporate,sect_wt_non_energy_materials,sect_wt_technology,sect_wt_telecommunications,sect_wt_utilities
efa,2014-01,904,1.0,0.014736523669717694,0.08649141794593605,0.1131651396542796,0.016857254748429223,0.06602407177192524,0.25865291364727966,0.10487245302389324,0.11123497594400299,0.0004192793569547151,0.08830013364596077,0.0442260092073183,0.05924195070370057,0.03577787668060194
efa,2014-02,905,1.0,0.014872877230005153,0.08524324722489857,0.11409142209517063,0.017066540889306734,0.06751106522748644,0.2582127109962353,0.10793887782303273,0.11028570207670725,0.0004432502980647111,0.08944102585798433,0.04483913132771035,0.05316261568992362,0.0368915332634742
efa,2014-03,906,1.0,0.014763195165884865,0.08598104196202778,0.11456218306997201,0.016312270532042192,0.06751857493040755,0.25854087628862454,0.10622301345522689,0.11125377895722476,0.0004039617820049497,0.08892584691261046,0.04505693611731883,0.052609233555273804,0.037849087271381344
efa,2014-04,906,1.0,0.01464406815878659,0.08457743354350658,0.11597810644523356,0.016016320080036325,0.0711303816461365,0.2587808419068113,0.10658942873181433,0.10942073270216288,0.0004596660639670151,0.08968493925465247,0.04282778628482622,0.05269004441745365,0.03720025076461261
efa,2014-05,906,1.0,0.014594189728078908,0.08634187617572012,0.11718257161982994,0.01631221636395806,0.06986047345878242,0.2581826231319694,0.10576493829525573,0.10983547347894466,0.00045567874006075443,0.08757393841172273,0.04340613999415216,0.05239663589443641,0.038093244707088705
efa,2014-06,900,1.0,0.014494896886409826,0.08657000875719913,0.11488166574572084,0.01624150681019024,0.07109017054629442,0.25689404383719455,0.10697629332152032,0.10974039089646685,0.00026514950057060483,0.0872302043400249,0.043619320087693356,0.05276782815793248,0.03922852111278246
efa,2014-07,901,1.0,0.014113264970162537,0.08467671305318922,0.11369944239648776,0.016400985545766723,0.06935645881656395,0.2606829917848466,0.10692754490670779,0.10879269745213571,0.0002438734653287741,0.0883593827270351,0.044930676844536846,0.05297800022530631,0.03883796781193267
efa,2014-08,901,1.0,0.01428238710083424,0.08395603054864675,0.11435725579928736,0.01582309984696949,0.06915030669501587,0.2616917914473348,0.10907436305208437,0.1082629820935662,0.00026180293029416494,0.08661377100659737,0.045355684847179153,0.05246898016718791,0.0387015444650023
efa,2014-09,904,1.0,0.013800504500184396,0.08462703590125516,0.11349771089537329,0.015272329101593516,0.06787494230731077,0.2602236388563132,0.11406379707796425,0.10898197799530263,0.00027267616117941174,0.08327984538837993,0.046017266913763115,0.052844335743930715,0.03924393915744959
efa,2014-10,901,1.0,0.013870956371861962,0.08506770627397867,0.11480785871825092,0.015785245856035923,0.06399155767358816,0.26426383196887104,0.11223046678914209,0.10828246642539319,0.00029429932849252017,0.08240782041800386,0.0455696021679957,0.05399065870974896,0.039437529298637
efa,2014-11,907,1.0,0.01399867719004556,0.08783761220159884,0.11612976733032149,0.016083068616416833,0.05806700278047129,0.26220050973911724,0.11352959657898219,0.10897354312720574,0.0002838758506049843,0.08229256968837158,0.04727736217376941,0.055041719844710714,0.0382846948783841
efa,2014-12,912,1.0,0.014498749965000175,0.08961583334899867,0.11594457555061469,0.015999824095005895,0.0573441955619944,0.2610928204499288,0.11167756746027672,0.10996372629230905,0.0003164855225581132,0.08280370006842726,0.04792343797488289,0.054173482126317646,0.038645601583685664
efa,2015-01,911,1.0,0.014664659148018887,0.0908505018884614,0.12075881497211517,0.016115573283135756,0.05362147724162742,0.2549057281003874,0.11481248253736911,0.10986777859410524,0.0003137774621022529,0.08274228637591814,0.04717947497643389,0.055987656924633714,0.03817978849569162
efa,2015-02,908,1.0,0.014864849187988659,0.09155219776322376,0.11837386936117701,0.016030186987235753,0.054832266921614775,0.2586667321043239,0.1127670812783039,0.10972313039748915,0.0003495724628741076,0.08474433333015279,0.047406978776017517,0.05473860694821485,0.03595019448138382
efa,2015-03,913,1.0,0.014739240123959732,0.09272126035842104,0.11630083168482912,0.015582016527056125,0.05209448733692752,0.26127627786994256,0.11587772014323929,0.11016392562650372,0.000336558760255632,0.08206650001048515,0.04955807691075661,0.05375177007482417,0.03553133457279933
efa,2015-04,910,1.0,0.014995774002458445,0.0913377494647894,0.11563591223655971,0.015614298770802115,0.05527787633986589,0.2630375587859168,0.1136590466719471,0.10963037915440456,0.0003530966904226252,0.08128864712765356,0.048670564544708333,0.054818458681904984,0.0356806375285665
efa,2015-05,913,1.0,0.015186766184138438,0.09209757117378105,0.11532373335537459,0.015541761243248731,0.052507487830143196,0.26281935037329857,0.11318478911134744,0.10980043700828668,0.00035204660497431545,0.08217677355561183,0.04991688904973016,0.05455014322435556,0.03654225128570944
efa,2015-06,913,1.0,0.015180850986650046,0.09303763081317071,0.11724256975836873,0.015434746992517916,0.051183666960623764,0.26685852937876997,0.11226949027160338,0.10865444678060236,0.00035547851480822855,0.08129223535685598,0.049264229555350585,0.05341964559763852,0.035806479033039816
efa,2015-07,910,1.0,0.015480103612687588,0.0915880625402615,0.12035292207717334,0.015781525605481662,0.04893572252169634,0.2669716767866637,0.11756295082567256,0.10699091430467475,0.0003371508378567102,0.07860888101893007,0.04705897929230613,0.05412605230812449,0.03620505826847114
efa,2015-08,913,1.0,0.015473364529806128,0.09077232679059657,0.1206248056968111,0.015451944882103164,0.04734108195199838,0.26284127897389703,0.1191006903239369,0.10816754867221896,0.0003146769093766525,0.07832265987834361,0.049618637172326535,0.05538947798249671,0.03658150623608822
efa,2015-09,913,1.0,0.015695023428451707,0.09169208821084981,0.12775165479652714,0.015672298850865643,0.04569237670643249,0.26258884475162925,0.11628521056526749,0.10664421297218167,0.00033083357260447235,0.07632410509667686,0.050265568853119946,0.05373175328656457,0.03732602890882897
efa,2015-10,913,1.0,0.015560840016204865,0.09290747090807197,0.12694364270018985,0.01594883128042706,0.047113764389895355,0.2587919998566803,0.11589918620595453,0.10786014962266943,0.0004446497752650692,0.07661668328168673,0.050817489076026255,0.05416174005710163,0.03693355282982694
efa,2015-11,918,1.0,0.015884918378604757,0.09351925450115779,0.12696252883509457,0.01566988736378279,0.04680176967475525,0.2584723757461198,0.11604631595567483,0.1094115969853436,0.0005294807517904767,0.07557814274489448,0.051460193985790666,0.05423290502030767,0.0354306300566833
efa,2015-12,928,1.0,0.01603818460068573,0.09329746530042038,0.12544923719251452,0.016260161374025188,0.04348060421276003,0.2607406387345781,0.11919757015765388,0.10745126632017933,0.0007451705500162018,0.07454883144268784,0.05310005998661411,0.05365932933227558,0.03603148079558909
efa,2016-01,927,1.0,0.01644385000495604,0.09265773366505517,0.1332658389774537,0.01659034544736757,0.04538948776395085,0.24934449421463553,0.11929084292641831,0.10701708083777974,0.00033619150045122496,0.07266619751712933,0.05387364628012432,0.05575839379275029,0.03736589707192795
efa,2016-02,929,1.0,0.016384890664476345,0.09028781878225559,0.13301577653036434,0.018460931128293834,0.05029594502639481,0.23756070886179875,0.11869043723591002,0.11075263545490216,0.0005075728247846847,0.07564558247488164,0.054236238478575456,0.0569817343482171,0.037179728189145264
efa,2016-03,928,1.0,0.016635073405872572,0.0915486474955601,0.13220386325313432,0.01800617244440341,0.05015662139207915,0.23933473951896586,0.11483733300928083,0.11181291897008802,0.00032142770895044425,0.07771101792221992,0.054539709412425794,0.055758650360439754,0.03713382510657983
efa,2016-04,926,1.0,0.016517653902602156,0.08892258018672965,0.12948412981634227,0.01710613658702045,0.05295853641754762,0.24104809111111267,0.11601039211135722,0.11162123859276606,0.00031483003968102755,0.08150858203003193,0.052789183832373264,0.05460796960916361,0.03711067576327207
efa,2016-05,931,1.0,0.01661087970318881,0.08884866864034824,0.13136969460774955,0.017298182075410198,0.0502008122981944,0.24071113293429902,0.11710294763440582,0.11272699115492962,0.000291146905401909,0.0787848454516915,0.05415035509301913,0.055069902668391964,0.03683444083296982
efa,2016-06,932,1.0,0.01620335523032243,0.0843848077004615,0.13807965779541967,0.016738794497848614,0.056163186762652736,0.22536365803936145,0.12330543754982125,0.11252453725920293,0.00026811478652379565,0.07933807765157908,0.055375719200845275,0.054706049634688426,0.03754860389127287
efa,2016-07,927,1.0,0.01612053088595708,0.08911516409728715,0.13091241369220089,0.017097710854150714,0.05267146922367274,0.23004323724258632,0.12189870417958514,0.11421971140262255,0.0002685345366427989,0.08093236300761353,0.05750466871599068,0.05257290434821756,0.03664258781347287
efa,2016-08,926,1.0,0.016356141573404842,0.09052632860671761,0.12893724756924924,0.016764679598541728,0.051753944801359746,0.23677588607621833,0.11465422170992504,0.11495193916267439,0.0002851833325253068,0.08367462727582343,0.05799378590274632,0.052050934593283776,0.035275079797530244
efa,2016-09,928,1.0,0.01600288370105321,0.08895682671070652,0.1325578008829751,0.017021090402724315,0.05270013061176728,0.23151120121231583,0.11363854993105367,0.115504018951778,0.0005524534430387228,0.08520964332057793,0.05971006027389511,0.05141016293652728,0.03522517762158703
efa,2016-10,930,1.0,0.015560092375580037,0.09226554050495973,0.12307361902298931,0.01660757348265892,0.05419331358033334,0.2410171567563997,0.10834950777285883,0.11651975666358914,0.0004966678725883202,0.0869801079821754,0.058789972426238,0.050909881441732995,0.03523681011789627
efa,2016-11,929,1.0,0.01533553941655182,0.09231173770428276,0.11837862071741365,0.017054021949082017,0.055421852802121585,0.24925988904326354,0.10646775864337563,0.11757747803343103,0.00044523304535291816,0.08810352081530323,0.058224555381383804,0.047811565605088466,0.033608226843349534
efa,2016-12,932,1.0,0.015653666699366384,0.09225527025983071,0.11692957666464393,0.016727821343496423,0.058136076880008,0.2495268134932232,0.10657940530805401,0.11597523647668084,0.0001255182951126823,0.0881348545971731,0.057674435784000035,0.04849412348962758,0.0337872007087831
efa,2017-01,929,1.0,0.015580188320662066,0.0916465266394091,0.11595354314683014,0.016592574614195804,0.0561309120149113,0.25113229641951573,0.10515971773213478,0.11710117886186015,0.0,0.09106415862059233,0.05817879377681443,0.048522361282441556,0.032937748570632606
efa,2017-02,928,1.0,0.015773534363443028,0.09040436331362402,0.1184639776713296,0.016462457015141985,0.05411014291006501,0.24929241725982057,0.10842904010085593,0.11687987097861333,0.0,0.08948813953032625,0.059136182698201624,0.04803319574192062,0.03352667841665803
efa,2017-03,930,1.0,0.015509264702015545,0.090127390351266,0.11838901844884474,0.01678732138960495,0.05405360599466659,0.24951666575506973,0.10726810606933995,0.11797787554569446,0.0,0.08850787388046606,0.06019871413230808,0.04727485773426787,0.03438930599645601
efa,2017-04,929,1.0,0.01568081161211548,0.09093218989149213,0.11622143609605781,0.01711239108490552,0.05237491916392425,0.2519558059395813,0.10781368781854472,0.11988736643408227,0.0,0.08789190009747,0.06029122614478824,0.04618329879392189,0.03365496692311641
efa,2017-05,929,1.0,0.01557929012241992,0.08853653394794099,0.12262233760674286,0.01731582967153222,0.05228286205976906,0.2452213911293646,0.10999629598533973,0.11962794504650387,0.0,0.08284527788027372,0.06255606388156414,0.048400465756902905,0.035015706911645954
efa,2017-06,929,1.0,0.01551779484898518,0.08628124982197855,0.12140257128037255,0.016979067927422577,0.05101502977936683,0.25173601467587947,0.10839998079389968,0.1210604588525455,0.00039194500427683734,0.08311424217603991,0.06353117100499607,0.04603044757710944,0.034540026257127404
efa,2017-07,928,1.0,0.014990873807589015,0.08629364973692587,0.12107158347435679,0.016416885822076645,0.052210489576335464,0.2558682428505502,0.10424923749299751,0.11984834647389184,0.00018992415162472914,0.08469646278175241,0.06357721537230561,0.04628065399140891,0.034306434468184974
efa,2017-08,928,1.0,0.0146543908223594,0.08656131026718912,0.12154482102687751,0.016214570145416097,0.05235723600886792,0.2511636169264495,0.1038043090488719,0.12189615604811886,0.00029554147575671757,0.08634882081240881,0.06392970083790178,0.04575792488837609,0.035471601691406264
efa,2017-09,928,1.0,0.014669428041956917,0.08810756661280289,0.11823890062974268,0.016415715696452227,0.05470910573591881,0.25040935274420534,0.10347903754318577,0.12384542178759327,0.0003093855945621623,0.08588727937348449,0.06562487954616009,0.04417728066711145,0.0341266460268239
efa,2017-10,930,1.0,0.014585311035672647,0.08877927889096097,0.11798811768843763,0.016292263702596115,0.05651563850845847,0.2479932867876266,0.09955392741334852,0.12619365204450472,0.000160563974625028,0.08683863039293006,0.06743394504309697,0.04345853012788493,0.03420685438985734
efa,2017-11,929,1.0,0.014408033322952448,0.08870511497376248,0.1185290004026049,0.016413298250276598,0.05647867234017885,0.24837265559915153,0.09943862508609493,0.12566343062592247,0.000191219002822999,0.08646417892186349,0.06778128478341232,0.04349833211237957,0.03405615457857743
efa,2017-12,930,1.0,0.015106404159927492,0.08886535844227764,0.11811671444201183,0.017050479372019513,0.05773174597186579,0.24925402729150872,0.09862475855370274,0.1257261399896141,0.00037231101809757455,0.08821723836097009,0.06645127522057824,0.04190120904390632,0.03258233813351996
efa,2018-01,928,1.0,0.014869382256293702,0.09027641162270754,0.11508496674559195,0.01700801583714132,0.05741580108469099,0.2516609019537914,0.09753611633068954,0.12784325745400646,0.0001813021429037454,0.08888399767992657,0.06652158614897972,0.04108219186954879,0.031636068873728246
efa,2018-02,925,1.0,0.01519933378925881,0.09035813285455079,0.11382363191925912,0.017325880462009013,0.056296396594496007,0.2517953467695888,0.0976216001607886,0.12711005998739458,0.0,0.08877126175040692,0.06887341416371665,0.041288242226390784,0.03153669932213993
efa,2018-03,926,1.0,0.014882869101234134,0.09116466437073041,0.11741695253602562,0.017539404287136698,0.05744618764639905,0.2464386056590545,0.09882243403614335,0.12660241865879565,0.0,0.08660523673200497,0.06821346535739015,0.041206708575483086,0.03366105303960239
efa,2018-04,926,1.0,0.01487313616318742,0.09091069517457807,0.11502044306950895,0.017713054820172512,0.061619337965160614,0.24666005856043044,0.09783314124310066,0.12540373213292907,0.0,0.08689711864510094,0.06727242642502579,0.04178869190887251,0.03400816389193302
efa,2018-05,925,1.0,0.015004491162886359,0.0905761764795728,0.11678082372858455,0.01864606849922464,0.06288174225712698,0.23663677904965336,0.10105209726798188,0.126276858019117,0.0,0.0894316630170699,0.06995622139393227,0.03924047625596715,0.03351660286888311
efa,2018-06,929,1.0,0.016860422040430336,0.08715134059411961,0.11887641688877447,0.01833367198563429,0.0647949310610363,0.23504042359936475,0.10390293484865118,0.12318051436535879,0.0,0.0882016567459628,0.07042759526639572,0.03915738124040993,0.03407271136386181
efa,2018-07,926,1.0,0.016417088887155238,0.0863311518222764,0.1187366582561599,0.018038773467618934,0.06367004576858475,0.2365187662151952,0.10702553475730033,0.12239375560867649,0.0,0.08783014029595469,0.06948275312832053,0.039906569524005564,0.03364876226875202
efa,2018-08,926,1.0,0.016902020443106982,0.08639933022038701,0.11890621803594384,0.01780445409534028,0.062387967386579354,0.2318992387703249,0.10890705678265787,0.12413489957186047,0.0,0.08679046409841777,0.07299966929066223,0.03952783230432486,0.033340849000394426
efa,2018-09,925,1.0,0.016357225128429513,0.08578410035723286,0.11836071120770225,0.017208221966745516,0.06525738249697735,0.23239997359752496,0.108284290996162,0.12456596805690939,0.0,0.08789164988351233,0.07040895657896412,0.04018558515272132,0.03329593457711837
efa,2018-10,924,1.0,0.015425486140707568,0.08027739067593496,0.11520417042108978,0.015923584170153035,0.06223649750629745,0.21959366490858812,0.1049779161805769,0.17347258715214037,0.0,0.07797302093878455,0.06531131303599454,0.03704481466677139,0.03255955420296134
efa,2018-11,921,1.0,0.015519065594679745,0.07785531747042562,0.11674961225494573,0.016371985636504344,0.05794926505525165,0.22090891723518533,0.10752083706061359,0.1741755048772084,0.0,0.07553536607246901,0.06508331201697096,0.03884209908918814,0.03348871763655747
efa,2018-12,922,1.0,0.016511125282526073,0.08324159339553187,0.12446132638630934,0.017726184686443942,0.06202937073064088,0.2333723277359859,0.1134783036242192,0.12055566673046886,0.0,0.08109917770227089,0.06868002745761477,0.040797537346302606,0.038047358921685634
efa,2019-01,923,1.0,0.016374728566536333,0.08430643574942784,0.12321629423279828,0.017613120198792118,0.06242931570592155,0.23349119234818252,0.10978133422265417,0.12184379309522747,0.0,0.08164012579599125,0.07044093535051588,0.040564456124486024,0.038298268609466564
efa,2019-02,921,1.0,0.01629716394257852,0.08387539735195504,0.12270261774551466,0.01743843726119798,0.06199353050292773,0.23420180086518658,0.11119542682147826,0.12246113886983792,0.0,0.08211140835081467,0.07010080291494923,0.04010780115033984,0.03751447422321956
efa,2019-03,921,1.0,0.016215867885033604,0.08191088643558744,0.1276409310314815,0.017307050016920306,0.0620708152770622,0.22981803491106384,0.11222895454339853,0.12311881401506845,0.0,0.08182965247434215,0.07013253789939501,0.0398651663876639,0.03786128912298308
efa,2019-04,921,1.0,0.01684043781259819,0.08444142671012471,0.1253952129620024,0.017387866168284614,0.06055803769586147,0.23262140552412955,0.10668769556497602,0.12580408383501698,0.0,0.0814491371959452,0.07315908362855285,0.039340906503941224,0.036314706398566814
efa,2019-05,924,1.0,0.017832603619761057,0.08150622292836937,0.1287186066029557,0.016687181478587148,0.05927868955938372,0.22970596306949093,0.10987300706920217,0.12404324178106492,0.0,0.08043090951763969,0.07380641737955591,0.041250617896986995,0.036866539097002375
efa,2019-06,924,1.0,0.01758124445802812,0.08344027854120765,0.12563622674727898,0.01637936642358537,0.05908054214023189,0.2280028755663476,0.11119772091022584,0.12596976812401622,0.0,0.08191233304120162,0.07415911003087307,0.040100483887264796,0.03654005012973886
efa,2019-07,922,1.0,0.01749860341729814,0.0836860696738847,0.1275817422735721,0.01688850989816736,0.05749931012419351,0.2251913165060468,0.11270059620650091,0.12471245231727822,0.0,0.08065681761815133,0.07623978902691075,0.04078594942416337,0.036558843513832796
efa,2019-08,922,1.0,0.017775098747388998,0.08332982849066775,0.13259858536041555,0.017233393495748487,0.05374168851053109,0.21971180135034504,0.11779910634950702,0.12491714487726507,0.0,0.07810608926805632,0.07590092921050201,0.04113805327180404,0.037748281067768626
efa,2019-09,922,1.0,0.017866441066587534,0.08338121259391375,0.13137896364646798,0.01714619417039544,0.05500626387143069,0.2231674928807693,0.11529903165821019,0.12506427107155005,0.0,0.07854286941292378,0.07612351727165378,0.03989802028400179,0.03712572207209572
efa,2019-10,925,1.0,0.017586546475509647,0.08522661656640072,0.126401509214927,0.01711516165220112,0.053114124261302964,0.222887368753391,0.11667115305698926,0.1293269683906006,0.0,0.07876856972668689,0.07670623189505302,0.03960516183467128,0.036590588172266514
efa,2019-11,921,1.0,0.017577347344792243,0.08476265775987442,0.12462541565488205,0.016304333957641554,0.051867806955896475,0.22062471764559125,0.12018479273735384,0.13074032167711103,0.0,0.0789561363346726,0.07925303698631635,0.03916416016903273,0.035939272776835465
efa,2019-12,917,1.0,0.017794547275467684,0.08365790950709937,0.12384876902949822,0.016596517238911226,0.051845083747762026,0.22208422320132684,0.12049127493983457,0.1295818757478546,0.0,0.07972429453082559,0.0797332734425993,0.03809830084817813,0.03654393049064244
efa,2020-01,916,1.0,0.018142698349984235,0.08174973889483375,0.1255164106368643,0.015952886375746392,0.04893496373310249,0.2210051092487227,0.12474466337668448,0.12716884300003514,0.0,0.07778801300676294,0.08159699678188838,0.03862559901318712,0.038774077582188066
efa,2020-02,918,1.0,0.017864867851167393,0.08187389115677839,0.12502694636588785,0.016234471482110373,0.045329489994642404,0.22218368241765543,0.12664004800899767,0.12478935201280779,0.0,0.07650322626698176,0.08244091850036415,0.04026468530188739,0.0408484206407194
efa,2020-03,918,1.0,0.01701727998840136,0.07933166295816672,0.13772166369040215,0.015297172285172434,0.042749280295789505,0.1996954586657618,0.1422724677386762,0.1199468914616276,0.0,0.07667914336841637,0.08707952307415819,0.04153570595598308,0.04067375051744463
efa,2020-04,917,1.0,0.01703930159284518,0.08003244207946862,0.1357193950437745,0.016252425338557235,0.040116870765480116,0.19752822226448166,0.1451446114515967,0.12073093348749454,0.0,0.07784855562056497,0.08920010083805249,0.04089651276565458,0.03949062875202939
efa,2020-05,918,1.0,0.01764391602988969,0.08222522578437338,0.13317621507557878,0.016500388981566326,0.038306942240433524,0.19153827799389736,0.14533958168361547,0.12494880002233431,0.0,0.08062043588884528,0.09028563133833768,0.039915717316975484,0.039498867644152745
efa,2020-06,908,1.0,0.016945150246180322,0.08009227486285349,0.13112127531253145,0.016400956458766797,0.03716651684274682,0.19694286121456,0.1425222187769037,0.12373083251207621,0.0,0.08261555545000489,0.09397490979658109,0.03918958574883811,0.0392978627779571
efa,2020-07,903,1.0,0.017021634611926753,0.07800573946320995,0.13345660406252538,0.016191064688673595,0.03542209459921145,0.1936765716729463,0.14124815800245288,0.12292123343983999,0.0,0.08558973920791833,0.09650214296711415,0.039930656087646337,0.040034361196534855
efa,2020-08,898,1.0,0.01736295972285231,0.08145079272000112,0.1290251071665534,0.017049728438204254,0.03472862873628294,0.19640474576516048,0.13626663935254238,0.12761272557227682,0.0,0.08646041992586344,0.09679490442459122,0.038158633185515295,0.03868471499015633
efa,2020-09,901,1.0,0.017470819432022677,0.08373499528555538,0.1307823620578469,0.016816600276817993,0.031069758560434577,0.1864960855137813,0.1408102340853044,0.13021946219864278,0.0,0.08760374647440594,0.0985191065313161,0.03804214243772502,0.03843468714614691
efa,2020-10,900,1.0,0.01751161730236106,0.08539436449809937,0.1299974458950626,0.01709831575851315,0.030097386750258165,0.19051840804008993,0.13518570498366683,0.13094083108477153,0.0,0.08673234486311399,0.09765070824272269,0.03980190088552262,0.03907097169581805
efa,2020-11,902,1.0,0.017265747511550657,0.0872900915279292,0.1176292377811299,0.01756167488873821,0.03501096729938772,0.20200307123036076,0.1298615242483191,0.1346943204142794,0.0,0.08694197678413804,0.09753081045861392,0.0358758247841001,0.038334753071453016
efa,2020-12,877,1.0,0.01675090793188343,0.08826624870364053,0.12132075966395556,0.017790428356715016,0.0347202448778047,0.19985829170874264,0.12519068701248015,0.13282306531864596,0.0,0.08922457924985276,0.1010882261317795,0.03512318104753847,0.037843379996961295
efa,2021-01,875,1.0,0.016703616030426083,0.08576360836220305,0.12035605765954743,0.017332059699536138,0.03580389985348353,0.19897519918092177,0.12561188559998776,0.1329386336824057,0.0,0.08989008832999426,0.10371820064423816,0.035416810770442717,0.0374899401868134
efa,2021-02,874,1.0,0.01644938055186959,0.08802016061888018,0.11356220704199878,0.018327847227349935,0.03841379591200859,0.20907687880828174,0.11773217521979457,0.1324941407710733,0.0,0.09167534721034018,0.1030762092286577,0.03629720010345242,0.034874657306293015
efa,2021-03,876,1.0,0.01666601790166241,0.09024594131055282,0.1154877644957284,0.018252010368209677,0.037096304531227274,0.209236712621819,0.11676750707051685,0.13227435781925134,0.0,0.09037093126642466,0.10212472645260827,0.036021969438195744,0.03545575672380354
efa,2021-04,874,1.0,0.017175697246976197,0.08957687420575523,0.11532379647218069,0.018710475352371903,0.035771632723326896,0.20996433343281276,0.11662577077717395,0.13086092315732703,0.0,0.09155819725151312,0.10364191759779882,0.03599840657609845,0.03479197520666493
efa,2021-05,847,1.0,0.01685434687158988,0.09383031460087049,0.11558748974171444,0.018625406920650307,0.03614615666481714,0.21158594297179276,0.11621907390375041,0.13113724636421756,0.0,0.09094469006409667,0.10196072183577297,0.03329077235176165,0.03381783770896572
efa,2021-06,844,1.0,0.017063722576564216,0.09462386990847009,0.11683301316861402,0.018318282728414324,0.03639703502293531,0.20485756661983906,0.1212939389904229,0.13088303148601246,0.0,0.09002842293032504,0.10439294989364897,0.03273331832875887,0.03257484834599474
efa,2021-07,843,1.0,0.0173002394863609,0.09369448466745121,0.1149812934692738,0.017695281065139644,0.035244739472219316,0.20329143952126183,0.12329054834448565,0.13162581521425412,0.0,0.09263486244414595,0.10613730184305725,0.03156257616346067,0.03254141830888966
efa,2021-08,843,1.0,0.017422434064056736,0.08913237928964778,0.11571522453110637,0.01769488287250197,0.03470221748476171,0.20345670764365276,0.1258569403424871,0.13320728137806445,0.0,0.08929990362610447,0.10947016423593686,0.03113813605350891,0.032903728478170885
efa,2021-09,846,1.0,0.017316660625028214,0.09004552761001049,0.11594982222088832,0.018920663235757713,0.03910470051652478,0.20709148689786677,0.12372154882259333,0.1337596899844086,0.0,0.08364301296291639,0.10818012879579923,0.03127277899286521,0.030993979335340965
efa,2021-10,842,1.0,0.017388613061678923,0.09151582382807134,0.11583764546340812,0.018794636731304173,0.039512999028811245,0.20832797989201676,0.1244103302567004,0.13133157294080358,0.0,0.08337612483141263,0.1082004614456813,0.029292561376180373,0.03201125114393115
efa,2021-11,843,1.0,0.01770002396133299,0.09308221515645143,0.11701993528305717,0.017437390653373144,0.037783513374900705,0.20184287357609795,0.12483224488119089,0.13191795118049018,0.0,0.08457558634252736,0.11123108673909318,0.030233174419299187,0.03234400443218578
efa,2021-12,829,1.0,0.018173936859539924,0.09036132993356122,0.11677155923387078,0.017348000038555016,0.03826097791656831,0.20231852166016906,0.12562043632184694,0.13452075514720205,0.0,0.08611887150850081,0.11022851616678234,0.02850336228752033,0.03177373292588322
efa,2022-01,827,1.0,0.017269664783715923,0.09194063846223566,0.11605646221503749,0.017310643375904444,0.04384347725097538,0.21229560237460363,0.12171752139502992,0.12848938884438524,0.0,0.08748247717298145,0.10133342917896457,0.030343639712659607,0.031917055233506714
efa,2022-02,823,1.0,0.01769957257691192,0.0889618109663711,0.11742351062340334,0.017301314577481335,0.04509106447913177,0.20765641124698014,0.12545773771491195,0.1269664866526875,0.0,0.08969794458552674,0.0994356804243222,0.031079290880392667,0.03322917527187932
efa,2022-03,827,1.0,0.017355558209378952,0.08410361894017308,0.11528090008746424,0.017062102494656468,0.047066786233006225,0.2091578907250459,0.1287549463798735,0.12632411385407993,0.0,0.0910122868298099,0.10098406848928335,0.030932588124515204,0.03196513963271322
efa,2022-04,826,1.0,0.01735836083510156,0.0823513148531807,0.11936640176972058,0.01662039317191372,0.049348475768645456,0.20724587124587154,0.13337806045493883,0.12246392890443802,0.0,0.09066409274764504,0.09548180636138226,0.032227338363619226,0.033493955523543055
efa,2022-05,826,1.0,0.01649113300378303,0.0818002084226235,0.11593606144305414,0.016513887655536387,0.055439789070815,0.20733855178198402,0.13123014581353523,0.12330193226363613,0.0,0.08943024126010739,0.09611931316555511,0.033271839235694066,0.033126896883676
efa,2022-06,800,1.0,0.016314898938150104,0.08273955213166556,0.12140514614990744,0.01656417305334372,0.05337369045080322,0.208191380019003,0.13710597391385537,0.12252898539512687,0.0,0.08270599474829521,0.09229589711655771,0.034308697097529005,0.03246561098576282
efa,2022-07,802,1.0,0.016858061667753877,0.08498830361439806,0.12095649284572926,0.016980417956189913,0.0519293393284413,0.20445894559467936,0.1344346266318238,0.1271383100707864,0.0,0.08123681186656258,0.09670576509198435,0.03224429156827192,0.03206863376337919
efa,2022-08,801,1.0,0.016155266328527384,0.08511653387315843,0.12178768825836944,0.017222918576955,0.05525607011102696,0.20652957761440702,0.1309873699906201,0.12627405880901538,0.0,0.0819138971686123,0.09423771238613499,0.03245735777685815,0.03206154910631485
efa,2022-09,801,1.0,0.016389276988536355,0.08281838427946081,0.12400362630226183,0.017791374169432023,0.05563439147676642,0.2063692444469119,0.13520878806498518,0.12383845117931408,0.0,0.08198916805744766,0.09244251349854525,0.03205856228456117,0.03145621925177731
efa,2022-10,799,1.0,0.01716934453206619,0.08437999299860939,0.11777571195024641,0.017676203050034114,0.05905544790471011,0.20621887003590558,0.13514176336926934,0.1265869314036133,0.0,0.08024140589988882,0.0932783711706869,0.03139669168533022,0.031079265999639647
efa,2022-11,799,1.0,0.016504019666995984,0.08661530235884007,0.11601005286589818,0.0175399752454496,0.05803767289720001,0.2088831616010934,0.1304000850512995,0.12629422795661077,0.0,0.08415447227856403,0.09450430032854498,0.02987312842964745,0.031183601319856036
efa,2022-12,797,1.0,0.01645589681345757,0.08409755608260162,0.11613420487813643,0.017585000276153877,0.05608247135320432,0.21564394817061835,0.13216924997975524,0.12370434708776439,0.0,0.08526408527736289,0.09055027670683387,0.029856514501230436,0.03245644887288101
efa,2023-01,797,1.0,0.01635405082014517,0.08796995610066853,0.11286941687174834,0.018034011560209805,0.05318274294799328,0.21887064849430682,0.1250765397115862,0.12537082113200465,0.0,0.0880354602081285,0.09346498156903445,0.029796047140892762,0.03097532344328151
efa,2023-02,797,1.0,0.01667671384982282,0.08843932532396945,0.11211682625402813,0.01789426273452667,0.05499291184146946,0.2199491644774445,0.12441598698783157,0.1275590964480711,0.0,0.0852980776087864,0.09203315921672157,0.03004171547991806,0.030582759777410255
efa,2023-03,796,1.0,0.01643386309670622,0.09123547015821482,0.11651183862908346,0.018258227746269822,0.050954230149581996,0.20307944497739963,0.1287845464703004,0.13005387500897447,0.0,0.08565862856777734,0.09726150843724467,0.030253838152231153,0.03151452860621598
efa,2023-04,797,1.0,0.0164900131393545,0.09064456130610336,0.11794052276711466,0.018492478020813653,0.052368360450807755,0.2044106366242021,0.1321416648029288,0.12884207552564994,0.0,0.08230411169255343,0.09362099835163477,0.030338936869128634,0.032405640449708374
efa,2023-05,795,1.0,0.016304572538752386,0.08976314508422428,0.11309967358104746,0.018976996773265066,0.04895907813240612,0.2012819415684613,0.13340496404240065,0.1324615736760993,0.0,0.08106891129143137,0.1028905187739647,0.02968690410052826,0.03210172043741912
efa,2023-06,799,1.0,0.01639578495253676,0.09375270728994371,0.11281262239677096,0.01958040644847366,0.048445101503237525,0.20225612030167978,0.12863598193618148,0.13411498484933773,0.0,0.08271711089542196,0.10162955588341209,0.02749708411075494,0.03216253943224939
efa,2023-07,799,1.0,0.016351358619086293,0.09328648084230562,0.11153938604773017,0.019298571962314583,0.049443341085019916,0.20720676455321652,0.12696019752253138,0.13291795559699734,0.0,0.08390105729889126,0.10077027957525085,0.027090306101653683,0.03123430079500238
efa,2023-08,800,1.0,0.01620707020382692,0.09193068342163184,0.11117099595288968,0.018917159858697147,0.051218171228865,0.2065199041869173,0.13088901930875482,0.13174447882774587,0.0,0.0831474922381466,0.09979760176277014,0.027116747784996297,0.0313406752247584
efa,2023-09,795,1.0,0.016090206247723376,0.09057381884136999,0.1087073983437972,0.018525246206547104,0.05426714711926406,0.21138714403509123,0.13122710287268013,0.1292828218720731,0.0,0.0829035354288855,0.09793334213381102,0.027858360421498526,0.031243876477258726
efa,2023-10,797,1.0,0.015454255172443065,0.08908150261504813,0.11034823844653151,0.018606389277830263,0.05537610222336304,0.21177992866406348,0.12849837745245618,0.12743766578779164,0.0,0.08306347483931506,0.09937578456255446,0.028358202389765316,0.03262007856883785
efa,2023-11,797,1.0,0.01563598813083853,0.08983982790014906,0.1066322044097528,0.01775714323480487,0.05156683898586525,0.21109341667509082,0.125635311541346,0.1313330658125589,0.0,0.08423135966229182,0.10592760300757399,0.027734456222413825,0.032612784417314154
efa,2023-12,784,1.0,0.015369060118888611,0.08824028369284947,0.1036334025134704,0.018515249119453896,0.04956165384839474,0.21167014599794928,0.12505948638643383,0.1336325399120769,0.0,0.08719680442687185,0.10790503707688287,0.02676804948001124,0.03244828742671692
efa,2024-01,784,1.0,0.015553937551522385,0.09004483628902746,0.10293993008092676,0.018817286045336015,0.04748841256127299,0.2104268634516659,0.12733477208073501,0.13356137692224407,0.0,0.083158552891128,0.11280729829866273,0.027101019880033526,0.03076571394744515
efa,2024-02,783,1.0,0.015081932339078851,0.09695483961533889,0.09808434581430797,0.018521277238687142,0.04524774651474901,0.21145070752286735,0.12488377658421447,0.13671976388887966,0.0,0.0817989038960682,0.1157362086366551,0.026632809248392175,0.028887688700761197
efa,2024-03,769,1.0,0.015058394886278395,0.0971868991015049,0.09617011707255085,0.017651712511322377,0.04625865778798299,0.21438744948743604,0.12413404110379922,0.1374086119999954,0.0,0.08161936850973327,0.11506710108174993,0.026004525096324754,0.02905312136132186
efa,2024-04,770,1.0,0.014846406466716887,0.0931923943048732,0.0973849893579455,0.017011260805403192,0.04945905941432429,0.21573742064320436,0.12715679824594026,0.13876835305457902,0.0,0.08209850430868419,0.1095593245974606,0.025050758212929156,0.029734730587939347
efa,2024-05,769,1.0,0.014954583536320037,0.08931723502449036,0.09758969862350458,0.016594529890386813,0.04784189330674797,0.2196817793439983,0.1275899864229606,0.13896933136818632,0.0,0.08173494493018725,0.1104937399388775,0.025310967846340987,0.029921309767999307
efa,2024-06,743,1.0,0.014824418525762727,0.08757881272702311,0.09676044604062453,0.016854096114489514,0.04648195907294598,0.21827588746680698,0.1324319728920976,0.13567585464467422,0.0,0.07724506915474368,0.11795319990729075,0.02620264092205919,0.029715642531481727
efa,2024-07,743,1.0,0.015167975373156395,0.08423815413933462,0.0976121663975359,0.01655308101288948,0.04528987646447455,0.22297605789865882,0.13460023728850942,0.1366354445249712,0.0,0.07614745219125675,0.11327569621207789,0.02680209595661599,0.030701762540518995
efa,2024-08,742,1.0,0.015239489697763944,0.08456770703793154,0.09890299007570698,0.01669964339946341,0.04330671449920261,0.22091021659821747,0.1390104327019925,0.1365292896236463,0.0,0.07470078346678595,0.11185545377346642,0.02718118741108736,0.031096091714735537
efa,2024-09,733,1.0,0.015229687959961774,0.08309571252435032,0.0999160677124656,0.014967198032593934,0.04105579330579729,0.22547713616592704,0.13078054564302097,0.13999204832493276,0.0,0.07879277736813817,0.11081161505227975,0.027695520563436837,0.03218589734709558
efa,2024-10,732,1.0,0.015277320858673959,0.08168695458929034,0.09800194356740727,0.015481283772926626,0.04167250231200418,0.2301728567356767,0.13063507061948565,0.14158338051153482,0.0,0.07553977296928578,0.10961360448332007,0.028531859977619995,0.03180344960277463
efa,2024-11,724,1.0,0.015152762648069227,0.07887082467634492,0.09687113129707563,0.01588221608068497,0.04001401493741479,0.23536316341979466,0.12642719044678605,0.14188482661515495,0.0,0.07313328145185842,0.11652908625253841,0.02856970895668142,0.03130179321759653
efa,2024-12,723,1.0,0.014904095264979317,0.08474234164778507,0.0963376942460127,0.015560364454909164,0.03933378400660917,0.23560760214343784,0.12181299964665898,0.1419931931007019,0.0,0.07162413142896787,0.11953543712607659,0.027883624412029056,0.03066473252183231
scz,2014-01,1298,1.0,0.03817843575306363,0.07936222103506098,0.06714319754367129,0.057273791228857875,0.040370838861974276,0.22790877449757282,0.05687666381427073,0.18758549468715288,0.002220256580952427,0.12426134627965027,0.0908941120483449,0.015373218067813686,0.012551649601614203
scz,2014-02,1295,1.0,0.037877011799710925,0.07901963259074633,0.06607721176803233,0.05719265003169426,0.04208678987487385,0.22760055278538815,0.055402186112320236,0.1882442890120019,0.002259602885995561,0.1253311258053193,0.09066055017915982,0.015569325955582206,0.012679071199175109
scz,2014-03,1288,1.0,0.0374203441358888,0.07581193905262766,0.06787545867210709,0.05570214926584617,0.04169865075653494,0.23376412202303498,0.0543057393981245,0.18883243698465907,0.001105345046534855,0.1253487065812588,0.08850771150289115,0.01658214561222424,0.013045250968267722
scz,2014-04,1291,1.0,0.036999724332605795,0.0747524169945933,0.06914245330082781,0.055694548458358535,0.04295259821102715,0.232468275231918,0.05494053649169043,0.18844280430733876,0.0011603297193840973,0.12631042492834607,0.08765745839513232,0.01664338537595462,0.012835044252823119
scz,2014-05,1313,1.0,0.03808596431576764,0.07179707480733484,0.06949162537135763,0.055238778718704425,0.04214676746399591,0.23203096287182695,0.054806199587578826,0.19352967680980865,0.0011218049696528664,0.1255644066506483,0.08770275973785134,0.01608513939531451,0.012398839300158107
scz,2014-06,1483,1.0,0.038501608498181725,0.0693841506348736,0.07256272488515197,0.05407413685795475,0.04218361628122207,0.24154318705168604,0.060969184744382225,0.17961193886087592,0.0011101579140319281,0.12252221845349792,0.08613583080068762,0.01755422063986678,0.013847024377587462
scz,2014-07,1489,1.0,0.03788448387701286,0.06984247799145551,0.07392762764328607,0.05460290928658601,0.04010028682981016,0.2430835929991857,0.060703065113818955,0.17661259676682237,0.0010512921313105016,0.12331486192343188,0.08714201830467543,0.01744494088924526,0.014289846243359314
scz,2014-08,1481,1.0,0.037567488552803355,0.06781595112939877,0.07264918389538395,0.054549768025782534,0.03953323878443818,0.24446481084433053,0.06217098273023689,0.17828153502688845,0.0010459451058882033,0.12300211627941458,0.0878690179938282,0.017036489119225704,0.014013472512380675
scz,2014-09,1484,1.0,0.036274449654860846,0.06814951463350664,0.07359052880006492,0.054705310895374414,0.039393809577895046,0.24566012761395983,0.06257932176750648,0.17830446996013363,0.001011899949964672,0.1206280800909941,0.08804152713745055,0.017615326207106465,0.014045633711182417
scz,2014-10,1471,1.0,0.03699215374705433,0.06751904473447846,0.0760806844742853,0.05714418232291492,0.035265698058886456,0.2498504153773042,0.0637589119557832,0.17563115042760225,0.0010115777218533133,0.11941311126722602,0.08598501774266588,0.01774859681855335,0.013599455351392294
scz,2014-11,1484,1.0,0.03713272787550009,0.07185584280973929,0.07437163623846405,0.059618924845174226,0.03167768608164197,0.2538176483114033,0.06615417676242367,0.16724711540958548,0.0011160002420276733,0.11705341067711096,0.08802803169687023,0.01791497161891026,0.014011827431148786
scz,2014-12,1478,1.0,0.0373933502970242,0.07348309705948916,0.07398218035929542,0.05838171769508876,0.029349649699646624,0.253712851322881,0.06565954070727102,0.16938510861111736,0.0007406240835574207,0.11847040557293824,0.08828678673173294,0.01786551307756086,0.013289174782396993
scz,2015-01,1484,1.0,0.03713127791107691,0.07302844809357201,0.07406973240028972,0.05850548030571288,0.02691871939822476,0.2565342679696929,0.06642417117230046,0.16893765091435342,0.0007713533028098514,0.11795947015023904,0.08973458730063427,0.017368154157974536,0.012616686923119211
scz,2015-02,1483,1.0,0.03644726563299232,0.07333171538017365,0.07310810306110252,0.056432370260540696,0.029320621006703216,0.2547087558830731,0.0674985732469364,0.16928600285858722,0.0007982362423180862,0.11999668727984816,0.0898017887872879,0.01721390518116182,0.012055975179274894
scz,2015-03,1484,1.0,0.036963392966424875,0.07444603531752252,0.07213571190252822,0.058074182661824764,0.02583501026371556,0.2529346213636363,0.0677152010148866,0.17072471486571406,0.0007713971364337407,0.11985522172615258,0.09170385402522398,0.017197340831860676,0.011643315924076128
scz,2015-04,1484,1.0,0.036977423364710015,0.07468201611967629,0.07285838757975598,0.05791162101395671,0.028697868199087647,0.2503023211469367,0.06862283244730068,0.1682365752711251,0.0008180508835482625,0.12099415487097179,0.09000336532617367,0.01767327912066716,0.012222104656090034
scz,2015-05,1481,1.0,0.036820536237534236,0.07733743798289142,0.07170369712029674,0.05615649338495169,0.028464695086789202,0.24869201614660627,0.06779305419904706,0.17137230814535362,0.0007564921378413438,0.12044203934065416,0.0910886440832348,0.017316402617441985,0.012056183517357478
scz,2015-06,1511,1.0,0.0390533066769779,0.07087005070437935,0.07359494312779195,0.05609945329827259,0.026200283623466224,0.25714048586332294,0.06954989029487087,0.17075380336901624,0.0008779147641764011,0.11481668698180961,0.09130440420214647,0.017562654704548347,0.012176122389221094
scz,2015-07,1529,1.0,0.039469897697021854,0.07073604087099368,0.07660207809946334,0.05654948946391244,0.024521849752903935,0.2578684480348261,0.07351744399920285,0.1670405931244025,0.0009023018064014698,0.1130898817725938,0.09065438532092215,0.016999501565190804,0.012048088492165031
scz,2015-08,1526,1.0,0.03955418897830994,0.07105924199973493,0.07709167665374243,0.05784873251404298,0.023303003966477064,0.25599281187530826,0.07562955485348595,0.16859268990365966,0.0009182342138715246,0.1129843625833778,0.08972357627012478,0.015007143780996204,0.012294782406868474
scz,2015-09,1648,1.0,0.0407877737215653,0.07002951111806742,0.07464662018294081,0.058844035428135356,0.024045916423645907,0.260446574155061,0.07624796995832699,0.16575172357572812,0.001034617310799221,0.1098337455997782,0.08985773627766878,0.0153641900910085,0.013109586157274387
scz,2015-10,1649,1.0,0.04008349362779217,0.07115073634336334,0.07260022662230155,0.058413394340560316,0.024242099867019137,0.2566631241412073,0.07357324138235773,0.16818575053308918,0.0010716316460347036,0.11501117843335314,0.0909569901478361,0.015093185256131453,0.012954947658953898
scz,2015-11,1638,1.0,0.04085773132988718,0.07059519033563207,0.07429481357113035,0.05860616609077843,0.023052302501089562,0.2520671861849504,0.07508663762872929,0.1691697423813808,0.0011804853166246959,0.11422748792436571,0.09347321175094586,0.014810448796603128,0.012578596187882499
scz,2015-12,1707,1.0,0.03961182995509408,0.07384192498595157,0.07773178596405615,0.061659736870826695,0.024153198404005146,0.251085246386037,0.07118291871098353,0.1720532999741551,0.0014082176996849652,0.1075233351245841,0.08969092292004117,0.017504138719044316,0.012553444285536128
scz,2016-01,1699,1.0,0.04029910309589922,0.07481054180153851,0.08113722778392272,0.06117072407522284,0.024036094407157694,0.25080237914447917,0.07010076681043442,0.1705503277017,0.0013794699070464019,0.10646138196784954,0.08791933417949997,0.018373703857015346,0.012958945268234129
scz,2016-02,1689,1.0,0.04078706144153375,0.07250902376447206,0.0832113126065485,0.05592497699569188,0.024137516212069374,0.24777763400068523,0.07255805689536068,0.17382701105017928,0.00157164182757946,0.10911010854302135,0.08900928064186987,0.017284992317903324,0.012291383703085221
scz,2016-03,1679,1.0,0.04179209567352263,0.07229794195111267,0.08389392041102682,0.0545497589455114,0.024713746681186227,0.24728939011485024,0.06816509790210531,0.17712190365671884,0.0014609603146652295,0.1110748734567766,0.08850301915955004,0.017377271308882995,0.01176002042409101
scz,2016-04,1677,1.0,0.041361293096755715,0.0718960118661255,0.0819954593897342,0.05342835625351282,0.026953960470085348,0.2479669474020838,0.06838554058161758,0.17801339676241387,0.0014384586864006174,0.11393967930702822,0.08543433171718615,0.017374818309446833,0.011811746157609332
scz,2016-05,1670,1.0,0.04180692296639575,0.07155449831087918,0.0843453949563165,0.05485388708100352,0.02553831953039723,0.24486319313156582,0.07088270869425321,0.1775537147202523,0.0014473604727731405,0.11334264068331146,0.0861459615518124,0.014980481528673515,0.012684916372365962
scz,2016-06,1616,1.0,0.04434101852366153,0.07001064876859889,0.08497573643067899,0.05377977626361432,0.023013177298701542,0.25046070412415605,0.07387642726897344,0.16980072911724683,0.0016477606794204783,0.11442701890281905,0.08621581947507428,0.01493060205638831,0.012520581090666295
scz,2016-07,1615,1.0,0.04341696822440979,0.07028636866818289,0.08266335817480909,0.054191850358319006,0.021381174562438984,0.24982398306612005,0.07218290364916127,0.1692024238202423,0.0015691070434735994,0.11918308826927479,0.08916721374843786,0.014886812774792276,0.012044747640338088
scz,2016-08,1613,1.0,0.04354200454352957,0.07140331739798646,0.07975853432944124,0.05425900697991043,0.021908494735454417,0.2502263802831194,0.06801921807826093,0.17127221754646013,0.0015264597066817485,0.1209275508823975,0.09031534255886846,0.015045308236696553,0.011796164721193162
scz,2016-09,1604,1.0,0.04351216006020874,0.07129546821588456,0.08238536888174879,0.05409471516271295,0.022316248821242623,0.2439489199991433,0.07036668666822979,0.1720064379628767,0.0017731174264566997,0.11998469574460745,0.0904176826422907,0.014837989097231455,0.013060509317366246
scz,2016-10,1601,1.0,0.04411654178166264,0.07300160287257992,0.08295201472145351,0.05303689390426464,0.02312165928346317,0.24377938967224166,0.06774453288974154,0.17262379469829356,0.0021117276361756004,0.12078671841132328,0.08894098264202896,0.014672431389721251,0.01311171009705026
scz,2016-11,1595,1.0,0.04327286803764157,0.07365199223945545,0.08021754615393485,0.05253473857008138,0.024236305469797804,0.24561819829124235,0.06613090950432335,0.1742615115496014,0.0015325879830783708,0.12267334351315,0.08854587812778746,0.013890930587809248,0.013433189972096768
scz,2016-12,1605,1.0,0.04239627015136774,0.07607621548016172,0.07829135956657773,0.05351434136156773,0.02584635790290418,0.24760595217477993,0.06527267274481341,0.17168592073188632,0.001526016955177217,0.1212582351092686,0.08829172437012028,0.013179072187577329,0.015055861263797791
scz,2017-01,1602,1.0,0.042189657884688335,0.07499370767666577,0.07682578255997276,0.052087280987085635,0.025367914300862413,0.24686824315056075,0.06410821513318864,0.1732950305744846,0.0026425799676907135,0.12432098689428848,0.08923979342644753,0.013329402299564565,0.014731405144499827
scz,2017-02,1600,1.0,0.04228419504594918,0.07464566305183098,0.07776014504628789,0.05154621693583736,0.024187660973528907,0.2464598051514155,0.06485305567358063,0.17238734673789632,0.002680712034044184,0.1249082660087021,0.09042628858772693,0.01317068041189737,0.014689964341302653
scz,2017-03,1596,1.0,0.0427292373329213,0.0742789239824299,0.0769731180641856,0.05239429388743094,0.023575447476520857,0.24395693696245777,0.06708805381657154,0.17254415828409173,0.002624806188870339,0.12323029653823404,0.09190182979424916,0.013023736867647044,0.015679160804389778
scz,2017-04,1586,1.0,0.0431599454438702,0.07406884372438105,0.07637852545444,0.0535740871952839,0.02238751811590991,0.24195703672979205,0.06807760468679618,0.17471790904749862,0.0027560456206797293,0.12223695231170152,0.0928143680481628,0.012613702497834457,0.015257461123649592
scz,2017-05,1591,1.0,0.0436880017788334,0.07255063157538988,0.07762116892784661,0.054700833886410706,0.021749928489926615,0.2385311198244525,0.06918401116821551,0.17372309298137595,0.0029428931285047206,0.11943562073446982,0.09590688627155113,0.013481048463344077,0.016484762769679098
scz,2017-06,1605,1.0,0.04500244631809264,0.07300608811344625,0.07839085466940113,0.05478445597755693,0.020830341504752364,0.24388238170508583,0.06566436984213904,0.1727944988641958,0.0032187773613954174,0.1203411907278816,0.09246780264943896,0.013543455763272845,0.016073336503341213
scz,2017-07,1600,1.0,0.04485297368074924,0.07433904442749073,0.0776853896880311,0.05432313312897876,0.020971047120492393,0.24542384812850893,0.06485819498352528,0.17104775388001128,0.0035185518561881342,0.12037843243429819,0.09256229057867216,0.014077208697722752,0.015962131395331064
scz,2017-08,1600,1.0,0.045154092935670666,0.07328130285213282,0.0788612903166133,0.05357822161959921,0.020364048365081492,0.2439540678690709,0.06467957668311457,0.17234232387897444,0.0034311399429642446,0.12123168622973919,0.09272703980246144,0.01392691232836046,0.016468297176217263
scz,2017-09,1593,1.0,0.04620288642856494,0.07561475381917888,0.07701626342994936,0.05327000888598737,0.0219135260628634,0.24128176604752283,0.06373972056739734,0.17128514605330294,0.0044566922466961955,0.1228416657918117,0.09206086389156982,0.013988659531713337,0.01632804724344189
scz,2017-10,1592,1.0,0.04553560616704918,0.07518444237059813,0.07737033200429091,0.053776999523496606,0.01996033876776786,0.23934018162970735,0.06380405594257708,0.1705724143574654,0.004546269315890167,0.12442681435331951,0.09518279722779158,0.013941343627895675,0.01635840471215055
scz,2017-11,1591,1.0,0.04546558258866548,0.07400747318902445,0.07771436907226306,0.053575850210700694,0.020219545593210004,0.23925843679005593,0.06159536348505913,0.16941045115671283,0.008359006034751178,0.12442712138581731,0.09485515972618747,0.014265796795160738,0.01684584397239173
scz,2017-12,1586,1.0,0.04149712523769657,0.07461170568251796,0.07835174139857855,0.05455484510870642,0.021932312553157387,0.24186476273924035,0.06247736746256448,0.1685718475057812,0.004199252710625753,0.12999753804136085,0.09377355783428742,0.013509514751348548,0.014658428974134547
scz,2018-01,1586,1.0,0.04144064386182551,0.07334778476816749,0.0753186054064314,0.053340823280217144,0.021895261748136188,0.2439254748029344,0.06515254208396438,0.16959041280100737,0.0045521152311727665,0.12868672050211877,0.09517620491561816,0.013074114242829424,0.014499296355577018
scz,2018-02,1580,1.0,0.041038411397375824,0.07285764292303716,0.07722009612773224,0.05479742405576533,0.02129308470527543,0.24092679600744205,0.06554956189174917,0.16927744456442154,0.003088070108880447,0.12822446130710502,0.09860724818904688,0.012885350181095438,0.014234408541073485
scz,2018-03,1615,1.0,0.04152385754436216,0.07210087153970693,0.07616004503566604,0.05134946779365103,0.022122371395954025,0.2425473279484574,0.06808213375458882,0.16811717527469447,0.003692183597536556,0.12726081517324062,0.09876037626324596,0.012951881248264522,0.015331493430631452
scz,2018-04,1609,1.0,0.041803204298426426,0.07290983853654867,0.07752436507770738,0.05268466342635084,0.024060386808507424,0.24270214716256333,0.06804758541488518,0.16501822186350848,0.0037817059903398832,0.12684403972701608,0.09542413026271337,0.013203374718361796,0.015996336713071137
scz,2018-05,1609,1.0,0.04253662401809039,0.07121381796019267,0.07817702900785349,0.052261744848511246,0.025074606009972505,0.2380543498174049,0.06809075324032461,0.16466797949302836,0.0037101677435634113,0.12858154256380946,0.09913018678803522,0.012980057563059236,0.015521140946154447
scz,2018-06,1668,1.0,0.03715278069459911,0.06827808432071893,0.07853240010914869,0.05304803050401594,0.026198290118888266,0.24059836442651092,0.06932898894616792,0.16922350391420016,0.0037740933153012934,0.1229905034794048,0.10030403494648471,0.014399161880112367,0.016171763344446914
scz,2018-07,1654,1.0,0.03663681459010982,0.0674057602222283,0.07597817795266285,0.05187035739397466,0.02622132074440465,0.24176910725916517,0.07150857534509461,0.17125606810818728,0.0038039242596910267,0.12303816043291466,0.09919073588730651,0.015089575568097308,0.016231422236163168
scz,2018-08,1652,1.0,0.03639180802060704,0.06777446133685165,0.07523299097525456,0.05167148378614054,0.026097944503163256,0.2411678207858925,0.0725135090918775,0.17117380447406208,0.003810253424164336,0.1204520255949489,0.10299546952078657,0.014893950443543701,0.015824478042707396
scz,2018-09,1641,1.0,0.03634600679124878,0.06781392739492723,0.07732580522436502,0.05093419823936371,0.02790687949634693,0.24135846745271314,0.07080838381593291,0.17341798486473953,0.003736611659032613,0.11926665835018414,0.09978723968500088,0.015334426837406375,0.015963410188738737
scz,2018-10,1626,1.0,0.03573911253446527,0.06723656316828049,0.07930282153872122,0.05134481195520019,0.027163809176424584,0.24658902800229424,0.0708498311463953,0.17000670383198724,0.004275943408779203,0.11697975716285856,0.0978285447807642,0.0163157959494789,0.01636727734435062
scz,2018-11,1622,1.0,0.03543640537969441,0.06675096765404444,0.08152876172568806,0.05142811030446184,0.023814671374107723,0.25112815505589814,0.07039912951229604,0.1708194560409206,0.0009527753237817373,0.1166636708177721,0.0967367838443239,0.01671400403931594,0.01762710892769506
scz,2018-12,1655,1.0,0.035582031403967096,0.06727990345928855,0.07886168322803742,0.05219999493208842,0.02406724576541252,0.25804735647406407,0.07005445319530393,0.1706301899786702,0.00047971823810796115,0.11293330082593542,0.09328488548737919,0.01716894393677064,0.019410293074974612
scz,2019-01,1648,1.0,0.036048416373198826,0.06768876471312396,0.07558676652381736,0.052267228052715525,0.02588345164740178,0.2565249268500313,0.06950528972248152,0.1717073679903238,0.00046986583836226234,0.11232526864504873,0.09642662103012521,0.016500098089538714,0.01906593452383101
scz,2019-02,1643,1.0,0.03705032235771475,0.06757506248120745,0.0755466778382622,0.053116745200862465,0.025608669001136806,0.25539620936294716,0.06923339710203628,0.17224101535153055,0.0004652905627591322,0.11088086523621536,0.09859810212627243,0.01565429600596073,0.0186333473730947
scz,2019-03,1641,1.0,0.03754709850626323,0.06378786165414375,0.07661318670458286,0.053264863468188324,0.025672510900294276,0.25659096412180615,0.07122827080108227,0.17107506349736315,0.0004719805212440475,0.10826424100589534,0.09938740307786383,0.01731478207381126,0.018781773667461525
scz,2019-04,1641,1.0,0.03920149966493354,0.06529080267035224,0.07439177847000324,0.0521973385913586,0.025741404041847098,0.252870242897374,0.07052388217985385,0.17432796742444864,0.00047716473426532023,0.10815170893017731,0.10184685885490731,0.01741067365154767,0.017568677888931232
scz,2019-05,1652,1.0,0.03807094560813784,0.06642610988041585,0.07621609680572744,0.05420259542232348,0.025068323801045275,0.26150216452704395,0.07254405005108783,0.16306027454130304,0.0005114522701027098,0.10799483813196151,0.09956457302993876,0.015768862249646375,0.019069713681265945
scz,2019-06,1647,1.0,0.03847253374914619,0.06562579110394294,0.07294578681997449,0.0526233697491355,0.025802347082861905,0.2569204732277044,0.07189995871378238,0.1680744850412009,0.0004914396593937118,0.11064604170567174,0.10107935052874903,0.016124545430562368,0.01929387718787443
scz,2019-07,1645,1.0,0.03905449697450396,0.06513049625209763,0.07285723736612189,0.05342796791364718,0.025476163809462743,0.25664956658148225,0.07427820684419964,0.16412266197393438,0.00047759057852924834,0.1088476340685067,0.10444103969716578,0.016003580035813657,0.019233357904534936
scz,2019-08,1775,1.0,0.03921012239850854,0.06515000913156016,0.07410386360314557,0.05514019259491927,0.02466557828879938,0.25980925498213336,0.07347213431199345,0.1608913391810047,0.0004826984075357314,0.10577792350233678,0.10520895683397202,0.015980278011868552,0.02010764875222245
scz,2019-09,2335,1.0,0.03893120579428442,0.06779455716546828,0.07384115674991609,0.054804300761431786,0.02453745207669793,0.2616545817957923,0.07033801316718398,0.16157011272334335,0.00042804437029277147,0.10519349722527419,0.10487660765088176,0.015717409142617114,0.020313061376816013
scz,2019-10,2332,1.0,0.03906688501872132,0.06846937146443585,0.07323338248634746,0.053916268706435906,0.023896121293595734,0.26097285179030216,0.07014567364765438,0.16263775962027782,0.00044559507481762754,0.10600265126040764,0.1062509139704827,0.014792290937442826,0.020170234729078543
scz,2019-11,2362,1.0,0.03943887490508824,0.06771211118474417,0.0731370860162124,0.055420798525333596,0.023940398794556523,0.2628595864778247,0.06826610234960855,0.1653406856626045,0.00043037574390056803,0.10740634083020652,0.10454357684661848,0.012296235706234133,0.01920782695706765
scz,2019-12,2342,1.0,0.03965366566626435,0.0679747973892007,0.07184192802853791,0.05403720461288981,0.024172060999226006,0.2622757274183808,0.0684520761246805,0.16622929049648583,0.0004238676828537407,0.1088958455822494,0.10483795174497967,0.011882362155083303,0.019323222099167935
scz,2020-01,2335,1.0,0.037785454936369714,0.06663142904601593,0.07165958485379498,0.05231731571483231,0.021998059902696345,0.26910050270929164,0.06930324032508489,0.1633861411559167,0.00044329123032881197,0.10781510839759227,0.10626481024226461,0.01221052248195041,0.02108453900386138
scz,2020-02,2327,1.0,0.037004907183341644,0.06680426650627526,0.07277696193280143,0.04649904128059327,0.020528002921802967,0.2736146526460872,0.07063807201394946,0.16186228361703703,0.0005042135490588552,0.10859604523914536,0.10670799874253932,0.012789561816832926,0.0216739925505353
scz,2020-03,2323,1.0,0.032700137530320646,0.06025127820494387,0.08568647954039105,0.04246193011222146,0.016509621614357966,0.25933892105936396,0.0812266337693017,0.15965763024293972,0.0005109021971454082,0.1118548022186104,0.11305634797664421,0.013735677568451635,0.023009637965308014
scz,2020-04,2317,1.0,0.033190093481268224,0.06262365064206037,0.0832262396911035,0.04421413253839761,0.017194473475364576,0.2494523494402559,0.08270657318218297,0.15936968326229953,0.0004185896880390583,0.11471417117060413,0.11721564147107841,0.013336238178688294,0.022338163778657428
scz,2020-05,2323,1.0,0.03349613451725971,0.06325083668021698,0.0827564841717839,0.04607227651316997,0.015588246134509105,0.2449744714557332,0.08418997741823854,0.15809114951877962,0.00043582520250238106,0.1151262390064738,0.12134612467370344,0.012560125146108948,0.02211210956152041
scz,2020-06,2324,1.0,0.03799223237532969,0.06715071115343252,0.08624613271215224,0.044599219344027746,0.01491774024239414,0.24173488403628554,0.07837398265512367,0.16636774388529493,0.0004796166841425866,0.11297539735502297,0.11295934500455371,0.013332705712852,0.02287028883938827
scz,2020-07,2318,1.0,0.03760139735864422,0.06524628305713712,0.0864590771423822,0.04084808974241873,0.014647251392755703,0.24203098694091219,0.07915654807371195,0.16670860392667206,0.0005058075458261628,0.1137942649946651,0.11602850095687076,0.013530284815663091,0.023442904052340736
scz,2020-08,2316,1.0,0.038125047176780884,0.06858780732778946,0.08596036430171139,0.045649549525154653,0.01420680157049588,0.23686795286982776,0.0775815740096619,0.1675532046809348,0.0005429487218627727,0.11363255729361209,0.11513281888026256,0.013564725565777523,0.022594648076128345
scz,2020-09,2312,1.0,0.03887512533642697,0.07042339288331874,0.08791676950799414,0.04573524165943852,0.013243968252018916,0.23344016003794663,0.07454881201507443,0.1678693733469096,0.0005440346443315667,0.11486385990451004,0.11709057918773738,0.012939714273769009,0.022508968950524073
scz,2020-10,2310,1.0,0.03856292310771456,0.06980678214513046,0.0872005959376403,0.045922522331088594,0.012714700674432797,0.23386580933670215,0.07309794108497136,0.16774719878027675,0.0005797647108077958,0.11715619575446419,0.11768418725344736,0.013016835206192044,0.022644543677131663
scz,2020-11,2307,1.0,0.040680101266588976,0.06934248974727324,0.08340577209494585,0.04816640107495977,0.01461037669953796,0.2345244264476233,0.06942274388918195,0.17221781030168726,0.0005332903779068552,0.11625146138409914,0.11714295982613518,0.011089167544929779,0.02261299934513074
scz,2020-12,2359,1.0,0.040601149338874966,0.07135465969874201,0.07542802615489481,0.04792704370496263,0.014578117032610957,0.23652149811823114,0.06862302620765512,0.1760166009176804,0.0004660119913027621,0.119924781561093,0.11296115077955543,0.01101756623141551,0.02458036826298127
scz,2021-01,2355,1.0,0.039721491753078375,0.07108587637665963,0.07638075023709076,0.04842898506165909,0.013922094117932639,0.2334065873636009,0.07014102056575644,0.17599128902523128,0.0004757284409200129,0.1203728232229406,0.11491219166023726,0.011042098347082039,0.024119063827810983
scz,2021-02,2350,1.0,0.040186701471063145,0.07123746907785185,0.07577041877088232,0.05215318037050673,0.014518874844016271,0.23631949264594046,0.06573374554418077,0.1778837269561591,0.0004708702235339403,0.12036447909609377,0.11243049795655456,0.010773676494968918,0.022156866548248177
scz,2021-03,2338,1.0,0.04078611826875002,0.07359771519027815,0.0762208418020929,0.05156092253077582,0.014207401280197717,0.23665720257107656,0.0647736800939526,0.1810759896074084,0.0,0.1217353309433762,0.10592842780650148,0.010550711722711836,0.022905658182878322
scz,2021-04,2336,1.0,0.039103556542319756,0.07373501112170362,0.07395952276250102,0.05030463266526835,0.013514962209727612,0.2389226346746866,0.06728471753990686,0.1810045597971987,0.0,0.12177644491806677,0.10734606394608005,0.010368417231807814,0.02267947659073283
scz,2021-05,2412,1.0,0.03901413674162404,0.07740481428424752,0.07377367210928533,0.04654501405139105,0.013404211706068803,0.23984904211115926,0.06954882856076575,0.18013406969677545,0.0,0.12058997156635454,0.1027258059262094,0.013327506609669394,0.02368292663644945
scz,2021-06,2389,1.0,0.03958584467637356,0.07727828348316824,0.07394068024102217,0.045559101728427864,0.013047398237754929,0.23704118555030765,0.07130550756327697,0.17855019944728456,0.0,0.11967155988149909,0.10805487241114907,0.0121659167581302,0.02379945002160567
scz,2021-07,2384,1.0,0.039834768519298784,0.07599058580153137,0.07221475377592981,0.04359982071379135,0.012264587909353069,0.23956319695496486,0.07127904215079148,0.17947341311129741,0.0,0.1227078663579266,0.10826448546630493,0.012057943911446321,0.022749535327364002
scz,2021-08,2377,1.0,0.03998884496560126,0.0738252280028296,0.07251886894016651,0.04359065709314564,0.012258424750099728,0.2418133735050274,0.07166847014415463,0.18096978384809434,0.0,0.11945502669044455,0.10928482805085366,0.012059376906997491,0.022567117102585157
scz,2021-09,2378,1.0,0.04003400037520699,0.07432483350396853,0.07380460303500594,0.045991347568655534,0.014016313143728112,0.2395240719184121,0.0713858398235927,0.17852388017139684,0.0,0.11801438861733432,0.10894922271307868,0.012491471704653727,0.022940027424966543
scz,2021-10,2374,1.0,0.04008511265735003,0.07368402281951772,0.07258191493202674,0.043141966424950856,0.01361844521160202,0.24244841202379708,0.07175589201774629,0.179609890310878,0.0,0.11834907403439802,0.10879230247359997,0.012368421243624386,0.02356454585050889
scz,2021-11,2367,1.0,0.03948364957128311,0.07334326776808345,0.0709293694031535,0.04107743657589451,0.013175637504778372,0.24195097915071012,0.07060865679604979,0.17946505539714444,0.0,0.12023177182942009,0.11283907632734752,0.012840826763125176,0.02405427291300991
scz,2021-12,2375,1.0,0.03946712264247537,0.07685172843717498,0.06955890035172056,0.04193514311053744,0.014801623439176247,0.24438429304258583,0.0654517930965182,0.17833730240516685,0.0,0.12086704148145452,0.10894988162502542,0.013295684193397909,0.02609948617476667
scz,2022-01,2370,1.0,0.03792586060879789,0.07580708722256661,0.07157392465179477,0.04264378519102298,0.016007881550179095,0.2503060000751237,0.06004611264737857,0.18009362613390126,0.0,0.12218382701619254,0.10228887794450767,0.01404550798529022,0.027077508973244693
scz,2022-02,2367,1.0,0.03819871525150669,0.07299353282647833,0.07308356657288755,0.04376107272820558,0.017315530307155196,0.2463983558671857,0.059245330402364425,0.18184421612786195,0.0,0.12249689191429786,0.10248831008199306,0.013756977480637011,0.028417500439426643
scz,2022-03,2363,1.0,0.03799624635757402,0.06988884806752102,0.0705255398471077,0.04209508704896172,0.018919727400030617,0.25077640844303556,0.059668437692924604,0.1794758045849982,0.0,0.12442191117325854,0.1030704957332161,0.014291786665058263,0.028869706986313633
scz,2022-04,2355,1.0,0.03773817298005386,0.06940468854744199,0.07097541967771996,0.04257901957157501,0.020682961572844865,0.25132280633830006,0.057890428084956744,0.18055529314249502,0.0,0.12440370896989357,0.09938505345548512,0.014807536189895288,0.030254911469338494
scz,2022-05,2355,1.0,0.03777186026864512,0.07058731385798327,0.069904398909119,0.042300974812620996,0.021397521484432636,0.2504483198453605,0.05836130808125891,0.1814531902649772,0.0,0.12343968000648119,0.1000538286578873,0.014673885571051808,0.029607718240182105
scz,2022-06,2353,1.0,0.03819555905370631,0.07029518779393266,0.0787329018490927,0.04238902292279238,0.021435467479631112,0.24867563161642775,0.0681499751516083,0.1724330097671368,0.0,0.11825464198435763,0.09595408800806576,0.015344087717064971,0.030140426656183616
scz,2022-07,2340,1.0,0.03909647683743318,0.07087991592373165,0.0764534035953837,0.0413216406949606,0.022082107435998696,0.24356125923495747,0.0692989369718667,0.17524869879056307,0.0,0.1199952637337035,0.09823807638394509,0.01353530486838301,0.030288915529073326
scz,2022-08,2334,1.0,0.0384461015404831,0.0706416673042477,0.0768899616797692,0.040562782485227676,0.024731428911212886,0.2439743961237029,0.06787194294066314,0.17267453394533414,0.0,0.12313342651238832,0.09797861506742814,0.013638687611917642,0.02945645587762518
scz,2022-09,2329,1.0,0.03905860459881667,0.07076732705625183,0.07928805009985983,0.04130944893546145,0.025165954456334075,0.24489996856161317,0.06810699229846376,0.17155872283433146,0.0,0.12235973223205486,0.09547554026593957,0.012208239522584022,0.02980141913828931
scz,2022-10,2328,1.0,0.03978536432087842,0.07124937929953397,0.07636806727300402,0.041242600339885915,0.025879514280491494,0.24394217753405198,0.06837960258299502,0.17332561571095764,0.0,0.12344881168011163,0.09502900539783654,0.012139694239619615,0.029210167340633763
scz,2022-11,2343,1.0,0.03951559095405093,0.07196279172524347,0.07620844811955277,0.041895546233410845,0.02516884510583421,0.24109306868513805,0.06628815007923113,0.1742249781325923,0.0,0.12491432107885488,0.09750170898028993,0.011615382347977139,0.029611168557824346
scz,2022-12,2277,1.0,0.03995937287387108,0.07282606702281491,0.07948574445153775,0.043036900621979964,0.024726031805407285,0.2399346619083608,0.06680101427828553,0.1763735578456671,0.0,0.11980832445196025,0.09683610120692958,0.011431557839500688,0.028780665693685082
scz,2023-01,2269,1.0,0.039630748954153715,0.07415003108673726,0.07635892233210151,0.04383379301594897,0.024648251129394186,0.2385481256964906,0.06522341475426062,0.17762282675488278,0.0,0.12265708558960856,0.09792261839858224,0.011743580019266073,0.02766060226857352
scz,2023-02,2269,1.0,0.03909337751660567,0.07523260035110586,0.07554733742076179,0.04371926893752971,0.025306410746285597,0.23833340253634297,0.06324917466009404,0.18038048752226574,0.0,0.12221927195793308,0.09853407775982344,0.011761441128673743,0.026623149462578346
scz,2023-03,2268,1.0,0.03904720447237613,0.07674611586774396,0.07705640681302264,0.043713440812984936,0.024665613580427223,0.22600925406963177,0.06359324157185756,0.1809542630514142,0.0,0.12502316274041236,0.1032811299928988,0.011873520999337715,0.028036646027892638
scz,2023-04,2267,1.0,0.03862891794474988,0.07770052086032285,0.07736938131742034,0.04494153660119883,0.02410215533841524,0.22959233438144652,0.06511611859074451,0.18197084526694468,0.0,0.11986573911519594,0.10075219019529057,0.011768007039286285,0.028192253348984377
scz,2023-05,2263,1.0,0.037021096478082535,0.07594112204730852,0.07789272884535067,0.045018657668137785,0.022385927952135516,0.22776105421561485,0.06544973012510027,0.18253963965473857,0.0,0.1201309801252207,0.1052178743389764,0.011432207574977179,0.02920898097435702
scz,2023-06,2267,1.0,0.03781879212616602,0.07825705365819728,0.0750974133188829,0.04395370485046278,0.024074454267296173,0.2257365999043482,0.0664913373983761,0.18262216490895905,0.0,0.11999732539755445,0.10796338120542921,0.011886114258724606,0.026101658705603253
scz,2023-07,2260,1.0,0.03684698371603124,0.07911113966866043,0.07533695541922056,0.0449043846915549,0.025205979827370304,0.22725510950706623,0.06468294253802528,0.18040702407288117,0.0,0.11962559418832544,0.10865391530573555,0.011710799282377374,0.026259171782751507
scz,2023-08,2256,1.0,0.036489371588609425,0.07948883078345007,0.0782787288000878,0.04350692534870568,0.026007215324260667,0.2267195372938064,0.06533842848888036,0.17930262617054452,0.0,0.11953242331304804,0.10736832891984563,0.012203808634125476,0.025763775334635988
scz,2023-09,2219,1.0,0.035770701672703756,0.08019820147881282,0.08041050356418214,0.04240490063158402,0.0283030487189174,0.22917278820264497,0.06496351351782517,0.17846723468020098,0.0,0.11869783582269273,0.10576990528844327,0.012151188769894015,0.023690177652098757
scz,2023-10,2214,1.0,0.03565922956146974,0.0785985210949896,0.08287321442892898,0.04261872110647141,0.029055286468108406,0.23120576029128767,0.06365375615070167,0.17658447764145027,0.0,0.12058922905823063,0.10217810742023904,0.012437108310555332,0.024546588467567236
scz,2023-11,2206,1.0,0.03632992688134382,0.07886774078113132,0.07957685279533384,0.04204011258818695,0.027082131287385663,0.2317740120718377,0.06417447234176529,0.1771680602302398,0.0,0.1195456934395123,0.1071619599690288,0.012135588309009798,0.024143449305224718
scz,2023-12,2169,1.0,0.0391935313549266,0.07909437727549135,0.07869313625989852,0.042244723793949765,0.02779960444465386,0.22888160978575994,0.06372763132863563,0.17828985565906968,0.0,0.11966752330101064,0.1066149599407894,0.011867265951665679,0.023925780904148937
scz,2024-01,2165,1.0,0.039800066517619664,0.07896671487789372,0.07970132803350016,0.0427709776795839,0.027827290467417654,0.23029030272726847,0.06091906071399206,0.17940149003536754,0.0,0.11782352425519227,0.10724011322925553,0.01177573728310018,0.02348339417980886
scz,2024-02,2166,1.0,0.040604196623053354,0.08106244036618092,0.07908508816455229,0.04137195008211533,0.027358479270322655,0.22622898283657558,0.060465119380371364,0.18257323276804474,0.0,0.11753825169273395,0.1097352254946599,0.011672494758977456,0.022304538562412445
scz,2024-03,2158,1.0,0.038100986039128384,0.0815761539277496,0.07892801889473101,0.04209111420759596,0.02745849845818457,0.23081808461297262,0.05889353886700838,0.17825751412443233,0.0,0.12514797787311582,0.10448482563578802,0.01136448187591735,0.022878805483375945
scz,2024-04,2151,1.0,0.037523633804177024,0.07997392996506664,0.07734765539280437,0.04148119368759196,0.028489148163088132,0.2333950840057986,0.05795080381552637,0.17749154802914183,0.0,0.12684424136918182,0.10378026423279071,0.011347761231753186,0.02437473630307937
scz,2024-05,2150,1.0,0.03744239695146364,0.07878005735535341,0.07569375924650922,0.04000512992984943,0.029773618245993654,0.23221635733082435,0.058849179154777866,0.17929339774285152,0.0,0.12550728935952304,0.10529698748207916,0.01152991906174944,0.025611908139025277
scz,2024-06,2120,1.0,0.03488831105600263,0.07642435106909834,0.07605729601206257,0.03905706819316295,0.03160835762709955,0.23730098865585555,0.05899991729260636,0.18243065910886128,0.0,0.11807797702749144,0.10970236661850509,0.011013051035909978,0.02443965630334426
scz,2024-07,2113,1.0,0.03519535220597584,0.07734745847923215,0.07847798853105477,0.03843196192497886,0.03046338706350157,0.2396214922399495,0.06042727992805923,0.18503811418630733,0.0,0.11552100172974458,0.10472228251803858,0.010816733425407971,0.02393694776774962
scz,2024-08,2106,1.0,0.03550416412874013,0.07740028604077438,0.0777267013744393,0.037392493320491556,0.028267968824484416,0.24269867615603122,0.06158647445589266,0.18338429080920418,0.0,0.115315655382561,0.10565259746584207,0.010742421146333747,0.02432827089520536
scz,2024-09,2103,1.0,0.033834520047577,0.07922990490805339,0.07855689451547489,0.04023598370700253,0.026573861821037003,0.2411237543444071,0.058210460049566266,0.18506469415262472,0.0,0.11852074215419214,0.10381492270793616,0.01081784608038522,0.024016415511743553
scz,2024-10,2092,1.0,0.032983180329918434,0.07951436190201992,0.07829328472710811,0.0389475144616208,0.026832253152554046,0.24110175328607963,0.05836750345336637,0.18474552429086324,0.0,0.12064338443046836,0.1029639090772443,0.011173296304184697,0.024434034584572075
scz,2024-11,2053,1.0,0.03213217576551804,0.08032421134461845,0.07435787552759217,0.0398917551291882,0.027434839344751657,0.2433135534990683,0.058627386171098514,0.18577598731256925,0.0,0.11935807218343118,0.10222287460608175,0.013490348612973718,0.023070920503108754
scz,2024-12,2054,1.0,0.03241390431200415,0.08298713174857143,0.07472347775495732,0.04022948194554023,0.027114948699421344,0.24181223795918486,0.05759633182351576,0.1866713891905087,0.0,0.11678004677986684,0.10346111698072105,0.013403213841834086,0.022806718963874227
vss,2014-01,3056,1.0,0.028660016228815855,0.07944514956736008,0.07709726789104573,0.05051330393358943,0.06833387741439714,0.21703287726823514,0.05779937449970127,0.1658691040180262,0.0007650579770546023,0.12187079062246174,0.09588102522249947,0.01565113946217889,0.021081015894634444
vss,2014-02,3050,1.0,0.029280656108348256,0.07978340757284041,0.07575335058871659,0.04951707156321735,0.07041719982481633,0.21768188207481698,0.05654373003200035,0.1645383415114461,0.000785178665048248,0.12312707583238869,0.09581155029841992,0.015825236890913072,0.020935319037027708
vss,2014-03,3245,1.0,0.027043753415245796,0.07036111123887312,0.07759360436015447,0.04833865163137615,0.07634701447066185,0.22576710422746307,0.05066219765599543,0.160502325414823,0.0010154456521501295,0.12419156384665958,0.09840630481222506,0.016447886268457956,0.023323037005914378
vss,2014-04,3146,1.0,0.026947883266045854,0.06916866706059797,0.07868731083543777,0.04819962196442099,0.07912335170015178,0.22438219606259444,0.05201639873531757,0.15957765850226224,0.0011001507461081714,0.12560054659823022,0.09801247346680121,0.016436712033285315,0.02074702902874649
vss,2014-05,3148,1.0,0.028162574080624555,0.06872130796591677,0.07797477571147028,0.04731684792874534,0.08111446773568277,0.22191636823547323,0.05215405094864579,0.15895300198250364,0.0010759047487572972,0.12378015255504066,0.09841433393240294,0.01665451610134938,0.02376169807338735
vss,2014-06,3173,1.0,0.027510768756221115,0.06953604902548939,0.07855987510712477,0.04618286340128604,0.0829307574737908,0.22204993472726267,0.05201398073693764,0.15787874543165095,0.0010771476281933822,0.1245827741239086,0.09740488725729483,0.016027484356109192,0.0242447319747306
vss,2014-07,3164,1.0,0.02710426543481876,0.06973468668047367,0.07941182857571202,0.04656194661062072,0.07861172089723582,0.22664814144474416,0.05149380120325444,0.15650232713211978,0.0010911479646173298,0.12564253064822883,0.09712421969030756,0.01587231335262195,0.024201070365244912
vss,2014-08,3159,1.0,0.02715169400262333,0.06994976804415602,0.07875028816409448,0.046636818250503864,0.0805778549226948,0.22605978846327646,0.05167113678201311,0.15628640710156871,0.0010554690865854,0.12347006759105142,0.09771083510772689,0.01568609142787756,0.02499378105582797
vss,2014-09,3210,1.0,0.02751809001453659,0.07312949981096666,0.07392536119435655,0.0466695327559251,0.07576722685367936,0.22330740653439352,0.04962058914478419,0.16047127144874765,0.0012785079343665808,0.12341107169784582,0.10434385092377471,0.016352012421342536,0.024205579265280743
vss,2014-10,3198,1.0,0.028456692755364235,0.07438399935296401,0.07684594738555699,0.047707366119342745,0.06663714566361635,0.2317450519130971,0.05069719741891797,0.1596797721866573,0.0011758375531297487,0.11908745752969513,0.10189730201478292,0.01664273821831914,0.02504349188855636
vss,2014-11,3187,1.0,0.028819556763124567,0.07546300837828647,0.07768162987893477,0.04761255673314863,0.05974202612622054,0.23577463692424616,0.05046185320693745,0.15951162025173787,0.0010473082778776602,0.11942241840103064,0.10169072395373109,0.01743453163453089,0.02533812947019327
vss,2014-12,3216,1.0,0.03010248170813522,0.07698272929050634,0.07804657137294686,0.04986646344618356,0.054903397195776395,0.23651630863470277,0.049514361506543224,0.1581892121579393,0.0013425445461430561,0.12133994456399005,0.10167511181854985,0.01692253633777894,0.024598337420804434
vss,2015-01,3225,1.0,0.02890929348823652,0.07727335196064204,0.07895222266516748,0.05045129616462826,0.04956143518264543,0.2380463133146537,0.05048971480389926,0.1582124924000403,0.0013599265760390273,0.12191093919652038,0.10348301145531172,0.01662562086445206,0.024724381927763828
vss,2015-02,3218,1.0,0.02844698882178643,0.07650648212884646,0.07812710340768243,0.049906505267221644,0.05022397343487003,0.241233368966892,0.05025376016637508,0.1584861877677933,0.0013936241823939972,0.12143584745702944,0.10402507745421913,0.01626759033634093,0.023693490608549153
vss,2015-03,3303,1.0,0.02954930870192163,0.07341380136684421,0.07666705015022293,0.051199270584554694,0.048381322569505364,0.23741375139881532,0.05463292879609791,0.16173853972508326,0.0010122035912086189,0.11826468348024857,0.1092266463926363,0.016427798644263924,0.022072694598597266
vss,2015-04,3285,1.0,0.030933536087271007,0.07409074426834059,0.07615429414298404,0.05078832126783443,0.05410428447529539,0.23451881023964205,0.054911451758422505,0.15933963350229224,0.0009536731416341618,0.11923873642040732,0.10596689801596186,0.016777864342338095,0.022221752337576315
vss,2015-05,3270,1.0,0.03123721315194738,0.07637456917516224,0.07605740932725097,0.05151095851590989,0.050648529041042174,0.23043690429023297,0.05699720638806028,0.16158519638429106,0.0009909155341266951,0.11859701950667746,0.10726710149144097,0.016787182941866572,0.021509794251991326
vss,2015-06,3286,1.0,0.03263714305191901,0.07706307655460586,0.07686102850033097,0.05218954139212584,0.04933113618828979,0.23219411496493061,0.059854866602241784,0.16011785362387668,0.0010053380063722425,0.11615949757513298,0.10247094481900737,0.018494331504086355,0.021621127217080514
vss,2015-07,3264,1.0,0.03397427827069088,0.07751677562628588,0.07887247939853312,0.05412091616255119,0.04366065418185073,0.2378322013479474,0.062197065844069206,0.1599779048020993,0.0010262471444177218,0.11179941644282763,0.10013814437028694,0.017983749523800514,0.02090016688463947
vss,2015-08,3266,1.0,0.03394788441897471,0.07870952900184644,0.08079922427694938,0.054873714679156124,0.043371883526135774,0.23758316978627173,0.06251405464157059,0.1598969853117933,0.001032498108569313,0.11177938405134788,0.09756648943330293,0.016289373686378426,0.0216358090777034
vss,2015-09,3381,1.0,0.03531275656432163,0.07639175450039079,0.07905707079905057,0.055763707484020354,0.04010319273483456,0.23893691666013075,0.06275417403356388,0.15650514936254897,0.0014596861260231509,0.11472282507667597,0.1021030149085221,0.014342115815994936,0.022547635933922307
vss,2015-10,3350,1.0,0.034466091696842456,0.07568377568835213,0.07690178304485414,0.055766420858510225,0.04092408758418032,0.2374548978798072,0.06170537427862488,0.15745072119025555,0.0014318587931203342,0.11783080756049184,0.10353740621686938,0.014525335664561476,0.022321439543530084
vss,2015-11,3349,1.0,0.035550795360807005,0.07604402539798959,0.07667741099632182,0.055963981486818144,0.03959448066664247,0.23442362514740264,0.06417278909351333,0.1585424870110786,0.0013962187087137193,0.11626857461581169,0.10544363925260068,0.014325832300690945,0.021596139961609386
vss,2015-12,3353,1.0,0.03533084071815337,0.07653036390704976,0.07592105392947425,0.05762576254521147,0.03649316220160538,0.23644048171118637,0.0644008160640917,0.1588697574112711,0.0013865082407469797,0.11312150079903575,0.10590218991866707,0.016921556295983367,0.021056006257523442
vss,2016-01,3353,1.0,0.03572150822826611,0.07693752952455399,0.07841612539407086,0.057541426416021155,0.03735938276182707,0.23554739017983561,0.06423407345954109,0.15738940396356627,0.001387619200704425,0.11221849487562433,0.1037773451980756,0.017375422866716457,0.02209427793119703
vss,2016-02,3336,1.0,0.03593764630131373,0.07566718384479618,0.07798530244117148,0.05932037096838171,0.037272968183137335,0.2286782369405114,0.06435151589876639,0.15671519083057853,0.0013564294754249224,0.118314168013272,0.1051349595011792,0.017429437412351242,0.021836590189115893
vss,2016-03,3389,1.0,0.036379143163987306,0.07715837651606566,0.07893179440490715,0.051859152388853004,0.04216439024358014,0.23146615107945456,0.06082295993884075,0.1527756237266695,0.0013900902414533721,0.12695097224203597,0.10191269804351141,0.01570619818633295,0.022482449824308217
vss,2016-04,3353,1.0,0.03405873234506897,0.07635309178695085,0.07879766388666895,0.04795743499004965,0.04657595921566007,0.2291546260294655,0.0595514674655807,0.15405974348009496,0.0013650291131090102,0.13671249696788274,0.09729712574176155,0.015396473601856985,0.02272015537585004
vss,2016-05,3349,1.0,0.03836945427679414,0.07545381595187327,0.07945459047966072,0.0494323155410212,0.04449154465550284,0.22699038105007302,0.06106988856072495,0.154242910002981,0.0013657774311337555,0.13180083490599595,0.09884440118394047,0.015386328220030847,0.02309775774026784
vss,2016-06,3368,1.0,0.03807326175764512,0.07400808150205287,0.0805998793205012,0.047033876560793234,0.04714356146116624,0.22275664420969016,0.06484134352267719,0.1490014066901846,0.0012677316526234982,0.1372638127404374,0.0985640295116151,0.014729209542320607,0.024717161528292786
vss,2016-07,3365,1.0,0.0395216413840979,0.07381315371271341,0.0788615755270539,0.04679701266956488,0.044146965005796186,0.2235089179386062,0.06346540930172104,0.1485910844841306,0.0013013223839625733,0.14274794125272855,0.0979424532190116,0.014878920098251916,0.024423603022361226
vss,2016-08,3362,1.0,0.03964884770132482,0.07516673948212677,0.07709746912944543,0.04656030058751017,0.04791949496098359,0.2247807544811254,0.06245617105846527,0.14868112242765033,0.0012580746283468304,0.1383496452174416,0.0990400339819845,0.01467493411958057,0.024366412224014738
vss,2016-09,3455,1.0,0.03403280179918179,0.07296794478856061,0.07658779248121333,0.046626436202786704,0.04737260247837051,0.22718850202862112,0.06497003357571687,0.14935280545684795,0.003496827533386718,0.14000414095603922,0.09877437569150614,0.01367461058792109,0.024951126419847914
vss,2016-10,3430,1.0,0.03312986740781352,0.07312459498882465,0.07694436537698389,0.04548119917807488,0.047481046617695255,0.22906335466898406,0.06263431056944327,0.15018404762042165,0.003927740365955503,0.14097025139218458,0.09777732539392063,0.013679029118341735,0.02560286730135639
vss,2016-11,3423,1.0,0.03282612382315354,0.07162963322296954,0.07455586239556944,0.044558219525818905,0.05527956703904873,0.2286792708667316,0.060317681113253356,0.15163833321813874,0.0038365203194383746,0.14188129143184652,0.09703760573529181,0.012846749298356188,0.024913142010383266
vss,2016-12,3412,1.0,0.03372228011960342,0.07202451761414388,0.07407591456821461,0.04508282563934584,0.05190795380845583,0.2302999610227862,0.06023204888911728,0.15215153022021746,0.003934178038102452,0.1405537036413282,0.0975816145561917,0.01284513972053708,0.02558833216195607
vss,2017-01,3415,1.0,0.03337386301284438,0.07061880625808446,0.07323598354345467,0.044541452270295115,0.04841590921269578,0.22991651124166465,0.0584707281504503,0.1528437378833092,0.005273682965840331,0.1462683831965889,0.09866486651273895,0.012859786203053118,0.025516289548980105
vss,2017-02,3406,1.0,0.03340163948187977,0.0703003972946269,0.07374078914405013,0.04427536201868023,0.04666665001463503,0.23062599790835392,0.06026213645794614,0.1520749249754725,0.003975198532334188,0.14380496699908182,0.10239206762349416,0.012632223732936869,0.025847645816508294
vss,2017-03,3431,1.0,0.03422897668717626,0.07214309654956465,0.07561346026805273,0.046394301417000246,0.045262117613803755,0.22522910863827222,0.062294243018306716,0.1522865090894978,0.003844574062696776,0.13533689063117785,0.10787236744388412,0.013435166472246208,0.026059188108320665
vss,2017-04,3423,1.0,0.03418057869561547,0.07212993951495492,0.07604325425408691,0.04772187068739222,0.04311298452808082,0.2249340829979895,0.06356390156200706,0.15562838994860964,0.003767022893756627,0.1328990825527032,0.10777058676024065,0.013031274019653023,0.025217031584909996
vss,2017-05,3412,1.0,0.03448936186192794,0.0719066331664705,0.07559802085084483,0.04735334451296194,0.04160858921879581,0.22444642793487166,0.0631061793845115,0.15636770783625292,0.0038008802791195053,0.1315745375066553,0.11034622496178609,0.013750122126503325,0.025651970359298667
vss,2017-06,3419,1.0,0.03370008636263313,0.07212231611106074,0.07641585483923782,0.0475086869829707,0.040615412844551724,0.22746027022567947,0.06313262951050023,0.15675517687278195,0.003916236183660672,0.13146421444790662,0.1077376958586903,0.014030551398449827,0.025140868361876817
vss,2017-07,3049,1.0,0.033516263923219124,0.07474324661842982,0.06951589759752379,0.05046856136187803,0.03259067598584591,0.2207130393290706,0.06642770046827004,0.16658952271940378,0.00330645778604435,0.13985741385706413,0.10218339657610792,0.014721725148140352,0.025366098629002125
vss,2017-08,3065,1.0,0.034290449280000475,0.06611644794148037,0.07680898304005283,0.04652077306039313,0.03194193754768615,0.22874628310635148,0.06602501969662804,0.16871482539404953,0.0033578048837186627,0.13058216546148577,0.1061693842983664,0.014774043717802028,0.025951882571985118
vss,2017-09,2683,1.0,0.034672799717834074,0.07203310719027776,0.07052871408601846,0.04359339296020282,0.03235665671028911,0.229927770024353,0.06832762157144721,0.1543015791197618,0.003773410667926685,0.13822063086798683,0.11784437252399041,0.015811558442863333,0.018608386117048525
vss,2017-10,3452,1.0,0.0336957330500579,0.07470969122944938,0.07380700867720293,0.0479288942200238,0.03817203439255628,0.22390531836078825,0.061520828840781944,0.15774376691662315,0.003921276471603478,0.13412418729035566,0.11390964078690163,0.012604401448481413,0.023957218315174184
vss,2017-11,3443,1.0,0.03354957936100529,0.07384623553098696,0.07434114018705126,0.04899947457053964,0.03713254546548228,0.22448250620669374,0.06256529808368277,0.1567913803647102,0.0038211300071019937,0.1328097009039865,0.11458874713051788,0.013080613254606265,0.023991648933635226
vss,2017-12,3444,1.0,0.033346918800510494,0.07381053891167423,0.07362475703959498,0.04859402379629372,0.03674702754242551,0.22260857079222546,0.064618526201331,0.1569825111189553,0.003898432561505037,0.13594395957594899,0.11173797466977414,0.013534035726186505,0.02455272326357463
vss,2018-01,3474,1.0,0.033582339802213534,0.07334312277889632,0.07226576879899976,0.047290351511472935,0.036202868510535814,0.22446581396501014,0.0676095443334135,0.15715242201230856,0.003909556155751469,0.13449379376888895,0.11234324408285898,0.013111613092167124,0.024229561187482884
vss,2018-02,3469,1.0,0.03376755098005206,0.07328926873862564,0.07410003757894874,0.04904332751337055,0.034890486089408757,0.22047259595721752,0.06749179329385865,0.15704004512231678,0.003963657479091937,0.1348519534894001,0.11380925983668246,0.012994205864014202,0.024285818057012597
vss,2018-03,3500,1.0,0.033404163670274094,0.07242494390481811,0.07394004302468349,0.05086891135501178,0.035829611930641485,0.22202326554831392,0.06967810157100808,0.1505289273108744,0.004455900492091646,0.13102093738762535,0.11955667205959827,0.012249554730122951,0.02401896701493642
vss,2018-04,3490,1.0,0.033649647712896594,0.07300891629380873,0.07360504077944634,0.051505974652637676,0.039222523944126196,0.22209627428040632,0.06898933647103876,0.15167177215470953,0.004486601354059994,0.13060269077000447,0.11518755383608784,0.012129756389660809,0.023843911361116715
vss,2018-05,3482,1.0,0.03329479198115382,0.07184927983904996,0.07351651465765244,0.050992039553523986,0.04024921779955577,0.21598707065621098,0.06877345781624629,0.15273992064404895,0.004443769990520177,0.13140211203605803,0.12212110617954211,0.01168595158980417,0.02294476725663331
vss,2018-06,3486,1.0,0.03410930912088878,0.07064750824061627,0.07504551364497467,0.051861536413513265,0.04095804295211277,0.21774395896331558,0.0692859489926002,0.14999381301426193,0.004734737306136149,0.12915104654973278,0.12179720412052841,0.011558026234395615,0.02311335444692358
vss,2018-07,3496,1.0,0.03417683475792017,0.06975545009202337,0.07390391195308224,0.05098666071739902,0.04079398924789774,0.219863380498158,0.07001740401042984,0.15142833373807468,0.0048023598620186144,0.1301172747186771,0.11882451032635363,0.011770128244059853,0.02355976183390571
vss,2018-08,3496,1.0,0.03400982069626194,0.07035937725460296,0.07569672145390471,0.05060522074368765,0.040379778491688965,0.21988100666310287,0.07272449178608709,0.15077702474624652,0.004899063590677374,0.12612714920997273,0.11964805857681352,0.011659119618905466,0.023233167168048227
vss,2018-09,3531,1.0,0.033777611817446616,0.07730370745908338,0.07867780186484812,0.04819324162302161,0.045026491254348246,0.2220550932022842,0.06366683817269385,0.15437188622560408,0.0036482985471188766,0.12761787235654945,0.1078741077751303,0.013614406891046565,0.024172642810824714
vss,2018-10,3508,1.0,0.033419577713100106,0.07736793189067491,0.07881864519520783,0.049158277309255184,0.04363266015770594,0.22717377903504965,0.062149687856831524,0.1517245488287339,0.004542047566286941,0.1268718414831868,0.10475580299196943,0.014752420861478299,0.02563277911051947
vss,2018-11,3497,1.0,0.03266543539844357,0.07831246605081685,0.07980106128605204,0.04994708213373875,0.037846735285408106,0.2282622920221522,0.06448189462176844,0.1511188119416084,0.0019313490140997966,0.12578174988630658,0.10832671226442744,0.015278729083399082,0.026245681011778748
vss,2018-12,3491,1.0,0.03210350140433468,0.07754282449807391,0.07864143077860909,0.05068608130249697,0.03680484040707613,0.23220841551728424,0.06457432712817288,0.14898014247472172,0.001586802081751919,0.12791457288107091,0.106401340035466,0.015208014629079612,0.027347706861861942
vss,2019-01,3515,1.0,0.03290419172336567,0.07646415185641502,0.07969952152044815,0.04983352809026389,0.03807718955823897,0.230242646535709,0.06292595054550769,0.1491876597802912,0.001498708981153172,0.12896868065557254,0.10768467025256205,0.014833598495882023,0.027679502004590628
vss,2019-02,3514,1.0,0.033426014599016625,0.07655075295424323,0.07876950255379875,0.050470631994072264,0.038574492643933284,0.22827745279715767,0.06229302510725681,0.15010168501819904,0.0014850617150805147,0.12710715091073074,0.11117682481388093,0.014248609402512697,0.02751879549011745
vss,2019-03,3521,1.0,0.03705417263151438,0.07412122475139489,0.07821866451961515,0.049982517627852545,0.041108367222454284,0.22568433870069404,0.06142526648244422,0.1476015465378243,0.001527180526069998,0.12326717445657193,0.11743365478993603,0.01607775143605418,0.026498140317574043
vss,2019-04,3465,1.0,0.037848108851833005,0.07454662502569355,0.07823626760883488,0.04926703146066722,0.04015309945481271,0.22387392429642372,0.06097992462004048,0.15041407537471335,0.001138306474468037,0.12115038877517509,0.12057912226748967,0.016058242961916366,0.025754882827931917
vss,2019-05,3469,1.0,0.03790016464831959,0.07357403583738636,0.07720162701004311,0.04969116027420496,0.037504812148386836,0.2323664600510967,0.06281491402894696,0.14857678618908987,0.0016239906780156136,0.1195197599859188,0.11613354378310982,0.01630432057925637,0.026788424786225
vss,2019-06,3510,1.0,0.03815620767036255,0.073263209813627,0.07549170424340176,0.04801272751628987,0.037268721152599035,0.22857432393726024,0.06187507075221935,0.1479420632827236,0.0020190068169589096,0.1233426924273897,0.11724148473561333,0.016577966744181483,0.030234820907373186
vss,2019-07,3544,1.0,0.03864464407534908,0.07347855295692227,0.07450957657218805,0.04797900811732489,0.0368665884803779,0.2298094499590869,0.06208950126624768,0.1423023081763181,0.001972674894891705,0.12349087385307227,0.12125730845901503,0.016772228703851415,0.030827284485354715
vss,2019-08,3546,1.0,0.03835925170812469,0.07335009583137035,0.07370695742308127,0.04906550385186474,0.034848326589481254,0.23386663839347868,0.06070480007751291,0.14041014874814514,0.0019441381505562164,0.12458023380176148,0.12074782604097833,0.016691682895850702,0.03172439648779424
vss,2019-09,3825,1.0,0.038298756201732974,0.0765457918637334,0.07055018932222046,0.04769024032390439,0.034416643046157915,0.2351865251474095,0.056964707602770163,0.14455720435270786,0.0019565522276630072,0.12470937978369304,0.12154971226752125,0.015175304334670802,0.03239899352581524
vss,2019-10,3849,1.0,0.03858941687798085,0.07496188988220338,0.07012089602602577,0.04586474105812355,0.032291933606932006,0.23318783494082856,0.058532994688072784,0.14658886701595375,0.0019239944662593352,0.1272019695277034,0.1244146777482635,0.014433143049934313,0.031887641111718795
vss,2019-11,3833,1.0,0.038508493746464194,0.07441938332335273,0.07003014814549707,0.046269826025474074,0.03206645794681512,0.23353610420150603,0.05866945029085779,0.1476025244894648,0.0021294914794819392,0.12559701207218363,0.12465265217841473,0.014668740034532038,0.03184971606595586
vss,2019-12,3801,1.0,0.03813489793900493,0.07495648272014145,0.06880225124949603,0.0465319649979992,0.03365793388161362,0.23138508794852622,0.05896648040284833,0.14812476402544233,0.0014046830112638949,0.12734627108860783,0.12634170606574902,0.013123462779705782,0.031224013889601353
vss,2020-01,3811,1.0,0.03686284017267667,0.07309953200071462,0.06913536540582152,0.04546356603404578,0.03009231255797587,0.23508258796087192,0.060317225952918836,0.1470644972705724,0.0019524638574774781,0.12565228393171451,0.12849512858720155,0.013296986285793889,0.03348520998221495
vss,2020-02,3809,1.0,0.03631451485195637,0.07186021294869331,0.06928026114712243,0.04476768511363221,0.028698103982922597,0.2358997709122408,0.06224798834994988,0.14491117662431405,0.0019871672862262443,0.12459297982935097,0.13174541816340793,0.013293042831650883,0.03440167795853235
vss,2020-03,3867,1.0,0.03403054505568803,0.06642569049051425,0.0803298460437067,0.03908548192921869,0.022314318200290253,0.22728417866472275,0.07481838047303348,0.14350274731569923,0.001562566694235218,0.13114348763261285,0.13016512893955573,0.013474471508850252,0.03586315705187255
vss,2020-04,3824,1.0,0.03276109669735427,0.06786600756129949,0.07856624281827557,0.039473715919450425,0.02548291226434153,0.21648298977851377,0.07337252103416335,0.14342961208261645,0.001366015104974007,0.13940803803804436,0.13444652597048992,0.01310078059931398,0.03424354213116285
vss,2020-05,3816,1.0,0.03381736062765809,0.06964368750713285,0.07850784429792017,0.03880133060707638,0.0240787860853394,0.21128871002268393,0.07514577165864163,0.1428036117756922,0.0013878515307604266,0.1411338354937104,0.137487196994236,0.012570205808513904,0.03333380759063464
vss,2020-06,3769,1.0,0.03360031739856344,0.06881654359280194,0.07861844057805635,0.03657636879386108,0.02273332721762703,0.20875623412317956,0.07822226182306291,0.14084901312608333,0.0013861431370662284,0.1427989167134301,0.14144046669898488,0.012940742520432046,0.03326122427685111
vss,2020-07,3794,1.0,0.03233132134759714,0.06769287228113015,0.0774803889721414,0.03414345906915079,0.023242527657851116,0.2041260277988996,0.08125536975011219,0.13936062697598914,0.0013096774724456939,0.14875760555780795,0.14368865236096467,0.012782870438827162,0.03382860031708295
vss,2020-08,3826,1.0,0.03306614602528631,0.07101134925832092,0.07736354942068066,0.037071142440303274,0.023589447453361344,0.20259765723537143,0.08172757060289028,0.14000670035528662,0.0012153973080643301,0.14759532990851937,0.13878823894645267,0.013266114726124928,0.03270135631933788
vss,2020-09,3955,1.0,0.03715962007895721,0.0754264829826877,0.07400111143861587,0.03429395033699053,0.025303224235531153,0.2087947705685291,0.08228224090900874,0.13692448307940103,0.0012253363503744823,0.14337953454152225,0.1318622031443754,0.013936356961026693,0.03541068537297985
vss,2020-10,3913,1.0,0.0367807055976399,0.07603885791395,0.07239670835932117,0.03367921142589671,0.025371198052522474,0.20792691968783267,0.0813280135340519,0.13792953890775608,0.001281382442819266,0.14663610496283988,0.13122734075967651,0.013990210308231832,0.0354138080474616
vss,2020-11,3878,1.0,0.0382700771811423,0.07673411101519463,0.0708604294998023,0.03532674740685059,0.027752842958828357,0.21050452530750688,0.07723657809546043,0.14299974746526492,0.001262794202284776,0.14277290809176274,0.13082831627903607,0.011048417113359672,0.03440250538350635
vss,2020-12,3833,1.0,0.03819256375158869,0.07605427316549071,0.06840970862376301,0.03491715815817483,0.027799210045295605,0.21183297313800867,0.07749638320181747,0.14356435544419766,0.0007150174719339358,0.14639090609721153,0.12941947143296992,0.010435414226670305,0.03477256524287764
vss,2021-01,3824,1.0,0.037583285660537244,0.07550958730527056,0.06918312870747279,0.03510685736328184,0.026742268973448113,0.20740842655363506,0.07647974508076466,0.1449455190389469,0.0007186082302300614,0.14536707438249535,0.1341431531444544,0.010319619463632204,0.036492726095830805
vss,2021-02,3888,1.0,0.03767610870658563,0.07596392021522815,0.06870934744801457,0.03745140264097114,0.029614782201192916,0.2095684039915551,0.07189885220057593,0.14498846755393535,0.000619005211527069,0.14694146540251157,0.13383095584181331,0.010026745381012942,0.03271054320507631
vss,2021-03,4044,1.0,0.041093949833980285,0.08121746556268535,0.06996379855744492,0.03668898214985018,0.02949113073747281,0.21172306156074855,0.06835725401982931,0.14666364082585195,0.0009093452981919539,0.14345897348523937,0.1282706394086223,0.010109423050783571,0.03205233550929948
vss,2021-04,4027,1.0,0.03878555281502028,0.08253028593998771,0.06794635265147747,0.034591242861505916,0.029027982774319706,0.21256232584525353,0.07056054707326992,0.14565425933295836,0.0009047541591335596,0.14694313019147237,0.1294307870945424,0.009703706134127616,0.03135907312693119
vss,2021-05,4018,1.0,0.03852731256043742,0.08394186209010278,0.06582520173770555,0.034599601699898806,0.0295745974180911,0.21582969590154683,0.071778774221242,0.14642306033134458,0.0007332340876741997,0.14767673653013233,0.12484197333601425,0.009653105252937944,0.03059484483287222
vss,2021-06,3960,1.0,0.03885150538872369,0.08455383753868298,0.06422360176804105,0.03381115978353576,0.030129046767205157,0.21471235541630418,0.07364118616394091,0.1459739495347486,0.0009129403942606014,0.14305211982096502,0.12947057508534263,0.009188379531533597,0.03147934280671583
vss,2021-07,3992,1.0,0.038681813929143036,0.0840192126323037,0.06256481327851579,0.03255791572916842,0.028322503317857774,0.2160552497055472,0.0712486689558493,0.14730725794801125,0.0009694493173260308,0.14745082169008164,0.1302807336543392,0.009158521527319007,0.03138303831453763
vss,2021-08,3988,1.0,0.038604483269721775,0.08401512015073384,0.06292637514341314,0.03310574679312962,0.02613227186364993,0.21879595403877306,0.06976408360238152,0.14832434637953912,0.0009928464259046164,0.14658741978317721,0.1285469502043861,0.00919771468333103,0.03300668766185902
vss,2021-09,4082,1.0,0.04100818892221662,0.08369204672110758,0.062436025613346394,0.03376218808286312,0.030650229164354118,0.21803038661554255,0.06945738771261449,0.13843206326428545,0.0013692473825031206,0.14926355433107588,0.12643618096642623,0.011035796578485203,0.03442670464517929
vss,2021-10,4045,1.0,0.0407290402545534,0.08292043838277526,0.060280216172990606,0.03212310592630544,0.03011340101602848,0.22066304561943242,0.06742739083579274,0.13940545940798665,0.0013454110076359725,0.1509717267661502,0.12891935875046281,0.010853809018890648,0.03424759684099537
vss,2021-11,4049,1.0,0.039927161558722946,0.08011022766684049,0.06070490322962628,0.03042393352375491,0.02995824895221161,0.2173932731580801,0.0674585493758749,0.13711625566463176,0.0013723603756712957,0.15349691207139973,0.13622363932198328,0.011262488388311892,0.0345520467128908
vss,2021-12,4040,1.0,0.03970966143262131,0.07939353856306362,0.05920562421371419,0.030715702827732515,0.030158696813713706,0.21875814806382254,0.06731998686330501,0.13719517565408765,0.0013758720178051566,0.15414183317731348,0.13588008455436124,0.011448045765819774,0.034697630052639795
vss,2022-01,4035,1.0,0.039086952677453865,0.07919868106957077,0.06031947864544514,0.03129317112959666,0.034074956238351876,0.22417369117287012,0.061826148729072564,0.1373269700311226,0.0015311038155158404,0.15423640947475675,0.12942823531235717,0.012014620922557612,0.03548958078132903
vss,2022-02,4071,1.0,0.03800962260145383,0.07604773908387495,0.060357320689838394,0.03246843583912875,0.0373168904971197,0.22006970995617095,0.06123311200964891,0.13851141182509238,0.0015773907818838178,0.15760176123241235,0.12896177214998317,0.01163268272903262,0.03621215060436016
vss,2022-03,4179,1.0,0.038877808023857284,0.07024010027254805,0.0601043614514215,0.03270189235746052,0.04149442051705008,0.2277697101352861,0.062488751949749996,0.13612805261766267,0.0021277478592761213,0.1542874637937837,0.12552681203263935,0.011112849632288995,0.03714002935697567
vss,2022-04,4158,1.0,0.038719436082344044,0.07050478676551072,0.06092323919316189,0.03302455096568113,0.04496757599588251,0.22779747969873482,0.06174742213680236,0.13534582781928503,0.0022729863979458038,0.15460638360260484,0.12027337052495625,0.011628453817988322,0.03818848699910228
vss,2022-05,4133,1.0,0.036429738277377804,0.07118077313692472,0.060503022183292454,0.032746633438279195,0.04907042309356086,0.2252556833257686,0.061006395578156535,0.13615517605513347,0.002357839940535719,0.15224201588050207,0.12314732946447078,0.011545691054350797,0.03835927857164698
vss,2022-06,4120,1.0,0.03607210596299533,0.07204464779314144,0.06276563739786484,0.0328269426658734,0.04650775164250786,0.2248659307955775,0.06498656757444408,0.13855731480492656,0.0025494719855989403,0.1444598349962611,0.1214080106126526,0.012055553685410432,0.04090023008274589
vss,2022-07,4090,1.0,0.036612224423952046,0.07246226601517715,0.06099456695645718,0.032853855204989624,0.048361376079631924,0.22394554076148387,0.06426167921619164,0.1416551611825256,0.0023556835581729275,0.14387660281541154,0.12127720079253317,0.010224800306048526,0.041119042687424806
vss,2022-08,4104,1.0,0.03583624366157788,0.07225706767446738,0.06140538149930375,0.03222716152985059,0.051293411056795586,0.22204263733668766,0.06352117655885153,0.13917491805268178,0.002524467215794187,0.14571923658150432,0.12247290510650538,0.010330229056167884,0.041195164669812066
vss,2022-09,4159,1.0,0.03647247041616906,0.07582342233040525,0.0599559558268948,0.03208507852703366,0.04574731276289237,0.22065503177942117,0.06674062739219547,0.14012034075113206,0.0029723416649683108,0.14415298392112624,0.12476167938213793,0.01051350384292975,0.03999925140269394
vss,2022-10,4145,1.0,0.03688734811949417,0.07657863797965306,0.05842504570579351,0.031808227984307574,0.04829908177713184,0.2212408115374477,0.06628959036735069,0.14266365650647386,0.003021762513547835,0.14300989672531303,0.12223023301809152,0.01104029442762648,0.03850541333776873
vss,2022-11,4141,1.0,0.03669915824174296,0.07509202282058111,0.05781469126074875,0.03191965137284028,0.04506236552762962,0.2203012618249695,0.065598474345223,0.14417652239112053,0.002691990483139859,0.1478635685540314,0.1258244824177698,0.010563608810251176,0.03639220194995199
vss,2022-12,4084,1.0,0.03686419262833508,0.0750019257966448,0.05910249218295683,0.032012414533356535,0.043928211137127374,0.22530175115302048,0.0673888107788558,0.14450163718265716,0.0026009324782452306,0.14390531104563428,0.12414856556195403,0.009707401451617508,0.0355363540695949
vss,2023-01,4117,1.0,0.03666757053809623,0.07556503373993359,0.057916459055517254,0.03219528878000711,0.04216283144623981,0.22406465446176024,0.06628939822731085,0.1464658153157268,0.002463275643351204,0.1464341758245611,0.12592830438499195,0.009626814128419224,0.034220378454084634
vss,2023-02,4105,1.0,0.03645375113750348,0.07586460715968066,0.05751410545626116,0.03205123051662655,0.04157081310862624,0.2230367529671104,0.06513448753101062,0.1484708726488648,0.002405260646507048,0.14602736619441567,0.1286775170509618,0.009545359194752506,0.033247876387679065
vss,2023-03,4163,1.0,0.036838711969951886,0.08080420767659283,0.058261747511152866,0.032324939042976446,0.04171611528804834,0.20208358773576524,0.06761954107027816,0.1526263286938601,0.0023154032369351618,0.14738464348098662,0.13293284884267634,0.009844225663562755,0.035247699787213274
vss,2023-04,4151,1.0,0.036659736439626875,0.08129106815427055,0.05805587174814756,0.03384067994695325,0.0420983738985677,0.20513663040150706,0.068363463689059,0.1523336331473042,0.0023354303756216764,0.14653800276405266,0.12829094177908412,0.010033562072639725,0.03502260558316564
vss,2023-05,4153,1.0,0.03568280867046442,0.08043545941767005,0.05819659631392444,0.0341827106163141,0.03994221385530978,0.20255360561996935,0.06816199452664838,0.15361941533773685,0.002411138203617799,0.14358299317103546,0.13637607024761583,0.009614301115016885,0.03524069290467667
vss,2023-06,4156,1.0,0.03345699335072201,0.08241464095719411,0.05866389345321483,0.03324793483670455,0.040841576178630865,0.2012058321981062,0.06690778710857487,0.15643965113616928,0.002489712320664057,0.14443355450126322,0.1360979946572538,0.009641574819364134,0.034158854482138054
vss,2023-07,4180,1.0,0.031880494088526695,0.0823460858397995,0.05833451276457086,0.03349795413341591,0.04320323811804011,0.20229891472247008,0.06499559960370305,0.15454550724518687,0.0024227491230785674,0.14837168771469933,0.13562470235754862,0.009138738997113998,0.0333398152918464
vss,2023-08,4179,1.0,0.031576114447991056,0.08221218603037728,0.05811937710110834,0.03296544274702532,0.04514061791580423,0.20224238530345964,0.0641152918151516,0.1542208762471159,0.002727518931215749,0.14696628623648345,0.13810017835529195,0.00917461189395139,0.0324391129750241
vss,2023-09,4557,0.9996151197780352,0.0316487985986843,0.08114011177125414,0.058463222090154254,0.03282429396616169,0.0493596982265891,0.20090130950669033,0.06561632686669579,0.16000276353090587,0.0036619968629177206,0.14231340808928153,0.13290478547865625,0.01000476161197348,0.030773643178070728
vss,2023-10,4528,0.9995908617732586,0.031130877230901736,0.08106777429581903,0.059325475097660486,0.032418180887809366,0.050454839009111116,0.20295135102911552,0.06553078654142169,0.15810897438873686,0.0038844195104327144,0.1433353781296083,0.13093474938744415,0.01001300707564191,0.030435049189555766
vss,2023-11,4520,0.9996245107161493,0.031079806381519224,0.08025763875409045,0.05786178311356922,0.03200937236541161,0.04758488857573997,0.20393169967459016,0.0657008310276764,0.15800769434862164,0.003470602221244374,0.14126942996726416,0.13752773642421454,0.009951009196676007,0.03097201866553161
vss,2023-12,4549,0.999623472376806,0.031688658871392016,0.08025628445472643,0.05752449716634389,0.0322606014717228,0.04508784471224784,0.20572963690087787,0.0663674853856061,0.15990661523199373,0.0033601146262068554,0.13972986761242404,0.13660186401670493,0.009785004670007308,0.031324997256552176
vss,2024-01,4546,0.9996259181884146,0.03198023192737824,0.07937696022484314,0.05729508992424616,0.03240364440139157,0.046095858148690494,0.20835568703982751,0.06420895380023514,0.16257909674557852,0.003428444986630148,0.13726969592010557,0.1354012065888855,0.009805472784696621,0.031425575695906004
vss,2024-02,4593,0.9996207016622101,0.03201785902042859,0.08070809519301961,0.05625047988876856,0.030953244542727396,0.04641685995556565,0.20464392386841454,0.06567700946480659,0.16655217510853731,0.0037042570107237234,0.13616078963405598,0.13743055311753363,0.009592712502125,0.029512742355503534
vss,2024-03,4678,0.9996205944963416,0.030978058607640496,0.07748653498092999,0.057779591821605615,0.03197138898880062,0.043860023074185926,0.20600181080336424,0.06753298873672901,0.17156126876555222,0.0038113658152550663,0.13834559189928203,0.13260379604168432,0.008785873378238985,0.028902301583073
vss,2024-04,4651,0.999620703842611,0.030125808032352788,0.07525787693526474,0.05783119336002836,0.03111880730539784,0.04528210094775795,0.2056796856650777,0.06598042930767196,0.17376608450190464,0.003581002875229621,0.14350004686599535,0.13027059495897456,0.00843238416580354,0.028794688921151963
vss,2024-05,4622,0.9996392541558522,0.029742851628121895,0.07454308917464808,0.057002988916107625,0.030349092687129545,0.04563728583733221,0.2054269026654744,0.06507214303326639,0.17532829306408418,0.0042408355006517085,0.14371530129318494,0.13009010792660894,0.008479968830117557,0.03001039359912472
vss,2024-06,4600,0.9996861489481667,0.02870669914807612,0.073534968252262,0.05743968175886478,0.030651843100417915,0.04361661316598351,0.20637541016047337,0.06522866301207314,0.17612730292615136,0.003381712123377671,0.143036349202213,0.13387583323405602,0.008253024904393402,0.029458047959824384
vss,2024-07,4668,0.9997025997835373,0.029271332246665827,0.07356057369488739,0.05769072986508529,0.031084196114256675,0.04235709970113867,0.21179072507351215,0.06530061204082128,0.17691952350278944,0.003604939414111951,0.14213987715527787,0.1276354018821877,0.008317082806936528,0.030030506285866534
vss,2024-08,4713,0.9997111964565404,0.029618856503735257,0.07364070425238793,0.05824376015472357,0.029783209791725714,0.04050321173521707,0.2149754810520722,0.06736555719931409,0.17359329653493785,0.00331221367699738,0.14170275484646705,0.12854324565621922,0.008527541361036506,0.029901363691706567
vss,2024-09,4739,0.9997181286516693,0.029507816449209693,0.0740969246484112,0.0636344929980376,0.03133856059080786,0.03775599081034634,0.21282929490886154,0.06800662139922783,0.1700091138982973,0.0037699819240805564,0.14354764326338088,0.12541665677188005,0.008533080077120505,0.03127195091200798
vss,2024-10,4698,0.9997443459932104,0.028862195569387655,0.07387891042716763,0.06337751667717488,0.03056027675800462,0.03801870141984336,0.20969545855404667,0.0687655558448178,0.17112320622031085,0.0035962746520812098,0.14553724429442655,0.12701688409031195,0.008484791145735065,0.03082733033990207
vss,2024-11,4622,0.9997564705147769,0.02874880263391134,0.07376804160528597,0.06209909688311871,0.031555420238398614,0.03846112216630179,0.2119950283326026,0.06837417858257078,0.17198219229354295,0.003255699615068276,0.14140907659034954,0.12804165576024346,0.009337726301124966,0.030728429512257956
vss,2024-12,4608,1.0,0.028436667729809975,0.0753183765028056,0.06278425659282132,0.03180863643788903,0.03783129260880735,0.21386881383544265,0.0681154071058882,0.17328256671763595,0.00034396072990602135,0.13752813701761096,0.13145636341433758,0.00920781082348136,0.030017710483564004
