ticker,fsym_id,month,iso_currency,price_m,Shares,value_usd,usd_per_ccy
RAY.ST,B3MGHK-R,2018-04,SEK,130.9,200.0,345.38035557943584,0.11534224450588226
RAY.ST,B3MGHK-R,2018-05,SEK,112.0,800.0,1151.3058169021012,0.11348200589418411
RAY.ST,B3MGHK-R,2018-06,SEK,105.0,1600.0,2079.3553264168504,0.11072566360235214
RAY.ST,B3MGHK-R,2018-07,SEK,115.4,8000.0,12004.176946384907,0.11424967646598816
RAY.ST,B3MGHK-R,2018-08,SEK,147.4,8000.0,14154.519077125788,0.10966932028532028
RAY.ST,B3MGHK-R,2018-09,SEK,122.3,8000.0,12428.534137825965,0.11296958476305008
RAY.ST,B3MGHK-R,2018-10,SEK,115.3,8000.0,11006.545798564552,0.10905957967042923
RAY.ST,B3MGHK-R,2018-11,SEK,106.0,8000.0,10279.735138424636,0.11032656580209732
RAY.ST,B3MGHK-R,2018-12,SEK,96.5,8000.0,9570.379307879806,0.11135733872652054
RAY.ST,B3MGHK-R,2019-01,SEK,101.6,8000.0,9946.79398136437,0.11071745306253433
RAY.ST,B3MGHK-R,2019-02,SEK,102.6,8000.0,9599.001812133789,0.10795021057128906
RAY.ST,B3MGHK-R,2019-03,SEK,103.7,8000.0,9632.420821591018,0.10769479721784592
RAY.ST,B3MGHK-R,2019-04,SEK,120.7,8000.0,10680.19908022642,0.1051516979932785
RAY.ST,B3MGHK-R,2019-05,SEK,120.0,8000.0,10579.973607361317,0.1048872172832489
RAY.ST,B3MGHK-R,2019-06,SEK,132.6,8000.0,12336.27124161005,0.10789814591407776
RAY.ST,B3MGHK-R,2019-07,SEK,138.7,10000.0,15116.919200114162,0.10455580800771713
RAY.ST,B3MGHK-R,2019-08,SEK,170.6,15000.0,26701.406853900477,0.10232723504304886
RAY.ST,B3MGHK-R,2019-09,SEK,160.7,15000.0,25061.342489679155,0.10222230851650238
RAY.ST,B3MGHK-R,2019-10,SEK,154.7,15000.0,24974.638610364498,0.1036902368068695
RAY.ST,B3MGHK-R,2019-11,SEK,111.0,15000.0,18216.69350029528,0.10472849011421204
RAY.ST,B3MGHK-R,2019-12,SEK,107.2,15000.0,18465.127271465957,0.10701276361942291
RAY.ST,B3MGHK-R,2020-01,SEK,94.0,15000.0,15173.636508509517,0.10372582823038101
RAY.ST,B3MGHK-R,2020-02,SEK,82.75,30000.0,26503.746230471137,0.1035071313381195
RAY.ST,B3MGHK-R,2020-03,SEK,57.6,30000.0,17394.328552079198,0.09973251819610596
RAY.ST,B3MGHK-R,2020-04,SEK,74.9,30000.0,23377.781246745588,0.1016179621219635
RAY.ST,B3MGHK-R,2020-05,SEK,82.6,40000.0,36866.627612257005,0.10509169101715088
RAY.ST,B3MGHK-R,2020-06,SEK,86.5,40000.0,39833.96414415538,0.10725989192724228
RAY.ST,B3MGHK-R,2020-07,SEK,91.6,40000.0,48269.5063991934,0.11519277840852737
RAY.ST,B3MGHK-R,2020-08,SEK,96.9,40000.0,52159.89698436856,0.11606718599796295
RAY.ST,B3MGHK-R,2020-09,SEK,87.6,40000.0,43667.60028027892,0.11153681576251984
RAY.ST,B3MGHK-R,2020-10,SEK,75.4,40000.0,38010.41061415076,0.1121804341673851
RAY.ST,B3MGHK-R,2020-11,SEK,75.6,40000.0,41626.825176167484,0.11769150197505951
RAY.ST,B3MGHK-R,2020-12,SEK,82.7,40000.0,49351.92788242697,0.12211845815181732
RAY.ST,B3MGHK-R,2021-01,SEK,86.8,40000.0,49951.360678732395,0.11985089629888535
RAY.ST,B3MGHK-R,2021-02,SEK,93.1,88950.0,118712.96238655508,0.1204167827963829
RAY.ST,B3MGHK-R,2021-03,SEK,89.5,104750.0,123377.67539766141,0.11470744758844376
RAY.ST,B3MGHK-R,2021-04,SEK,83.4,104750.0,123487.9567798615,0.11952443420886993
RAY.ST,B3MGHK-R,2021-05,SEK,93.0,104750.0,141382.9578219509,0.12034548819065094
RAY.ST,B3MGHK-R,2021-06,SEK,87.4,104750.0,125677.64478770261,0.11739996820688248
RAY.ST,B3MGHK-R,2021-07,SEK,84.7,104750.0,120582.68169886294,0.1169373169541359
RAY.ST,B3MGHK-R,2021-08,SEK,70.8,104750.0,99541.16057433446,0.11594740301370621
RAY.ST,B3MGHK-R,2021-09,SEK,61.5,104750.0,83741.44383955396,0.11372269690036774
RAY.ST,B3MGHK-R,2021-10,SEK,61.1,134750.0,112831.999776036,0.11770092695951462
RAY.ST,B3MGHK-R,2021-11,SEK,53.9,134750.0,88326.85872702723,0.11035894602537155
RAY.ST,B3MGHK-R,2021-12,SEK,56.5,134750.0,93020.70719988568,0.11053619533777237
RAY.ST,B3MGHK-R,2022-01,SEK,46.15,34550.0,18129.91406123087,0.10613244026899338
RAY.ST,B3MGHK-R,2022-02,SEK,47.35,34550.0,18183.342901361844,0.10490460693836212
RAY.ST,B3MGHK-R,2022-03,SEK,51.7,34550.0,20753.2092953476,0.10827655345201492
RAY.ST,B3MGHK-R,2022-04,SEK,43.3,34550.0,15456.222803617848,0.10118088126182556
RAY.ST,B3MGHK-R,2022-05,SEK,66.9,94608.0,66375.32511208432,0.10260145366191864
RAY.ST,B3MGHK-R,2022-06,SEK,54.4,94608.0,49151.779895848056,0.0978647917509079
RAY.ST,B3MGHK-R,2022-07,SEK,72.6,116194.0,81081.22896476221,0.09799271821975708
RAY.ST,B3MGHK-R,2022-08,SEK,50.0,116194.0,51210.78531549674,0.09372897446155548
RAY.ST,B3MGHK-R,2022-09,SEK,47.6,116194.0,44749.62885845449,0.0897892564535141
RAY.ST,B3MGHK-R,2022-10,SEK,57.4,116194.0,55039.41830335592,0.09119228273630142
RAY.ST,B3MGHK-R,2022-11,SEK,58.0,116194.0,59653.72114986179,0.09439260512590408
RAY.ST,B3MGHK-R,2022-12,SEK,68.0,116194.0,72550.04563572508,0.09567363560199738
MELI,B8366W-R,2021-12,USD,1348.4,750.0,1011300.0000000001,1.0
MELI,B8366W-R,2022-01,USD,1132.06,850.0,962251.0,1.0
MELI,B8366W-R,2022-02,USD,1126.65,1050.0,1182982.5,1.0
MELI,B8366W-R,2022-03,USD,1189.48,840.0,999163.2000000001,1.0
MELI,B8366W-R,2022-04,USD,973.63,840.0,817849.2,1.0
MELI,B8366W-R,2022-05,USD,785.88,1340.0,1053079.2,1.0
MELI,B8366W-R,2022-06,USD,636.87,1440.0,917092.8,1.0
MELI,B8366W-R,2022-07,USD,813.71,1440.0,1171742.4000000001,1.0
MELI,B8366W-R,2022-08,USD,855.36,1440.0,1231718.4,1.0
MELI,B8366W-R,2022-09,USD,827.78,1440.0,1192003.2,1.0
MELI,B8366W-R,2022-10,USD,901.62,1440.0,1298332.8,1.0
MELI,B8366W-R,2022-11,USD,930.985,1440.0,1340618.4,1.0
MELI,B8366W-R,2022-12,USD,846.24,1440.0,1218585.6,1.0
ADYEN.AS,B8DGF3-R,2018-08,EUR,604.0,100.0,81973.89203985428,1.1664663553237915
ADYEN.AS,B8DGF3-R,2018-09,EUR,703.0,140.0,133032.49289787296,1.1637378931045532
ADYEN.AS,B8DGF3-R,2018-10,EUR,571.1,140.0,102788.78488832976,1.1346358060836792
ADYEN.AS,B8DGF3-R,2018-11,EUR,457.05,140.0,82539.76678052056,1.1392766237258911
ADYEN.AS,B8DGF3-R,2018-12,EUR,475.05,140.0,86975.02290114564,1.1439945697784424
ADYEN.AS,B8DGF3-R,2019-01,EUR,647.7,140.0,119527.24855628729,1.1487650871276855
ADYEN.AS,B8DGF3-R,2019-02,EUR,660.0,140.0,119737.67171471822,1.1380189657211304
ADYEN.AS,B8DGF3-R,2019-03,EUR,698.0,140.0,123221.33094808483,1.1230024099349976
ADYEN.AS,B8DGF3-R,2019-04,EUR,725.6,140.0,127337.9084847175,1.1185182332992554
ADYEN.AS,B8DGF3-R,2019-05,EUR,720.8,140.0,125171.1840189211,1.1131147146224976
ADYEN.AS,B8DGF3-R,2019-06,EUR,678.6,140.0,123044.48643642031,1.1372941732406616
ADYEN.AS,B8DGF3-R,2019-07,EUR,687.0,140.0,119487.18801682303,1.1157974004745483
ADYEN.AS,B8DGF3-R,2019-08,EUR,658.8,140.0,112356.74277470917,1.1061947345733643
ADYEN.AS,B8DGF3-R,2019-09,EUR,604.4,260.0,187468.82251991224,1.0942714214324951
ADYEN.AS,B8DGF3-R,2019-10,EUR,629.4,260.0,203646.87484803965,1.1154489517211914
ADYEN.AS,B8DGF3-R,2019-11,EUR,696.2,260.0,219776.96197379407,1.101176142692566
ADYEN.AS,B8DGF3-R,2019-12,EUR,731.0,260.0,238992.44123277665,1.120229721069336
ADYEN.AS,B8DGF3-R,2020-01,EUR,831.0,260.0,264078.88852035144,1.1029127836227417
ADYEN.AS,B8DGF3-R,2020-02,EUR,797.2,260.0,250382.6288083122,1.0997228622436523
ADYEN.AS,B8DGF3-R,2020-03,EUR,770.6,260.0,242494.46177114794,1.1030466556549072
ADYEN.AS,B8DGF3-R,2020-04,EUR,901.2,260.0,279155.8555087529,1.087725043296814
ADYEN.AS,B8DGF3-R,2020-05,EUR,1183.0,260.0,379056.7593669655,1.1079105138778687
ADYEN.AS,B8DGF3-R,2020-06,EUR,1295.5,260.0,425493.6091381227,1.1247202157974243
ADYEN.AS,B8DGF3-R,2020-07,EUR,1417.0,260.0,517222.6424423616,1.1872254610061646
ADYEN.AS,B8DGF3-R,2020-08,EUR,1413.0,160.0,322245.8253246059,1.1918240785598755
ADYEN.AS,B8DGF3-R,2020-09,EUR,1572.5,160.0,346435.9706006767,1.1742050647735596
ADYEN.AS,B8DGF3-R,2020-10,EUR,1447.5,160.0,315066.9999426269,1.1678695678710938
ADYEN.AS,B8DGF3-R,2020-11,EUR,1602.0,160.0,367056.9356297968,1.1971460580825806
ADYEN.AS,B8DGF3-R,2020-12,EUR,1905.0,160.0,458709.9501429913,1.2299896478652954
ADYEN.AS,B8DGF3-R,2021-01,EUR,1719.5,160.0,405104.11020953977,1.2120037078857422
ADYEN.AS,B8DGF3-R,2021-02,EUR,1916.0,160.0,452492.292606411,1.2160420417785645
ADYEN.AS,B8DGF3-R,2021-03,EUR,1903.5,160.0,419645.66773693386,1.1723604202270508
ADYEN.AS,B8DGF3-R,2021-04,EUR,2041.5,160.0,476848.43311153486,1.2127091884613037
ADYEN.AS,B8DGF3-R,2021-05,EUR,1890.4,296.0,833976.2310210564,1.2190067768096924
ADYEN.AS,B8DGF3-R,2021-06,EUR,2060.5,296.0,860854.4625813308,1.1901928186416626
ADYEN.AS,B8DGF3-R,2021-07,EUR,2289.5,296.0,955729.8078086162,1.1892997026443481
ADYEN.AS,B8DGF3-R,2021-08,EUR,2734.5,296.0,1127159.2859485652,1.1796904802322388
ADYEN.AS,B8DGF3-R,2021-09,EUR,2415.0,296.0,961150.7285826587,1.1601601839065552
ADYEN.AS,B8DGF3-R,2021-10,EUR,2610.5,296.0,1044767.3589244381,1.1683608293533325
ADYEN.AS,B8DGF3-R,2021-11,EUR,2447.5,296.0,920925.7834055736,1.1293437480926514
ADYEN.AS,B8DGF3-R,2021-12,EUR,2311.5,296.0,881174.1341171113,1.132502794265747
ADYEN.AS,B8DGF3-R,2022-01,EUR,1789.0,296.0,662025.9283487838,1.1152374744415283
ADYEN.AS,B8DGF3-R,2022-02,EUR,1864.4,396.0,927201.4975475903,1.118105411529541
ADYEN.AS,B8DGF3-R,2022-03,EUR,1809.0,316.0,709937.0446415188,1.1161835193634033
ADYEN.AS,B8DGF3-R,2022-04,EUR,1623.0,316.0,568329.9450546673,1.0504201650619507
ADYEN.AS,B8DGF3-R,2022-05,EUR,1447.2,316.0,527794.5155351758,1.0773539543151855
ADYEN.AS,B8DGF3-R,2022-06,EUR,1388.0,316.0,479020.85669302096,1.04465913772583
ADYEN.AS,B8DGF3-R,2022-07,EUR,1745.0,316.0,573069.1779314703,1.0192328691482544
ADYEN.AS,B8DGF3-R,2022-08,EUR,1545.0,216.0,336413.1865661499,1.0025062561035156
ADYEN.AS,B8DGF3-R,2022-09,EUR,1301.8,216.0,270771.4549638332,0.9829555749893188
ADYEN.AS,B8DGF3-R,2022-10,EUR,1452.6,216.0,308710.8839216001,0.9955002665519714
ADYEN.AS,B8DGF3-R,2022-11,EUR,1463.8,216.0,336119.8392543876,1.0324499607086182
ADYEN.AS,B8DGF3-R,2022-12,EUR,1288.4,216.0,316634.71075355756,1.066075325012207
BAS1V.HE,BFP734-R,2018-04,EUR,41.0,300.0,18015.564626920223,1.2122827768325806
BAS1V.HE,BFP734-R,2018-05,EUR,38.8,300.0,15852.727133158209,1.1667250394821167
BAS1V.HE,BFP734-R,2018-06,EUR,36.0,400.0,19440.491154870982,1.1562966108322144
BAS1V.HE,BFP734-R,2018-07,EUR,36.0,2000.0,98627.42326612474,1.1707408428192139
BAS1V.HE,BFP734-R,2018-08,EUR,33.6,3000.0,136804.10732545852,1.1664663553237915
BAS1V.HE,BFP734-R,2018-09,EUR,35.6,3000.0,144359.59091141226,1.1637378931045532
BAS1V.HE,BFP734-R,2018-10,EUR,19.95,4000.0,102590.81953299046,1.1346358060836792
BAS1V.HE,BFP734-R,2018-11,EUR,29.2,4000.0,150665.6878025532,1.1392766237258911
BAS1V.HE,BFP734-R,2018-12,EUR,39.5,4000.0,206679.91622837065,1.1439945697784424
BAS1V.HE,BFP734-R,2019-01,EUR,36.5,4000.0,192449.94991149902,1.1487650871276855
BAS1V.HE,BFP734-R,2019-02,EUR,30.3,2000.0,78529.24909375906,1.1380189657211304
BAS1V.HE,BFP734-R,2019-03,EUR,22.1,2000.0,55734.58714502573,1.1230024099349976
BAS1V.HE,BFP734-R,2019-04,EUR,20.5,2000.0,51394.4587463975,1.1185182332992554
BAS1V.HE,BFP734-R,2019-05,EUR,19.5,4000.0,96751.17407698154,1.1131147146224976
BAS1V.HE,BFP734-R,2019-06,EUR,18.16,4000.0,94079.74900825023,1.1372941732406616
BAS1V.HE,BFP734-R,2019-07,EUR,17.8,4000.0,88453.81238901138,1.1157974004745483
BAS1V.HE,BFP734-R,2019-08,EUR,18.86,4000.0,91900.80014120102,1.1061947345733643
BAS1V.HE,BFP734-R,2019-09,EUR,22.0,7000.0,183718.10436143877,1.0942714214324951
BAS1V.HE,BFP734-R,2019-10,EUR,20.1,9000.0,225121.06750328065,1.1154489517211914
BAS1V.HE,BFP734-R,2019-11,EUR,24.8,9000.0,270999.80109300616,1.101176142692566
BAS1V.HE,BFP734-R,2019-12,EUR,23.75,9000.0,268266.7772048378,1.120229721069336
BAS1V.HE,BFP734-R,2020-01,EUR,26.35,9000.0,289856.1005861628,1.1029127836227417
BAS1V.HE,BFP734-R,2020-02,EUR,26.0,9000.0,282669.7952593803,1.0997228622436523
BAS1V.HE,BFP734-R,2020-03,EUR,18.9,9000.0,205875.13172734022,1.1030466556549072
BAS1V.HE,BFP734-R,2020-04,EUR,24.4,9000.0,261628.1986870909,1.087725043296814
BAS1V.HE,BFP734-R,2020-05,EUR,30.5,9000.0,338289.52925673005,1.1079105138778687
BAS1V.HE,BFP734-R,2020-06,EUR,29.85,9000.0,339366.63326787826,1.1247202157974243
BAS1V.HE,BFP734-R,2020-07,EUR,35.0,9000.0,442226.6439065337,1.1872254610061646
BAS1V.HE,BFP734-R,2020-08,EUR,36.5,9000.0,468231.3655865013,1.1918240785598755
BAS1V.HE,BFP734-R,2020-09,EUR,37.9,9000.0,469671.4110956383,1.1742050647735596
BAS1V.HE,BFP734-R,2020-10,EUR,37.1,9000.0,454235.1254482269,1.1678695678710938
BAS1V.HE,BFP734-R,2020-11,EUR,38.5,9000.0,496197.04873605963,1.1971460580825806
BAS1V.HE,BFP734-R,2020-12,EUR,42.0,9000.0,571894.6336828351,1.2299896478652954
BAS1V.HE,BFP734-R,2021-01,EUR,39.15,9000.0,518822.4999548721,1.2120037078857422
BAS1V.HE,BFP734-R,2021-02,EUR,34.45,13000.0,661040.8552047014,1.2160420417785645
BAS1V.HE,BFP734-R,2021-03,EUR,36.65,13000.0,656488.716145277,1.1723604202270508
BAS1V.HE,BFP734-R,2021-04,EUR,40.2,13000.0,762922.4811910343,1.2127091884613037
BAS1V.HE,BFP734-R,2021-05,EUR,39.1,8900.0,518650.7267797387,1.2190067768096924
BAS1V.HE,BFP734-R,2021-06,EUR,39.75,8900.0,499335.6577132746,1.1901928186416626
BAS1V.HE,BFP734-R,2021-07,EUR,38.85,8900.0,487622.55541586323,1.1892997026443481
BAS1V.HE,BFP734-R,2021-08,EUR,38.65,8900.0,479021.66108968627,1.1796904802322388
BAS1V.HE,BFP734-R,2021-09,EUR,32.3,16900.0,733959.0424182187,1.1601601839065552
BAS1V.HE,BFP734-R,2021-10,EUR,31.95,21900.0,946061.0975630743,1.1683608293533325
BAS1V.HE,BFP734-R,2021-11,EUR,31.9,21900.0,888065.5728383962,1.1293437480926514
BAS1V.HE,BFP734-R,2021-12,EUR,30.25,21900.0,850113.8250070696,1.132502794265747
BAS1V.HE,BFP734-R,2022-01,EUR,26.0,21900.0,711853.180318594,1.1152374744415283
BAS1V.HE,BFP734-R,2022-02,EUR,22.8,21900.0,627074.0170361939,1.118105411529541
BAS1V.HE,BFP734-R,2022-03,EUR,21.45,17500.0,466186.26907166245,1.1161835193634033
FAG.ST,BXLTC8-R,2018-04,SEK,78.0281,200.0,236.14617497360706,0.11534224450588226
FAG.ST,BXLTC8-R,2018-05,SEK,74.8023,1500.0,1653.716530892998,0.11348200589418411
FAG.ST,BXLTC8-R,2018-06,SEK,66.8687,2500.0,2373.3104825023565,0.11072566360235214
FAG.ST,BXLTC8-R,2018-07,SEK,72.3612,12500.0,13490.401860170066,0.11424967646598816
FAG.ST,BXLTC8-R,2018-08,SEK,72.4484,12500.0,12468.634031198919,0.10966932028532028
FAG.ST,BXLTC8-R,2018-09,SEK,70.6176,12500.0,12861.700194858013,0.11296958476305008
FAG.ST,BXLTC8-R,2018-10,SEK,70.0945,12500.0,11992.17774811294,0.10905957967042923
FAG.ST,BXLTC8-R,2018-11,SEK,68.438,12500.0,11895.037972622551,0.11032656580209732
FAG.ST,BXLTC8-R,2018-12,SEK,66.3457,12500.0,11792.519456461072,0.11135733872652054
FAG.ST,BXLTC8-R,2019-01,SEK,64.1661,12500.0,11258.677886067891,0.11071745306253433
FAG.ST,BXLTC8-R,2019-02,SEK,66.7816,12500.0,11197.675342559816,0.10795021057128906
FAG.ST,BXLTC8-R,2019-03,SEK,62.2481,12500.0,10362.743396392092,0.10769479721784592
FAG.ST,BXLTC8-R,2019-04,SEK,70.6176,12500.0,11198.945003453642,0.1051516979932785
FAG.ST,BXLTC8-R,2019-05,SEK,61.0,17500.0,11764.714059282094,0.1048872172832489
FAG.ST,BXLTC8-R,2019-06,SEK,61.5,17500.0,12515.936760297418,0.10789814591407776
FAG.ST,BXLTC8-R,2019-07,SEK,60.0,17500.0,11443.952081659065,0.10455580800771713
FAG.ST,BXLTC8-R,2019-08,SEK,53.8,17500.0,9823.908293041774,0.10232723504304886
FAG.ST,BXLTC8-R,2019-09,SEK,53.3,17500.0,9697.556964285299,0.10222230851650238
FAG.ST,BXLTC8-R,2019-10,SEK,57.2,17500.0,10773.37412813902,0.1036902368068695
FAG.ST,BXLTC8-R,2019-11,SEK,61.4,17500.0,11756.05578224361,0.10472849011421204
TOM2.AS,BYRC4M-R,2020-01,EUR,9.823,14000.0,168086.0037583947,1.1029127836227417
TOM2.AS,BYRC4M-R,2020-02,EUR,9.131,28000.0,308844.6290205002,1.0997228622436523
TOM2.AS,BYRC4M-R,2020-03,EUR,7.12,28000.0,241288.9851000023,1.1030466556549072
TOM2.AS,BYRC4M-R,2020-04,EUR,7.2,28000.0,240183.26436847687,1.087725043296814
TOM2.AS,BYRC4M-R,2020-05,EUR,7.625,28000.0,263114.07831079006,1.1079105138778687
TOM2.AS,BYRC4M-R,2020-06,EUR,7.04,28000.0,249007.9270533657,1.1247202157974243
TOM2.AS,BYRC4M-R,2020-07,EUR,6.765,28000.0,265925.5387633467,1.1872254610061646
TOM2.AS,BYRC4M-R,2020-08,EUR,6.725,28000.0,268395.5407301903,1.1918240785598755
TOM2.AS,BYRC4M-R,2020-09,EUR,6.415,28000.0,247324.45668034552,1.1742050647735596
TOM2.AS,BYRC4M-R,2020-10,EUR,5.77,28000.0,219784.92430114746,1.1678695678710938
TOM2.AS,BYRC4M-R,2020-11,EUR,6.845,28000.0,274462.15865934844,1.1971460580825806
JAZZ,C5GQP9-R,2021-02,USD,168.04,3000.0,504120.0,1.0
JAZZ,C5GQP9-R,2021-03,USD,164.37,3000.0,493110.0,1.0
JAZZ,C5GQP9-R,2021-04,USD,164.4,3000.0,493200.0,1.0
JAZZ,C5GQP9-R,2021-05,USD,178.13,3000.0,534390.0,1.0
JAZZ,C5GQP9-R,2021-06,USD,177.64,3000.0,532920.0,1.0
JAZZ,C5GQP9-R,2021-07,USD,169.52,3000.0,508560.00000000006,1.0
JAZZ,C5GQP9-R,2021-08,USD,131.71,4000.0,526840.0,1.0
JAZZ,C5GQP9-R,2021-09,USD,130.21,4000.0,520840.00000000006,1.0
JAZZ,C5GQP9-R,2021-10,USD,133.04,7000.0,931280.0,1.0
JAZZ,C5GQP9-R,2021-11,USD,119.87,7000.0,839090.0,1.0
JAZZ,C5GQP9-R,2021-12,USD,127.4,5000.0,637000.0,1.0
JAZZ,C5GQP9-R,2022-01,USD,138.91,5000.0,694550.0,1.0
JAZZ,C5GQP9-R,2022-02,USD,137.42,5000.0,687099.9999999999,1.0
AMS.SW,C5K9GL-R,2018-04,CHF,299.12,40.0,3368.8768498682016,1.0120331048965454
AMS.SW,C5K9GL-R,2018-05,CHF,309.069,150.0,13137.520163876652,1.0115519762039185
AMS.SW,C5K9GL-R,2018-06,CHF,267.893,400.0,29793.33658086395,1.0024157762527466
AMS.SW,C5K9GL-R,2018-07,CHF,259.469,2000.0,146105.2056615162,1.01206374168396
AMS.SW,C5K9GL-R,2018-08,CHF,278.786,2000.0,163931.4427871704,1.032417893409729
AMS.SW,C5K9GL-R,2018-09,CHF,199.195,2000.0,114972.63271968841,1.0235624313354492
AMS.SW,C5K9GL-R,2018-10,CHF,142.262,2000.0,77512.8146960652,0.9950248599052429
AMS.SW,C5K9GL-R,2018-11,CHF,100.941,2000.0,55865.208107337945,1.0041168928146362
AMS.SW,C5K9GL-R,2018-12,CHF,85.6493,3000.0,73000.95576006174,1.0166734457015991
AMS.SW,C5K9GL-R,2019-01,CHF,96.8744,3000.0,81205.18668041826,1.0065425634384155
AMS.SW,C5K9GL-R,2019-02,CHF,112.56,3000.0,93308.09826564789,0.9995002746582031
AMS.SW,C5K9GL-R,2019-03,CHF,97.528,3000.0,81332.22292083265,1.0051968097686768
AMS.SW,C5K9GL-R,2019-04,CHF,156.096,3000.0,124168.80402190806,0.9810654520988464
AMS.SW,C5K9GL-R,2019-05,CHF,120.694,3000.0,98460.66439568282,0.9931473135948181
AMS.SW,C5K9GL-R,2019-06,CHF,138.957,4000.0,160758.83883533478,1.023908257484436
AMS.SW,C5K9GL-R,2019-07,CHF,190.554,4000.0,214247.14884328842,1.0104072093963623
AMS.SW,C5K9GL-R,2019-08,CHF,143.896,4000.0,162517.99405647276,1.014404535293579
AMS.SW,C5K9GL-R,2019-09,CHF,161.106,4000.0,179621.8116709042,1.009183645248413
AMS.SW,C5K9GL-R,2019-10,CHF,160.126,4000.0,180736.91093264578,1.011009931564331
AMS.SW,C5K9GL-R,2019-11,CHF,175.195,4000.0,193442.76806613922,1.0016427040100098
AMS.SW,C5K9GL-R,2019-12,CHF,142.744,4000.0,167329.27919923782,1.0323859453201294
AMS.SW,C5K9GL-R,2020-01,CHF,143.315,4000.0,168865.10664340976,1.0315552949905396
AMS.SW,C5K9GL-R,2020-02,CHF,119.859,4000.0,140812.38290023804,1.0322580337524414
AMS.SW,C5K9GL-R,2020-03,CHF,51.2528,4000.0,41083.16980106354,1.0416667461395264
AMS.SW,C5K9GL-R,2020-04,CHF,67.5312,13000.0,173847.86504315375,1.0267994403839111
AMS.SW,C5K9GL-R,2020-05,CHF,77.6313,13000.0,202836.691717453,1.0373444557189941
AMS.SW,C5K9GL-R,2020-06,CHF,75.5092,13000.0,202753.66496295333,1.0514694452285767
AMS.SW,C5K9GL-R,2020-07,CHF,81.4457,13000.0,238462.05498949287,1.1007153987884521
AMS.SW,C5K9GL-R,2020-08,CHF,85.9317,13000.0,255559.35720844744,1.1066844463348389
AMS.SW,C5K9GL-R,2020-09,CHF,112.445,13000.0,322100.80115486385,1.0876185894012451
AMS.SW,C5K9GL-R,2020-10,CHF,105.568,13000.0,304495.9107145357,1.0925259590148926
AMS.SW,C5K9GL-R,2020-11,CHF,124.64,13000.0,368434.2466318166,1.1059132814407349
AMS.SW,C5K9GL-R,2020-12,CHF,103.583,13000.0,323351.9733027816,1.1343270540237427
PNDORA.CO,C6RB2B-R,2018-04,DKK,687.4,100.0,1813.856860399246,0.1627206802368164
PNDORA.CO,C6RB2B-R,2018-05,DKK,501.2,400.0,4928.162601962685,0.15674717724323273
PNDORA.CO,C6RB2B-R,2018-06,DKK,445.8,650.0,7044.82100316158,0.1551455557346344
PNDORA.CO,C6RB2B-R,2018-07,DKK,453.0,3250.0,36349.41225679028,0.1572055071592331
PNDORA.CO,C6RB2B-R,2018-08,DKK,383.7,3250.0,30447.898553734794,0.15645070374011993
PNDORA.CO,C6RB2B-R,2018-09,DKK,401.1,3250.0,31688.44462176483,0.1560714989900589
PNDORA.CO,C6RB2B-R,2018-10,DKK,412.1,3250.0,30930.262017177938,0.15206651389598846
PNDORA.CO,C6RB2B-R,2018-11,DKK,356.1,3250.0,26809.132615220024,0.15268807113170624
7269.T,CB1FV5-R,2022-08,JPY,1219.75,7000.0,1775.8422322175697,0.007208038587123156
7269.T,CB1FV5-R,2022-09,JPY,1120.25,7000.0,1500.4065890158247,0.006923721171915531
7269.T,CB1FV5-R,2022-10,JPY,1255.0,7000.0,1599.4511552311478,0.006765350699424744
7269.T,CB1FV5-R,2022-11,JPY,1228.25,7000.0,1776.350785576757,0.007207467220723629
7269.T,CB1FV5-R,2022-12,JPY,1067.75,7000.0,1704.7372209938708,0.007523548789322376
SODA,CBC387-R,2018-04,USD,94.49,30.0,2834.7,1.0
SODA,CBC387-R,2018-05,USD,83.26,220.0,18317.2,1.0
SODA,CBC387-R,2018-06,USD,85.3,220.0,18766.0,1.0
SODA,CBC387-R,2018-07,USD,87.3,1100.0,96030.0,1.0
SCHA,CKXB35-R,2020-10,,,2050.0,,
SCHA,CKXB35-R,2020-11,,,2050.0,,
SCHA,CKXB35-R,2020-12,,,2050.0,,
SCHA,CKXB35-R,2021-01,,,2050.0,,
SCHA,CKXB35-R,2021-02,,,2050.0,,
SCHA,CKXB35-R,2021-03,,,2050.0,,
SCHA,CKXB35-R,2021-04,,,2050.0,,
SCHA,CKXB35-R,2021-05,,,2050.0,,
SCHA,CKXB35-R,2021-06,,,2050.0,,
SCHA,CKXB35-R,2021-07,,,2050.0,,
SCHA,CKXB35-R,2021-08,,,2050.0,,
SCHA,CKXB35-R,2021-09,,,2050.0,,
SCHA,CKXB35-R,2021-10,,,2050.0,,
SCHA,CKXB35-R,2021-11,,,2050.0,,
SCHA,CKXB35-R,2021-12,,,2050.0,,
SCHA,CKXB35-R,2022-01,,,2050.0,,
SCHA,CKXB35-R,2022-02,,,2050.0,,
SCHA,CKXB35-R,2022-03,,,2050.0,,
SCHA,CKXB35-R,2022-04,,,2050.0,,
SCHA,CKXB35-R,2022-05,,,2050.0,,
SCHA,CKXB35-R,2022-06,,,2050.0,,
SCHA,CKXB35-R,2022-07,,,2050.0,,
SCHA,CKXB35-R,2022-08,,,2050.0,,
SCHA,CKXB35-R,2022-09,,,2050.0,,
SCHA,CKXB35-R,2022-10,,,2050.0,,
SCHA,CKXB35-R,2022-11,,,2050.0,,
SCHA,CKXB35-R,2022-12,,,2050.0,,
SEDG,CQY5QT-R,2018-05,USD,55.85,150.0,8377.5,1.0
SEDG,CQY5QT-R,2018-06,USD,47.85,450.0,21532.5,1.0
SEDG,CQY5QT-R,2018-07,USD,53.25,2250.0,119812.5,1.0
SEDG,CQY5QT-R,2018-08,USD,47.95,3250.0,155837.5,1.0
SEDG,CQY5QT-R,2018-09,USD,37.65,3250.0,122362.5,1.0
SEDG,CQY5QT-R,2018-10,USD,38.73,3250.0,125872.49999999999,1.0
SEDG,CQY5QT-R,2018-11,USD,38.93,3250.0,126522.5,1.0
SEDG,CQY5QT-R,2018-12,USD,35.1,3250.0,114075.0,1.0
SEDG,CQY5QT-R,2019-01,USD,43.79,3250.0,142317.5,1.0
SEDG,CQY5QT-R,2019-02,USD,42.26,3250.0,137345.0,1.0
SEDG,CQY5QT-R,2019-03,USD,37.68,3250.0,122460.0,1.0
SEDG,CQY5QT-R,2019-04,USD,44.3,3250.0,143975.0,1.0
SEDG,CQY5QT-R,2019-05,USD,53.58,3250.0,174135.0,1.0
SEDG,CQY5QT-R,2019-06,USD,62.46,3250.0,202995.0,1.0
SEDG,CQY5QT-R,2019-07,USD,65.23,3250.0,211997.5,1.0
SEDG,CQY5QT-R,2019-08,USD,81.92,3250.0,266240.0,1.0
SEDG,CQY5QT-R,2019-09,USD,83.72,3250.0,272090.0,1.0
SEDG,CQY5QT-R,2019-10,USD,84.96,3250.0,276120.0,1.0
SEDG,CQY5QT-R,2019-11,USD,81.61,3250.0,265232.5,1.0
SEDG,CQY5QT-R,2019-12,USD,95.09,3250.0,309042.5,1.0
SEDG,CQY5QT-R,2020-01,USD,97.86,3250.0,318045.0,1.0
SEDG,CQY5QT-R,2020-02,USD,124.72,3250.0,405340.0,1.0
SEDG,CQY5QT-R,2020-03,USD,81.88,3250.0,266110.0,1.0
SEDG,CQY5QT-R,2020-04,USD,111.59,2500.0,278975.0,1.0
SEDG,CQY5QT-R,2020-05,USD,141.9,2500.0,354750.0,1.0
SEDG,CQY5QT-R,2020-06,USD,138.78,2500.0,346950.0,1.0
SEDG,CQY5QT-R,2020-07,USD,175.1,2500.0,437750.0,1.0
SEDG,CQY5QT-R,2020-08,USD,221.15,2500.0,552875.0,1.0
SEDG,CQY5QT-R,2020-09,USD,238.35,2500.0,595875.0,1.0
SEDG,CQY5QT-R,2020-10,USD,257.69,1750.0,450957.5,1.0
SEDG,CQY5QT-R,2020-11,USD,277.98,1750.0,486465.00000000006,1.0
SEDG,CQY5QT-R,2020-12,USD,319.12,1750.0,558460.0,1.0
SEDG,CQY5QT-R,2021-01,USD,288.33,1750.0,504577.5,1.0
SEDG,CQY5QT-R,2021-02,USD,298.31,1750.0,522042.5,1.0
SEDG,CQY5QT-R,2021-03,USD,287.44,1750.0,503020.0,1.0
SEDG,CQY5QT-R,2021-04,USD,263.54,1750.0,461195.00000000006,1.0
SEDG,CQY5QT-R,2021-05,USD,258.01,1750.0,451517.5,1.0
SEDG,CQY5QT-R,2021-06,USD,276.37,1750.0,483647.5,1.0
SEDG,CQY5QT-R,2021-07,USD,259.48,1750.0,454090.00000000006,1.0
SEDG,CQY5QT-R,2021-08,USD,289.78,3550.0,1028718.9999999999,1.0
SEDG,CQY5QT-R,2021-09,USD,265.22,3550.0,941531.0000000001,1.0
SEDG,CQY5QT-R,2021-10,USD,354.68,3550.0,1259114.0,1.0
SEDG,CQY5QT-R,2021-11,USD,327.76,1950.0,639132.0,1.0
SEDG,CQY5QT-R,2021-12,USD,280.57,1950.0,547111.5,1.0
SEDG,CQY5QT-R,2022-01,USD,238.22,1950.0,464529.0,1.0
SEDG,CQY5QT-R,2022-10,USD,230.03,1000.0,230030.0,1.0
SEDG,CQY5QT-R,2022-11,USD,298.86,1000.0,298860.0,1.0
SEDG,CQY5QT-R,2022-12,USD,283.27,1000.0,283270.0,1.0
MOON.L,CQZMC1-R,2021-02,GBP,4.5,105000.0,925381.7049863935,1.4008152484893799
MOON.L,CQZMC1-R,2021-03,GBP,4.246,105000.0,845572.9463548957,1.3746649026870728
MOON.L,CQZMC1-R,2021-04,GBP,4.398,105000.0,892104.4351950288,1.3952839374542236
MOON.L,CQZMC1-R,2021-05,GBP,4.674,105000.0,986724.5311717987,1.4180374145507812
MOON.L,CQZMC1-R,2021-06,GBP,4.288,105000.0,860997.0692931534,1.3842746019363403
MOON.L,CQZMC1-R,2021-07,GBP,3.728,105000.0,759992.2999223829,1.3964334726333618
MOON.L,CQZMC1-R,2021-08,GBP,3.87,105000.0,769539.1092836916,1.376045823097229
MOON.L,CQZMC1-R,2021-09,GBP,3.19,105000.0,606377.867604518,1.3426424264907837
MOON.L,CQZMC1-R,2021-10,GBP,3.33,105000.0,661444.9329761268,1.380071759223938
MTLS,CRHQ9D-R,2018-04,USD,11.99,250.0,2997.5,1.0
MTLS,CRHQ9D-R,2018-05,USD,12.08,1000.0,12080.0,1.0
MTLS,CRHQ9D-R,2018-06,USD,12.98,1000.0,12980.0,1.0
MTLS,CRHQ9D-R,2018-07,USD,12.59,5000.0,62950.0,1.0
MTLS,CRHQ9D-R,2018-08,USD,15.15,5000.0,75750.0,1.0
MTLS,CRHQ9D-R,2018-09,USD,13.8,5000.0,69000.0,1.0
MTLS,CRHQ9D-R,2018-10,USD,14.75,5000.0,73750.0,1.0
MTLS,CRHQ9D-R,2018-11,USD,14.08,5000.0,70400.0,1.0
MTLS,CRHQ9D-R,2018-12,USD,20.03,2000.0,40060.0,1.0
MTLS,CRHQ9D-R,2019-01,USD,16.53,2000.0,33060.0,1.0
MTLS,CRHQ9D-R,2019-02,USD,19.2,2000.0,38400.0,1.0
MTLS,CRHQ9D-R,2019-03,USD,15.74,2000.0,31480.0,1.0
MTLS,CRHQ9D-R,2019-04,USD,16.66,2000.0,33320.0,1.0
MTLS,CRHQ9D-R,2019-05,USD,14.81,4000.0,59240.0,1.0
MTLS,CRHQ9D-R,2019-06,USD,19.52,4000.0,78080.0,1.0
MTLS,CRHQ9D-R,2019-07,USD,19.39,4000.0,77560.0,1.0
MTLS,CRHQ9D-R,2019-08,USD,19.66,6000.0,117960.0,1.0
MTLS,CRHQ9D-R,2019-09,USD,18.48,6000.0,110880.0,1.0
MTLS,CRHQ9D-R,2019-10,USD,19.09,6000.0,114540.0,1.0
MTLS,CRHQ9D-R,2019-11,USD,17.67,6000.0,106020.00000000001,1.0
MTLS,CRHQ9D-R,2019-12,USD,18.31,6000.0,109859.99999999999,1.0
MTLS,CRHQ9D-R,2020-01,USD,18.18,9000.0,163620.0,1.0
MTLS,CRHQ9D-R,2020-02,USD,16.54,14000.0,231560.0,1.0
MTLS,CRHQ9D-R,2020-03,USD,18.57,14000.0,259980.0,1.0
MTLS,CRHQ9D-R,2020-04,USD,20.46,7000.0,143220.0,1.0
MTLS,CRHQ9D-R,2020-05,USD,25.22,7000.0,176540.0,1.0
MTLS,CRHQ9D-R,2020-06,USD,22.56,7000.0,157920.0,1.0
MTLS,CRHQ9D-R,2020-07,USD,22.41,7000.0,156870.0,1.0
MTLS,CRHQ9D-R,2020-08,USD,40.66,7000.0,284620.0,1.0
MTLS,CRHQ9D-R,2020-09,USD,36.91,7000.0,258369.99999999997,1.0
MTLS,CRHQ9D-R,2020-10,USD,33.97,4450.0,151166.5,1.0
MTLS,CRHQ9D-R,2020-11,USD,43.56,4450.0,193842.0,1.0
MTLS,CRHQ9D-R,2020-12,USD,54.21,4450.0,241234.5,1.0
MTLS,CRHQ9D-R,2021-07,USD,21.77,20000.0,435400.0,1.0
MTLS,CRHQ9D-R,2021-08,USD,22.06,30000.0,661800.0,1.0
MTLS,CRHQ9D-R,2021-09,USD,20.1,30000.0,603000.0,1.0
MTLS,CRHQ9D-R,2021-10,USD,24.13,45000.0,1085850.0,1.0
MTLS,CRHQ9D-R,2021-11,USD,24.35,45000.0,1095750.0,1.0
MTLS,CRHQ9D-R,2021-12,USD,23.87,35000.0,835450.0,1.0
MTLS,CRHQ9D-R,2022-01,USD,20.51,35000.0,717850.0,1.0
MTLS,CRHQ9D-R,2022-02,USD,20.69,35000.0,724150.0,1.0
MTLS,CRHQ9D-R,2022-03,USD,19.35,28000.0,541800.0,1.0
MTLS,CRHQ9D-R,2022-04,USD,15.6,28000.0,436800.0,1.0
MTLS,CRHQ9D-R,2022-05,USD,14.63,33000.0,482790.0,1.0
MTLS,CRHQ9D-R,2022-06,USD,13.62,33000.0,449460.0,1.0
MTLS,CRHQ9D-R,2022-07,USD,14.04,33000.0,463320.0,1.0
MTLS,CRHQ9D-R,2022-08,USD,11.69,33000.0,385770.0,1.0
MTLS,CRHQ9D-R,2022-09,USD,10.71,43000.0,460530.00000000006,1.0
MTLS,CRHQ9D-R,2022-10,USD,10.59,43000.0,455370.0,1.0
MTLS,CRHQ9D-R,2022-11,USD,9.65,43000.0,414950.0,1.0
MTLS,CRHQ9D-R,2022-12,USD,8.8,43000.0,378400.00000000006,1.0
NOD.OL,CSQ76Z-R,2018-04,NOK,50.7,700.0,555.9618501271009,0.12549634277820587
NOD.OL,CSQ76Z-R,2018-05,NOK,54.5,2500.0,2034.5914327315986,0.12218814343214035
NOD.OL,CSQ76Z-R,2018-06,NOK,52.2,2500.0,1954.8909181727097,0.12209311872720718
NOD.OL,CSQ76Z-R,2018-07,NOK,49.1,12500.0,9264.017876036465,0.12297627329826355
NOD.OL,CSQ76Z-R,2018-08,NOK,51.3,12500.0,9186.812320396304,0.11980754137039185
NOD.OL,CSQ76Z-R,2018-09,NOK,47.0,12500.0,8846.100192900747,0.12261514365673065
NOD.OL,CSQ76Z-R,2018-10,NOK,36.0,12500.0,6368.942403889261,0.11895699054002762
NOD.OL,CSQ76Z-R,2018-11,NOK,38.2,12500.0,6506.642795316875,0.1172320544719696
NOD.OL,CSQ76Z-R,2018-12,NOK,28.9,12500.0,4750.186283446848,0.11484351754188538
NOD.OL,CSQ76Z-R,2019-01,NOK,29.25,12500.0,5156.564019777812,0.11880012601613998
NOD.OL,CSQ76Z-R,2019-02,NOK,36.4,12500.0,6231.929253470153,0.11705626547336578
NOD.OL,CSQ76Z-R,2019-03,NOK,36.1,12500.0,6069.1990882437685,0.11582385748624802
NOD.OL,CSQ76Z-R,2019-04,NOK,41.0,12500.0,6849.1495253983885,0.11556698381900787
NOD.OL,CSQ76Z-R,2019-05,NOK,35.76,12500.0,5818.880317824893,0.11395297199487686
NOD.OL,CSQ76Z-R,2019-06,NOK,35.8,18500.0,9130.188980880752,0.11753643304109573
NOD.OL,CSQ76Z-R,2019-07,NOK,44.24,18500.0,10645.873880322202,0.1142364963889122
NOD.OL,CSQ76Z-R,2019-08,NOK,41.28,18500.0,9223.183808069116,0.1099788174033165
NOD.OL,CSQ76Z-R,2019-09,NOK,51.0,37000.0,22900.849772540332,0.11026817560195923
NOD.OL,CSQ76Z-R,2019-10,NOK,52.35,37000.0,22997.10139881514,0.10900691896677017
NOD.OL,CSQ76Z-R,2019-11,NOK,53.3,37000.0,23367.26423180938,0.1091238409280777
NOD.OL,CSQ76Z-R,2019-12,NOK,55.7,37000.0,26602.397910842225,0.11342781037092209
NOD.OL,CSQ76Z-R,2020-01,NOK,58.7,37000.0,25640.140624707263,0.10881984978914261
NOD.OL,CSQ76Z-R,2020-02,NOK,49.34,37000.0,20532.692532327772,0.10653132200241089
NOD.OL,CSQ76Z-R,2020-03,NOK,46.18,37000.0,15448.59261822939,0.09494313597679138
NOD.OL,CSQ76Z-R,2020-04,NOK,60.4,37000.0,21220.45134987116,0.09703932702541351
NOD.OL,CSQ76Z-R,2020-05,NOK,63.7,37000.0,24803.170436786113,0.10229132324457169
NOD.OL,CSQ76Z-R,2020-06,NOK,73.4,37000.0,29125.557008891705,0.10345914959907532
NOD.OL,CSQ76Z-R,2020-07,NOK,89.2,37000.0,40169.07465119451,0.11049845814704895
NOD.OL,CSQ76Z-R,2020-08,NOK,89.75,37000.0,43627.19774298906,0.11400948464870453
NOD.OL,CSQ76Z-R,2020-09,NOK,96.0,37000.0,40360.066672773064,0.10631556808948517
NOD.OL,CSQ76Z-R,2020-10,NOK,100.4,37000.0,40809.539397568704,0.1050102561712265
NOD.OL,CSQ76Z-R,2020-11,NOK,127.6,37000.0,60436.65487819768,0.11337444931268692
NOD.OL,CSQ76Z-R,2020-12,NOK,138.0,37000.0,70109.71418707429,0.11722641438245773
NOD.OL,CSQ76Z-R,2021-01,NOK,132.5,37000.0,66666.74353004426,0.11630746722221375
NOD.OL,CSQ76Z-R,2021-02,NOK,163.3,37000.0,82531.33915591858,0.1176346018910408
NOD.OL,CSQ76Z-R,2021-03,NOK,153.3,37000.0,77766.90578503534,0.11703696101903915
NOD.OL,CSQ76Z-R,2021-04,NOK,206.0,37000.0,112161.89322338402,0.1222597062587738
NOD.OL,CSQ76Z-R,2021-05,NOK,231.8,22000.0,73320.41280800343,0.11961150169372559
NOD.OL,CSQ76Z-R,2021-06,NOK,218.2,22000.0,65196.58676265478,0.11687144637107849
NOD.OL,CSQ76Z-R,2021-07,NOK,289.6,22000.0,82620.61547352433,0.114568792283535
NOD.OL,CSQ76Z-R,2021-08,NOK,283.0,22000.0,82506.45121465802,0.11536261439323425
NOD.OL,CSQ76Z-R,2021-09,NOK,262.6,22000.0,75488.20343669146,0.1140613704919815
NOD.OL,CSQ76Z-R,2021-10,NOK,250.0,32000.0,113540.05598856926,0.12005868554115295
NOD.OL,CSQ76Z-R,2021-11,NOK,305.2,32000.0,118952.60049330711,0.11097424477338791
NOD.OL,CSQ76Z-R,2021-12,NOK,297.6,22000.0,84467.40444615185,0.11361531913280487
NOD.OL,CSQ76Z-R,2022-01,NOK,260.0,22000.0,71361.4933629781,0.11123470962047577
NOD.OL,CSQ76Z-R,2022-02,NOK,234.0,22000.0,65592.15315562501,0.11204243451356888
NOD.OL,CSQ76Z-R,2022-03,NOK,227.2,17500.0,53118.73170590754,0.11681846529245377
NOD.OL,CSQ76Z-R,2022-04,NOK,191.45,32500.0,70961.81686687749,0.1062529906630516
NOD.OL,CSQ76Z-R,2022-05,NOK,184.05,32500.0,67668.2186481731,0.10634712129831314
NOD.OL,CSQ76Z-R,2022-06,NOK,152.8,32500.0,50847.14530676231,0.10115928947925568
NOD.OL,CSQ76Z-R,2022-07,NOK,168.0,32500.0,58042.77469489574,0.10277080535888672
NOD.OL,CSQ76Z-R,2022-08,NOK,153.0,32500.0,51087.937055401504,0.1019616425037384
NOD.OL,CSQ76Z-R,2022-09,NOK,145.5,32500.0,40646.65867649447,0.09366891533136368
NOD.OL,CSQ76Z-R,2022-10,NOK,146.9,32500.0,44513.01342827082,0.09693566709756851
NOD.OL,CSQ76Z-R,2022-11,NOK,177.2,29500.0,52385.69527462017,0.09992455691099167
NOD.OL,CSQ76Z-R,2022-12,NOK,163.9,29500.0,49679.497077679625,0.10121774673461914
BHP,CSSFF1-R,2018-04,USD,46.75,80.0,3740.0,1.0
BHP,CSSFF1-R,2018-05,USD,49.78,330.0,16427.4,1.0
BHP,CSSFF1-R,2018-06,USD,50.01,330.0,16503.3,1.0
BHP,CSSFF1-R,2018-07,USD,52.26,1650.0,86229.0,1.0
BHP,CSSFF1-R,2018-08,USD,48.04,1650.0,79266.0,1.0
BHP,CSSFF1-R,2018-09,USD,49.84,1650.0,82236.0,1.0
BHP,CSSFF1-R,2018-10,USD,46.18,1650.0,76197.0,1.0
BHP,CSSFF1-R,2018-11,USD,44.36,1650.0,73194.0,1.0
BHP,CSSFF1-R,2018-12,USD,48.29,1650.0,79678.5,1.0
BHP,CSSFF1-R,2019-01,USD,51.19,1650.0,84463.5,1.0
BHP,CSSFF1-R,2019-02,USD,52.9,1650.0,87285.0,1.0
BHP,CSSFF1-R,2019-03,USD,54.67,1650.0,90205.5,1.0
BHP,CSSFF1-R,2019-04,USD,52.95,1650.0,87367.5,1.0
BHP,CSSFF1-R,2019-05,USD,51.91,1650.0,85651.5,1.0
BHP,CSSFF1-R,2019-06,USD,58.11,1650.0,95881.5,1.0
BHP,CSSFF1-R,2019-07,USD,54.93,1650.0,90634.5,1.0
BHP,CSSFF1-R,2019-08,USD,49.16,1650.0,81114.0,1.0
BHP,CSSFF1-R,2019-09,USD,49.38,1650.0,81477.0,1.0
BHP,CSSFF1-R,2019-10,USD,48.91,2650.0,129611.49999999999,1.0
BHP,CSSFF1-R,2019-11,USD,51.53,2650.0,136554.5,1.0
BHP,CSSFF1-R,2019-12,USD,54.71,2650.0,144981.5,1.0
BHP,CSSFF1-R,2021-02,USD,75.91,9000.0,683190.0,1.0
BHP,CSSFF1-R,2021-03,USD,69.39,9000.0,624510.0,1.0
BHP,CSSFF1-R,2021-04,USD,72.76,9000.0,654840.0,1.0
BHP,CSSFF1-R,2021-05,USD,74.11,9000.0,666990.0,1.0
BHP,CSSFF1-R,2021-06,USD,72.83,9000.0,655470.0,1.0
BHP,CSSFF1-R,2021-07,USD,78.56,9000.0,707040.0,1.0
BHP,CSSFF1-R,2021-08,USD,66.14,9000.0,595260.0,1.0
BHP,CSSFF1-R,2021-09,USD,53.52,9000.0,481680.0,1.0
BHP,CSSFF1-R,2021-10,USD,54.84,20000.0,1096800.0,1.0
GWPH,D2DFTS-R,2018-04,USD,132.91,20.0,2658.2,1.0
GWPH,D2DFTS-R,2018-05,USD,160.99,80.0,12879.2,1.0
GWPH,D2DFTS-R,2018-06,USD,139.54,200.0,27908.0,1.0
GWPH,D2DFTS-R,2018-07,USD,135.07,1000.0,135070.0,1.0
GWPH,D2DFTS-R,2018-08,USD,146.78,1000.0,146780.0,1.0
GWPH,D2DFTS-R,2018-09,USD,172.74,1000.0,172740.0,1.0
GWPH,D2DFTS-R,2018-10,USD,137.49,1000.0,137490.0,1.0
GWPH,D2DFTS-R,2018-11,USD,123.02,1000.0,123020.0,1.0
GWPH,D2DFTS-R,2018-12,USD,97.39,1000.0,97390.0,1.0
GWPH,D2DFTS-R,2019-01,USD,142.75,1000.0,142750.0,1.0
GWPH,D2DFTS-R,2019-02,USD,172.01,1000.0,172010.0,1.0
GWPH,D2DFTS-R,2019-03,USD,168.57,1000.0,168570.0,1.0
GWPH,D2DFTS-R,2019-04,USD,169.31,1000.0,169310.0,1.0
GWPH,D2DFTS-R,2019-05,USD,173.24,1000.0,173240.0,1.0
GWPH,D2DFTS-R,2019-06,USD,172.39,1000.0,172390.0,1.0
GWPH,D2DFTS-R,2019-07,USD,162.3,1000.0,162300.0,1.0
GWPH,D2DFTS-R,2019-08,USD,142.41,1000.0,142410.0,1.0
GWPH,D2DFTS-R,2019-09,USD,115.03,1000.0,115030.0,1.0
GWPH,D2DFTS-R,2019-10,USD,133.82,1500.0,200730.0,1.0
GWPH,D2DFTS-R,2019-11,USD,102.11,2000.0,204220.0,1.0
GWPH,D2DFTS-R,2019-12,USD,104.56,2000.0,209120.0,1.0
GWPH,D2DFTS-R,2020-01,USD,115.53,2000.0,231060.0,1.0
GWPH,D2DFTS-R,2020-02,USD,102.31,2000.0,204620.0,1.0
GWPH,D2DFTS-R,2020-03,USD,87.57,2000.0,175140.0,1.0
GWPH,D2DFTS-R,2020-04,USD,100.14,2000.0,200280.0,1.0
GWPH,D2DFTS-R,2020-05,USD,122.75,2000.0,245500.0,1.0
GWPH,D2DFTS-R,2020-06,USD,122.72,2000.0,245440.0,1.0
GWPH,D2DFTS-R,2020-07,USD,127.63,2000.0,255260.0,1.0
GWPH,D2DFTS-R,2020-08,USD,103.95,2000.0,207900.0,1.0
GWPH,D2DFTS-R,2020-09,USD,97.35,2000.0,194700.0,1.0
GWPH,D2DFTS-R,2020-10,USD,90.01,2000.0,180020.0,1.0
GWPH,D2DFTS-R,2020-11,USD,140.08,4000.0,560320.0,1.0
GWPH,D2DFTS-R,2020-12,USD,115.41,4000.0,461640.0,1.0
GWPH,D2DFTS-R,2021-01,USD,152.47,4000.0,609880.0,1.0
FTCH,D2X4MC-R,2022-09,USD,0.0293,25000.0,725.0,1.0
FTCH,D2X4MC-R,2022-10,USD,0.0284,40000.0,1120.0,1.0
FTCH,D2X4MC-R,2022-11,USD,0.0538,40000.0,2152.0,1.0
FTCH,D2X4MC-R,2022-12,USD,0.0585,55000.0,3190.0,1.0
INTRUM.ST,D2Y4J9-R,2018-04,SEK,233.2,100.0,307.64971589891616,0.11534224450588226
INTRUM.ST,D2Y4J9-R,2018-05,SEK,205.7,400.0,1057.2482989928126,0.11348200589418411
INTRUM.ST,D2Y4J9-R,2018-06,SEK,207.9,800.0,2058.561932597637,0.11072566360235214
INTRUM.ST,D2Y4J9-R,2018-07,SEK,236.7,4000.0,12311.042437398435,0.11424967646598816
6594.T,D79WDP-R,2019-03,JPY,3506.25,400.0,458.11415585231777,0.009038567543029785
6594.T,D79WDP-R,2019-04,JPY,3946.25,400.0,506.8177488574348,0.008954395540058613
6594.T,D79WDP-R,2019-05,JPY,3397.5,400.0,457.8287270318568,0.009144362062215805
6594.T,D79WDP-R,2019-06,JPY,3681.25,400.0,507.37977969511593,0.009281001053750515
6594.T,D79WDP-R,2019-07,JPY,3678.75,400.0,499.3587087073475,0.009211326949298382
6594.T,D79WDP-R,2019-08,JPY,3463.75,800.0,981.0705313946679,0.00939514022320509
6594.T,D79WDP-R,2019-09,JPY,3630.0,800.0,995.7100238604844,0.009264063090085983
6594.T,D79WDP-R,2019-10,JPY,4021.25,1400.0,1914.77752438692,0.009192105382680893
6594.T,D79WDP-R,2019-11,JPY,4047.5,1400.0,1889.9895346338712,0.009131419472396374
6594.T,D79WDP-R,2019-12,JPY,3751.25,1400.0,1770.4232659031636,0.009185013361275196
6594.T,D79WDP-R,2020-01,JPY,3510.0,1400.0,1665.6732527951413,0.009184676222503185
6594.T,D79WDP-R,2020-02,JPY,3195.0,2600.0,2809.1532049422863,0.009119095280766487
6594.T,D79WDP-R,2020-03,JPY,2803.5,2600.0,1249.9616410767642,0.00925625953823328
6594.T,D79WDP-R,2020-04,JPY,3143.0,2600.0,1433.6062214338779,0.009379982948303223
6594.T,D79WDP-R,2020-05,JPY,3311.0,2600.0,1484.6356855120753,0.009289967827498913
6594.T,D79WDP-R,2020-06,JPY,3598.0,2600.0,1611.8755883726199,0.009294544346630573
6594.T,D79WDP-R,2020-07,JPY,4187.5,2600.0,1967.3597010043266,0.009552649222314358
6594.T,D79WDP-R,2020-08,JPY,4455.5,2600.0,2070.2035363154414,0.009475529193878174
6594.T,D79WDP-R,2020-09,JPY,4902.5,2600.0,2286.219734388238,0.009463961236178875
6594.T,D79WDP-R,2020-10,JPY,5250.0,2600.0,2497.69533958488,0.009564435109496117
6594.T,D79WDP-R,2020-11,JPY,6652.5,2600.0,3187.369504057299,0.009607809595763683
6594.T,D79WDP-R,2020-12,JPY,6490.0,2600.0,3169.8002160387596,0.00969734601676464
6594.T,D79WDP-R,2021-01,JPY,6925.0,2600.0,3297.9978130157797,0.009588555432856083
6594.T,D79WDP-R,2021-02,JPY,6760.0,2600.0,3101.568971546827,0.009400351904332638
6594.T,D79WDP-R,2021-03,JPY,6717.5,2600.0,2865.850632395739,0.009065772406756878
6594.T,D79WDP-R,2021-04,JPY,6327.5,2600.0,2764.0864315319996,0.00918239913880825
6594.T,D79WDP-R,2021-05,JPY,6265.0,2600.0,2709.577692317073,0.009098601527512074
6594.T,D79WDP-R,2021-06,JPY,6437.5,2600.0,2728.5811846861543,0.009046907536685467
6594.T,D79WDP-R,2021-07,JPY,6120.0,2600.0,2650.313404487595,0.00914001651108265
6594.T,D79WDP-R,2021-08,JPY,6310.0,4600.0,4806.246779140167,0.009095539338886738
6594.T,D79WDP-R,2021-09,JPY,6210.0,4600.0,4574.490755072377,0.008933676406741142
6594.T,D79WDP-R,2021-10,JPY,6285.0,8600.0,8344.381670422681,0.008801577612757683
6594.T,D79WDP-R,2021-11,JPY,6500.0,8600.0,8651.994439526154,0.008787036873400211
6594.T,D79WDP-R,2021-12,JPY,6760.0,5600.0,5714.078507277869,0.008690890856087208
6594.T,D79WDP-R,2022-01,JPY,5045.0,5600.0,4254.478356380165,0.008675886318087578
6594.T,D79WDP-R,2022-02,JPY,4941.5,5600.0,4157.355250683055,0.008651642128825188
6594.T,D79WDP-R,2022-03,JPY,4874.0,3600.0,2369.4863558421134,0.008195310831069946
6594.T,D79WDP-R,2022-04,JPY,4269.5,3600.0,1793.676851672195,0.00764461699873209
6594.T,D79WDP-R,2022-05,JPY,4339.5,600.0,316.77549164774274,0.007825706154108047
6594.T,D79WDP-R,2022-06,JPY,4190.0,600.0,270.9591847437127,0.00732123339548707
6594.T,D79WDP-R,2022-07,JPY,4599.0,600.0,307.2459087683866,0.007440641988068819
6594.T,D79WDP-R,2022-08,JPY,4662.0,600.0,290.8902001158334,0.007208038587123156
6594.T,D79WDP-R,2022-09,JPY,4065.0,600.0,233.3338623699881,0.006923721171915531
6594.T,D79WDP-R,2022-10,JPY,4119.0,600.0,224.9791396147013,0.006765350699424744
6594.T,D79WDP-R,2022-11,JPY,4267.0,600.0,264.47695737423936,0.007207467220723629
6594.T,D79WDP-R,2022-12,JPY,3419.5,600.0,233.97725133474916,0.007523548789322376
TPE.DE,DKP314-R,2019-02,EUR,10.95,4000.0,56758.78695685863,1.1380189657211304
TPE.DE,DKP314-R,2019-03,EUR,11.25,4000.0,56743.33528977394,1.1230024099349976
TPE.DE,DKP314-R,2019-04,EUR,14.12,4000.0,70798.98283533097,1.1185182332992554
TPE.DE,DKP314-R,2019-05,EUR,12.42,4000.0,61623.054667038916,1.1131147146224976
TPE.DE,DKP314-R,2019-06,EUR,13.5,7000.0,122391.73212397097,1.1372941732406616
TPE.DE,DKP314-R,2019-07,EUR,10.86,7000.0,94441.80608650208,1.1157974004745483
TPE.DE,DKP314-R,2019-08,EUR,11.18,7000.0,95336.13213720798,1.1061947345733643
TPE.DE,DKP314-R,2019-09,EUR,11.26,7000.0,94030.25082155467,1.0942714214324951
TPE.DE,DKP314-R,2019-10,EUR,10.64,7000.0,92686.71363269805,1.1154489517211914
TPE.DE,DKP314-R,2019-11,EUR,15.56,14000.0,264491.9822308302,1.101176142692566
TPE.DE,DKP314-R,2019-12,EUR,15.3,14000.0,268831.653041687,1.120229721069336
TPE.DE,DKP314-R,2020-01,EUR,14.9,14000.0,254960.9217047167,1.1029127836227417
TPE.DE,DKP314-R,2020-02,EUR,12.3,14000.0,208016.05451763154,1.0997228622436523
TPE.DE,DKP314-R,2021-03,EUR,26.15,12000.0,432377.16801235196,1.1723604202270508
TPE.DE,DKP314-R,2021-04,EUR,24.7,12000.0,432702.30276506423,1.2127091884613037
TPE.DE,DKP314-R,2021-06,EUR,24.75,15000.0,524000.77688604,1.1901928186416626
TPE.DE,DKP314-R,2021-07,EUR,34.2,15000.0,723469.3243339778,1.1892997026443481
TPE.DE,DKP314-R,2021-08,EUR,32.7,25000.0,1138422.2529301345,1.1796904802322388
TPE.DE,DKP314-R,2021-09,EUR,37.8,25000.0,1270616.4246558845,1.1601601839065552
TPE.DE,DKP314-R,2021-10,EUR,39.3,35000.0,1859793.4967543124,1.1683608293533325
TPE.DE,DKP314-R,2021-11,EUR,43.1,43000.0,2355895.1720436285,1.1293437480926514
TPE.DE,DKP314-R,2021-12,EUR,41.9,33000.0,1774334.4494055675,1.132502794265747
TPE.DE,DKP314-R,2022-01,EUR,30.9,33000.0,1274809.7786632776,1.1152374744415283
TPE.DE,DKP314-R,2022-02,EUR,24.55,33000.0,1017431.7369660188,1.118105411529541
TPE.DE,DKP314-R,2022-03,EUR,26.55,26400.0,870487.7565072898,1.1161835193634033
TPE.DE,DKP314-R,2022-04,EUR,23.76,26400.0,695096.7459104719,1.0504201650619507
TPE.DE,DKP314-R,2022-05,EUR,24.34,26400.0,741607.0146203041,1.0773539543151855
TPE.DE,DKP314-R,2022-06,EUR,18.28,26400.0,527057.6041902581,1.04465913772583
TPE.DE,DKP314-R,2022-07,EUR,21.22,26400.0,582202.1307372523,1.0192328691482544
ASR,DP1CY0-R,2020-05,USD,103.67,2000.0,207340.0,1.0
ASR,DP1CY0-R,2020-06,USD,112.29,3000.0,336870.0,1.0
ASR,DP1CY0-R,2020-07,USD,99.83,3000.0,299490.0,1.0
ASR,DP1CY0-R,2020-08,USD,113.46,3000.0,340380.0,1.0
ASR,DP1CY0-R,2020-09,USD,116.03,3000.0,348090.0,1.0
ASR,DP1CY0-R,2020-10,USD,115.35,3000.0,346050.0,1.0
ASR,DP1CY0-R,2021-11,USD,182.75,3500.0,639625.0,1.0
ASR,DP1CY0-R,2021-12,USD,206.16,3500.0,721560.0,1.0
ASR,DP1CY0-R,2022-01,USD,203.16,3500.0,711060.0,1.0
ASR,DP1CY0-R,2022-02,USD,215.94,3500.0,755790.0,1.0
ASR,DP1CY0-R,2022-03,USD,221.6,2800.0,620480.0,1.0
ASR,DP1CY0-R,2022-04,USD,218.22,2800.0,611016.0,1.0
ASR,DP1CY0-R,2022-05,USD,217.29,2800.0,608412.0,1.0
ASR,DP1CY0-R,2022-06,USD,196.39,2800.0,549892.0,1.0
ASR,DP1CY0-R,2022-07,USD,187.81,2800.0,525868.0,1.0
ASR,DP1CY0-R,2022-08,USD,211.47,2800.0,592116.0,1.0
ASR,DP1CY0-R,2022-09,USD,196.17,2800.0,549276.0,1.0
ASR,DP1CY0-R,2022-10,USD,233.42,2800.0,653576.0,1.0
ASR,DP1CY0-R,2022-11,USD,247.29,2800.0,692412.0,1.0
ASR,DP1CY0-R,2022-12,USD,232.99,2000.0,465980.0,1.0
ZOO.L,DP2M95-R,2018-12,GBP,1.045,30000.0,50682.024947547914,1.269357681274414
ZOO.L,DP2M95-R,2019-01,GBP,0.855,30000.0,44259.01380493641,1.3117163181304932
ZOO.L,DP2M95-R,2019-02,GBP,0.685,30000.0,36403.542984294894,1.3318239450454712
ZOO.L,DP2M95-R,2019-03,GBP,0.6,30000.0,30623.971171796326,1.30565345287323
ZOO.L,DP2M95-R,2019-04,GBP,0.52,90000.0,78902.03721249102,1.2932428121566772
ZOO.L,DP2M95-R,2019-05,GBP,0.715,90000.0,102273.65827413798,1.2609704732894897
ZOO.L,DP2M95-R,2019-06,GBP,0.63,90000.0,91483.26545834541,1.267748475074768
ZOO.L,DP2M95-R,2019-07,GBP,0.795,90000.0,106547.31719055175,1.2161602973937988
ZOO.L,DP2M95-R,2019-08,GBP,0.83,140000.0,172457.04241147044,1.218650221824646
ZOO.L,DP2M95-R,2019-09,GBP,0.805,140000.0,170727.5048828125,1.2293167114257812
ZOO.L,DP2M95-R,2019-10,GBP,0.86,140000.0,201005.82821254732,1.290172815322876
ZOO.L,DP2M95-R,2019-11,GBP,0.81,140000.0,189409.10723416807,1.29128897190094
ZOO.L,DP2M95-R,2019-12,GBP,0.64,140000.0,155648.5637397766,1.3113033771514893
ZOO.L,DP2M95-R,2020-01,GBP,0.725,240000.0,300219.884264946,1.3089004755020142
ZOO.L,DP2M95-R,2020-02,GBP,0.465,240000.0,183725.92183914184,1.2888922691345215
ZOO.L,DP2M95-R,2020-03,GBP,0.555,240000.0,204331.0584294319,1.2371643781661987
ZOO.L,DP2M95-R,2020-04,GBP,0.755,240000.0,285043.9737304688,1.2471472024917603
ZOO.L,DP2M95-R,2020-05,GBP,0.635,240000.0,232151.70323896408,1.2321492433547974
ZOO.L,DP2M95-R,2020-06,GBP,0.705,240000.0,257369.73557281494,1.2310571670532227
ZOO.L,DP2M95-R,2020-07,GBP,0.615,240000.0,254126.35593481062,1.311785101890564
ZOO.L,DP2M95-R,2020-08,GBP,0.515,240000.0,220077.4610438347,1.3356484174728394
ZOO.L,DP2M95-R,2020-09,GBP,0.605,240000.0,241522.3639434814,1.2866535186767578
ZOO.L,DP2M95-R,2020-10,GBP,0.55,240000.0,220716.94447231293,1.2931926250457764
ZOO.L,DP2M95-R,2020-11,GBP,0.665,429000.0,507773.16899690864,1.333191156387329
ZOO.L,DP2M95-R,2020-12,GBP,0.625,429000.0,499579.9706525731,1.36306631565094
ZOO.L,DP2M95-R,2021-01,GBP,0.97,429000.0,784285.4422588348,1.3725008964538574
ZOO.L,DP2M95-R,2021-02,GBP,1.0,429000.0,840187.8337336777,1.4008152484893799
ZOO.L,DP2M95-R,2021-03,GBP,1.08,429000.0,878746.7309460641,1.3746649026870728
ZOO.L,DP2M95-R,2021-04,GBP,1.17,429000.0,969646.5447072029,1.3952839374542236
ZOO.L,DP2M95-R,2021-05,GBP,1.32,429000.0,1138541.1624343873,1.4180374145507812
ZOO.L,DP2M95-R,2021-06,GBP,1.32,429000.0,1082898.3505527056,1.3842746019363403
ZOO.L,DP2M95-R,2021-07,GBP,1.37,429000.0,1141096.4779511045,1.3964334726333618
ZOO.L,DP2M95-R,2021-08,GBP,1.465,429000.0,1190216.4627153648,1.376045823097229
ZOO.L,DP2M95-R,2021-09,GBP,1.185,429000.0,920316.8156851423,1.3426424264907837
ZOO.L,DP2M95-R,2021-10,GBP,1.265,429000.0,1026616.0606820583,1.380071759223938
ZOO.L,DP2M95-R,2021-11,GBP,1.21,429000.0,914418.9367221558,1.3315047025680542
ZOO.L,DP2M95-R,2021-12,GBP,1.25,429000.0,980417.5285865592,1.349837303161621
ZOO.L,DP2M95-R,2022-01,GBP,1.45,429000.0,1118609.6703473174,1.3403388261795044
ZOO.L,DP2M95-R,2022-02,GBP,1.21,429000.0,931435.3237516023,1.337327480316162
ZOO.L,DP2M95-R,2022-03,GBP,1.205,414000.0,863008.6194717407,1.3138878345489502
ZOO.L,DP2M95-R,2022-04,GBP,1.185,414000.0,767694.6438725495,1.2463854551315308
ZOO.L,DP2M95-R,2022-05,GBP,1.15,414000.0,758855.0924358845,1.2647020816802979
ZOO.L,DP2M95-R,2022-06,GBP,1.03,414000.0,628262.6077448273,1.2131799459457397
ZOO.L,DP2M95-R,2022-07,GBP,1.275,414000.0,781951.3031992435,1.2173447608947754
ZOO.L,DP2M95-R,2022-08,GBP,1.26,404000.0,690632.0090718651,1.1659767627716064
ZOO.L,DP2M95-R,2022-09,GBP,1.31,329000.0,537376.4821194292,1.1169440746307373
ZOO.L,DP2M95-R,2022-10,GBP,1.65,259000.0,570555.61525311,1.159595012664795
ZOO.L,DP2M95-R,2022-11,GBP,1.725,244000.0,598835.4294118405,1.1946860551834106
ZOO.L,DP2M95-R,2022-12,GBP,1.78,244000.0,629874.4059185028,1.2056326866149902
WOSG.L,F5L9LT-R,2021-02,GBP,6.38,60000.0,749706.2351217269,1.4008152484893799
WOSG.L,F5L9LT-R,2021-03,GBP,6.61,60000.0,752201.7883694173,1.3746649026870728
WOSG.L,F5L9LT-R,2021-04,GBP,7.33,60000.0,849623.2716143131,1.3952839374542236
WOSG.L,F5L9LT-R,2021-05,GBP,7.86,40000.0,632121.3743591309,1.4180374145507812
WOSG.L,F5L9LT-R,2021-06,GBP,8.36,40000.0,639475.0654317857,1.3842746019363403
WOSG.L,F5L9LT-R,2021-07,GBP,10.06,40000.0,781272.1306818008,1.3964334726333618
WOSG.L,F5L9LT-R,2021-08,GBP,10.16,40000.0,769633.437224865,1.376045823097229
WOSG.L,F5L9LT-R,2021-09,GBP,9.46,60000.0,1027555.6668261767,1.3426424264907837
WOSG.L,F5L9LT-R,2021-10,GBP,11.32,60000.0,1284865.30079906,1.380071759223938
WOSG.L,F5L9LT-R,2021-11,GBP,13.52,60000.0,1428994.2812788007,1.3315047025680542
WOSG.L,F5L9LT-R,2021-12,GBP,14.2,60000.0,1557700.6392477038,1.349837303161621
WOSG.L,F5L9LT-R,2022-01,GBP,12.72,50000.0,1143697.0468212962,1.3403388261795044
WOSG.L,F5L9LT-R,2022-02,GBP,12.12,50000.0,1087381.6429088116,1.337327480316162
WOSG.L,F5L9LT-R,2022-03,GBP,11.4,40000.0,788848.2703156471,1.3138878345489502
WOSG.L,F5L9LT-R,2022-04,GBP,10.21,40000.0,639079.6551310539,1.2463854551315308
WOSG.L,F5L9LT-R,2022-05,GBP,9.45,80000.0,1204990.9434766767,1.2647020816802979
WOSG.L,F5L9LT-R,2022-06,GBP,7.69,80000.0,906402.6477424621,1.2131799459457397
WOSG.L,F5L9LT-R,2022-07,GBP,8.87,100000.0,1313989.7614622116,1.2173447608947754
WOSG.L,F5L9LT-R,2022-08,GBP,7.845,100000.0,1064354.8920354843,1.1659767627716064
WOSG.L,F5L9LT-R,2022-09,GBP,6.74,120000.0,1008447.7014421462,1.1169440746307373
WOSG.L,F5L9LT-R,2022-10,GBP,7.745,120000.0,1240842.2691461565,1.159595012664795
WOSG.L,F5L9LT-R,2022-11,GBP,10.26,120000.0,1751691.224933481,1.1946860551834106
WOSG.L,F5L9LT-R,2022-12,GBP,8.205,120000.0,1427920.9720830917,1.2056326866149902
CAP.PA,F86QBP-R,2019-04,EUR,108.1,1000.0,135505.86663153887,1.1185182332992554
CAP.PA,F86QBP-R,2019-05,EUR,100.1,1000.0,124163.98372775555,1.1131147146224976
CAP.PA,F86QBP-R,2019-06,EUR,109.35,1000.0,141624.71860059502,1.1372941732406616
CAP.PA,F86QBP-R,2019-07,EUR,115.25,1000.0,143178.39716058373,1.1157974004745483
CAP.PA,F86QBP-R,2019-08,EUR,109.15,1000.0,132966.20001613616,1.1061947345733643
CAP.PA,F86QBP-R,2019-09,EUR,108.1,1000.0,128960.56546410084,1.0942714214324951
CAP.PA,F86QBP-R,2019-10,EUR,100.95,1000.0,125627.28202474595,1.1154489517211914
CAP.PA,F86QBP-R,2019-11,EUR,107.35,1000.0,130339.73408303857,1.101176142692566
CAP.PA,F86QBP-R,2019-12,EUR,108.9,1000.0,136937.1611609459,1.120229721069336
CAP.PA,F86QBP-R,2020-01,EUR,112.35,2000.0,274639.1136483693,1.1029127836227417
CAP.PA,F86QBP-R,2020-02,EUR,99.22,2000.0,239713.65250402447,1.0997228622436523
CAP.PA,F86QBP-R,2020-03,EUR,77.0,2000.0,186388.96320927143,1.1030466556549072
CAP.PA,F86QBP-R,2020-04,EUR,85.74,2000.0,204298.7365910959,1.087725043296814
AF.PA,FPW2T0-R,2018-04,EUR,41.0438,300.0,3575.8692945402863,1.2122827768325806
AF.PA,FPW2T0-R,2018-05,EUR,34.3562,2000.0,18554.778320395944,1.1667250394821167
AF.PA,FPW2T0-R,2018-06,EUR,35.2237,2000.0,18857.278270299437,1.1562966108322144
AF.PA,FPW2T0-R,2018-07,EUR,39.3896,10000.0,106983.35188357829,1.1707408428192139
AF.PA,FPW2T0-R,2018-08,EUR,41.7298,10000.0,112293.38309431076,1.1664663553237915
AF.PA,FPW2T0-R,2018-09,EUR,45.2501,10000.0,121272.89309284688,1.1637378931045532
AF.PA,FPW2T0-R,2018-10,EUR,43.1722,10000.0,110047.30565983056,1.1346358060836792
AF.PA,FPW2T0-R,2018-11,EUR,51.3426,10000.0,131316.44148051742,1.1392766237258911
AF.PA,FPW2T0-R,2018-12,EUR,47.8122,5000.0,61987.68896181583,1.1439945697784424
AF.PA,FPW2T0-R,2019-01,EUR,55.4783,5000.0,72498.27745735645,1.1487650871276855
AF.PA,FPW2T0-R,2019-02,EUR,54.747,5000.0,70332.92923751473,1.1380189657211304
AF.PA,FPW2T0-R,2019-03,EUR,50.5609,5000.0,63205.77618800998,1.1230024099349976
KAHOT.OL,FR4B9H-R,2021-05,NOK,66.3,50000.0,47662.01372015476,0.11961150169372559
KAHOT.OL,FR4B9H-R,2021-06,NOK,59.0,100000.0,80130.80351829529,0.11687144637107849
KAHOT.OL,FR4B9H-R,2021-07,NOK,39.38,200000.0,102134.64125700295,0.114568792283535
KAHOT.OL,FR4B9H-R,2021-08,NOK,59.15,200000.0,156770.1790278554,0.11536261439323425
KAHOT.OL,FR4B9H-R,2021-09,NOK,63.05,200000.0,164769.40584886074,0.1140613704919815
KAHOT.OL,FR4B9H-R,2021-10,NOK,50.3,200000.0,142776.67025399208,0.12005868554115295
KAHOT.OL,FR4B9H-R,2021-11,NOK,51.25,250000.0,156053.37017839774,0.11097424477338791
KAHOT.OL,FR4B9H-R,2021-12,NOK,46.6,250000.0,150300.2854892984,0.11361531913280487
KAHOT.OL,FR4B9H-R,2022-01,NOK,35.16,250000.0,109662.1289132163,0.11123470962047577
KAHOT.OL,FR4B9H-R,2022-02,NOK,27.62,250000.0,87978.52064091712,0.11204243451356888
KAHOT.OL,FR4B9H-R,2022-03,NOK,27.64,200000.0,73853.10103175044,0.11681846529245377
KAHOT.OL,FR4B9H-R,2022-04,NOK,23.17,200000.0,52849.60003785789,0.1062529906630516
KAHOT.OL,FR4B9H-R,2022-05,NOK,27.93,200000.0,63192.73564091325,0.10634712129831314
KAHOT.OL,FR4B9H-R,2022-06,NOK,17.925,200000.0,36707.06441760063,0.10115928947925568
KAHOT.OL,FR4B9H-R,2022-07,NOK,22.94,200000.0,48772.96880722046,0.10277080535888672
KAHOT.OL,FR4B9H-R,2022-08,NOK,19.9,200000.0,40890.90103298426,0.1019616425037384
KAHOT.OL,FR4B9H-R,2022-09,NOK,20.5,200000.0,35242.18004210293,0.09366891533136368
KAHOT.OL,FR4B9H-R,2022-10,NOK,22.17,200000.0,41340.73556110263,0.09693566709756851
KAHOT.OL,FR4B9H-R,2022-11,NOK,22.29,200000.0,44675.27014933527,0.09992455691099167
KAHOT.OL,FR4B9H-R,2022-12,NOK,19.435,200000.0,39938.49850654602,0.10121774673461914
3844.T,FXRN3F-R,2019-03,JPY,1820.0,1500.0,445.86512527227404,0.009038567543029785
3844.T,FXRN3F-R,2019-04,JPY,1907.5,1500.0,459.3387320238445,0.008954395540058613
3844.T,FXRN3F-R,2019-05,JPY,2182.5,1500.0,551.4409696945177,0.009144362062215805
3844.T,FXRN3F-R,2019-06,JPY,1917.5,1500.0,495.5351526872953,0.009281001053750515
3844.T,FXRN3F-R,2019-07,JPY,2107.5,2500.0,893.9843812953447,0.009211326949298382
3844.T,FXRN3F-R,2019-08,JPY,1890.0,4000.0,1338.3061571244152,0.00939514022320509
3844.T,FXRN3F-R,2019-09,JPY,2034.0,4000.0,697.4083040472866,0.009264063090085983
3844.T,FXRN3F-R,2019-10,JPY,2068.0,4000.0,703.3633580930531,0.009192105382680893
3844.T,FXRN3F-R,2019-11,JPY,2367.0,4000.0,789.4828037173302,0.009131419472396374
3844.T,FXRN3F-R,2019-12,JPY,2350.0,4000.0,792.2110764153301,0.009185013361275196
3844.T,FXRN3F-R,2020-01,JPY,2146.0,8000.0,1454.8372833884507,0.009184676222503185
3844.T,FXRN3F-R,2020-02,JPY,2115.0,8000.0,1430.446089680195,0.009119095280766487
3844.T,FXRN3F-R,2020-03,JPY,2200.0,8000.0,1509.0561380265653,0.00925625953823328
3844.T,FXRN3F-R,2020-04,JPY,2183.0,8000.0,1531.884036016464,0.009379982948303223
3844.T,FXRN3F-R,2020-05,JPY,2967.0,8000.0,2046.7508478060365,0.009289967827498913
3844.T,FXRN3F-R,2020-06,JPY,2789.0,8000.0,1922.2307410508397,0.009294544346630573
3844.T,FXRN3F-R,2020-07,JPY,2778.0,8000.0,2007.9263632977754,0.009552649222314358
3844.T,FXRN3F-R,2020-08,JPY,2236.0,8000.0,1598.3618280744552,0.009475529193878174
3844.T,FXRN3F-R,2020-09,JPY,2631.0,8000.0,1887.590854140371,0.009463961236178875
3844.T,FXRN3F-R,2020-10,JPY,2669.0,8000.0,1953.509090696275,0.009564435109496117
3844.T,FXRN3F-R,2020-11,JPY,3230.0,8000.0,2380.875939186886,0.009607809595763683
3844.T,FXRN3F-R,2020-12,JPY,2921.0,18000.0,4938.419424457513,0.00969734601676464
3844.T,FXRN3F-R,2021-01,JPY,2905.0,18000.0,4789.012257097643,0.009588555432856083
3844.T,FXRN3F-R,2021-02,JPY,2715.0,18000.0,4311.951006876324,0.009400351904332638
3844.T,FXRN3F-R,2021-03,JPY,2670.0,18000.0,3942.996337570064,0.009065772406756878
3844.T,FXRN3F-R,2021-04,JPY,2650.0,18000.0,4007.140400469415,0.00918239913880825
3844.T,FXRN3F-R,2021-05,JPY,2286.0,18000.0,3422.3616264606826,0.009098601527512074
3844.T,FXRN3F-R,2021-06,JPY,2371.0,18000.0,3478.7262947901336,0.009046907536685467
3844.T,FXRN3F-R,2021-07,JPY,2355.0,18000.0,3530.2535044649985,0.00914001651108265
3844.T,FXRN3F-R,2021-08,JPY,2993.0,18000.0,4460.340434745402,0.009095539338886738
3844.T,FXRN3F-R,2021-09,JPY,3110.0,18000.0,4482.251832622178,0.008933676406741142
3844.T,FXRN3F-R,2021-10,JPY,3080.0,28000.0,6656.856356536895,0.008801577612757683
3844.T,FXRN3F-R,2021-11,JPY,3535.0,28000.0,7659.8783125389,0.008787036873400211
3844.T,FXRN3F-R,2021-12,JPY,3610.0,28000.0,7628.632815776578,0.008690890856087208
3844.T,FXRN3F-R,2022-01,JPY,2772.0,28000.0,5844.110339267254,0.008675886318087578
3844.T,FXRN3F-R,2022-02,JPY,2929.0,28000.0,6160.526015410945,0.008651642128825188
3844.T,FXRN3F-R,2022-03,JPY,3100.0,22000.0,4604.903851611614,0.008195310831069946
3844.T,FXRN3F-R,2022-04,JPY,2830.0,22000.0,3632.819543110393,0.00764461699873209
3844.T,FXRN3F-R,2022-05,JPY,2839.0,15920.0,2749.406920785141,0.007825706154108047
3844.T,FXRN3F-R,2022-06,JPY,2641.0,15920.0,2265.791804509932,0.00732123339548707
3844.T,FXRN3F-R,2022-07,JPY,2988.0,15920.0,2648.287046699848,0.007440641988068819
3844.T,FXRN3F-R,2022-08,JPY,2445.0,15920.0,2023.9390943594667,0.007208038587123156
3844.T,FXRN3F-R,2022-09,JPY,2285.0,15920.0,1740.06385546775,0.006923721171915531
3844.T,FXRN3F-R,2022-10,JPY,2424.0,15920.0,1756.487238960087,0.006765350699424744
3844.T,FXRN3F-R,2022-11,JPY,2607.0,15920.0,2143.719391402841,0.007207467220723629
3844.T,FXRN3F-R,2022-12,JPY,2403.0,15920.0,2181.355989910709,0.007523548789322376
NEM.DE,FYP7N8-R,2022-10,EUR,48.36,12000.0,570978.4559433676,0.9955002665519714
NEM.DE,FYP7N8-R,2022-11,EUR,46.6,12000.0,594464.3274627972,1.0324499607086182
NEM.DE,FYP7N8-R,2022-12,EUR,47.69,12000.0,651122.3487413407,1.066075325012207
FDP.L,G22X5F-R,2018-09,GBP,41.3,1500.0,105657.72369287252,1.3078734874725342
FDP.L,G22X5F-R,2018-10,GBP,31.2,2000.0,101330.12143750192,1.2708903551101685
FDP.L,G22X5F-R,2018-11,GBP,20.5,2000.0,66877.91222312451,1.2784454822540283
FDP.L,G22X5F-R,2018-12,GBP,21.2,2000.0,68546.12717773438,1.269357681274414
FDP.L,G22X5F-R,2019-01,GBP,22.2,2000.0,76612.07704240321,1.3117163181304932
FDP.L,G22X5F-R,2019-02,GBP,21.9,2000.0,77589.90548355818,1.3318239450454712
FDP.L,G22X5F-R,2019-03,GBP,26.9,2000.0,91531.63411250115,1.30565345287323
FDP.L,G22X5F-R,2019-04,GBP,31.7,2000.0,106888.32896468639,1.2932428121566772
FDP.L,G22X5F-R,2019-05,GBP,33.8,2000.0,107438.51767450334,1.2609704732894897
FDP.L,G22X5F-R,2019-06,GBP,35.55,2000.0,114717.26640607118,1.267748475074768
FDP.L,G22X5F-R,2019-07,GBP,29.5,2000.0,87858.53325408936,1.2161602973937988
FDP.L,G22X5F-R,2019-08,GBP,23.1,4000.0,137133.88077977658,1.218650221824646
FDP.L,G22X5F-R,2019-09,GBP,22.35,4000.0,135430.92091033937,1.2293167114257812
FDP.L,G22X5F-R,2019-10,GBP,22.75,4000.0,151923.00969552994,1.290172815322876
FDP.L,G22X5F-R,2019-11,GBP,24.8,4000.0,165692.0026872635,1.29128897190094
FDP.L,G22X5F-R,2019-12,GBP,27.4,4000.0,190391.54671740532,1.3113033771514893
FDP.L,G22X5F-R,2020-01,GBP,27.7,4000.0,191173.50083418845,1.3089004755020142
FDP.L,G22X5F-R,2020-02,GBP,27.65,4000.0,182081.03752527238,1.2888922691345215
FDP.L,G22X5F-R,2020-03,GBP,22.8,1000.0,34975.70093212366,1.2371643781661987
FDP.L,G22X5F-R,2020-04,GBP,25.9,1000.0,40743.00207231521,1.2471472024917603
FDP.L,G22X5F-R,2020-05,GBP,26.7,1000.0,40672.27312523962,1.2321492433547974
FDP.L,G22X5F-R,2020-06,GBP,25.55,1000.0,38863.957719860075,1.2310571670532227
FDP.L,G22X5F-R,2020-07,GBP,27.0,1000.0,46486.38454824686,1.311785101890564
FDP.L,G22X5F-R,2020-08,GBP,32.0,1000.0,56977.69297065734,1.3356484174728394
FDP.L,G22X5F-R,2020-09,GBP,33.15,1000.0,55141.23492553711,1.2866535186767578
FDP.L,G22X5F-R,2020-10,GBP,29.4,1000.0,49159.68308701516,1.2931926250457764
FDP.L,G22X5F-R,2020-11,GBP,29.2,1000.0,51972.404117379185,1.333191156387329
FDP.L,G22X5F-R,2020-12,GBP,32.0,1000.0,59623.79200572968,1.36306631565094
FDP.L,G22X5F-R,2021-01,GBP,30.1,1000.0,56730.01875341415,1.3725008964538574
FDP.L,G22X5F-R,2021-02,GBP,29.05,1000.0,56893.83115434647,1.4008152484893799
FDP.L,G22X5F-R,2021-03,GBP,26.55,1000.0,50355.40503692627,1.3746649026870728
FDP.L,G22X5F-R,2021-04,GBP,29.25,1000.0,56506.33447457552,1.3952839374542236
FDP.L,G22X5F-R,2021-05,GBP,21.0,1000.0,42221.85131263733,1.4180374145507812
FDP.L,G22X5F-R,2021-06,GBP,22.7,1000.0,43409.356500153546,1.3842746019363403
FDP.L,G22X5F-R,2021-07,GBP,23.4,1000.0,45431.831921013596,1.3964334726333618
FDP.L,G22X5F-R,2021-08,GBP,23.5,1000.0,44503.89512465358,1.376045823097229
FDP.L,G22X5F-R,2021-09,GBP,23.5,1000.0,42543.2633071208,1.3426424264907837
FDP.L,G22X5F-R,2021-10,GBP,20.9,1000.0,39537.23420704365,1.380071759223938
FDP.L,G22X5F-R,2021-11,GBP,21.05,1000.0,37081.27418752313,1.3315047025680542
FDP.L,G22X5F-R,2021-12,GBP,20.1,1000.0,36748.564669685366,1.349837303161621
FDP.L,G22X5F-R,2022-01,GBP,16.2,1000.0,29131.90249552846,1.3403388261795044
FDP.L,G22X5F-R,2022-02,GBP,15.18,1000.0,27238.378533759118,1.337327480316162
FDP.L,G22X5F-R,2022-03,GBP,19.3,1000.0,33387.65048558712,1.3138878345489502
FDP.L,G22X5F-R,2022-04,GBP,23.65,1000.0,37008.39983732939,1.2463854551315308
FDP.L,G22X5F-R,2022-05,GBP,22.5,1000.0,35862.840754687786,1.2647020816802979
FDP.L,G22X5F-R,2022-06,GBP,19.66,1000.0,28965.993575595618,1.2131799459457397
FDP.L,G22X5F-R,2022-07,GBP,19.56,1000.0,28975.921711883548,1.2173447608947754
FDP.L,G22X5F-R,2022-08,GBP,15.92,1000.0,21599.148201730248,1.1659767627716064
FDP.L,G22X5F-R,2022-09,GBP,14.24,1000.0,17755.06587417841,1.1169440746307373
FDP.L,G22X5F-R,2022-10,GBP,13.44,1000.0,17943.73556927681,1.159595012664795
FDP.L,G22X5F-R,2022-11,GBP,14.14,1000.0,20117.712729631665,1.1946860551834106
FDP.L,G22X5F-R,2022-12,GBP,13.62,1000.0,19752.483121156696,1.2056326866149902
4751.T,G37DWR-R,2018-04,JPY,1510.0,90.0,45.677010335939194,0.009166071191430092
4751.T,G37DWR-R,2018-05,JPY,1422.5,400.0,192.70148085541652,0.00919861625880003
4751.T,G37DWR-R,2018-06,JPY,1665.0,400.0,217.68296741306781,0.009050920605659485
4751.T,G37DWR-R,2018-07,JPY,1467.5,2000.0,944.8944325974584,0.009009495377540588
4751.T,G37DWR-R,2018-08,JPY,1580.0,2000.0,1026.964035849329,0.00900909025222063
4751.T,G37DWR-R,2018-09,JPY,1512.5,2000.0,939.7580554208159,0.00882168672978878
4751.T,G37DWR-R,2018-10,JPY,1197.5,2000.0,750.8728425818682,0.008845486678183079
4751.T,G37DWR-R,2018-11,JPY,1285.0,2000.0,798.2717386364935,0.008817486464977264
4751.T,G37DWR-R,2018-12,JPY,1061.25,2000.0,696.8933178915828,0.009063717909157276
4751.T,G37DWR-R,2019-01,JPY,875.0,2000.0,590.1992185786365,0.009175911545753479
4751.T,G37DWR-R,2019-02,JPY,866.25,2000.0,561.5355991826951,0.009020223282277584
4751.T,G37DWR-R,2019-03,JPY,1128.75,2000.0,737.3923712348939,0.009038567543029785
4751.T,G37DWR-R,2019-04,JPY,1107.5,2000.0,711.1822706594133,0.008954395540058613
4751.T,G37DWR-R,2019-05,JPY,1045.0,2000.0,704.092652110979,0.009144362062215805
4751.T,G37DWR-R,2019-06,JPY,976.25,2000.0,672.7734553056583,0.009281001053750515
4751.T,G37DWR-R,2019-07,JPY,1105.0,2000.0,749.9713178622164,0.009211326949298382
4751.T,G37DWR-R,2019-08,JPY,1197.5,3000.0,1271.9220692866948,0.00939514022320509
4751.T,G37DWR-R,2019-09,JPY,1037.5,3000.0,1067.1995017578454,0.009264063090085983
4751.T,G37DWR-R,2019-10,JPY,882.5,3000.0,900.4615847611428,0.009192105382680893
4751.T,G37DWR-R,2019-11,JPY,945.0,3000.0,945.5785754894839,0.009131419472396374
4751.T,G37DWR-R,2019-12,JPY,953.75,3000.0,964.5592182270997,0.009185013361275196
4751.T,G37DWR-R,2020-01,JPY,1103.75,5000.0,1870.662294057291,0.009184676222503185
4751.T,G37DWR-R,2020-02,JPY,1023.75,5000.0,1730.9921376522632,0.009119095280766487
4751.T,G37DWR-R,2020-03,JPY,1047.5,5000.0,1796.291478199465,0.00925625953823328
4751.T,G37DWR-R,2020-04,JPY,1135.0,5000.0,1991.1687102913857,0.009379982948303223
4751.T,G37DWR-R,2020-05,JPY,1357.5,5000.0,2341.139244796475,0.009289967827498913
4751.T,G37DWR-R,2020-06,JPY,1322.5,5000.0,2278.7290309196806,0.009294544346630573
4751.T,G37DWR-R,2020-07,JPY,1487.5,5000.0,2687.896735492069,0.009552649222314358
4751.T,G37DWR-R,2020-08,JPY,1412.5,5000.0,2524.2463915675876,0.009475529193878174
4751.T,G37DWR-R,2020-09,JPY,1617.5,5000.0,2901.1574426320376,0.009463961236178875
4751.T,G37DWR-R,2020-10,JPY,1637.5,5000.0,2996.319450684637,0.009564435109496117
4751.T,G37DWR-R,2020-11,JPY,1787.5,5000.0,3293.9745887547265,0.009607809595763683
4751.T,G37DWR-R,2020-12,JPY,1777.5,5000.0,3339.0541829761114,0.00969734601676464
4751.T,G37DWR-R,2021-01,JPY,1642.5,5000.0,3008.5871347618754,0.009588555432856083
4751.T,G37DWR-R,2021-02,JPY,1605.0,9000.0,5098.107324818652,0.009400351904332638
4751.T,G37DWR-R,2021-03,JPY,1993.0,38716.09433532768,6330.549280056939,0.009065772406756878
4751.T,G37DWR-R,2021-04,JPY,2248.0,38716.09433532768,7311.459586016362,0.00918239913880825
4751.T,G37DWR-R,2021-05,JPY,2198.0,38716.09433532768,7077.770680723651,0.009098601527512074
4751.T,G37DWR-R,2021-06,JPY,2385.0,38716.09433532768,7526.553879597149,0.009046907536685467
4751.T,G37DWR-R,2021-07,JPY,1964.0,38716.09433532768,6332.505294060335,0.00914001651108265
4751.T,G37DWR-R,2021-08,JPY,2021.0,38716.09433532768,6478.085892070391,0.009095539338886738
4751.T,G37DWR-R,2021-09,JPY,2166.0,38716.09433532768,6714.4940432867115,0.008933676406741142
4751.T,G37DWR-R,2021-10,JPY,1900.0,81733.97693013622,11987.168463926064,0.008801577612757683
4751.T,G37DWR-R,2021-11,JPY,2093.0,167769.7421197533,27174.232836345356,0.008787036873400211
4751.T,G37DWR-R,2021-12,JPY,1914.0,167769.7421197533,24234.673478450233,0.008690890856087208
4751.T,G37DWR-R,2022-01,JPY,1325.0,38199.87974418998,3811.0529837512404,0.008675886318087578
4751.T,G37DWR-R,2022-02,JPY,1486.0,38199.87974418998,4264.040124414083,0.008651642128825188
4751.T,G37DWR-R,2022-03,JPY,1526.0,16690.938446785713,1719.7749931138994,0.008195310831069946
4751.T,G37DWR-R,2022-04,JPY,1386.0,16690.938446785713,1349.8286485987605,0.00764461699873209
4751.T,G37DWR-R,2022-05,JPY,1391.0,16690.938446785713,1412.33735440763,0.007825706154108047
4751.T,G37DWR-R,2022-11,JPY,1229.0,64526.82389221281,4096.1524319428,0.007207467220723629
4751.T,G37DWR-R,2022-12,JPY,1168.0,64526.82389221281,4297.469235227589,0.007523548789322376
SCHA.OL,G4GNVN-R,2018-04,NOK,234.6,100.0,367.50813355638087,0.12549634277820587
SCHA.OL,G4GNVN-R,2018-05,NOK,231.0,700.0,2414.629183039852,0.12218814343214035
SCHA.OL,G4GNVN-R,2018-06,NOK,247.6,700.0,2596.336541847706,0.12209311872720718
SCHA.OL,G4GNVN-R,2018-07,NOK,282.0,3500.0,14897.888687598259,0.12297627329826355
SCHA.OL,G4GNVN-R,2018-08,NOK,300.3,3500.0,15057.78020762056,0.11980754137039185
SCHA.OL,G4GNVN-R,2018-09,NOK,305.6,3500.0,16105.159475363644,0.12261514365673065
SCHA.OL,G4GNVN-R,2018-10,NOK,292.1,3500.0,14469.530418155602,0.11895699054002762
SCHA.OL,G4GNVN-R,2018-11,NOK,311.3,3500.0,14846.736306548117,0.1172320544719696
SCHA.OL,G4GNVN-R,2018-12,NOK,290.0,3500.0,13346.557191875429,0.11484351754188538
SCHA.OL,G4GNVN-R,2019-01,NOK,295.4,3500.0,14581.52271521598,0.11880012601613998
SCHA.OL,G4GNVN-R,2019-02,NOK,341.8,3500.0,16385.193651385234,0.11705626547336578
SCHA.OL,G4GNVN-R,2019-03,NOK,338.6,3500.0,15939.298206766322,0.11582385748624802
SCHA.OL,G4GNVN-R,2019-04,NOK,226.4,3500.0,10589.799122090191,0.11556698381900787
SCHA.OL,G4GNVN-R,2019-05,NOK,231.0,3500.0,10524.743783930206,0.11395297199487686
SCHA.OL,G4GNVN-R,2019-06,NOK,235.3,3500.0,11353.102059909963,0.11753643304109573
SCHA.OL,G4GNVN-R,2019-07,NOK,239.4,3500.0,10898.992254830971,0.1142364963889122
SCHA.OL,G4GNVN-R,2019-08,NOK,277.6,3500.0,11734.29550251156,0.1099788174033165
SCHA.OL,G4GNVN-R,2019-09,NOK,269.1,3500.0,11430.405698989629,0.11026817560195923
SCHA.OL,G4GNVN-R,2019-10,NOK,270.0,3500.0,11219.833633474409,0.10900691896677017
SCHA.OL,G4GNVN-R,2019-11,NOK,252.5,3500.0,10471.484490875602,0.1091238409280777
SCHA.OL,G4GNVN-R,2019-12,NOK,265.3,3500.0,11996.787076102235,0.11342781037092209
SCHA.OL,G4GNVN-R,2020-01,NOK,278.4,3500.0,11503.183635534831,0.10881984978914261
FANUY,GB0DHY-R,2018-04,USD,21.531,100.0,2153.1,1.0
FANUY,GB0DHY-R,2018-05,USD,21.418,600.0,12850.8,1.0
FANUY,GB0DHY-R,2018-06,USD,19.866,1000.0,19866.0,1.0
FANUY,GB0DHY-R,2018-07,USD,19.582,5000.0,97910.0,1.0
FANUY,GB0DHY-R,2018-08,USD,19.638,5000.0,98190.00000000001,1.0
FANUY,GB0DHY-R,2018-09,USD,18.858,5000.0,94290.0,1.0
FANUY,GB0DHY-R,2018-10,USD,17.487,5000.0,87434.99999999999,1.0
FANUY,GB0DHY-R,2018-11,USD,17.076,5000.0,85380.0,1.0
FANUY,GB0DHY-R,2018-12,USD,15.194,5000.0,75970.0,1.0
FANUY,GB0DHY-R,2019-01,USD,16.87,5000.0,84350.0,1.0
FANUY,GB0DHY-R,2019-02,USD,16.565,5000.0,82825.0,1.0
FANUY,GB0DHY-R,2019-03,USD,17.057,5000.0,85285.0,1.0
FANUY,GB0DHY-R,2019-04,USD,18.653,5000.0,93265.0,1.0
FANUY,GB0DHY-R,2019-05,USD,17.016,5000.0,85079.99999999999,1.0
FANUY,GB0DHY-R,2019-06,USD,18.498,5000.0,92490.0,1.0
FANUY,GB0DHY-R,2019-07,USD,17.988,5000.0,89940.0,1.0
FANUY,GB0DHY-R,2019-08,USD,17.387,5000.0,86935.0,1.0
FANUY,GB0DHY-R,2019-09,USD,18.82,5000.0,94100.0,1.0
FANUY,GB0DHY-R,2019-10,USD,19.981,5000.0,99905.00000000001,1.0
FANUY,GB0DHY-R,2019-11,USD,19.09,5000.0,95450.0,1.0
FANUY,GB0DHY-R,2019-12,USD,18.707,5000.0,93535.0,1.0
FANUY,GB0DHY-R,2020-01,USD,18.748,10000.0,187480.0,1.0
FANUY,GB0DHY-R,2020-02,USD,16.66,10000.0,166600.0,1.0
FANUY,GB0DHY-R,2020-03,USD,13.575,10000.0,135750.0,1.0
FANUY,GB0DHY-R,2020-04,USD,16.674,10000.0,166740.0,1.0
FANUY,GB0DHY-R,2020-05,USD,17.835,10000.0,178350.0,1.0
FANUY,GB0DHY-R,2020-06,USD,17.852,10000.0,178520.0,1.0
FANUY,GB0DHY-R,2020-07,USD,16.746,10000.0,167460.0,1.0
6840.T,GDGB62-R,2021-05,JPY,573.0,3000.0,1429.726675270619,0.009098601527512074
6840.T,GDGB62-R,2021-06,JPY,631.0,30611.31597056616,1574.4464687948612,0.009046907536685467
6840.T,GDGB62-R,2021-07,JPY,598.0,30611.31597056616,1524.4945020965918,0.00914001651108265
6840.T,GDGB62-R,2021-08,JPY,677.0,30611.31597056616,1715.7722394967334,0.009095539338886738
6840.T,GDGB62-R,2021-09,JPY,703.0,30611.31597056616,1723.059720370908,0.008933676406741142
6840.T,GDGB62-R,2021-10,JPY,608.0,30611.31597056616,1436.6325291277399,0.008801577612757683
6840.T,GDGB62-R,2021-11,JPY,511.0,30611.31597056616,1210.5354025551276,0.008787036873400211
6840.T,GDGB62-R,2021-12,JPY,575.0,30611.31597056616,1328.4075837581556,0.008690890856087208
6840.T,GDGB62-R,2022-01,JPY,417.0,30611.31597056616,961.1377521214066,0.008675886318087578
6840.T,GDGB62-R,2022-02,JPY,400.0,30611.31597056616,919.7776012075532,0.008651642128825188
6840.T,GDGB62-R,2022-03,JPY,502.0,30611.31597056616,1037.5801630610379,0.008195310831069946
6840.T,GDGB62-R,2022-04,JPY,386.0,30611.31597056616,689.4525455105286,0.00764461699873209
6840.T,GDGB62-R,2022-05,JPY,336.0,30611.31597056616,625.6797589572446,0.007825706154108047
6840.T,GDGB62-R,2022-06,JPY,312.0,30611.31597056616,514.6902479766271,0.00732123339548707
6840.T,GDGB62-R,2022-07,JPY,315.0,30611.31597056616,536.8260289796474,0.007440641988068819
6840.T,GDGB62-R,2022-08,JPY,372.0,30611.31597056616,592.1076916189879,0.007208038587123156
6840.T,GDGB62-R,2022-09,JPY,334.0,30611.31597056616,489.06339898269835,0.006923721171915531
6840.T,GDGB62-R,2022-10,JPY,335.0,30611.31597056616,466.7618975470898,0.006765350699424744
6840.T,GDGB62-R,2022-11,JPY,497.0,30611.31597056616,785.8180720261566,0.007207467220723629
6840.T,GDGB62-R,2022-12,JPY,399.0,30611.31597056616,696.4422220734991,0.007523548789322376
4921.T,GFG621-R,2019-02,JPY,2525.0,2000.0,409.1999035380036,0.009020223282277584
4921.T,GFG621-R,2019-03,JPY,2860.0,2000.0,467.096720430851,0.009038567543029785
4921.T,GFG621-R,2019-04,JPY,3300.0,2000.0,529.7746341496334,0.008954395540058613
4921.T,GFG621-R,2019-05,JPY,2936.0,2000.0,494.5494125680625,0.009144362062215805
4921.T,GFG621-R,2019-06,JPY,2650.0,3000.0,684.8334665049333,0.009281001053750515
4921.T,GFG621-R,2019-07,JPY,2752.0,3000.0,700.4255245805998,0.009211326949298382
4921.T,GFG621-R,2019-08,JPY,2580.0,5000.0,1141.8087723355275,0.00939514022320509
4921.T,GFG621-R,2019-09,JPY,2873.0,5000.0,1231.3510105418043,0.009264063090085983
4921.T,GFG621-R,2019-10,JPY,3075.0,5000.0,1307.3274250252173,0.009192105382680893
4921.T,GFG621-R,2019-11,JPY,2922.0,5000.0,1218.2450437901077,0.009131419472396374
4921.T,GFG621-R,2019-12,JPY,2912.0,5000.0,1227.0842597675976,0.009185013361275196
4921.T,GFG621-R,2020-01,JPY,2892.0,5000.0,1225.357964275684,0.009184676222503185
MRX.DE,GGGVQ0-R,2021-11,EUR,12.4,45000.0,709323.6421520234,1.1293437480926514
MRX.DE,GGGVQ0-R,2021-12,EUR,11.26,45000.0,652569.7974844336,1.132502794265747
MRX.DE,GGGVQ0-R,2022-01,EUR,10.28,45000.0,578333.8272135258,1.1152374744415283
MRX.DE,GGGVQ0-R,2022-02,EUR,10.0,76111.0,955844.5588128204,1.118105411529541
MRX.DE,GGGVQ0-R,2022-03,EUR,8.7,62111.0,671092.1774854999,1.1161835193634033
MRX.DE,GGGVQ0-R,2022-04,EUR,6.76,62111.0,465275.3264629542,1.0504201650619507
MRX.DE,GGGVQ0-R,2022-05,EUR,5.28,76111.0,463799.8411336541,1.0773539543151855
MRX.DE,GGGVQ0-R,2022-06,EUR,5.6,76111.0,465493.1874773605,1.04465913772583
MRX.DE,GGGVQ0-R,2022-07,EUR,4.8,76111.0,379676.0561774464,1.0192328691482544
MRX.DE,GGGVQ0-R,2022-08,EUR,4.24,76111.0,325314.8157747491,1.0025062561035156
MRX.DE,GGGVQ0-R,2022-09,EUR,2.84,76111.0,208147.51266228082,0.9829555749893188
MRX.DE,GGGVQ0-R,2022-10,EUR,3.18,76111.0,238136.67240918972,0.9955002665519714
MRX.DE,GGGVQ0-R,2022-11,EUR,4.355,76111.0,352366.5180382342,1.0324499607086182
MRX.DE,GGGVQ0-R,2022-12,EUR,4.025,76111.0,348551.7289114697,1.066075325012207
ASML,GL3H8G-R,2018-04,USD,188.45,70.0,13191.5,1.0
ASML,GL3H8G-R,2018-05,USD,196.65,100.0,19665.0,1.0
ASML,GL3H8G-R,2018-06,USD,197.97,150.0,29695.5,1.0
ASML,GL3H8G-R,2018-07,USD,214.0,590.0,126260.0,1.0
ASML,GL3H8G-R,2018-08,USD,205.05,590.0,120979.5,1.0
ASML,GL3H8G-R,2018-09,USD,188.02,840.0,157936.80000000002,1.0
ASML,GL3H8G-R,2018-10,USD,172.36,840.0,144782.40000000002,1.0
ASML,GL3H8G-R,2018-11,USD,171.35,840.0,143934.0,1.0
ASML,GL3H8G-R,2018-12,USD,155.62,840.0,130720.8,1.0
ASML,GL3H8G-R,2019-01,USD,175.03,840.0,147025.2,1.0
ASML,GL3H8G-R,2019-02,USD,182.87,840.0,153610.80000000002,1.0
ASML,GL3H8G-R,2019-03,USD,188.05,630.0,118471.5,1.0
ASML,GL3H8G-R,2019-04,USD,208.82,630.0,131556.6,1.0
ASML,GL3H8G-R,2019-05,USD,188.05,630.0,118471.5,1.0
ASML,GL3H8G-R,2019-06,USD,207.93,630.0,130995.90000000001,1.0
ASML,GL3H8G-R,2019-07,USD,222.81,630.0,140370.3,1.0
ASML,GL3H8G-R,2019-08,USD,222.61,630.0,140244.30000000002,1.0
ASML,GL3H8G-R,2019-09,USD,248.42,630.0,156504.6,1.0
ASML,GL3H8G-R,2019-10,USD,261.97,630.0,165041.1,1.0
ASML,GL3H8G-R,2019-11,USD,270.62,630.0,170490.6,1.0
ASML,GL3H8G-R,2019-12,USD,295.94,630.0,186442.2,1.0
ASML,GL3H8G-R,2020-01,USD,280.66,630.0,176815.80000000002,1.0
ASML,GL3H8G-R,2020-02,USD,276.71,940.0,260107.4,1.0
ASML,GL3H8G-R,2020-03,USD,261.64,1240.0,324433.6,1.0
ASML,GL3H8G-R,2020-04,USD,288.43,940.0,271124.2,1.0
ASML,GL3H8G-R,2020-05,USD,329.51,940.0,309739.39999999997,1.0
ASML,GL3H8G-R,2020-06,USD,368.03,540.0,198736.19999999998,1.0
ASML,GL3H8G-R,2020-07,USD,353.72,540.0,191008.80000000002,1.0
ASML,GL3H8G-R,2020-08,USD,374.18,540.0,202057.2,1.0
ASML,GL3H8G-R,2020-09,USD,369.27,540.0,199405.8,1.0
ASML,GL3H8G-R,2020-10,USD,361.21,540.0,195053.4,1.0
ASML,GL3H8G-R,2020-11,USD,437.73,540.0,236374.2,1.0
ASML,GL3H8G-R,2020-12,USD,487.72,30.0,14631.6,1.0
ASML,GL3H8G-R,2021-01,USD,534.16,30.0,16024.8,1.0
ASML,GL3H8G-R,2021-02,USD,567.09,30.0,17012.7,1.0
ASML,GL3H8G-R,2021-03,USD,617.36,30.0,18520.8,1.0
ASML,GL3H8G-R,2021-04,USD,648.1,30.0,19443.0,1.0
ASML,GL3H8G-R,2021-05,USD,675.47,30.0,20264.100000000002,1.0
ASML,GL3H8G-R,2021-06,USD,690.84,30.0,20725.2,1.0
ASML,GL3H8G-R,2021-07,USD,766.74,30.0,23002.2,1.0
ASML,GL3H8G-R,2021-08,USD,833.04,30.0,24991.199999999997,1.0
ASML,GL3H8G-R,2021-09,USD,745.11,30.0,22353.3,1.0
ASML,GL3H8G-R,2021-10,USD,812.88,30.0,24386.4,1.0
ASML,GL3H8G-R,2021-11,USD,791.51,30.0,23745.3,1.0
ASML,GL3H8G-R,2021-12,USD,796.14,30.0,23884.2,1.0
ASML,GL3H8G-R,2022-01,USD,677.2,30.0,20316.0,1.0
ASML,GL3H8G-R,2022-02,USD,666.51,30.0,19995.3,1.0
ASML,GL3H8G-R,2022-03,USD,667.93,730.0,487588.89999999997,1.0
ASML,GL3H8G-R,2022-04,USD,563.77,730.0,411552.1,1.0
ASML,GL3H8G-R,2022-05,USD,576.29,730.0,420691.69999999995,1.0
ASML,GL3H8G-R,2022-06,USD,475.88,730.0,347392.4,1.0
ASML,GL3H8G-R,2022-07,USD,574.44,730.0,419341.2,1.0
ASML,GL3H8G-R,2022-08,USD,489.94,730.0,357656.2,1.0
ASML,GL3H8G-R,2022-09,USD,415.35,730.0,303205.5,1.0
ASML,GL3H8G-R,2022-10,USD,472.42,730.0,344866.60000000003,1.0
ASML,GL3H8G-R,2022-11,USD,608.12,30.0,18243.6,1.0
ASML,GL3H8G-R,2022-12,USD,546.4,30.0,16392.0,1.0
ASM.AS,GM7H09-R,2021-01,EUR,211.2,1500.0,466476.374932251,1.2120037078857422
ASM.AS,GM7H09-R,2021-02,EUR,223.6,2000.0,660081.4101941586,1.2160420417785645
ASM.AS,GM7H09-R,2021-03,EUR,248.0,2000.0,683426.100138855,1.1723604202270508
ASM.AS,GM7H09-R,2021-04,EUR,252.9,2000.0,738396.7960886955,1.2127091884613037
ASM.AS,GM7H09-R,2021-05,EUR,257.2,2000.0,766671.346186781,1.2190067768096924
ASM.AS,GM7H09-R,2021-06,EUR,277.0,2000.0,781943.1374532962,1.1901928186416626
ASM.AS,GM7H09-R,2021-07,EUR,298.9,2000.0,843060.3787311245,1.1892997026443481
FUTR.L,GM88J1-R,2019-12,GBP,14.5,14000.0,352641.3690141678,1.3113033771514893
FUTR.L,GM88J1-R,2020-01,GBP,12.8,14000.0,309190.3551397705,1.3089004755020142
FUTR.L,GM88J1-R,2020-02,GBP,11.56,14000.0,266437.56720293994,1.2888922691345215
FUTR.L,GM88J1-R,2020-03,GBP,10.0,24000.0,368165.27296972275,1.2371643781661987
FUTR.L,GM88J1-R,2020-04,GBP,10.32,24000.0,389622.6543353176,1.2471472024917603
FUTR.L,GM88J1-R,2020-05,GBP,13.8,24000.0,504518.98348611826,1.2321492433547974
FUTR.L,GM88J1-R,2020-06,GBP,12.76,24000.0,465820.01689498906,1.2310571670532227
FUTR.L,GM88J1-R,2020-07,GBP,13.8,30000.0,712791.2297397852,1.311785101890564
FUTR.L,GM88J1-R,2020-08,GBP,14.86,30000.0,793770.6454752802,1.3356484174728394
FUTR.L,GM88J1-R,2020-09,GBP,19.42,30000.0,969088.2591299057,1.2866535186767578
FUTR.L,GM88J1-R,2020-10,GBP,19.84,30000.0,995232.7678024293,1.2931926250457764
FUTR.L,GM88J1-R,2020-11,GBP,16.88,30000.0,901329.4785458565,1.333191156387329
FUTR.L,GM88J1-R,2020-12,GBP,17.38,30000.0,971495.1201013685,1.36306631565094
FUTR.L,GM88J1-R,2021-01,GBP,17.38,30000.0,982692.2503489495,1.3725008964538574
FUTR.L,GM88J1-R,2021-02,GBP,19.5,40000.0,1527614.2431521416,1.4008152484893799
FUTR.L,GM88J1-R,2021-03,GBP,19.14,40000.0,1452056.3372445104,1.3746649026870728
FUTR.L,GM88J1-R,2021-04,GBP,23.6,40000.0,1823657.3145685196,1.3952839374542236
FUTR.L,GM88J1-R,2021-05,GBP,28.38,40000.0,2282392.477935791,1.4180374145507812
FUTR.L,GM88J1-R,2021-06,GBP,31.32,40000.0,2395736.9217890264,1.3842746019363403
FUTR.L,GM88J1-R,2021-07,GBP,34.5,40000.0,2679312.8852859023,1.3964334726333618
FUTR.L,GM88J1-R,2021-08,GBP,38.5,40000.0,2916425.64340868,1.376045823097229
FUTR.L,GM88J1-R,2021-09,GBP,36.9,40000.0,2672079.6961885453,1.3426424264907837
FUTR.L,GM88J1-R,2021-10,GBP,35.28,50000.0,3337017.6540187597,1.380071759223938
FUTR.L,GM88J1-R,2021-11,GBP,35.84,50000.0,3156752.652923584,1.3315047025680542
FUTR.L,GM88J1-R,2021-12,GBP,38.3,50000.0,3501169.5265774727,1.349837303161621
FUTR.L,GM88J1-R,2022-01,GBP,31.42,40000.0,2260060.027824783,1.3403388261795044
FUTR.L,GM88J1-R,2022-02,GBP,26.56,40000.0,1906327.1574691772,1.337327480316162
FUTR.L,GM88J1-R,2022-03,GBP,26.02,31970.0,1439058.7530109216,1.3138878345489502
FUTR.L,GM88J1-R,2022-04,GBP,22.18,31970.0,1109617.4232670262,1.2463854551315308
FUTR.L,GM88J1-R,2022-05,GBP,19.8,31970.0,1008950.8166560843,1.2647020816802979
FUTR.L,GM88J1-R,2022-06,GBP,17.23,31970.0,811582.5545333136,1.2131799459457397
FUTR.L,GM88J1-R,2022-07,GBP,18.28,31970.0,865739.5752733133,1.2173447608947754
FUTR.L,GM88J1-R,2022-08,GBP,15.56,31970.0,674910.108292464,1.1659767627716064
FUTR.L,GM88J1-R,2022-09,GBP,13.2,39970.0,657840.2355399121,1.1169440746307373
FUTR.L,GM88J1-R,2022-10,GBP,12.18,39970.0,649972.5980436276,1.159595012664795
FUTR.L,GM88J1-R,2022-11,GBP,14.05,39970.0,798986.4836251208,1.1946860551834106
FUTR.L,GM88J1-R,2022-12,GBP,12.67,49970.0,918185.4735806613,1.2056326866149902
MC.PA,GQH86W-R,2019-01,EUR,279.75,250.0,92188.14838559032,1.1487650871276855
MC.PA,GQH86W-R,2019-02,EUR,302.0,250.0,97837.59866317957,1.1380189657211304
MC.PA,GQH86W-R,2019-03,EUR,327.9,250.0,103367.46150647907,1.1230024099349976
MC.PA,GQH86W-R,2019-04,EUR,349.05,250.0,109385.57451436817,1.1185182332992554
BZUN,GXXP1J-R,2018-05,USD,61.31,300.0,18393.0,1.0
BZUN,GXXP1J-R,2018-06,USD,54.7,450.0,24615.0,1.0
BZUN,GXXP1J-R,2018-07,USD,57.85,2250.0,130162.5,1.0
BZUN,GXXP1J-R,2018-08,USD,53.39,2250.0,120127.5,1.0
BZUN,GXXP1J-R,2018-09,USD,48.58,2250.0,109305.0,1.0
BZUN,GXXP1J-R,2018-10,USD,39.81,2250.0,89572.5,1.0
BZUN,GXXP1J-R,2018-11,USD,35.27,3000.0,105810.00000000001,1.0
BZUN,GXXP1J-R,2018-12,USD,29.21,3000.0,87630.0,1.0
BZUN,GXXP1J-R,2019-01,USD,35.8,3000.0,107399.99999999999,1.0
BZUN,GXXP1J-R,2019-02,USD,37.45,3000.0,112350.00000000001,1.0
BZUN,GXXP1J-R,2019-03,USD,41.54,3000.0,124620.0,1.0
BZUN,GXXP1J-R,2019-04,USD,48.5,4500.0,218250.0,1.0
BZUN,GXXP1J-R,2019-05,USD,39.23,4500.0,176535.0,1.0
BZUN,GXXP1J-R,2019-06,USD,49.86,4500.0,224370.0,1.0
BZUN,GXXP1J-R,2019-10,USD,43.52,4000.0,174080.0,1.0
BZUN,GXXP1J-R,2019-11,USD,37.97,4000.0,151880.0,1.0
BZUN,GXXP1J-R,2019-12,USD,33.12,8000.0,264960.0,1.0
BZUN,GXXP1J-R,2020-01,USD,30.11,8000.0,240880.0,1.0
BZUN,GXXP1J-R,2020-02,USD,31.72,8000.0,253760.0,1.0
BZUN,GXXP1J-R,2020-03,USD,27.94,8000.0,223520.0,1.0
MDW.PA,H7LN62-R,2019-04,EUR,11.9,4500.0,67126.17721633136,1.1185182332992554
MDW.PA,H7LN62-R,2019-05,EUR,11.96,4500.0,66758.31478819906,1.1131147146224976
MDW.PA,H7LN62-R,2019-06,EUR,11.42,4500.0,66557.81003585458,1.1372941732406616
MDW.PA,H7LN62-R,2019-07,EUR,10.28,4500.0,57470.12143416703,1.1157974004745483
MDW.PA,H7LN62-R,2019-08,EUR,10.0,4500.0,54818.86281520128,1.1061947345733643
MDW.PA,H7LN62-R,2019-09,EUR,10.0,4500.0,53683.86166405678,1.0942714214324951
MDW.PA,H7LN62-R,2019-10,EUR,9.58,20000.0,238436.80629138948,1.1154489517211914
MDW.PA,H7LN62-R,2019-11,EUR,9.76,20000.0,237003.4983689785,1.101176142692566
MDW.PA,H7LN62-R,2019-12,EUR,10.44,20000.0,262557.2015647888,1.120229721069336
MDW.PA,H7LN62-R,2020-01,EUR,10.5,20000.0,256672.06883025172,1.1029127836227417
MDW.PA,H7LN62-R,2020-02,EUR,9.18,20000.0,221787.04813213347,1.0997228622436523
MDW.PA,H7LN62-R,2020-03,EUR,7.1,20000.0,171865.25819892884,1.1030466556549072
MDW.PA,H7LN62-R,2020-04,EUR,8.12,20000.0,193481.04998149874,1.087725043296814
MDW.PA,H7LN62-R,2020-05,EUR,8.8,20000.0,216899.62977972027,1.1079105138778687
AGL.MI,HD34QG-R,2020-06,EUR,4.13792,30000.0,177281.7745746374,1.1247202157974243
AGL.MI,HD34QG-R,2020-07,EUR,3.56473,30000.0,169730.61952983137,1.1872254610061646
AGL.MI,HD34QG-R,2020-08,EUR,3.79472,30000.0,183444.25116544962,1.1918240785598755
AGL.MI,HD34QG-R,2020-09,EUR,3.41436,30000.0,159448.71094028951,1.1742050647735596
CAPC.L,J2R4L9-R,2018-09,GBP,2.663,23000.0,104462.00035695075,1.3078734874725342
CAPC.L,J2R4L9-R,2018-10,GBP,2.503,23000.0,93485.20758018852,1.2708903551101685
CAPC.L,J2R4L9-R,2018-11,GBP,2.541,23000.0,95330.33008451939,1.2784454822540283
CAPC.L,J2R4L9-R,2019-11,GBP,2.424,50000.0,202437.95470285416,1.29128897190094
CAPC.L,J2R4L9-R,2019-12,GBP,2.617,50000.0,227305.91695725918,1.3113033771514893
CAPC.L,J2R4L9-R,2020-01,GBP,2.436,50000.0,210153.1336451769,1.3089004755020142
CAPC.L,J2R4L9-R,2020-02,GBP,1.98,50000.0,162983.64966273305,1.2888922691345215
CAPC.L,J2R4L9-R,2020-03,GBP,1.659,50000.0,127247.3049519062,1.2371643781661987
CAPC.L,J2R4L9-R,2020-04,GBP,1.663,50000.0,130802.0457445383,1.2471472024917603
CAPC.L,J2R4L9-R,2020-05,GBP,1.635,100000.0,249060.48730552197,1.2321492433547974
CAPC.L,J2R4L9-R,2020-06,GBP,1.461,150000.0,333347.5062804222,1.2310571670532227
CAPC.L,J2R4L9-R,2020-07,GBP,1.399,150000.0,361303.0029360652,1.311785101890564
CAPC.L,J2R4L9-R,2020-08,GBP,1.294,150000.0,345605.0384389758,1.3356484174728394
CAPC.L,J2R4L9-R,2020-09,GBP,1.119,150000.0,279198.66693878174,1.2866535186767578
CAPC.L,J2R4L9-R,2020-10,GBP,1.046,150000.0,262352.57422828674,1.2931926250457764
CAPC.L,J2R4L9-R,2020-11,GBP,1.347,300000.0,719247.2965328693,1.333191156387329
CAPC.L,J2R4L9-R,2020-12,GBP,1.45,300000.0,810511.9448776245,1.36306631565094
CAPC.L,J2R4L9-R,2021-01,GBP,1.4,150000.0,395790.8285121918,1.3725008964538574
CAPC.L,J2R4L9-R,2021-02,GBP,1.697,250000.0,830886.5605652332,1.4008152484893799
CAPC.L,J2R4L9-R,2021-03,GBP,1.707,250000.0,809385.5113908648,1.3746649026870728
CAPC.L,J2R4L9-R,2021-04,GBP,1.818,250000.0,878020.7879513502,1.3952839374542236
CAPC.L,J2R4L9-R,2021-05,GBP,1.729,250000.0,869065.5000686646,1.4180374145507812
CAPC.L,J2R4L9-R,2021-06,GBP,1.613,250000.0,771137.8525006771,1.3842746019363403
CAPC.L,J2R4L9-R,2021-07,GBP,1.707,250000.0,828549.3634012341,1.3964334726333618
CAPC.L,J2R4L9-R,2021-08,GBP,1.738,250000.0,822847.881295681,1.376045823097229
CAPC.L,J2R4L9-R,2021-09,GBP,1.661,250000.0,751748.851198256,1.3426424264907837
CAPC.L,J2R4L9-R,2021-10,GBP,1.65,350000.0,1092477.2252475023,1.380071759223938
CAPC.L,J2R4L9-R,2021-11,GBP,1.621,350000.0,999431.4242616892,1.3315047025680542
CAPC.L,J2R4L9-R,2021-12,GBP,1.684,350000.0,1077590.6422429085,1.349837303161621
CAPC.L,J2R4L9-R,2022-01,GBP,1.713,250000.0,770108.4268167615,1.3403388261795044
CAPC.L,J2R4L9-R,2022-02,GBP,1.661,250000.0,745108.7222516537,1.337327480316162
CAPC.L,J2R4L9-R,2022-03,GBP,1.751,200000.0,605820.5416321754,1.3138878345489502
6146.T,J4TH5K-R,2018-04,JPY,6426.66,20.0,32.400761912810424,0.009166071191430092
6146.T,J4TH5K-R,2018-05,JPY,6849.99,110.0,191.3891271518363,0.00919861625880003
6146.T,J4TH5K-R,2018-06,JPY,6303.33,110.0,169.97084032008053,0.009050920605659485
6146.T,J4TH5K-R,2018-07,JPY,6323.33,550.0,839.7406884109453,0.009009495377540588
6146.T,J4TH5K-R,2018-08,JPY,6626.66,550.0,888.3563174282144,0.00900909025222063
6146.T,J4TH5K-R,2018-09,JPY,6339.99,550.0,812.4634933545376,0.00882168672978878
6146.T,J4TH5K-R,2018-10,JPY,5989.99,550.0,774.6609966372761,0.008845486678183079
6146.T,J4TH5K-R,2018-11,JPY,5516.66,550.0,706.8354929542578,0.008817486464977264
6146.T,J4TH5K-R,2018-12,JPY,4283.33,550.0,583.8565784593807,0.009063717909157276
6146.T,J4TH5K-R,2019-01,JPY,5359.99,550.0,745.6745700063556,0.009175911545753479
6146.T,J4TH5K-R,2019-02,JPY,5113.33,550.0,683.647336408027,0.009020223282277584
6146.T,J4TH5K-R,2019-03,JPY,5256.66,550.0,708.2804105782509,0.009038567543029785
6146.T,J4TH5K-R,2019-04,JPY,6359.99,550.0,842.341694265664,0.008954395540058613
6146.T,J4TH5K-R,2019-05,JPY,5056.66,550.0,702.7030702798236,0.009144362062215805
6146.T,J4TH5K-R,2019-06,JPY,5893.33,550.0,837.650420463534,0.009281001053750515
6146.T,J4TH5K-R,2019-07,JPY,6743.33,550.0,943.9542272243993,0.009211326949298382
6146.T,J4TH5K-R,2019-08,JPY,6433.33,950.0,1622.8734219506732,0.00939514022320509
6146.T,J4TH5K-R,2019-09,JPY,6819.99,950.0,1666.1170209675768,0.009264063090085983
6146.T,J4TH5K-R,2019-10,JPY,7959.99,950.0,1928.9774014570844,0.009192105382680893
6146.T,J4TH5K-R,2019-11,JPY,7873.33,950.0,1871.0613302435127,0.009131419472396374
6146.T,J4TH5K-R,2019-12,JPY,8633.32,950.0,2073.6546425434417,0.009185013361275196
6146.T,J4TH5K-R,2020-01,JPY,8613.33,950.0,2080.227228267916,0.009184676222503185
6146.T,J4TH5K-R,2020-02,JPY,7293.33,950.0,1757.2847007273183,0.009119095280766487
6146.T,J4TH5K-R,2020-03,JPY,7119.99,950.0,1739.8732711813384,0.00925625953823328
6146.T,J4TH5K-R,2020-04,JPY,8116.66,950.0,2029.106041945815,0.009379982948303223
6146.T,J4TH5K-R,2020-05,JPY,8019.99,950.0,1970.954580924462,0.009289967827498913
6146.T,J4TH5K-R,2020-06,JPY,8696.66,950.0,2135.328627489452,0.009294544346630573
6146.T,J4TH5K-R,2020-07,JPY,8389.99,950.0,2160.391320907707,0.009552649222314358
6146.T,J4TH5K-R,2020-08,JPY,8243.33,950.0,2099.2347526771723,0.009475529193878174
6146.T,J4TH5K-R,2020-09,JPY,8469.99,950.0,2164.8374045430255,0.009463961236178875
6146.T,J4TH5K-R,2020-10,JPY,9343.32,950.0,2436.259400560072,0.009564435109496117
6146.T,J4TH5K-R,2020-11,JPY,11083.3,950.0,2910.44534709214,0.009607809595763683
6146.T,J4TH5K-R,2020-12,JPY,11583.3,950.0,3100.7180297482273,0.00969734601676464
6146.T,J4TH5K-R,2021-01,JPY,11350.0,950.0,2962.565506181289,0.009588555432856083
6146.T,J4TH5K-R,2021-02,JPY,11133.3,1950.0,5746.620268449649,0.009400351904332638
6146.T,J4TH5K-R,2021-03,JPY,11583.3,1950.0,5559.451643457732,0.009065772406756878
6146.T,J4TH5K-R,2021-04,JPY,11800.0,1950.0,5799.012124032335,0.00918239913880825
6146.T,J4TH5K-R,2021-05,JPY,11200.0,1950.0,5449.429852990352,0.009098601527512074
6146.T,J4TH5K-R,2021-06,JPY,11316.7,1950.0,5396.232908188299,0.009046907536685467
6146.T,J4TH5K-R,2021-07,JPY,10383.3,1950.0,5058.655620503695,0.00914001651108265
6146.T,J4TH5K-R,2021-08,JPY,10683.3,2950.0,7827.785538728398,0.009095539338886738
6146.T,J4TH5K-R,2021-09,JPY,10450.0,2950.0,7404.96279907624,0.008933676406741142
6146.T,J4TH5K-R,2021-10,JPY,10200.0,3950.0,9329.942389940079,0.008801577612757683
6146.T,J4TH5K-R,2021-11,JPY,10866.7,3950.0,9965.271474439987,0.008787036873400211
6146.T,J4TH5K-R,2021-12,JPY,11716.7,3950.0,10478.615813456985,0.008690890856087208
6146.T,J4TH5K-R,2022-01,JPY,10366.7,2950.0,6907.955544785997,0.008675886318087578
6146.T,J4TH5K-R,2022-02,JPY,10716.7,2950.0,7124.318412160259,0.008651642128825188
6146.T,J4TH5K-R,2022-03,JPY,11466.7,2350.0,5458.364062449753,0.008195310831069946
6146.T,J4TH5K-R,2022-04,JPY,10700.0,2350.0,4401.569861652965,0.00764461699873209
SAX.DE,JCTTTN-R,2018-04,EUR,60.75,40.0,3559.1725238549707,1.2122827768325806
SAX.DE,JCTTTN-R,2018-05,EUR,54.95,230.0,17212.603736271598,1.1667250394821167
SAX.DE,JCTTTN-R,2018-06,EUR,51.85,390.0,27299.71133229239,1.1562966108322144
SAX.DE,JCTTTN-R,2018-07,EUR,52.5,1950.0,140235.87887124432,1.1707408428192139
SAX.DE,JCTTTN-R,2018-08,EUR,51.1,1950.0,135236.56026235432,1.1664663553237915
SAX.DE,JCTTTN-R,2018-09,EUR,49.24,1950.0,129785.76030086124,1.1637378931045532
SAX.DE,JCTTTN-R,2018-10,EUR,46.18,1950.0,115769.4867741242,1.1346358060836792
SAX.DE,JCTTTN-R,2018-11,EUR,46.14,1950.0,116060.29650043577,1.1392766237258911
SAX.DE,JCTTTN-R,2018-12,EUR,42.18,1950.0,107592.5794641838,1.1439945697784424
SAX.DE,JCTTTN-R,2019-01,EUR,48.88,1950.0,125640.84194446563,1.1487650871276855
SAX.DE,JCTTTN-R,2019-02,EUR,52.15,1950.0,131779.47748953133,1.1380189657211304
SAX.DE,JCTTTN-R,2019-03,EUR,52.2,1000.0,65822.28196296572,1.1230024099349976
SAX.DE,JCTTTN-R,2019-04,EUR,60.25,1000.0,75524.77829693198,1.1185182332992554
SAX.DE,JCTTTN-R,2019-05,EUR,59.9,1000.0,74299.92856172443,1.1131147146224976
SAX.DE,JCTTTN-R,2019-06,EUR,66.05,1000.0,85544.69742633105,1.1372941732406616
SAX.DE,JCTTTN-R,2019-07,EUR,71.45,1500.0,133146.5918931502,1.1157974004745483
SAX.DE,JCTTTN-R,2019-08,EUR,67.95,1500.0,124164.72842466115,1.1061947345733643
SAX.DE,JCTTTN-R,2019-09,EUR,69.85,1500.0,124993.92457447886,1.0942714214324951
SAX.DE,JCTTTN-R,2019-10,EUR,72.2,1500.0,134773.98573783875,1.1154489517211914
SAX.DE,JCTTTN-R,2019-11,EUR,70.95,1500.0,129216.63902922573,1.101176142692566
SAX.DE,JCTTTN-R,2019-12,EUR,72.05,2500.0,226065.77441244127,1.120229721069336
SAX.DE,JCTTTN-R,2020-01,EUR,71.9,2500.0,219699.06843922735,1.1029127836227417
SAX.DE,JCTTTN-R,2020-02,EUR,66.95,2500.0,202187.40237822532,1.0997228622436523
SAX.DE,JCTTTN-R,2020-03,EUR,47.44,2500.0,143543.70802999733,1.1030466556549072
SAX.DE,JCTTTN-R,2020-04,EUR,57.85,2500.0,172304.07672730088,1.087725043296814
SAX.DE,JCTTTN-R,2020-05,EUR,65.15,2500.0,200724.60713907183,1.1079105138778687
SAX.DE,JCTTTN-R,2020-06,EUR,59.9,3500.0,264836.08653227746,1.1247202157974243
SAX.DE,JCTTTN-R,2020-07,EUR,58.05,3500.0,285236.1645432687,1.1872254610061646
SAX.DE,JCTTTN-R,2020-08,EUR,65.25,3500.0,325517.0170069903,1.1918240785598755
SAX.DE,JCTTTN-R,2020-09,EUR,66.4,3500.0,319998.89668364055,1.1742050647735596
SAX.DE,JCTTTN-R,2020-10,EUR,62.05,3500.0,295443.3104839325,1.1678695678710938
SAX.DE,JCTTTN-R,2020-11,EUR,75.0,3500.0,375906.8551030755,1.1971460580825806
SAX.DE,JCTTTN-R,2020-12,EUR,81.0,3500.0,428920.9752621263,1.2299896478652954
SAX.DE,JCTTTN-R,2021-01,EUR,74.45,3500.0,383687.1044148445,1.2120037078857422
SAX.DE,JCTTTN-R,2021-02,EUR,74.35,3500.0,384100.3404811621,1.2160420417785645
SAX.DE,JCTTTN-R,2021-03,EUR,69.5,3500.0,335168.14286043646,1.1723604202270508
SAX.DE,JCTTTN-R,2021-04,EUR,70.95,3500.0,362519.52345981594,1.2127091884613037
SAX.DE,JCTTTN-R,2022-08,EUR,42.36,5000.0,213509.2711467743,1.0025062561035156
SAX.DE,JCTTTN-R,2022-09,EUR,38.72,5000.0,186427.60009136793,0.9829555749893188
SAX.DE,JCTTTN-R,2022-10,EUR,41.26,5000.0,202979.11964904072,0.9955002665519714
SAX.DE,JCTTTN-R,2022-11,EUR,43.8,5000.0,232810.6003475547,1.0324499607086182
SAX.DE,JCTTTN-R,2022-12,EUR,43.56,5000.0,247806.06437687873,1.066075325012207
LTG.L,JF74F9-R,2019-03,GBP,0.706,50000.0,60056.794698536396,1.30565345287323
LTG.L,JF74F9-R,2019-04,GBP,0.88,50000.0,74181.05432671309,1.2932428121566772
LTG.L,JF74F9-R,2019-05,GBP,0.859,50000.0,68261.37560105325,1.2609704732894897
LTG.L,JF74F9-R,2019-06,GBP,0.966,250000.0,389652.001927793,1.267748475074768
LTG.L,JF74F9-R,2019-07,GBP,1.13,250000.0,420678.96807074547,1.2161602973937988
LTG.L,JF74F9-R,2019-08,GBP,1.232,250000.0,457112.65158087015,1.218650221824646
LTG.L,JF74F9-R,2019-09,GBP,1.128,250000.0,427196.7770957947,1.2293167114257812
LTG.L,JF74F9-R,2019-10,GBP,1.07,300000.0,535904.2429919243,1.290172815322876
LTG.L,JF74F9-R,2019-11,GBP,1.22,300000.0,611323.3163663149,1.29128897190094
LTG.L,JF74F9-R,2019-12,GBP,1.43,350000.0,869442.0016247034,1.3113033771514893
LTG.L,JF74F9-R,2020-01,GBP,1.556,350000.0,939649.180159092,1.3089004755020142
LTG.L,JF74F9-R,2020-02,GBP,1.376,350000.0,792856.9237890244,1.2888922691345215
LTG.L,JF74F9-R,2020-03,GBP,1.336,350000.0,717307.2878785729,1.2371643781661987
LTG.L,JF74F9-R,2020-04,GBP,1.283,350000.0,706394.7762425542,1.2471472024917603
LTG.L,JF74F9-R,2020-05,GBP,1.312,350000.0,699504.0630195737,1.2321492433547974
LTG.L,JF74F9-R,2020-06,GBP,1.231,350000.0,655361.9002809525,1.2310571670532227
LTG.L,JF74F9-R,2020-07,GBP,1.33,400000.0,915951.3238248825,1.311785101890564
LTG.L,JF74F9-R,2020-08,GBP,1.52,400000.0,1082575.0979237556,1.3356484174728394
LTG.L,JF74F9-R,2020-09,GBP,1.31,400000.0,871615.1198501587,1.2866535186767578
LTG.L,JF74F9-R,2020-10,GBP,1.258,400000.0,841397.6767892838,1.2931926250457764
LTG.L,JF74F9-R,2020-11,GBP,1.377,400000.0,980354.1177024841,1.333191156387329
LTG.L,JF74F9-R,2020-12,GBP,1.82,400000.0,1356441.8133568764,1.36306631565094
LTG.L,JF74F9-R,2021-01,GBP,1.644,400000.0,1239390.2695121765,1.3725008964538574
LTG.L,JF74F9-R,2021-02,GBP,1.635,400000.0,1280843.8273477557,1.4008152484893799
LTG.L,JF74F9-R,2021-03,GBP,1.502,500000.0,1424365.9122437236,1.3746649026870728
LTG.L,JF74F9-R,2021-04,GBP,1.808,500000.0,1746386.2110555172,1.3952839374542236
LTG.L,JF74F9-R,2021-05,GBP,1.7,500000.0,1708983.2410812378,1.4180374145507812
LTG.L,JF74F9-R,2021-06,GBP,1.881,450000.0,1618673.1281449199,1.3842746019363403
LTG.L,JF74F9-R,2021-07,GBP,2.146,450000.0,1874936.064582646,1.3964334726333618
LTG.L,JF74F9-R,2021-08,GBP,2.288,450000.0,1949839.0427330732,1.376045823097229
LTG.L,JF74F9-R,2021-09,GBP,2.152,450000.0,1753145.2785721421,1.3426424264907837
LTG.L,JF74F9-R,2021-10,GBP,1.958,550000.0,2037208.7982036471,1.380071759223938
LTG.L,JF74F9-R,2021-11,GBP,1.677,550000.0,1624793.2461456656,1.3315047025680542
LTG.L,JF74F9-R,2021-12,GBP,1.778,550000.0,1787880.4305157661,1.349837303161621
LTG.L,JF74F9-R,2022-01,GBP,1.671,550000.0,1652698.0879265068,1.3403388261795044
LTG.L,JF74F9-R,2022-02,GBP,1.764,450000.0,1424364.0960538387,1.337327480316162
LTG.L,JF74F9-R,2022-03,GBP,1.629,390000.0,1099040.633065939,1.3138878345489502
LTG.L,JF74F9-R,2022-04,GBP,1.313,390000.0,801305.3221760631,1.2463854551315308
LTG.L,JF74F9-R,2022-05,GBP,1.325,390000.0,823651.1424171925,1.2647020816802979
LTG.L,JF74F9-R,2022-06,GBP,1.122,390000.0,644705.5391965986,1.2131799459457397
LTG.L,JF74F9-R,2022-07,GBP,1.33,390000.0,768396.7779590606,1.2173447608947754
LTG.L,JF74F9-R,2022-08,GBP,1.14,390000.0,603200.588568449,1.1659767627716064
LTG.L,JF74F9-R,2022-09,GBP,1.049,390000.0,510097.1894431114,1.1169440746307373
LTG.L,JF74F9-R,2022-10,GBP,1.076,390000.0,560260.0697615147,1.159595012664795
LTG.L,JF74F9-R,2022-11,GBP,1.312,390000.0,727993.17777493,1.1946860551834106
LTG.L,JF74F9-R,2022-12,GBP,1.154,390000.0,652703.6154305935,1.2056326866149902
6929.T,JK9MJW-R,2021-05,JPY,2806.0,2000.0,466.7613518858887,0.009098601527512074
6929.T,JK9MJW-R,2021-06,JPY,2921.0,2000.0,476.18741601830345,0.009046907536685467
6929.T,JK9MJW-R,2021-07,JPY,2893.0,2000.0,481.8600252613053,0.00914001651108265
6929.T,JK9MJW-R,2021-08,JPY,3020.0,2000.0,500.06420304501427,0.009095539338886738
6929.T,JK9MJW-R,2021-09,JPY,3075.0,2000.0,492.423171498403,0.008933676406741142
6929.T,JK9MJW-R,2021-10,JPY,2951.0,2000.0,455.574762151353,0.008801577612757683
6929.T,JK9MJW-R,2021-11,JPY,2862.0,2000.0,442.9698182322644,0.008787036873400211
6929.T,JK9MJW-R,2021-12,JPY,2816.0,2000.0,425.05408998951316,0.008690890856087208
6929.T,JK9MJW-R,2022-01,JPY,2442.0,2000.0,367.74167004570364,0.008675886318087578
6929.T,JK9MJW-R,2022-02,JPY,2511.0,2000.0,377.23945510443303,0.008651642128825188
6929.T,JK9MJW-R,2022-03,JPY,2445.0,2000.0,330.1756330740452,0.008195310831069946
6929.T,JK9MJW-R,2022-04,JPY,2383.0,2000.0,278.09220776371654,0.00764461699873209
6929.T,JK9MJW-R,2022-05,JPY,2102.0,2000.0,255.7368774665892,0.007825706154108047
6929.T,JK9MJW-R,2022-06,JPY,2044.0,2000.0,220.3025019802619,0.00732123339548707
6929.T,JK9MJW-R,2022-07,JPY,2088.0,2000.0,232.4888114308007,0.007440641988068819
6929.T,JK9MJW-R,2022-08,JPY,2641.0,2000.0,274.6464526774362,0.007208038587123156
6929.T,JK9MJW-R,2022-09,JPY,2441.0,2000.0,233.52520632829516,0.006923721171915531
6929.T,JK9MJW-R,2022-10,JPY,2586.0,2000.0,235.41147276163102,0.006765350699424744
6929.T,JK9MJW-R,2022-11,JPY,2647.0,2000.0,273.44366643900054,0.007207467220723629
6929.T,JK9MJW-R,2022-12,JPY,2360.0,2000.0,269.13599859505894,0.007523548789322376
VITB.ST,JKHFMB-R,2019-07,SEK,130.0,5000.0,7084.356516436487,0.10455580800771713
VITB.ST,JKHFMB-R,2019-08,SEK,127.0,10000.0,13251.581592544913,0.10232723504304886
VITB.ST,JKHFMB-R,2019-09,SEK,139.0,10000.0,14451.464199672639,0.10222230851650238
VITB.ST,JKHFMB-R,2019-10,SEK,138.0,10000.0,14852.402877789735,0.1036902368068695
VITB.ST,JKHFMB-R,2019-11,SEK,153.5,10000.0,16794.365403205156,0.10472849011421204
VITB.ST,JKHFMB-R,2019-12,SEK,185.0,10000.0,21244.08822351694,0.10701276361942291
VITB.ST,JKHFMB-R,2020-01,SEK,212.0,10000.0,22814.267722450197,0.10372582823038101
VITB.ST,JKHFMB-R,2020-02,SEK,184.0,10000.0,19644.266532415153,0.1035071313381195
VITB.ST,JKHFMB-R,2020-03,SEK,179.0,10000.0,18018.43470444679,0.09973251819610596
VITB.ST,JKHFMB-R,2020-04,SEK,185.0,10000.0,19247.407396540046,0.1016179621219635
VITB.ST,JKHFMB-R,2020-05,SEK,206.5,10000.0,23041.64751224518,0.10509169101715088
VITB.ST,JKHFMB-R,2020-06,SEK,210.5,10000.0,24234.25707808435,0.10725989192724228
VITB.ST,JKHFMB-R,2020-07,SEK,268.5,10000.0,35372.1888695173,0.11519277840852737
VITB.ST,JKHFMB-R,2020-08,SEK,300.0,10000.0,40371.42877801805,0.11606718599796295
VITB.ST,JKHFMB-R,2020-09,SEK,296.5,10000.0,36950.4628562048,0.11153681576251984
VITB.ST,JKHFMB-R,2020-10,SEK,277.0,10000.0,34910.06873702333,0.1121804341673851
VITB.ST,JKHFMB-R,2020-11,SEK,304.0,10000.0,41847.09659126402,0.11769150197505951
VITB.ST,JKHFMB-R,2020-12,SEK,341.0,10000.0,50705.80638057291,0.12211845815181732
VITB.ST,JKHFMB-R,2021-01,SEK,299.5,10000.0,43088.8062224649,0.11985089629888535
VITB.ST,JKHFMB-R,2021-02,SEK,389.0,10000.0,55763.77182014212,0.1204167827963829
VITB.ST,JKHFMB-R,2021-03,SEK,375.5,10000.0,49416.20930674151,0.11470744758844376
VITB.ST,JKHFMB-R,2021-04,SEK,400.5,10000.0,56611.81597244442,0.11952443420886993
VITB.ST,JKHFMB-R,2021-05,SEK,366.5,10000.0,53190.49142328501,0.12034548819065094
VITB.ST,JKHFMB-R,2021-06,SEK,354.0,10000.0,48595.48623984306,0.11739996820688248
VITB.ST,JKHFMB-R,2021-07,SEK,427.5,10000.0,58101.01924629584,0.1169373169541359
VITB.ST,JKHFMB-R,2021-08,SEK,499.0,10000.0,66975.463655667,0.11594740301370621
VITB.ST,JKHFMB-R,2021-09,SEK,478.0,10000.0,62135.3863584444,0.11372269690036774
VITB.ST,JKHFMB-R,2021-10,SEK,507.0,20000.0,138963.43463345317,0.11770092695951462
VITB.ST,JKHFMB-R,2021-11,SEK,550.0,20000.0,133772.8324448496,0.11035894602537155
VITB.ST,JKHFMB-R,2021-12,SEK,557.0,20000.0,136005.48121548147,0.11053619533777237
VITB.ST,JKHFMB-R,2022-01,SEK,416.5,14900.0,70562.98255012583,0.10613244026899338
VITB.ST,JKHFMB-R,2022-02,SEK,401.0,14900.0,66410.38164427596,0.10490460693836212
VITB.ST,JKHFMB-R,2022-03,SEK,487.5,11900.0,67401.2598347181,0.10827655345201492
VITB.ST,JKHFMB-R,2022-04,SEK,498.4,11900.0,61276.253872408386,0.10118088126182556
VITB.ST,JKHFMB-R,2022-05,SEK,521.5,11900.0,65080.955496646566,0.10260145366191864
VITB.ST,JKHFMB-R,2022-06,SEK,443.4,11900.0,50391.282865234534,0.0978647917509079
VITB.ST,JKHFMB-R,2022-07,SEK,466.6,11900.0,53369.346287818546,0.09799271821975708
VITB.ST,JKHFMB-R,2022-08,SEK,398.6,11900.0,41811.1515275351,0.09372897446155548
VITB.ST,JKHFMB-R,2022-09,SEK,329.6,11900.0,31734.62293538317,0.0897892564535141
VITB.ST,JKHFMB-R,2022-10,SEK,405.6,11900.0,39831.16961546735,0.09119228273630142
VITB.ST,JKHFMB-R,2022-11,SEK,380.0,11900.0,40027.32598133252,0.09439260512590408
VITB.ST,JKHFMB-R,2022-12,SEK,418.2,11900.0,45695.80754296285,0.09567363560199738
4689.T,JQZ6DN-R,2019-11,JPY,377.0,60000.0,1886.1549593919888,0.009131419472396374
4689.T,JQZ6DN-R,2019-12,JPY,461.0,60000.0,2331.123325043544,0.009185013361275196
4689.T,JQZ6DN-R,2020-01,JPY,438.0,60000.0,2226.999258994125,0.009184676222503185
4689.T,JQZ6DN-R,2020-02,JPY,393.0,60000.0,1993.4925905853509,0.009119095280766487
4689.T,JQZ6DN-R,2020-03,JPY,348.0,60000.0,1790.2920335797594,0.00925625953823328
4689.T,JQZ6DN-R,2020-04,JPY,419.0,60000.0,2205.198347210884,0.009379982948303223
4689.T,JQZ6DN-R,2020-05,JPY,440.0,60000.0,2276.469456257299,0.009289967827498913
4689.T,JQZ6DN-R,2020-06,JPY,526.0,60000.0,2718.96651807949,0.009294544346630573
4689.T,JQZ6DN-R,2020-07,JPY,557.0,60000.0,3019.4816084425893,0.009552649222314358
4689.T,JQZ6DN-R,2020-08,JPY,705.0,60000.0,3779.6673086643214,0.009475529193878174
4689.T,JQZ6DN-R,2020-09,JPY,699.0,60000.0,3761.192080781422,0.009463961236178875
4689.T,JQZ6DN-R,2020-10,JPY,725.1,60000.0,3980.392701778561,0.009564435109496117
4689.T,JQZ6DN-R,2020-11,JPY,657.0,60000.0,3632.126731772907,0.009607809595763683
4689.T,JQZ6DN-R,2020-12,JPY,624.4,60000.0,3518.8274623733014,0.00969734601676464
4689.T,JQZ6DN-R,2021-01,JPY,650.4,60000.0,3574.0362343316897,0.009588555432856083
4689.T,JQZ6DN-R,2021-02,JPY,648.5,100000.0,5721.919001352042,0.009400351904332638
4689.T,JQZ6DN-R,2021-03,JPY,550.6,100000.0,4517.302140611224,0.009065772406756878
4689.T,JQZ6DN-R,2021-04,JPY,505.0,100000.0,4242.3602261208,0.00918239913880825
4689.T,JQZ6DN-R,2021-05,JPY,514.6,100000.0,4280.027651549316,0.009098601527512074
4689.T,JQZ6DN-R,2021-06,JPY,556.8,100000.0,4538.534963206389,0.009046907536685467
4689.T,JQZ6DN-R,2021-07,JPY,546.5,100000.0,4551.271221693605,0.00914001651108265
4689.T,JQZ6DN-R,2021-08,JPY,717.0,150000.0,8904.291980977636,0.009095539338886738
4689.T,JQZ6DN-R,2021-09,JPY,717.7,150000.0,8619.800619866699,0.008933676406741142
4689.T,JQZ6DN-R,2021-10,JPY,706.0,200000.0,10899.204795740545,0.008801577612757683
4689.T,JQZ6DN-R,2021-11,JPY,752.0,200000.0,11639.168449915946,0.008787036873400211
4689.T,JQZ6DN-R,2021-12,JPY,667.4,200000.0,10073.90708157979,0.008690890856087208
4689.T,JQZ6DN-R,2022-01,JPY,577.1,200000.0,8690.565917737784,0.008675886318087578
4689.T,JQZ6DN-R,2022-02,JPY,557.6,150000.0,6282.818188131787,0.008651642128825188
4689.T,JQZ6DN-R,2022-03,JPY,536.4,130000.0,4708.3437536716465,0.008195310831069946
4689.T,JQZ6DN-R,2022-04,JPY,514.6,130000.0,3903.438526188489,0.00764461699873209
4689.T,JQZ6DN-R,2022-05,JPY,426.2,99500.0,2579.6853800340928,0.007825706154108047
4689.T,JQZ6DN-R,2022-06,JPY,396.4,99500.0,2125.523101988998,0.00732123339548707
4689.T,JQZ6DN-R,2022-07,JPY,469.1,99500.0,2598.5403801740913,0.007440641988068819
4689.T,JQZ6DN-R,2022-08,JPY,415.0,99500.0,2147.0739872695294,0.007208038587123156
4689.T,JQZ6DN-R,2022-09,JPY,380.2,99500.0,1809.5536819233512,0.006923721171915531
4689.T,JQZ6DN-R,2022-10,JPY,384.6,99500.0,1741.815478628501,0.006765350699424744
4689.T,JQZ6DN-R,2022-11,JPY,373.5,99500.0,1919.5407800668152,0.007207467220723629
4689.T,JQZ6DN-R,2022-12,JPY,332.0,99500.0,1883.6099696374497,0.007523548789322376
DUST.ST,JTKY01-R,2018-04,SEK,21.4229,300.0,290.89533214648065,0.11534224450588226
DUST.ST,JTKY01-R,2018-05,SEK,23.7547,2000.0,2094.451136464477,0.11348200589418411
DUST.ST,JTKY01-R,2018-06,SEK,23.5215,2000.0,1997.6659179349242,0.11072566360235214
DUST.ST,JTKY01-R,2018-07,SEK,26.3779,10000.0,11767.522451546789,0.11424967646598816
DUST.ST,JTKY01-R,2018-08,SEK,26.2613,10000.0,10815.149689257143,0.10966932028532028
DUST.ST,JTKY01-R,2018-09,SEK,24.4542,10000.0,10657.742674840241,0.11296958476305008
DUST.ST,JTKY01-R,2018-10,SEK,21.9941,10000.0,8758.465783752503,0.10905957967042923
DUST.ST,JTKY01-R,2018-11,SEK,24.3314,11428.0,11248.964610346378,0.11032656580209732
DUST.ST,JTKY01-R,2018-12,SEK,21.9642,11428.0,10384.51343936479,0.11135733872652054
DUST.ST,JTKY01-R,2019-01,SEK,24.4213,11428.0,11397.962687370506,0.11071745306253433
DUST.ST,JTKY01-R,2019-02,SEK,26.1892,11428.0,11680.739062680055,0.10795021057128906
DUST.ST,JTKY01-R,2019-03,SEK,26.1293,6000.0,6074.833044192642,0.10769479721784592
DUST.ST,JTKY01-R,2019-04,SEK,25.5,6000.0,5647.586238419115,0.1051516979932785
DUST.ST,JTKY01-R,2019-05,SEK,24.3763,6000.0,5379.254216566086,0.1048872172832489
DUST.ST,JTKY01-R,2019-06,SEK,25.5899,9000.0,8938.21011576444,0.10789814591407776
DUST.ST,JTKY01-R,2019-07,SEK,25.0505,9000.0,8200.411350062861,0.10455580800771713
DUST.ST,JTKY01-R,2019-08,SEK,24.2415,14000.0,11817.90744707197,0.10232723504304886
DUST.ST,JTKY01-R,2019-09,SEK,23.5972,14000.0,11462.408254141807,0.10222230851650238
DUST.ST,JTKY01-R,2019-10,SEK,23.0429,14000.0,11587.031416362524,0.1036902368068695
DUST.ST,JTKY01-R,2019-11,SEK,22.8181,21000.0,17496.231656397882,0.10472849011421204
DUST.ST,JTKY01-R,2019-12,SEK,22.5185,21000.0,18122.351477933677,0.10701276361942291
DUST.ST,JTKY01-R,2020-01,SEK,22.3237,31000.0,24853.569368373603,0.10372582823038101
DUST.ST,JTKY01-R,2020-02,SEK,18.8478,31000.0,20817.572654769716,0.1035071313381195
DUST.ST,JTKY01-R,2020-03,SEK,14.0834,46000.0,21763.065634701252,0.09973251819610596
DUST.ST,JTKY01-R,2020-04,SEK,14.8625,46000.0,23737.764909921883,0.1016179621219635
DUST.ST,JTKY01-R,2020-05,SEK,16.0611,46000.0,27511.630108971596,0.10509169101715088
DUST.ST,JTKY01-R,2020-06,SEK,15.1921,46000.0,26849.94185177669,0.10725989192724228
DUST.ST,JTKY01-R,2020-07,SEK,15.9113,46000.0,32178.805451053828,0.11519277840852737
DUST.ST,JTKY01-R,2020-08,SEK,16.9001,46000.0,34913.22079046577,0.11606718599796295
DUST.ST,JTKY01-R,2020-09,SEK,16.8701,46000.0,32274.627619490027,0.11153681576251984
DUST.ST,JTKY01-R,2020-10,SEK,16.96,46000.0,32812.95423904613,0.1121804341673851
DUST.ST,JTKY01-R,2020-11,SEK,17.8889,46000.0,37802.788186333775,0.11769150197505951
DUST.ST,JTKY01-R,2020-12,SEK,19.1774,46000.0,43921.429955028,0.12211845815181732
DUST.ST,JTKY01-R,2021-01,SEK,23.792,46000.0,52546.74142615646,0.11985089629888535
DUST.ST,JTKY01-R,2021-02,SEK,25.0505,46000.0,55127.28001464397,0.1204167827963829
DUST.ST,JTKY01-R,2021-03,SEK,26.7285,46000.0,53998.55389374942,0.11470744758844376
DUST.ST,JTKY01-R,2021-04,SEK,31.6727,46000.0,68728.58397597045,0.11952443420886993
DUST.ST,JTKY01-R,2021-05,SEK,31.8825,29800.0,46016.97751791877,0.12034548819065094
LN,JV8XYP-R,2018-07,USD,43.52,1000.0,43520.0,1.0
LN,JV8XYP-R,2018-08,USD,45.61,1500.0,68415.0,1.0
LN,JV8XYP-R,2018-09,USD,42.13,1500.0,63195.00000000001,1.0
LN,JV8XYP-R,2018-10,USD,31.79,1500.0,47685.0,1.0
LN,JV8XYP-R,2018-11,USD,35.22,1500.0,52830.0,1.0
LN,JV8XYP-R,2018-12,USD,34.11,1500.0,51165.0,1.0
LN,JV8XYP-R,2019-01,USD,36.09,1500.0,54135.00000000001,1.0
LN,JV8XYP-R,2019-02,USD,36.53,2500.0,91325.0,1.0
LN,JV8XYP-R,2019-03,USD,35.21,2500.0,88025.0,1.0
LN,JV8XYP-R,2019-04,USD,33.46,2500.0,83650.0,1.0
LN,JV8XYP-R,2019-05,USD,29.1,2500.0,72750.0,1.0
LN,JV8XYP-R,2019-06,USD,28.14,2500.0,70350.0,1.0
LN,JV8XYP-R,2019-07,USD,31.81,2500.0,79525.0,1.0
LN,JV8XYP-R,2019-08,USD,35.33,4000.0,141320.0,1.0
LN,JV8XYP-R,2019-09,USD,35.94,4000.0,143760.0,1.0
LN,JV8XYP-R,2019-10,USD,36.73,4000.0,146920.0,1.0
LN,JV8XYP-R,2019-11,USD,46.9,4000.0,187600.0,1.0
LN,JV8XYP-R,2019-12,USD,49.01,4000.0,196040.0,1.0
2678.T,JZY038-R,2018-04,JPY,1722.5,100.0,28.947259436801076,0.009166071191430092
2678.T,JZY038-R,2018-05,JPY,1590.0,600.0,161.54411183593422,0.00919861625880003
2678.T,JZY038-R,2018-06,JPY,1795.0,600.0,176.00941542792322,0.009050920605659485
2678.T,JZY038-R,2018-07,JPY,1665.0,3000.0,804.0455677521229,0.009009495377540588
2678.T,JZY038-R,2018-08,JPY,1605.0,3000.0,782.4100286802371,0.00900909025222063
2678.T,JZY038-R,2018-09,JPY,1705.0,3000.0,794.5226570292749,0.00882168672978878
2678.T,JZY038-R,2018-10,JPY,1555.0,3000.0,731.2782320374903,0.008845486678183079
2678.T,JZY038-R,2018-11,JPY,1482.5,3000.0,690.7226518515498,0.008817486464977264
2678.T,JZY038-R,2018-12,JPY,1172.0,3000.0,577.2148989729211,0.009063717909157276
2678.T,JZY038-R,2019-01,JPY,1096.5,3000.0,554.7028470776975,0.009175911545753479
2678.T,JZY038-R,2019-02,JPY,1278.5,3000.0,621.5787154611758,0.009020223282277584
2678.T,JZY038-R,2019-03,JPY,1381.0,3000.0,676.6371086955071,0.009038567543029785
2678.T,JZY038-R,2019-04,JPY,1495.0,3000.0,720.0118419256434,0.008954395540058613
2678.T,JZY038-R,2019-05,JPY,1348.0,3000.0,681.1843791599572,0.009144362062215805
2678.T,JZY038-R,2019-06,JPY,1151.5,3000.0,595.1589493634273,0.009281001053750515
2678.T,JZY038-R,2019-07,JPY,1363.0,3000.0,693.8082915267628,0.009211326949298382
2678.T,JZY038-R,2019-08,JPY,1449.5,3000.0,769.7917537023312,0.00939514022320509
2678.T,JZY038-R,2019-09,JPY,1459.5,3000.0,750.6397958441823,0.009264063090085983
2678.T,JZY038-R,2019-10,JPY,1493.0,3000.0,761.6934254567698,0.009192105382680893
2678.T,JZY038-R,2019-11,JPY,1470.0,3000.0,735.4498205300979,0.009131419472396374
2678.T,JZY038-R,2019-12,JPY,1650.0,3000.0,834.3500807141885,0.009185013361275196
2678.T,JZY038-R,2020-01,JPY,1795.0,3000.0,912.6627231841721,0.009184676222503185
2678.T,JZY038-R,2020-02,JPY,1520.0,3000.0,771.0207826621457,0.009119095280766487
2678.T,JZY038-R,2020-03,JPY,1600.0,3000.0,823.1215803213604,0.00925625953823328
2678.T,JZY038-R,2020-04,JPY,1530.0,3000.0,805.2389875710011,0.009379982948303223
ORP.PA,K01WHX-R,2019-01,EUR,5537.0,500.0,57141.82126947641,1.1487650871276855
ORP.PA,K01WHX-R,2019-02,EUR,6619.49,500.0,67158.06116656661,1.1380189657211304
ORP.PA,K01WHX-R,2019-03,EUR,6833.44,500.0,67461.53419575989,1.1230024099349976
ORP.PA,K01WHX-R,2019-04,EUR,6942.01,500.0,68128.99033098698,1.1185182332992554
ORP.PA,K01WHX-R,2019-05,EUR,6507.73,500.0,63198.35130789339,1.1131147146224976
ORP.PA,K01WHX-R,2019-06,EUR,6775.96,1000.0,137415.47913601398,1.1372941732406616
ORP.PA,K01WHX-R,2019-07,EUR,7235.78,1000.0,140755.85595049142,1.1157974004745483
ORP.PA,K01WHX-R,2019-08,EUR,7331.58,1500.0,209773.53163242457,1.1061947345733643
ORP.PA,K01WHX-R,2019-09,EUR,7159.15,1500.0,200598.6964180255,1.0942714214324951
ORP.PA,K01WHX-R,2019-10,EUR,6890.92,1500.0,201414.32496469974,1.1154489517211914
ORP.PA,K01WHX-R,2019-11,EUR,7171.92,1500.0,204524.7319930762,1.101176142692566
ORP.PA,K01WHX-R,2019-12,EUR,7299.64,1500.0,215591.1504228115,1.120229721069336
ORP.PA,K01WHX-R,2020-01,EUR,7510.4,1500.0,215604.53781741144,1.1029127836227417
ORP.PA,K01WHX-R,2020-02,EUR,7440.15,1500.0,211096.36175893305,1.0997228622436523
ORP.PA,K01WHX-R,2020-03,EUR,6083.04,2250.0,259386.28275538623,1.1030466556549072
ORP.PA,K01WHX-R,2020-04,EUR,6482.19,1000.0,120925.60185218453,1.087725043296814
ORP.PA,K01WHX-R,2020-05,EUR,6744.03,1000.0,130139.77786783219,1.1079105138778687
ORP.PA,K01WHX-R,2020-06,EUR,6571.6,2000.0,259972.64448194028,1.1247202157974243
ORP.PA,K01WHX-R,2020-07,EUR,6910.07,2000.0,303802.6611487412,1.1872254610061646
ORP.PA,K01WHX-R,2020-08,EUR,6427.9,2000.0,286925.3540821552,1.1918240785598755
ORP.PA,K01WHX-R,2020-09,EUR,6198.63,2000.0,267289.9350787163,1.1742050647735596
ORP.PA,K01WHX-R,2020-10,EUR,5475.69,2000.0,233280.1710205078,1.1678695678710938
ORP.PA,K01WHX-R,2020-11,EUR,6692.94,2000.0,300152.6736365891,1.1971460580825806
ORP.PA,K01WHX-R,2021-09,EUR,6431.1,4000.0,541591.824258585,1.1601601839065552
ORP.PA,K01WHX-R,2021-10,EUR,5760.53,9000.0,1097623.065538591,1.1683608293533325
ORP.PA,K01WHX-R,2021-11,EUR,5326.25,9000.0,954154.7057335281,1.1293437480926514
ORP.PA,K01WHX-R,2021-12,EUR,5626.41,12000.0,1361549.0381999589,1.132502794265747
ORP.PA,K01WHX-R,2022-01,EUR,2477.92,22000.0,1067154.6798734665,1.1152374744415283
ORP.PA,K01WHX-R,2022-02,EUR,2365.52,22000.0,1023371.9850342846,1.118105411529541
ORP.PA,K01WHX-R,2022-03,EUR,2514.96,17600.0,860761.0118587037,1.1161835193634033
ORP.PA,K01WHX-R,2022-04,EUR,2176.48,17600.0,664671.7628042412,1.0504201650619507
DMP.DE,K4VMR1-R,2021-02,EUR,58.88,8000.0,695269.9944362642,1.2160420417785645
DMP.DE,K4VMR1-R,2021-03,EUR,61.01,8000.0,672513.3004032135,1.1723604202270508
DMP.DE,K4VMR1-R,2021-04,EUR,72.7,8000.0,849054.0841174126,1.2127091884613037
DMP.DE,K4VMR1-R,2021-05,EUR,69.35,8000.0,826884.1859272956,1.2190067768096924
DMP.DE,K4VMR1-R,2021-06,EUR,67.25,8000.0,759359.9666391182,1.1901928186416626
DMP.DE,K4VMR1-R,2021-07,EUR,67.45,8000.0,760982.5485587023,1.1892997026443481
DMP.DE,K4VMR1-R,2021-08,EUR,78.6,8000.0,875645.1721276855,1.1796904802322388
DMP.DE,K4VMR1-R,2021-09,EUR,83.4,8000.0,897095.5328364086,1.1601601839065552
DMP.DE,K4VMR1-R,2021-10,EUR,87.0,13000.0,1529208.779408902,1.1683608293533325
DMP.DE,K4VMR1-R,2021-11,EUR,81.2,13000.0,1341867.302389033,1.1293437480926514
DMP.DE,K4VMR1-R,2021-12,EUR,89.3,13000.0,1489712.2050216484,1.132502794265747
DMP.DE,K4VMR1-R,2022-01,EUR,71.55,4121.0,368625.36829724064,1.1152374744415283
DMP.DE,K4VMR1-R,2022-02,EUR,65.2,4121.0,337434.94347961486,1.118105411529541
ETO.L,KDMMVP-R,2018-05,GBP,3.002,4000.0,21225.062800030708,1.328356385231018
ETO.L,KDMMVP-R,2018-06,GBP,3.678,4000.0,25104.2724609375,1.3075141906738281
ETO.L,KDMMVP-R,2018-07,GBP,3.584,20000.0,123507.41963419916,1.3135426044464111
ETO.L,KDMMVP-R,2018-08,GBP,3.658,20000.0,123721.40828075407,1.301100730895996
ETO.L,KDMMVP-R,2018-09,GBP,4.132,20000.0,140945.07897505758,1.3078734874725342
ETO.L,KDMMVP-R,2018-10,GBP,4.09,20000.0,132833.4599161148,1.2708903551101685
ETO.L,KDMMVP-R,2018-11,GBP,3.678,20000.0,119988.75642604828,1.2784454822540283
ETO.L,KDMMVP-R,2018-12,GBP,3.566,20000.0,115299.82013473513,1.269357681274414
ETO.L,KDMMVP-R,2019-01,GBP,3.942,20000.0,136038.09935331345,1.3117163181304932
ETO.L,KDMMVP-R,2019-02,GBP,4.204,20000.0,148944.26452937126,1.3318239450454712
ETO.L,KDMMVP-R,2019-03,GBP,4.468,20000.0,152031.07144463062,1.30565345287323
ETO.L,KDMMVP-R,2019-04,GBP,4.766,20000.0,160703.5248098373,1.2932428121566772
ETO.L,KDMMVP-R,2019-05,GBP,4.37,20000.0,138907.2463670969,1.2609704732894897
ETO.L,KDMMVP-R,2019-06,GBP,3.97,20000.0,128109.0260026455,1.267748475074768
ETO.L,KDMMVP-R,2019-07,GBP,4.41,30000.0,197011.40091218948,1.2161602973937988
ETO.L,KDMMVP-R,2019-08,GBP,5.85,10000.0,86821.76013371944,1.218650221824646
ETO.L,KDMMVP-R,2019-09,GBP,5.66,10000.0,85742.62785186767,1.2293167114257812
ETO.L,KDMMVP-R,2019-10,GBP,5.565,10000.0,92906.76362149716,1.290172815322876
ETO.L,KDMMVP-R,2019-11,GBP,5.56,10000.0,92867.69505455495,1.29128897190094
6951.T,KGPLVQ-R,2018-05,JPY,2270.0,2000.0,192.19349647114055,0.00919861625880003
6951.T,KGPLVQ-R,2018-06,JPY,2282.0,2000.0,186.46869548350574,0.009050920605659485
6951.T,KGPLVQ-R,2018-07,JPY,2222.0,10000.0,894.1888124227524,0.009009495377540588
6951.T,KGPLVQ-R,2018-08,JPY,2310.0,10000.0,938.4048588518053,0.00900909025222063
6951.T,KGPLVQ-R,2018-09,JPY,2466.0,10000.0,1915.2420013261956,0.00882168672978878
6951.T,KGPLVQ-R,2018-10,JPY,1856.0,10000.0,1454.7181245099753,0.008845486678183079
6951.T,KGPLVQ-R,2018-11,JPY,1987.0,10000.0,1542.9631390199065,0.008817486464977264
6951.T,KGPLVQ-R,2018-12,JPY,1657.0,10000.0,1360.132326089032,0.009063717909157276
6951.T,KGPLVQ-R,2019-01,JPY,1973.0,10000.0,1663.5184383615854,0.009175911545753479
6951.T,KGPLVQ-R,2019-02,JPY,1826.0,10000.0,1479.6016573492439,0.009020223282277584
6951.T,KGPLVQ-R,2019-03,JPY,1992.0,10000.0,1626.672808432579,0.009038567543029785
6951.T,KGPLVQ-R,2019-04,JPY,2245.0,10000.0,1802.0362848546356,0.008954395540058613
6951.T,KGPLVQ-R,2019-05,JPY,2315.0,10000.0,1949.7307025108487,0.009144362062215805
6951.T,KGPLVQ-R,2019-06,JPY,2408.0,10000.0,2074.313016514294,0.009281001053750515
6951.T,KGPLVQ-R,2019-07,JPY,2459.0,10000.0,2086.1758006809278,0.009211326949298382
6951.T,KGPLVQ-R,2019-08,JPY,2338.0,10000.0,2069.417742722202,0.00939514022320509
6951.T,KGPLVQ-R,2019-09,JPY,2563.0,10000.0,2196.9734882202,0.009264063090085983
6951.T,KGPLVQ-R,2019-10,JPY,2899.0,10000.0,2465.0027783676983,0.009192105382680893
6951.T,KGPLVQ-R,2019-11,JPY,3025.0,10000.0,2522.3765665697865,0.009131419472396374
6951.T,KGPLVQ-R,2019-12,JPY,3325.0,10000.0,2802.236437863391,0.009185013361275196
6951.T,KGPLVQ-R,2020-01,JPY,3590.0,10000.0,3042.209077280574,0.009184676222503185
6951.T,KGPLVQ-R,2020-02,JPY,2841.0,10000.0,2401.831086705625,0.009119095280766487
6951.T,KGPLVQ-R,2020-03,JPY,2637.0,10000.0,2261.011707388982,0.00925625953823328
6951.T,KGPLVQ-R,2020-04,JPY,3215.0,10000.0,2820.090935409069,0.009379982948303223
6951.T,KGPLVQ-R,2020-05,JPY,3220.0,10000.0,2776.5995192346163,0.009289967827498913
6951.T,KGPLVQ-R,2020-06,JPY,2987.0,10000.0,2573.370269252825,0.009294544346630573
6951.T,KGPLVQ-R,2020-07,JPY,2920.0,10000.0,2638.2048095025125,0.009552649222314358
6951.T,KGPLVQ-R,2020-08,JPY,3110.0,10000.0,2778.9045550882815,0.009475529193878174
6951.T,KGPLVQ-R,2020-09,JPY,3615.0,10000.0,3241.942383597232,0.009463961236178875
6951.T,KGPLVQ-R,2020-10,JPY,3310.0,10000.0,3028.34117943123,0.009564435109496117
6951.T,KGPLVQ-R,2020-11,JPY,4095.0,10000.0,3773.0982788477095,0.009607809595763683
6951.T,KGPLVQ-R,2020-12,JPY,4865.0,10000.0,4569.4796284174545,0.00969734601676464
6951.T,KGPLVQ-R,2021-01,JPY,4270.0,10000.0,3910.705757267959,0.009588555432856083
6951.T,KGPLVQ-R,2021-02,JPY,3980.0,10000.0,3511.676300408877,0.009400351904332638
6951.T,KGPLVQ-R,2021-03,JPY,4390.0,15000.0,5402.544445793471,0.009065772406756878
6951.T,KGPLVQ-R,2021-04,JPY,6150.0,15000.0,7749.65746406112,0.00918239913880825
6951.T,KGPLVQ-R,2021-05,JPY,5620.0,15000.0,7011.399624443707,0.009098601527512074
6951.T,KGPLVQ-R,2021-06,JPY,6500.0,15000.0,7947.323325062497,0.009046907536685467
6951.T,KGPLVQ-R,2021-07,JPY,7090.0,15000.0,8856.86382657839,0.00914001651108265
6951.T,KGPLVQ-R,2021-08,JPY,8130.0,20000.0,13461.994888933004,0.009095539338886738
6951.T,KGPLVQ-R,2021-09,JPY,8210.0,20000.0,13147.29669930376,0.008933676406741142
6951.T,KGPLVQ-R,2021-10,JPY,8600.0,20000.0,13276.662296081335,0.008801577612757683
6951.T,KGPLVQ-R,2021-11,JPY,9470.0,20000.0,14657.315271488204,0.008787036873400211
6951.T,KGPLVQ-R,2021-12,JPY,9190.0,20000.0,13871.614327953012,0.008690890856087208
6951.T,KGPLVQ-R,2022-01,JPY,6150.0,20000.0,9261.305628818645,0.008675886318087578
6951.T,KGPLVQ-R,2022-02,JPY,6590.0,20000.0,9900.468602895737,0.008651642128825188
6951.T,KGPLVQ-R,2022-03,JPY,6870.0,20000.0,9277.327885723114,0.008195310831069946
6951.T,KGPLVQ-R,2022-04,JPY,5950.0,20000.0,6943.552107629366,0.00764461699873209
6951.T,KGPLVQ-R,2022-05,JPY,6300.0,14950.0,5729.4428627096,0.007825706154108047
6951.T,KGPLVQ-R,2022-06,JPY,5230.0,14950.0,4213.582892618934,0.00732123339548707
6951.T,KGPLVQ-R,2022-07,JPY,5990.0,14950.0,4985.508947742685,0.007440641988068819
6951.T,KGPLVQ-R,2022-08,JPY,5660.0,14950.0,4399.802762633676,0.007208038587123156
6951.T,KGPLVQ-R,2022-09,JPY,4755.0,14950.0,3400.382483912244,0.006923721171915531
6951.T,KGPLVQ-R,2022-10,JPY,5460.0,14950.0,3715.3782890184216,0.006765350699424744
6951.T,KGPLVQ-R,2022-11,JPY,4560.0,14950.0,3521.1941281981212,0.007207467220723629
6951.T,KGPLVQ-R,2022-12,JPY,3590.0,14950.0,3060.3105640121184,0.007523548789322376
6544.T,KGQVSF-R,2020-03,JPY,620.5,7000.0,1489.6785289336556,0.00925625953823328
6544.T,KGQVSF-R,2020-04,JPY,690.25,7000.0,1695.3000353455543,0.009379982948303223
6544.T,KGQVSF-R,2020-05,JPY,831.25,7000.0,2006.9989825724904,0.009289967827498913
6544.T,KGQVSF-R,2020-06,JPY,867.5,7000.0,2092.640263137929,0.009294544346630573
6544.T,KGQVSF-R,2020-07,JPY,876.25,7000.0,2216.7243489394336,0.009552649222314358
6544.T,KGQVSF-R,2020-08,JPY,917.5,7000.0,2295.5004839569333,0.009475529193878174
6544.T,KGQVSF-R,2020-09,JPY,913.75,7000.0,2294.4702075867917,0.009463961236178875
6544.T,KGQVSF-R,2020-10,JPY,1002.5,7000.0,2568.143028054163,0.009564435109496117
6544.T,KGQVSF-R,2020-11,JPY,1216.25,7000.0,3137.7987790727243,0.009607809595763683
6544.T,KGQVSF-R,2020-12,JPY,1312.0,7000.0,1725.224671096485,0.00969734601676464
6544.T,KGQVSF-R,2021-01,JPY,1236.0,7000.0,1584.7972090268881,0.009588555432856083
6544.T,KGQVSF-R,2021-02,JPY,1058.5,14000.0,2615.0517470627838,0.009400351904332638
6544.T,KGQVSF-R,2021-03,JPY,1190.0,14000.0,2733.6788689285145,0.009065772406756878
6544.T,KGQVSF-R,2021-04,JPY,1098.0,14000.0,2582.714857326336,0.00918239913880825
6544.T,KGQVSF-R,2021-05,JPY,1148.0,14000.0,2673.480664899349,0.009098601527512074
6544.T,KGQVSF-R,2021-06,JPY,1291.0,14000.0,2946.460536776781,0.009046907536685467
6544.T,KGQVSF-R,2021-07,JPY,1258.0,14000.0,2933.46654599268,0.00914001651108265
6544.T,KGQVSF-R,2021-08,JPY,1450.5,24000.0,5764.317702384443,0.009095539338886738
6544.T,KGQVSF-R,2021-09,JPY,1288.0,24000.0,4950.17368188098,0.008933676406741142
6544.T,KGQVSF-R,2021-10,JPY,1233.0,34000.0,6471.910566475541,0.008801577612757683
6544.T,KGQVSF-R,2021-11,JPY,1062.5,34000.0,5591.294370875974,0.008787036873400211
6544.T,KGQVSF-R,2021-12,JPY,1074.0,34000.0,5511.815821546913,0.008690890856087208
6544.T,KGQVSF-R,2022-01,JPY,815.5,34000.0,4175.4172600938755,0.008675886318087578
6544.T,KGQVSF-R,2022-02,JPY,746.0,34000.0,3810.5534838177264,0.008651642128825188
6544.T,KGQVSF-R,2022-03,JPY,799.5,24000.0,2591.1704316973687,0.008195310831069946
6857.T,KL74SJ-R,2018-05,JPY,639.25,800.0,173.1942697110996,0.00919861625880003
6857.T,KL74SJ-R,2018-06,JPY,577.0,800.0,150.87457446181773,0.009050920605659485
6857.T,KL74SJ-R,2018-07,JPY,661.0,4000.0,851.2099156737329,0.009009495377540588
6857.T,KL74SJ-R,2018-08,JPY,666.0,4000.0,865.7696092386916,0.00900909025222063
6857.T,KL74SJ-R,2018-09,JPY,598.25,4000.0,743.4183611530066,0.00882168672978878
6857.T,KL74SJ-R,2018-10,JPY,520.25,4000.0,652.4285907846316,0.008845486678183079
6857.T,KL74SJ-R,2018-11,JPY,609.0,4000.0,756.649675527215,0.008817486464977264
6857.T,KL74SJ-R,2018-12,JPY,561.0,4000.0,736.7863658969477,0.009063717909157276
6857.T,KL74SJ-R,2019-01,JPY,618.25,4000.0,834.0356710761786,0.009175911545753479
6857.T,KL74SJ-R,2019-02,JPY,657.25,4000.0,852.1080206729471,0.009020223282277584
6857.T,KL74SJ-R,2019-03,JPY,643.25,4000.0,840.4475875616074,0.009038567543029785
6857.T,KL74SJ-R,2019-04,JPY,785.0,4000.0,1008.1771847343072,0.008954395540058613
6857.T,KL74SJ-R,2019-05,JPY,637.75,4000.0,859.3973882925511,0.009144362062215805
6857.T,KL74SJ-R,2019-06,JPY,741.25,4000.0,1021.6511110366882,0.009281001053750515
6857.T,KL74SJ-R,2019-07,JPY,1067.5,4000.0,1449.039369190298,0.009211326949298382
6857.T,KL74SJ-R,2019-08,JPY,1091.25,4000.0,1545.4250297898425,0.00939514022320509
6857.T,KL74SJ-R,2019-09,JPY,1193.75,4000.0,1637.2297175353765,0.009264063090085983
6857.T,KL74SJ-R,2019-10,JPY,1236.25,4000.0,1681.88209565863,0.009192105382680893
6857.T,KL74SJ-R,2019-11,JPY,1337.5,4000.0,1784.4251023610311,0.009131419472396374
6857.T,KL74SJ-R,2019-12,JPY,1540.0,4000.0,2076.604400399402,0.009185013361275196
6857.T,KL74SJ-R,2020-01,JPY,1467.5,4000.0,1989.7238030101732,0.009184676222503185
6857.T,KL74SJ-R,2020-02,JPY,1228.75,4000.0,1662.09080705747,0.009119095280766487
6857.T,KL74SJ-R,2020-03,JPY,1085.0,4000.0,1488.4783623219282,0.00925625953823328
6857.T,KL74SJ-R,2020-04,JPY,1317.5,4000.0,1849.0674090147018,0.009379982948303223
6857.T,KL74SJ-R,2020-05,JPY,1330.0,4000.0,1834.9700524335353,0.009289967827498913
6857.T,KL74SJ-R,2020-06,JPY,1530.0,4000.0,2109.009071077667,0.009294544346630573
6857.T,KL74SJ-R,2020-07,JPY,1425.0,4000.0,2059.9680499430374,0.009552649222314358
6857.T,KL74SJ-R,2020-08,JPY,1267.5,4000.0,1812.0960338044167,0.009475529193878174
6857.T,KL74SJ-R,2020-09,JPY,1272.5,4000.0,1825.8907481403276,0.009463961236178875
6857.T,KL74SJ-R,2020-10,JPY,1507.5,4000.0,2206.7550557933,0.009564435109496117
6857.T,KL74SJ-R,2020-11,JPY,1815.0,4000.0,2675.7207843740657,0.009607809595763683
6857.T,KL74SJ-R,2020-12,JPY,1932.5,4000.0,2904.178640323505,0.00969734601676464
6857.T,KL74SJ-R,2021-01,JPY,2072.5,4000.0,3036.9789432841167,0.009588555432856083
6857.T,KL74SJ-R,2021-02,JPY,2187.5,7900.0,6099.111524440779,0.009400351904332638
6857.T,KL74SJ-R,2021-03,JPY,2420.0,7900.0,6274.006767851674,0.009065772406756878
6857.T,KL74SJ-R,2021-04,JPY,2595.0,7900.0,6888.752239207832,0.00918239913880825
6857.T,KL74SJ-R,2021-05,JPY,2472.5,4900.0,4030.598743950327,0.009098601527512074
6857.T,KL74SJ-R,2021-06,JPY,2502.5,4900.0,3998.0339771536337,0.009046907536685467
6857.T,KL74SJ-R,2021-07,JPY,2402.5,4900.0,3921.587479234531,0.00914001651108265
6857.T,KL74SJ-R,2021-08,JPY,2380.0,4900.0,3862.085391340671,0.009095539338886738
6857.T,KL74SJ-R,2021-09,JPY,2507.5,4900.0,3935.1413486071133,0.008933676406741142
6857.T,KL74SJ-R,2021-10,JPY,2332.5,9900.0,7129.798778903157,0.008801577612757683
6857.T,KL74SJ-R,2021-11,JPY,2497.5,9900.0,7653.765047967559,0.008787036873400211
6857.T,KL74SJ-R,2021-12,JPY,2725.0,9900.0,8144.101693625637,0.008690890856087208
6857.T,KL74SJ-R,2022-01,JPY,2392.5,7900.0,5692.540792030024,0.008675886318087578
6857.T,KL74SJ-R,2022-02,JPY,2267.5,7900.0,5382.384405442709,0.008651642128825188
6857.T,KL74SJ-R,2022-03,JPY,2417.5,7900.0,5158.099756800056,0.008195310831069946
6857.T,KL74SJ-R,2022-04,JPY,2247.5,7900.0,4144.016840077517,0.00764461699873209
UCB.BR,KNHDSG-R,2018-04,EUR,62.76,40.0,3676.9327029702663,1.2122827768325806
UCB.BR,KNHDSG-R,2018-05,EUR,67.5,250.0,22982.368588663638,1.1667250394821167
UCB.BR,KNHDSG-R,2018-06,EUR,67.34,250.0,22727.822184276283,1.1562966108322144
UCB.BR,KNHDSG-R,2018-07,EUR,73.46,1250.0,125784.20590710937,1.1707408428192139
UCB.BR,KNHDSG-R,2018-08,EUR,78.76,1250.0,133614.72585507334,1.1664663553237915
UCB.BR,KNHDSG-R,2018-09,EUR,77.4,1250.0,130775.1912048608,1.1637378931045532
UCB.BR,KNHDSG-R,2018-10,EUR,74.18,1250.0,119207.17797350138,1.1346358060836792
UCB.BR,KNHDSG-R,2018-11,EUR,74.24,1250.0,119706.98482942581,1.1392766237258911
UCB.BR,KNHDSG-R,2018-12,EUR,71.3,1250.0,116553.8847513795,1.1439945697784424
UCB.BR,KNHDSG-R,2019-01,EUR,75.64,1250.0,124631.118214041,1.1487650871276855
UCB.BR,KNHDSG-R,2019-02,EUR,73.68,1250.0,119348.91396625341,1.1380189657211304
UCB.BR,KNHDSG-R,2019-03,EUR,76.56,1250.0,120674.17517625242,1.1230024099349976
UCB.BR,KNHDSG-R,2019-04,EUR,70.72,1250.0,110811.46155817807,1.1185182332992554
UCB.BR,KNHDSG-R,2019-05,EUR,68.48,1250.0,106178.18990249484,1.1131147146224976
UCB.BR,KNHDSG-R,2019-06,EUR,72.92,1250.0,118052.9832854122,1.1372941732406616
UCB.BR,KNHDSG-R,2019-07,EUR,70.62,1250.0,109666.57987713367,1.1157974004745483
UCB.BR,KNHDSG-R,2019-08,EUR,67.94,1250.0,103455.38301551639,1.1061947345733643
UCB.BR,KNHDSG-R,2019-09,EUR,66.6,1250.0,99315.14407850505,1.0942714214324951
UCB.BR,KNHDSG-R,2019-10,EUR,72.26,1250.0,112405.00391567947,1.1154489517211914
UCB.BR,KNHDSG-R,2019-11,EUR,73.56,2000.0,178626.75942232608,1.101176142692566
UCB.BR,KNHDSG-R,2019-12,EUR,70.9,2000.0,178307.52481746674,1.120229721069336
UCB.BR,KNHDSG-R,2020-01,EUR,83.08,2000.0,203088.72766537187,1.1029127836227417
UCB.BR,KNHDSG-R,2020-02,EUR,83.56,2000.0,201879.3810017395,1.0997228622436523
UCB.BR,KNHDSG-R,2020-03,EUR,79.0,2000.0,191230.23498094082,1.1030466556549072
UCB.BR,KNHDSG-R,2020-04,EUR,83.54,2000.0,199056.64153543473,1.087725043296814
UCB.BR,KNHDSG-R,2020-05,EUR,90.0,2000.0,221829.1668201685,1.1079105138778687
UCB.BR,KNHDSG-R,2020-06,EUR,103.1,2000.0,260477.9362860894,1.1247202157974243
UCB.BR,KNHDSG-R,2020-07,EUR,108.85,2000.0,305627.7353609276,1.1872254610061646
UCB.BR,KNHDSG-R,2020-08,EUR,99.52,2000.0,283704.0204531789,1.1918240785598755
UCB.BR,KNHDSG-R,2020-09,EUR,97.0,2000.0,267124.72442610265,1.1742050647735596
UCB.BR,KNHDSG-R,2020-10,EUR,84.7,2000.0,230450.5632019043,1.1678695678710938
UCB.BR,KNHDSG-R,2020-11,EUR,89.56,2000.0,256504.5128726077,1.1971460580825806
UCB.BR,KNHDSG-R,2020-12,EUR,84.48,2000.0,254277.01449263332,1.2299896478652954
UCB.BR,KNHDSG-R,2021-01,EUR,85.52,2000.0,251850.12848567963,1.2120037078857422
UCB.BR,KNHDSG-R,2021-02,EUR,82.44,3000.0,365052.18497622013,1.2160420417785645
NTDOY,KRR3VZ-R,2018-04,USD,10.496,60.0,3164.52,1.0
NTDOY,KRR3VZ-R,2018-05,USD,10.208,220.0,11390.28,1.0
NTDOY,KRR3VZ-R,2018-06,USD,8.158,500.0,20426.0,1.0
NTDOY,KRR3VZ-R,2018-07,USD,8.534,2500.0,102622.5,1.0
NTDOY,KRR3VZ-R,2018-08,USD,8.99,2500.0,113180.0,1.0
NTDOY,KRR3VZ-R,2018-09,USD,9.093,2500.0,114067.5,1.0
NTDOY,KRR3VZ-R,2018-10,USD,7.826,2500.0,97360.0,1.0
NTDOY,KRR3VZ-R,2018-11,USD,7.574,2500.0,95250.0,1.0
NTDOY,KRR3VZ-R,2018-12,USD,6.62,2500.0,83412.5,1.0
NTDOY,KRR3VZ-R,2019-01,USD,7.448,2500.0,97142.5,1.0
NTDOY,KRR3VZ-R,2019-02,USD,6.85,2500.0,85452.5,1.0
NTDOY,KRR3VZ-R,2019-03,USD,7.174,2500.0,89105.00000000001,1.0
NTDOY,KRR3VZ-R,2019-04,USD,8.616,2500.0,106622.5,1.0
NTDOY,KRR3VZ-R,2019-05,USD,8.827,2500.0,111387.5,1.0
NTDOY,KRR3VZ-R,2019-06,USD,9.154,2500.0,114540.0,1.0
NTDOY,KRR3VZ-R,2019-07,USD,9.238,2500.0,115414.99999999999,1.0
NTDOY,KRR3VZ-R,2019-08,USD,9.45,2500.0,118617.5,1.0
NTDOY,KRR3VZ-R,2019-09,USD,9.326,2500.0,115717.5,1.0
NTDOY,KRR3VZ-R,2019-10,USD,9.304,2500.0,111640.0,1.0
DIA.MI,KXDF6J-R,2020-04,EUR,155.3,2000.0,370044.2555200839,1.087725043296814
DIA.MI,KXDF6J-R,2020-05,EUR,188.5,2000.0,464608.87714134686,1.1079105138778687
DIA.MI,KXDF6J-R,2020-06,EUR,170.4,2000.0,430508.61713507655,1.1247202157974243
DIA.MI,KXDF6J-R,2020-07,EUR,166.0,2000.0,466092.819991901,1.1872254610061646
DIA.MI,KXDF6J-R,2020-08,EUR,151.5,1000.0,215942.33806406258,1.1918240785598755
DIA.MI,KXDF6J-R,2020-09,EUR,171.9,1000.0,236694.51913355826,1.1742050647735596
DIA.MI,KXDF6J-R,2020-10,EUR,188.5,990.0,253869.72049467085,1.1678695678710938
DIA.MI,KXDF6J-R,2020-11,EUR,176.6,990.0,250366.86558542636,1.1971460580825806
DIA.MI,KXDF6J-R,2020-12,EUR,170.1,990.0,254779.06539415175,1.2299896478652954
DIA.MI,KXDF6J-R,2021-01,EUR,180.6,990.0,263267.6161012259,1.2120037078857422
DIA.MI,KXDF6J-R,2021-02,EUR,162.4,990.0,237310.46947242026,1.2160420417785645
DIA.MI,KXDF6J-R,2021-03,EUR,136.8,990.0,186608.3943427528,1.1723604202270508
DIA.MI,KXDF6J-R,2021-04,EUR,141.25,990.0,204143.06580426564,1.2127091884613037
DIA.MI,KXDF6J-R,2021-05,EUR,144.65,990.0,213433.1500074402,1.2190067768096924
DIA.MI,KXDF6J-R,2021-06,EUR,159.5,990.0,222874.95913504474,1.1901928186416626
DIA.MI,KXDF6J-R,2021-07,EUR,171.15,990.0,238954.3023609409,1.1892997026443481
DIA.MI,KXDF6J-R,2021-08,EUR,193.25,990.0,266422.15981954464,1.1796904802322388
DIA.MI,KXDF6J-R,2021-09,EUR,181.35,990.0,241398.97763559807,1.1601601839065552
DIA.MI,KXDF6J-R,2021-10,EUR,195.35,990.0,261488.63135232357,1.1683608293533325
DIA.MI,KXDF6J-R,2021-11,EUR,188.75,990.0,237537.6036611321,1.1293437480926514
DIA.MI,KXDF6J-R,2021-12,EUR,167.45,990.0,212729.57855550383,1.132502794265747
DIA.MI,KXDF6J-R,2022-01,EUR,136.9,990.0,169438.29837565648,1.1152374744415283
DIA.MI,KXDF6J-R,2022-02,EUR,133.65,990.0,166166.69155255894,1.118105411529541
DIA.MI,KXDF6J-R,2022-03,EUR,141.9,990.0,174466.38175579454,1.1161835193634033
DIA.MI,KXDF6J-R,2022-04,EUR,125.05,990.0,137187.27376716794,1.0504201650619507
DIA.MI,KXDF6J-R,2022-05,EUR,122.5,990.0,139965.35332515836,1.0773539543151855
DIA.MI,KXDF6J-R,2022-06,EUR,125.2,990.0,135368.43182383032,1.04465913772583
DIA.MI,KXDF6J-R,2022-07,EUR,135.6,990.0,139514.52616760693,1.0192328691482544
DIA.MI,KXDF6J-R,2022-08,EUR,130.95,990.0,130686.7178514187,1.0025062561035156
DIA.MI,KXDF6J-R,2022-09,EUR,114.8,990.0,109441.47919631949,0.9829555749893188
DIA.MI,KXDF6J-R,2022-10,EUR,132.3,990.0,128868.62735240202,0.9955002665519714
DIA.MI,KXDF6J-R,2022-11,EUR,126.95,990.0,133606.1790712079,1.0324499607086182
DIA.MI,KXDF6J-R,2022-12,EUR,130.4,990.0,146881.4021492406,1.066075325012207
UMI.BR,L1YNFY-R,2018-04,EUR,46.26,60.0,4065.365803995967,1.2122827768325806
UMI.BR,L1YNFY-R,2018-05,EUR,48.4,340.0,22411.724888595487,1.1667250394821167
UMI.BR,L1YNFY-R,2018-06,EUR,49.15,340.0,22560.418995554068,1.1562966108322144
UMI.BR,L1YNFY-R,2018-07,EUR,50.0,1700.0,116435.1524669528,1.1707408428192139
UMI.BR,L1YNFY-R,2018-08,EUR,48.04,1700.0,110838.47060570978,1.1664663553237915
UMI.BR,L1YNFY-R,2018-09,EUR,48.17,1700.0,110687.84160770953,1.1637378931045532
UMI.BR,L1YNFY-R,2018-10,EUR,41.59,1700.0,90895.71413761676,1.1346358060836792
UMI.BR,L1YNFY-R,2018-11,EUR,38.32,1700.0,84032.23943672537,1.1392766237258911
UMI.BR,L1YNFY-R,2018-12,EUR,34.86,1700.0,77500.32053570198,1.1439945697784424
UMI.BR,L1YNFY-R,2019-01,EUR,36.85,1700.0,82575.53314167738,1.1487650871276855
UMI.BR,L1YNFY-R,2019-02,EUR,38.0,1700.0,83712.69787882567,1.1380189657211304
UMI.BR,L1YNFY-R,2019-03,EUR,39.59,1700.0,84866.60715460978,1.1230024099349976
UMI.BR,L1YNFY-R,2019-04,EUR,34.5,1700.0,73519.14647502959,1.1185182332992554
UMI.BR,L1YNFY-R,2019-05,EUR,26.7,1700.0,56301.73742132962,1.1131147146224976
UMI.BR,L1YNFY-R,2019-06,EUR,28.2,5600.0,204530.18346050262,1.1372941732406616
UMI.BR,L1YNFY-R,2019-07,EUR,28.44,5600.0,197858.28308829307,1.1157974004745483
UMI.BR,L1YNFY-R,2019-08,EUR,28.97,5600.0,197630.51234073448,1.1061947345733643
UMI.BR,L1YNFY-R,2019-09,EUR,34.63,5600.0,231351.22284028435,1.0942714214324951
UMI.BR,L1YNFY-R,2019-10,EUR,36.97,5600.0,257641.0982551422,1.1154489517211914
UMI.BR,L1YNFY-R,2019-11,EUR,38.98,5600.0,265035.8751512289,1.101176142692566
UMI.BR,L1YNFY-R,2019-12,EUR,43.36,5600.0,305330.8881951904,1.120229721069336
UMI.BR,L1YNFY-R,2020-01,EUR,41.57,5600.0,284529.5193287153,1.1029127836227417
UMI.BR,L1YNFY-R,2020-02,EUR,37.77,5600.0,255504.5246951752,1.0997228622436523
UMI.BR,L1YNFY-R,2020-03,EUR,31.85,5600.0,215872.2928560848,1.1030466556549072
UMI.BR,L1YNFY-R,2020-04,EUR,39.41,5600.0,262933.93863626575,1.087725043296814
UMI.BR,L1YNFY-R,2020-05,EUR,39.84,5600.0,274949.8331508427,1.1079105138778687
UMI.BR,L1YNFY-R,2020-06,EUR,41.91,7600.0,402358.8406434851,1.1247202157974243
UMI.BR,L1YNFY-R,2020-07,EUR,39.94,7600.0,426143.6330094123,1.1872254610061646
UMI.BR,L1YNFY-R,2020-08,EUR,38.49,7600.0,416952.6364239978,1.1918240785598755
UMI.BR,L1YNFY-R,2020-09,EUR,35.55,7600.0,372019.3044385815,1.1742050647735596
UMI.BR,L1YNFY-R,2020-10,EUR,33.04,7600.0,341600.14351272583,1.1678695678710938
UMI.BR,L1YNFY-R,2020-11,EUR,37.57,7600.0,408889.24418310786,1.1971460580825806
UMI.BR,L1YNFY-R,2020-12,EUR,39.29,7600.0,449385.239215866,1.2299896478652954
UMI.BR,L1YNFY-R,2021-01,EUR,46.77,7600.0,523389.99895223236,1.2120037078857422
UMI.BR,L1YNFY-R,2021-02,EUR,48.66,12600.0,904978.6090958118,1.2160420417785645
UMI.BR,L1YNFY-R,2021-03,EUR,45.23,12600.0,785248.3365800743,1.1723604202270508
UMI.BR,L1YNFY-R,2021-04,EUR,50.56,12600.0,930012.1702036615,1.2127091884613037
UMI.BR,L1YNFY-R,2021-05,EUR,49.07,12600.0,921498.9304199051,1.2190067768096924
UMI.BR,L1YNFY-R,2021-06,EUR,51.5,12600.0,915889.6867276562,1.1901928186416626
UMI.BR,L1YNFY-R,2021-07,EUR,52.28,12600.0,928985.4721330311,1.1892997026443481
UMI.BR,L1YNFY-R,2021-08,EUR,55.74,12600.0,978032.217098857,1.1796904802322388
UMI.BR,L1YNFY-R,2021-09,EUR,51.24,12600.0,868085.1705609369,1.1601601839065552
UMI.BR,L1YNFY-R,2021-10,EUR,49.58,12600.0,844658.7457260748,1.1683608293533325
UMI.BR,L1YNFY-R,2021-11,EUR,43.01,12600.0,688890.4595980954,1.1293437480926514
UMI.BR,L1YNFY-R,2021-12,EUR,35.75,2570.0,118327.39477602791,1.132502794265747
UMI.BR,L1YNFY-R,2022-01,EUR,33.42,2570.0,107377.31391931129,1.1152374744415283
UMI.BR,L1YNFY-R,2022-02,EUR,36.69,2570.0,118418.81214496083,1.118105411529541
UMI.BR,L1YNFY-R,2022-03,EUR,39.36,2570.0,125626.84431754424,1.1161835193634033
UMI.BR,L1YNFY-R,2022-04,EUR,36.93,2570.0,105173.740245314,1.0504201650619507
UMI.BR,L1YNFY-R,2022-05,EUR,41.39,2570.0,122765.91899156569,1.0773539543151855
UMI.BR,L1YNFY-R,2022-06,EUR,33.32,2570.0,93522.46401895556,1.04465913772583
UMI.BR,L1YNFY-R,2022-07,EUR,35.36,2570.0,94443.02212252533,1.0192328691482544
UMI.BR,L1YNFY-R,2022-08,EUR,31.75,2570.0,82255.99891479377,1.0025062561035156
UMI.BR,L1YNFY-R,2022-09,EUR,30.13,2570.0,74565.34331751234,0.9829555749893188
UMI.BR,L1YNFY-R,2022-10,EUR,33.35,2570.0,84329.80107932816,0.9955002665519714
UMI.BR,L1YNFY-R,2022-11,EUR,34.2,2570.0,93436.78039702271,1.0324499607086182
UMI.BR,L1YNFY-R,2022-12,EUR,34.32,2570.0,100353.9467979578,1.066075325012207
BB,L8N0YK-R,2018-04,USD,10.484,700.0,7329.0,1.0
BB,L8N0YK-R,2018-05,USD,11.8332,2400.0,28392.0,1.0
BB,L8N0YK-R,2018-06,USD,9.63929,3000.0,28950.0,1.0
BB,L8N0YK-R,2018-07,USD,9.80799,20000.0,196200.0,1.0
BB,L8N0YK-R,2018-08,USD,10.6522,20000.0,213400.0,1.0
BB,L8N0YK-R,2018-09,USD,11.3105,20000.0,227600.00000000003,1.0
BB,L8N0YK-R,2018-10,USD,9.25186,20000.0,185000.0,1.0
BB,L8N0YK-R,2018-11,USD,8.7879,20000.0,175799.99999999997,1.0
BB,L8N0YK-R,2018-12,USD,7.10939,20000.0,142200.0,1.0
BB,L8N0YK-R,2019-01,USD,8.05604,20000.0,161400.0,1.0
BB,L8N0YK-R,2019-02,USD,8.68641,20000.0,174000.0,1.0
BB,L8N0YK-R,2019-03,USD,10.0827,25000.0,252250.0,1.0
BB,L8N0YK-R,2019-04,USD,9.13619,25000.0,229500.0,1.0
BB,L8N0YK-R,2019-05,USD,7.84821,25000.0,196250.0,1.0
BB,L8N0YK-R,2019-06,USD,7.46891,30000.0,223800.0,1.0
BB,L8N0YK-R,2019-07,USD,7.33351,30000.0,219000.0,1.0
BB,L8N0YK-R,2019-08,USD,6.87839,30000.0,206100.0,1.0
BB,L8N0YK-R,2019-09,USD,5.24169,30000.0,157500.0,1.0
BB,L8N0YK-R,2019-10,USD,5.26496,30000.0,157800.0,1.0
BB,L8N0YK-R,2019-11,USD,5.51854,30000.0,167100.0,1.0
BB,L8N0YK-R,2019-12,USD,6.43918,50000.0,321000.0,1.0
BB,L8N0YK-R,2020-01,USD,6.09429,50000.0,305000.0,1.0
BB,L8N0YK-R,2020-02,USD,5.16259,50000.0,258500.0,1.0
BB,L8N0YK-R,2020-03,USD,4.05382,100000.0,413000.0,1.0
BB,L8N0YK-R,2020-04,USD,4.27661,100000.0,428000.0,1.0
BB,L8N0YK-R,2020-05,USD,4.6303,100000.0,463999.99999999994,1.0
BB,L8N0YK-R,2020-06,USD,4.8605,100000.0,488999.99999999994,1.0
BB,L8N0YK-R,2020-07,USD,4.74058,100000.0,474000.0,1.0
BB,L8N0YK-R,2020-08,USD,5.21893,100000.0,522000.0,1.0
BB,L8N0YK-R,2020-09,USD,4.57421,100000.0,459000.0,1.0
BB,L8N0YK-R,2020-10,USD,4.48494,100000.0,449000.0,1.0
BB,L8N0YK-R,2020-11,USD,5.90323,100000.0,587000.0,1.0
BB,L8N0YK-R,2020-12,USD,6.6248,100000.0,663000.0,1.0
BB,L8N0YK-R,2021-01,USD,14.0593,23950.0,337695.0,1.0
BB,L8N0YK-R,2021-02,USD,10.1659,48950.0,491947.50000000006,1.0
BB,L8N0YK-R,2021-03,USD,8.38604,73950.0,623398.5,1.0
BB,L8N0YK-R,2021-04,USD,8.83596,73950.0,652978.5,1.0
BB,L8N0YK-R,2021-05,USD,10.2641,148950.0,1499926.5,1.0
BB,L8N0YK-R,2021-06,USD,12.2345,73950.0,903669.0,1.0
BB,L8N0YK-R,2021-07,USD,10.1734,73950.0,751332.0,1.0
BB,L8N0YK-R,2021-08,USD,11.3797,98950.0,1129019.5,1.0
BB,L8N0YK-R,2021-09,USD,9.7328,148950.0,1449283.5,1.0
BB,L8N0YK-R,2021-10,USD,10.7862,198950.0,2148660.0,1.0
BB,L8N0YK-R,2021-11,USD,9.48706,198950.0,1894004.0,1.0
BB,L8N0YK-R,2021-12,USD,9.35756,138950.0,1299182.5,1.0
BB,L8N0YK-R,2022-01,USD,8.22456,138950.0,1143558.5,1.0
BB,L8N0YK-R,2022-02,USD,6.85931,138950.0,954586.5,1.0
BB,L8N0YK-R,2022-03,USD,7.42164,110950.0,827687.0,1.0
BB,L8N0YK-R,2022-04,USD,5.75095,48950.0,279994.0,1.0
BB,L8N0YK-R,2022-05,USD,6.02443,48950.0,296147.5,1.0
BB,L8N0YK-R,2022-06,USD,5.38005,48950.0,263840.5,1.0
BB,L8N0YK-R,2022-07,USD,6.14196,48950.0,300063.5,1.0
BB,L8N0YK-R,2022-08,USD,5.95602,48950.0,290763.0,1.0
BB,L8N0YK-R,2022-09,USD,4.73782,48950.0,230065.0,1.0
BB,L8N0YK-R,2022-10,USD,4.64059,48950.0,228107.0,1.0
BB,L8N0YK-R,2022-11,USD,4.80932,48950.0,238386.5,1.0
BB,L8N0YK-R,2022-12,USD,3.25473,48950.0,159577.0,1.0
OCDO.L,LHPBFK-R,2018-04,GBP,5.384,600.0,6127.286222373247,1.37710702419281
OCDO.L,LHPBFK-R,2018-05,GBP,8.98,1200.0,19047.41910318947,1.328356385231018
OCDO.L,LHPBFK-R,2018-06,GBP,10.275,1200.0,21284.610335494996,1.3075141906738281
OCDO.L,LHPBFK-R,2018-07,GBP,11.06,6000.0,114340.86256906985,1.3135426044464111
OCDO.L,LHPBFK-R,2018-08,GBP,10.725,6000.0,108822.65994335174,1.301100730895996
OCDO.L,LHPBFK-R,2018-09,GBP,8.992,6000.0,92016.9040294361,1.3078734874725342
OCDO.L,LHPBFK-R,2018-10,GBP,8.552,11000.0,152761.6815472269,1.2708903551101685
OCDO.L,LHPBFK-R,2018-11,GBP,8.312,11000.0,149140.99534442901,1.2784454822540283
OCDO.L,LHPBFK-R,2018-12,GBP,7.9,11000.0,140487.22763549804,1.269357681274414
OCDO.L,LHPBFK-R,2019-01,GBP,9.912,11000.0,188134.40828446866,1.3117163181304932
OCDO.L,LHPBFK-R,2019-02,GBP,10.345,11000.0,201583.1143144751,1.3318239450454712
OCDO.L,LHPBFK-R,2019-03,GBP,13.705,6000.0,139900.50634467602,1.30565345287323
OCDO.L,LHPBFK-R,2019-04,GBP,13.625,6000.0,137825.25765224217,1.2932428121566772
OCDO.L,LHPBFK-R,2019-05,GBP,11.945,6000.0,113907.09444720267,1.2609704732894897
OCDO.L,LHPBFK-R,2019-06,GBP,11.67,6000.0,112974.72077211142,1.267748475074768
OCDO.L,LHPBFK-R,2019-07,GBP,12.455,6000.0,111282.46163166045,1.2161602973937988
OCDO.L,LHPBFK-R,2019-08,GBP,12.955,14000.0,269177.28897196054,1.218650221824646
OCDO.L,LHPBFK-R,2019-09,GBP,13.225,14000.0,280481.3680192566,1.2293167114257812
OCDO.L,LHPBFK-R,2019-10,GBP,13.29,14000.0,310624.12290055276,1.290172815322876
OCDO.L,LHPBFK-R,2019-11,GBP,13.25,14000.0,309837.2735058141,1.29128897190094
OCDO.L,LHPBFK-R,2019-12,GBP,12.79,19000.0,422144.55238276714,1.3113033771514893
OCDO.L,LHPBFK-R,2020-01,GBP,12.235,19000.0,401093.4669486594,1.3089004755020142
OCDO.L,LHPBFK-R,2020-02,GBP,10.64,24000.0,420399.64120571135,1.2888922691345215
OCDO.L,LHPBFK-R,2020-03,GBP,12.2,24000.0,449161.63302306173,1.2371643781661987
OCDO.L,LHPBFK-R,2020-04,GBP,16.045,24000.0,605765.1373685075,1.2471472024917603
OCDO.L,LHPBFK-R,2020-05,GBP,21.91,24000.0,801015.195936041,1.2321492433547974
OCDO.L,LHPBFK-R,2020-06,GBP,20.28,24000.0,740347.0454473115,1.2310571670532227
OCDO.L,LHPBFK-R,2020-07,GBP,20.53,24000.0,848324.709052906,1.311785101890564
OCDO.L,LHPBFK-R,2020-08,GBP,24.97,24000.0,1067049.5207190514,1.3356484174728394
OCDO.L,LHPBFK-R,2020-09,GBP,27.44,24000.0,1095439.2043812561,1.2866535186767578
OCDO.L,LHPBFK-R,2020-10,GBP,22.76,24000.0,913366.8465799713,1.2931926250457764
OCDO.L,LHPBFK-R,2020-11,GBP,22.07,24000.0,942765.0596863746,1.333191156387329
OCDO.L,LHPBFK-R,2020-12,GBP,22.87,24000.0,1022697.2068758487,1.36306631565094
OCDO.L,LHPBFK-R,2021-01,GBP,27.77,24000.0,1256127.2042439652,1.3725008964538574
OCDO.L,LHPBFK-R,2021-02,GBP,22.0,34000.0,1464942.8895869255,1.4008152484893799
OCDO.L,LHPBFK-R,2021-03,GBP,20.35,34000.0,1312275.1862126589,1.3746649026870728
OCDO.L,LHPBFK-R,2021-04,GBP,20.97,34000.0,1377363.3849581003,1.3952839374542236
OCDO.L,LHPBFK-R,2021-05,GBP,18.89,34000.0,1291305.2270347597,1.4180374145507812
OCDO.L,LHPBFK-R,2021-06,GBP,20.03,44000.0,1685353.441921749,1.3842746019363403
OCDO.L,LHPBFK-R,2021-07,GBP,18.55,44000.0,1584677.6760475016,1.3964334726333618
OCDO.L,LHPBFK-R,2021-08,GBP,20.13,44000.0,1677361.3841143085,1.376045823097229
OCDO.L,LHPBFK-R,2021-09,GBP,16.625,54000.0,1625243.52300087,1.3426424264907837
OCDO.L,LHPBFK-R,2021-10,GBP,18.03,84000.0,2865067.7245638943,1.380071759223938
OCDO.L,LHPBFK-R,2021-11,GBP,17.955,84000.0,2656850.7165450384,1.3315047025680542
OCDO.L,LHPBFK-R,2021-12,GBP,16.78,84000.0,2577007.1695155716,1.349837303161621
OCDO.L,LHPBFK-R,2022-01,GBP,15.04,84000.0,2271857.261264391,1.3403388261795044
OCDO.L,LHPBFK-R,2022-02,GBP,13.73,63900.0,1574275.8279303373,1.337327480316162
OCDO.L,LHPBFK-R,2022-03,GBP,11.71,51900.0,1051363.3789332712,1.3138878345489502
OCDO.L,LHPBFK-R,2022-04,GBP,9.24,43900.0,634754.1965547946,1.2463854551315308
OCDO.L,LHPBFK-R,2022-05,GBP,9.308,43900.0,651302.84562163,1.2647020816802979
OCDO.L,LHPBFK-R,2022-06,GBP,7.812,43900.0,505279.2470694151,1.2131799459457397
OCDO.L,LHPBFK-R,2022-07,GBP,8.394,43900.0,545886.0884706107,1.2173447608947754
OCDO.L,LHPBFK-R,2022-08,GBP,7.26,43900.0,432409.2288153996,1.1659767627716064
OCDO.L,LHPBFK-R,2022-09,GBP,4.725,43900.0,258629.9954768858,1.1169440746307373
OCDO.L,LHPBFK-R,2022-10,GBP,4.724,43900.0,276877.9181990786,1.159595012664795
OCDO.L,LHPBFK-R,2022-11,GBP,6.226,43900.0,388868.2871640227,1.1946860551834106
OCDO.L,LHPBFK-R,2022-12,GBP,6.168,43900.0,392693.38716237305,1.2056326866149902
6481.T,LLWRYR-R,2018-06,JPY,3175.0,300.0,77.83146390227974,0.009050920605659485
6481.T,LLWRYR-R,2018-07,JPY,3025.0,1500.0,365.20093122057614,0.009009495377540588
6481.T,LLWRYR-R,2018-08,JPY,2976.0,1500.0,362.68732473758047,0.00900909025222063
6481.T,LLWRYR-R,2018-09,JPY,2892.0,1500.0,336.9149043190386,0.00882168672978878
6481.T,LLWRYR-R,2018-10,JPY,2501.0,1500.0,294.039633694226,0.008845486678183079
6481.T,LLWRYR-R,2018-11,JPY,2601.0,1500.0,302.9627949583903,0.008817486464977264
6481.T,LLWRYR-R,2018-12,JPY,2062.0,1500.0,253.88584168993404,0.009063717909157276
6481.T,LLWRYR-R,2019-01,JPY,2577.0,1500.0,325.9164035405964,0.009175911545753479
6481.T,LLWRYR-R,2019-02,JPY,2736.0,1500.0,332.54573037739374,0.009020223282277584
6481.T,LLWRYR-R,2019-03,JPY,2734.0,1500.0,334.88882470071314,0.009038567543029785
6481.T,LLWRYR-R,2019-04,JPY,2906.0,1500.0,349.8920655162586,0.008954395540058613
6481.T,LLWRYR-R,2019-05,JPY,2227.0,1500.0,281.3423471994884,0.009144362062215805
6481.T,LLWRYR-R,2019-06,JPY,2575.0,2500.0,554.5428292869358,0.009281001053750515
6481.T,LLWRYR-R,2019-07,JPY,2774.0,2500.0,588.3541650998407,0.009211326949298382
6481.T,LLWRYR-R,2019-08,JPY,2468.0,2500.0,546.120945772971,0.00939514022320509
6481.T,LLWRYR-R,2019-09,JPY,2833.0,2500.0,607.1036992952228,0.009264063090085983
6481.T,LLWRYR-R,2019-10,JPY,3155.0,2500.0,670.6695670758374,0.009192105382680893
6481.T,LLWRYR-R,2019-11,JPY,3075.0,2500.0,641.0172003992135,0.009131419472396374
6481.T,LLWRYR-R,2019-12,JPY,2968.0,2500.0,625.3411980476928,0.009185013361275196
6481.T,LLWRYR-R,2020-01,JPY,2816.0,5000.0,1193.156030205777,0.009184676222503185
6481.T,LLWRYR-R,2020-02,JPY,2473.0,5000.0,1045.3588243701495,0.009119095280766487
6481.T,LLWRYR-R,2020-03,JPY,2212.0,5000.0,948.3047153179534,0.00925625953823328
6481.T,LLWRYR-R,2020-04,JPY,2607.0,5000.0,1143.3870914578438,0.009379982948303223
6481.T,LLWRYR-R,2020-05,JPY,2800.0,5000.0,1207.2173842317425,0.009289967827498913
6481.T,LLWRYR-R,2020-06,JPY,2664.0,10000.0,2295.098117695749,0.009294544346630573
6481.T,LLWRYR-R,2020-07,JPY,2457.0,10000.0,2219.8866579379887,0.009552649222314358
6481.T,LLWRYR-R,2020-08,JPY,2486.0,10000.0,2221.3369382858277,0.009475529193878174
6481.T,LLWRYR-R,2020-09,JPY,2629.0,10000.0,2357.695147021208,0.009463961236178875
6481.T,LLWRYR-R,2020-10,JPY,2749.0,10000.0,2515.078203045763,0.009564435109496117
6481.T,LLWRYR-R,2020-11,JPY,3225.0,10000.0,2971.487979282439,0.009607809595763683
6481.T,LLWRYR-R,2020-12,JPY,3330.0,10000.0,3127.721860701963,0.00969734601676464
6481.T,LLWRYR-R,2021-01,JPY,3320.0,10000.0,3040.642155001685,0.009588555432856083
6481.T,LLWRYR-R,2021-02,JPY,3435.0,10000.0,3030.805998918694,0.009400351904332638
6481.T,LLWRYR-R,2021-03,JPY,3830.0,10000.0,3142.253830548096,0.009065772406756878
BC.MI,LNW87G-R,2018-04,EUR,27.6,100.0,4042.516940674782,1.2122827768325806
BC.MI,LNW87G-R,2018-05,EUR,34.25,400.0,18658.280832098484,1.1667250394821167
BC.MI,LNW87G-R,2018-06,EUR,38.25,400.0,20655.523008347034,1.1562966108322144
BC.MI,LNW87G-R,2018-07,EUR,35.5,2000.0,97257.60965039254,1.1707408428192139
BC.MI,LNW87G-R,2018-08,EUR,37.95,2000.0,103010.2472400832,1.1664663553237915
BC.MI,LNW87G-R,2018-09,EUR,33.55,2000.0,90697.82122924805,1.1637378931045532
BC.MI,LNW87G-R,2018-10,EUR,30.25,2000.0,77778.7398818493,1.1346358060836792
BC.MI,LNW87G-R,2018-11,EUR,29.85,2000.0,77009.7679492712,1.1392766237258911
BC.MI,LNW87G-R,2018-12,EUR,30.05,2000.0,78616.83978789806,1.1439945697784424
BC.MI,LNW87G-R,2019-01,EUR,31.55,2000.0,83175.30224490166,1.1487650871276855
BC.MI,LNW87G-R,2019-02,EUR,34.25,2000.0,88766.57182445527,1.1380189657211304
BC.MI,LNW87G-R,2019-03,EUR,30.65,2000.0,77297.04197751284,1.1230024099349976
BC.MI,LNW87G-R,2019-04,EUR,32.36,2000.0,81128.0289421916,1.1185182332992554
BC.MI,LNW87G-R,2019-05,EUR,28.16,2000.0,69859.30211265087,1.1131147146224976
BC.MI,LNW87G-R,2019-06,EUR,29.66,2000.0,76828.33840731381,1.1372941732406616
BC.MI,LNW87G-R,2019-07,EUR,28.64,2000.0,71160.60406180858,1.1157974004745483
BC.MI,LNW87G-R,2019-08,EUR,28.24,2000.0,68803.76381783486,1.1061947345733643
BC.MI,LNW87G-R,2019-09,EUR,28.58,2000.0,68190.44281455994,1.0942714214324951
BC.MI,LNW87G-R,2019-10,EUR,28.08,2000.0,69888.34252519607,1.1154489517211914
PUB.PA,LZ645K-R,2020-08,EUR,29.37,5000.0,209314.40175309777,1.1918240785598755
PUB.PA,LZ645K-R,2020-09,EUR,27.58,5235.0,198803.188413996,1.1742050647735596
PUB.PA,LZ645K-R,2020-10,EUR,29.8,5235.0,212225.36829560282,1.1678695678710938
PUB.PA,LZ645K-R,2020-11,EUR,38.09,5235.0,285547.66663102066,1.1971460580825806
PUB.PA,LZ645K-R,2020-12,EUR,40.76,5235.0,321124.9549659188,1.2299896478652954
PUB.PA,LZ645K-R,2021-01,EUR,42.76,5235.0,329608.82393143617,1.2120037078857422
PUB.PA,LZ645K-R,2021-02,EUR,48.54,10235.0,733302.7730256647,1.2160420417785645
PUB.PA,LZ645K-R,2021-03,EUR,52.04,10235.0,733896.8180608512,1.1723604202270508
PUB.PA,LZ645K-R,2021-04,EUR,53.86,6000.0,471768.15274940006,1.2127091884613037
RIO,M9L7HV-R,2021-02,USD,87.4,8000.0,699200.0,1.0
RIO,M9L7HV-R,2021-03,USD,77.65,8000.0,621200.0,1.0
RIO,M9L7HV-R,2021-04,USD,85.06,8000.0,680480.0,1.0
RIO,M9L7HV-R,2021-05,USD,87.43,8000.0,699440.0,1.0
RIO,M9L7HV-R,2021-06,USD,83.89,8000.0,671120.0,1.0
RIO,M9L7HV-R,2021-07,USD,86.31,8000.0,690480.0,1.0
RIO,M9L7HV-R,2021-08,USD,75.07,8000.0,600560.0,1.0
RIO,M9L7HV-R,2021-09,USD,66.82,8000.0,534560.0,1.0
RIO,M9L7HV-R,2021-10,USD,63.27,18000.0,1138860.0,1.0
OVS.MI,MP8K4H-R,2018-04,EUR,3.3275,600.0,3102.1952574312686,1.2122827768325806
OVS.MI,MP8K4H-R,2018-05,EUR,2.83356,2200.0,9006.627280285358,1.1667250394821167
OVS.MI,MP8K4H-R,2018-06,EUR,2.6356,3700.0,13966.373709504724,1.1562966108322144
OVS.MI,MP8K4H-R,2018-07,EUR,2.63183,18500.0,70754.2262543416,1.1707408428192139
OVS.MI,MP8K4H-R,2018-08,EUR,2.432,18500.0,64778.37343892992,1.1664663553237915
OVS.MI,MP8K4H-R,2018-09,EUR,2.32831,18500.0,61764.98136826158,1.1637378931045532
OVS.MI,MP8K4H-R,2018-10,EUR,1.47145,18500.0,37126.15157144964,1.1346358060836792
OVS.MI,MP8K4H-R,2018-11,EUR,1.51858,18500.0,38444.80422188341,1.1392766237258911
OVS.MI,MP8K4H-R,2018-12,EUR,1.03124,18500.0,26467.78440484643,1.1439945697784424
OVS.MI,MP8K4H-R,2019-01,EUR,1.25653,18500.0,32506.2323217988,1.1487650871276855
OVS.MI,MP8K4H-R,2019-02,EUR,1.38379,18500.0,35192.99184084833,1.1380189657211304
OVS.MI,MP8K4H-R,2019-03,EUR,1.54121,18500.0,38140.991279610396,1.1230024099349976
OVS.MI,MP8K4H-R,2019-04,EUR,1.75236,18500.0,43110.52256248355,1.1185182332992554
OVS.MI,MP8K4H-R,2019-05,EUR,1.41112,18500.0,34352.200535820724,1.1131147146224976
OVS.MI,MP8K4H-R,2019-06,EUR,1.42338,18500.0,36180.07421621383,1.1372941732406616
OVS.MI,MP8K4H-R,2019-07,EUR,1.50256,18500.0,36635.04299762487,1.1157974004745483
OVS.MI,MP8K4H-R,2019-08,EUR,1.5676,18500.0,37478.46389055491,1.1061947345733643
3064.T,MR4TNK-R,2019-03,JPY,1230.5,2500.0,502.4148779124021,0.009038567543029785
3064.T,MR4TNK-R,2019-04,JPY,1281.0,2500.0,514.1222164296778,0.008954395540058613
3064.T,MR4TNK-R,2019-05,JPY,1160.5,2500.0,488.6959692466073,0.009144362062215805
3064.T,MR4TNK-R,2019-06,JPY,1313.0,4500.0,1017.9467386810994,0.009281001053750515
3064.T,MR4TNK-R,2019-07,JPY,1198.0,4500.0,914.7275987356435,0.009211326949298382
3064.T,MR4TNK-R,2019-08,JPY,1305.5,4500.0,1039.9756460431265,0.00939514022320509
3064.T,MR4TNK-R,2019-09,JPY,1413.0,4500.0,1090.086508582849,0.009264063090085983
3064.T,MR4TNK-R,2019-10,JPY,1652.5,4500.0,1264.6000832985899,0.009192105382680893
3064.T,MR4TNK-R,2019-11,JPY,1540.0,4500.0,1155.7071934775774,0.009131419472396374
3064.T,MR4TNK-R,2019-12,JPY,1461.5,4500.0,1108.5475290843285,0.009185013361275196
3064.T,MR4TNK-R,2020-01,JPY,1336.0,8500.0,1924.642564998949,0.009184676222503185
3064.T,MR4TNK-R,2020-02,JPY,1200.0,8500.0,1724.6512203442585,0.009119095280766487
3064.T,MR4TNK-R,2020-03,JPY,1434.0,8500.0,2090.2140030757614,0.00925625953823328
3064.T,MR4TNK-R,2020-04,JPY,1735.0,8500.0,2587.2034993708135,0.009379982948303223
3064.T,MR4TNK-R,2020-05,JPY,1957.5,8500.0,2869.5126215131163,0.009289967827498913
3064.T,MR4TNK-R,2020-06,JPY,2160.0,8500.0,3163.5137925073877,0.009294544346630573
3064.T,MR4TNK-R,2020-07,JPY,2252.5,8500.0,3459.706898231893,0.009552649222314358
3064.T,MR4TNK-R,2020-08,JPY,2095.0,8500.0,3182.3375760832428,0.009475529193878174
3064.T,MR4TNK-R,2020-09,JPY,2610.0,8500.0,3979.1147886230005,0.009463961236178875
3064.T,MR4TNK-R,2020-10,JPY,2900.0,8500.0,4510.4906142663585,0.009564435109496117
3064.T,MR4TNK-R,2020-11,JPY,3185.0,8500.0,4988.874300180436,0.009607809595763683
3064.T,MR4TNK-R,2020-12,JPY,2625.0,8500.0,4191.428787900805,0.00969734601676464
3064.T,MR4TNK-R,2021-01,JPY,2625.0,8500.0,4087.0077453308086,0.009588555432856083
3064.T,MR4TNK-R,2021-02,JPY,3060.0,8500.0,4589.884302373077,0.009400351904332638
3064.T,MR4TNK-R,2021-03,JPY,2994.0,8500.0,2087.916919750469,0.009065772406756878
3064.T,MR4TNK-R,2021-04,JPY,2790.0,8500.0,1992.2292486183437,0.00918239913880825
3064.T,MR4TNK-R,2021-05,JPY,2542.0,23500.0,4968.445266942805,0.009098601527512074
3064.T,MR4TNK-R,2021-06,JPY,2630.0,23500.0,5037.788600852913,0.009046907536685467
3064.T,MR4TNK-R,2021-07,JPY,2516.0,23500.0,4924.033130773427,0.00914001651108265
3064.T,MR4TNK-R,2021-08,JPY,2433.0,23500.0,4733.679719390716,0.009095539338886738
3064.T,MR4TNK-R,2021-09,JPY,2524.0,23500.0,4749.201876108459,0.008933676406741142
3064.T,MR4TNK-R,2021-10,JPY,2580.0,23500.0,4680.023873042817,0.008801577612757683
3064.T,MR4TNK-R,2021-11,JPY,2256.0,38500.0,6721.6231628356545,0.008787036873400211
3064.T,MR4TNK-R,2021-12,JPY,2073.0,38500.0,6023.39633399072,0.008690890856087208
3064.T,MR4TNK-R,2022-01,JPY,1859.0,38500.0,5388.987961888825,0.008675886318087578
3064.T,MR4TNK-R,2022-02,JPY,2150.0,38500.0,6217.841111378511,0.008651642128825188
3064.T,MR4TNK-R,2022-03,JPY,2634.0,17500.0,3112.3614681378003,0.008195310831069946
3064.T,MR4TNK-R,2022-04,JPY,2259.0,17500.0,2306.6886443516705,0.00764461699873209
3064.T,MR4TNK-R,2022-05,JPY,1888.0,17500.0,2009.8829590524547,0.007825706154108047
3064.T,MR4TNK-R,2022-06,JPY,2016.0,17500.0,1901.2410337781184,0.00732123339548707
3064.T,MR4TNK-R,2022-07,JPY,2365.0,17500.0,2304.148998910712,0.007440641988068819
3064.T,MR4TNK-R,2022-08,JPY,2524.0,17500.0,2296.6924695890048,0.007208038587123156
3064.T,MR4TNK-R,2022-09,JPY,2222.0,17500.0,1860.021516391984,0.006923721171915531
3064.T,MR4TNK-R,2022-10,JPY,2268.0,17500.0,1806.5519355349243,0.006765350699424744
3064.T,MR4TNK-R,2022-11,JPY,2336.0,17500.0,2111.518336397968,0.007207467220723629
3064.T,MR4TNK-R,2022-12,JPY,1857.0,17500.0,1853.0190321713453,0.007523548789322376
TSM,N28HXY-R,2018-10,USD,38.1,1500.0,57150.0,1.0
TSM,N28HXY-R,2018-11,USD,37.59,1500.0,56385.00000000001,1.0
TSM,N28HXY-R,2018-12,USD,36.91,1500.0,55364.99999999999,1.0
TSM,N28HXY-R,2019-01,USD,37.62,1500.0,56429.99999999999,1.0
TSM,N28HXY-R,2019-02,USD,39.05,1500.0,58574.99999999999,1.0
TSM,N28HXY-R,2019-03,USD,40.96,1500.0,61440.0,1.0
TSM,N28HXY-R,2019-04,USD,43.82,1500.0,65730.0,1.0
TSM,N28HXY-R,2019-05,USD,38.35,1500.0,57525.0,1.0
TSM,N28HXY-R,2019-06,USD,39.17,3000.0,117510.0,1.0
TSM,N28HXY-R,2019-07,USD,42.63,4000.0,170520.0,1.0
TSM,N28HXY-R,2019-08,USD,42.63,4000.0,170520.0,1.0
TSM,N28HXY-R,2019-09,USD,46.48,4000.0,185920.0,1.0
TSM,N28HXY-R,2019-10,USD,51.63,4000.0,206520.0,1.0
TSM,N28HXY-R,2019-11,USD,53.09,4000.0,212360.0,1.0
TSM,N28HXY-R,2019-12,USD,58.1,4000.0,232400.0,1.0
TSM,N28HXY-R,2020-01,USD,53.94,4000.0,215760.0,1.0
TSM,N28HXY-R,2020-02,USD,53.84,4000.0,215360.0,1.0
TSM,N28HXY-R,2020-03,USD,47.79,8000.0,382320.0,1.0
TSM,N28HXY-R,2020-04,USD,53.13,6000.0,318780.0,1.0
TSM,N28HXY-R,2020-05,USD,50.33,6000.0,301980.0,1.0
TSM,N28HXY-R,2020-06,USD,56.77,6000.0,340620.0,1.0
TSM,N28HXY-R,2020-07,USD,78.89,6000.0,473340.0,1.0
TSM,N28HXY-R,2020-08,USD,79.25,6000.0,475500.0,1.0
TSM,N28HXY-R,2020-09,USD,81.07,6000.0,486419.99999999994,1.0
TSM,N28HXY-R,2020-10,USD,83.87,6000.0,503220.0,1.0
TSM,N28HXY-R,2020-11,USD,97.02,6000.0,582120.0,1.0
TSM,N28HXY-R,2020-12,USD,109.04,6000.0,654240.0,1.0
TSM,N28HXY-R,2021-01,USD,121.52,6000.0,729120.0,1.0
TSM,N28HXY-R,2021-02,USD,125.94,6000.0,755640.0,1.0
TSM,N28HXY-R,2021-03,USD,118.28,6000.0,709680.0,1.0
TSM,N28HXY-R,2021-04,USD,116.74,6000.0,700440.0,1.0
TSM,N28HXY-R,2021-05,USD,117.36,6000.0,704160.0,1.0
TSM,N28HXY-R,2021-06,USD,120.16,6000.0,720960.0,1.0
TSM,N28HXY-R,2021-07,USD,116.64,6000.0,699840.0,1.0
TSM,N28HXY-R,2021-08,USD,119.01,8000.0,952080.0,1.0
TSM,N28HXY-R,2021-09,USD,111.65,8000.0,893200.0,1.0
TSM,N28HXY-R,2021-10,USD,113.7,8000.0,909600.0,1.0
TSM,N28HXY-R,2021-11,USD,117.15,8000.0,937200.0,1.0
TSM,N28HXY-R,2021-12,USD,120.31,8000.0,962480.0,1.0
TSM,N28HXY-R,2022-01,USD,122.63,8000.0,981040.0,1.0
TSM,N28HXY-R,2022-02,USD,107.01,8000.0,856080.0,1.0
TSM,N28HXY-R,2022-03,USD,104.26,6400.0,667264.0,1.0
TSM,N28HXY-R,2022-04,USD,92.93,6400.0,594752.0,1.0
TSM,N28HXY-R,2022-05,USD,95.3,6400.0,609920.0,1.0
TSM,N28HXY-R,2022-06,USD,81.75,4950.0,404662.5,1.0
TSM,N28HXY-R,2022-07,USD,88.48,6950.0,614936.0,1.0
AML.L,N8P36V-R,2019-07,GBP,11.852,8000.0,59326.82892028809,1.2161602973937988
AML.L,N8P36V-R,2019-08,GBP,11.4379,8000.0,57061.98049469948,1.218650221824646
AML.L,N8P36V-R,2019-09,GBP,12.5231,8000.0,63770.65688720703,1.2293167114257812
AML.L,N8P36V-R,2019-10,GBP,9.50302,8000.0,53329.96421123505,1.290172815322876
AML.L,N8P36V-R,2019-11,GBP,13.0991,8000.0,73545.82825864792,1.29128897190094
AML.L,N8P36V-R,2019-12,GBP,12.3708,8000.0,72237.6049618721,1.3113033771514893
AML.L,N8P36V-R,2020-01,GBP,11.871,8000.0,68850.04982809066,1.3089004755020142
AML.L,N8P36V-R,2020-02,GBP,8.04413,8000.0,44515.96741413116,1.2888922691345215
AML.L,N8P36V-R,2020-07,GBP,4.29237,1962712.923501096,1956585.2755216365,1.311785101890564
AML.L,N8P36V-R,2020-08,GBP,4.17746,1962712.923501096,1969266.6009630698,1.3356484174728394
AML.L,N8P36V-R,2020-09,GBP,3.77714,1962712.923501096,1663385.3452898096,1.2866535186767578
AML.L,N8P36V-R,2020-10,GBP,4.02178,1962712.923501096,1780396.4549502993,1.2931926250457764
AML.L,N8P36V-R,2020-11,GBP,5.37473,3905798.717767181,5040078.021395354,1.333191156387329
AML.L,N8P36V-R,2020-12,GBP,7.44678,186551.89013537907,6983113.779969625,1.36306631565094
AML.L,N8P36V-R,2021-01,GBP,7.52462,186551.89013537907,7137434.291862382,1.3725008964538574
AML.L,N8P36V-R,2021-02,GBP,7.44308,189676.7124157037,7459278.963979026,1.4008152484893799
AML.L,N8P36V-R,2021-03,GBP,7.40972,189676.7124157037,7191314.28584785,1.3746649026870728
AML.L,N8P36V-R,2021-04,GBP,7.18917,189676.7124157037,7106816.150447962,1.3952839374542236
AML.L,N8P36V-R,2021-05,GBP,7.80633,189676.7124157037,8031383.114257281,1.4180374145507812
AML.L,N8P36V-R,2021-06,GBP,6.95935,189676.7124157037,6810065.953567051,1.3842746019363403
AML.L,N8P36V-R,2021-07,GBP,7.2355,189676.7124157037,7188498.500491911,1.3964334726333618
AML.L,N8P36V-R,2021-08,GBP,7.42825,192801.53469602828,7317090.593800885,1.376045823097229
AML.L,N8P36V-R,2021-09,GBP,7.10021,192801.53469602828,6685836.402024278,1.3426424264907837
AML.L,N8P36V-R,2021-10,GBP,6.33106,203738.41267716442,6582952.297497284,1.380071759223938
AML.L,N8P36V-R,2021-11,GBP,5.49149,203738.41267716442,5317126.736515646,1.3315047025680542
AML.L,N8P36V-R,2021-12,GBP,5.01518,203738.41267716442,5039821.486661609,1.349837303161621
AML.L,N8P36V-R,2022-01,GBP,4.40543,195926.3569763529,4187413.7594826766,1.3403388261795044
AML.L,N8P36V-R,2022-02,GBP,3.79197,195926.3569763529,3596481.169851141,1.337327480316162
AML.L,N8P36V-R,2022-03,GBP,3.65185,192176.57023996336,3275319.0941461436,1.3138878345489502
AML.L,N8P36V-R,2022-04,GBP,3.16331,192176.57023996336,2566387.8336400026,1.2463854551315308
AML.L,N8P36V-R,2022-05,GBP,2.66142,192176.57023996336,2199312.0829017335,1.2647020816802979
AML.L,N8P36V-R,2022-06,GBP,1.63837,192176.57023996336,1251490.7687430778,1.2131799459457397
AML.L,N8P36V-R,2022-07,GBP,1.77329,192176.57023996336,1361946.7298019398,1.2173447608947754
AML.L,N8P36V-R,2022-08,GBP,1.65208,192176.57023996336,1162080.5832274568,1.1659767627716064
AML.L,N8P36V-R,2022-09,GBP,1.195,252173.15802219583,375733.2284552127,1.1169440746307373
AML.L,N8P36V-R,2022-10,GBP,1.056,252173.15802219583,355531.4722413079,1.159595012664795
AML.L,N8P36V-R,2022-11,GBP,1.3085,252173.15802219583,469462.5305321598,1.1946860551834106
AML.L,N8P36V-R,2022-12,GBP,1.5405,208425.64609765133,465648.27182773553,1.2056326866149902
ROSE.SW,NB7GLC-R,2020-10,CHF,125.811,1000.0,304555.54078137875,1.0925259590148926
ROSE.SW,NB7GLC-R,2020-11,CHF,134.428,1000.0,333496.4333089316,1.1059132814407349
ROSE.SW,NB7GLC-R,2020-12,CHF,139.352,1000.0,363591.0685306788,1.1343270540237427
ROSE.SW,NB7GLC-R,2021-01,CHF,201.642,1000.0,518022.2863818025,1.1253544092178345
ROSE.SW,NB7GLC-R,2021-02,CHF,211.244,2000.0,1046580.7687990093,1.1042768955230713
ROSE.SW,NB7GLC-R,2021-03,CHF,174.806,2500.0,1001386.0362213402,1.0619205236434937
ROSE.SW,NB7GLC-R,2021-04,CHF,149.693,3000.0,1100049.7459829522,1.1001100540161133
ROSE.SW,NB7GLC-R,2021-05,CHF,165.45,3000.0,1245191.6096212005,1.1109752655029297
ROSE.SW,NB7GLC-R,2021-06,CHF,174.56,3000.0,1249362.811072948,1.085894227027893
ROSE.SW,NB7GLC-R,2021-07,CHF,165.942,3000.0,1231644.104679322,1.1040940284729004
ROSE.SW,NB7GLC-R,2021-08,CHF,194.01,3000.0,1406836.827541033,1.0902985334396362
ROSE.SW,NB7GLC-R,2021-09,CHF,184.162,3000.0,1287413.1945720292,1.0703773498535156
ROSE.SW,NB7GLC-R,2021-10,CHF,160.034,3000.0,1170581.0765256465,1.097044587135315
ROSE.SW,NB7GLC-R,2021-11,CHF,171.851,3000.0,1225960.965192375,1.0835762023925781
ROSE.SW,NB7GLC-R,2021-12,CHF,115.963,3000.0,846215.8911706494,1.0944511890411377
ROSE.SW,NB7GLC-R,2022-01,CHF,111.039,3000.0,780341.0923753524,1.0739638805389404
ROSE.SW,NB7GLC-R,2022-02,CHF,79.0812,3000.0,566752.5830507397,1.079217791557312
LBIRD.PA,NL6284-R,2019-05,EUR,16.66,3000.0,61995.15778499007,1.1131147146224976
LBIRD.PA,NL6284-R,2019-06,EUR,16.04,3000.0,62322.64026412367,1.1372941732406616
LBIRD.PA,NL6284-R,2019-07,EUR,15.9,3000.0,59259.08498533487,1.1157974004745483
LBIRD.PA,NL6284-R,2019-08,EUR,16.44,9000.0,180244.42093638182,1.1061947345733643
LBIRD.PA,NL6284-R,2019-09,EUR,13.88,14000.0,231818.90569163323,1.0942714214324951
LBIRD.PA,NL6284-R,2019-10,EUR,12.98,14000.0,226141.61405818939,1.1154489517211914
LBIRD.PA,NL6284-R,2019-11,EUR,13.98,14000.0,237634.80265158418,1.101176142692566
LBIRD.PA,NL6284-R,2019-12,EUR,15.2,14000.0,267587.0330123902,1.120229721069336
LBIRD.PA,NL6284-R,2020-01,EUR,12.3,14000.0,210471.0964408064,1.1029127836227417
LBIRD.PA,NL6284-R,2020-02,EUR,10.58,14000.0,178927.54902191163,1.0997228622436523
LBIRD.PA,NL6284-R,2020-03,EUR,7.81,14000.0,132336.12527194977,1.1030466556549072
LBIRD.PA,NL6284-R,2020-04,EUR,10.5,14000.0,175133.63026868107,1.087725043296814
LBIRD.PA,NL6284-R,2020-05,EUR,10.52,14000.0,181505.52280780792,1.1079105138778687
LBIRD.PA,NL6284-R,2020-06,EUR,11.36,16092.0,230924.74983526417,1.1247202157974243
LBIRD.PA,NL6284-R,2020-07,EUR,11.68,16092.0,263868.2992880293,1.1872254610061646
LBIRD.PA,NL6284-R,2020-08,EUR,11.8,16092.0,270655.71986962715,1.1918240785598755
LBIRD.PA,NL6284-R,2020-09,EUR,10.3,16092.0,228223.00848370735,1.1742050647735596
LBIRD.PA,NL6284-R,2020-10,EUR,9.38,16092.0,205341.6695971756,1.1678695678710938
LBIRD.PA,NL6284-R,2020-11,EUR,11.74,16092.0,270538.52667607804,1.1971460580825806
LBIRD.PA,NL6284-R,2020-12,EUR,14.04,16092.0,340016.7083720001,1.2299896478652954
LBIRD.PA,NL6284-R,2021-01,EUR,15.28,16092.0,362057.719743698,1.2120037078857422
LBIRD.PA,NL6284-R,2021-02,EUR,16.26,26092.0,626215.3055757394,1.2160420417785645
LBIRD.PA,NL6284-R,2021-03,EUR,17.42,26092.0,626275.5967117848,1.1723604202270508
LBIRD.PA,NL6284-R,2021-04,EUR,16.86,26092.0,642208.4122582354,1.2127091884613037
LBIRD.PA,NL6284-R,2021-05,EUR,15.56,26092.0,605097.2001052166,1.2190067768096924
LBIRD.PA,NL6284-R,2021-06,EUR,16.0,26092.0,589240.7139737526,1.1901928186416626
LBIRD.PA,NL6284-R,2021-07,EUR,17.1,26092.0,629225.3870174049,1.1892997026443481
LBIRD.PA,NL6284-R,2021-08,EUR,16.5,26092.0,599524.414870331,1.1796904802322388
LBIRD.PA,NL6284-R,2021-09,EUR,18.9,36092.0,917181.5506110969,1.1601601839065552
LBIRD.PA,NL6284-R,2021-10,EUR,20.65,36092.0,1007708.9993106314,1.1683608293533325
LBIRD.PA,NL6284-R,2021-11,EUR,20.6,36092.0,945123.1598325216,1.1293437480926514
LBIRD.PA,NL6284-R,2021-12,EUR,24.05,36092.0,1117897.9575060967,1.132502794265747
LBIRD.PA,NL6284-R,2022-01,EUR,20.3,36092.0,915967.2658524613,1.1152374744415283
LBIRD.PA,NL6284-R,2022-02,EUR,20.8,36092.0,942788.1775128222,1.118105411529541
LBIRD.PA,NL6284-R,2022-03,EUR,20.85,29492.0,763667.6888856781,1.1161835193634033
LBIRD.PA,NL6284-R,2022-04,EUR,21.45,29492.0,701013.685557409,1.0504201650619507
LBIRD.PA,NL6284-R,2022-05,EUR,19.4,29492.0,660321.1381897331,1.0773539543151855
LBIRD.PA,NL6284-R,2022-06,EUR,17.4,29492.0,560442.8693440977,1.04465913772583
LBIRD.PA,NL6284-R,2022-07,EUR,20.5,23492.0,500493.3295147884,1.0192328691482544
LBIRD.PA,NL6284-R,2022-08,EUR,20.6,23492.0,487840.6373125014,1.0025062561035156
LBIRD.PA,NL6284-R,2022-09,EUR,14.9,23492.0,337063.1245561764,0.9829555749893188
LBIRD.PA,NL6284-R,2022-10,EUR,16.68,23492.0,385538.93061515247,0.9955002665519714
LBIRD.PA,NL6284-R,2022-11,EUR,16.96,23492.0,423549.69810724544,1.0324499607086182
LBIRD.PA,NL6284-R,2022-12,EUR,16.56,18492.0,348416.1457074928,1.066075325012207
MUSTI.HE,NQVWVF-R,2021-06,EUR,31.22,27950.0,1231629.631563164,1.1901928186416626
MUSTI.HE,NQVWVF-R,2021-07,EUR,34.84,27950.0,1373291.3793491255,1.1892997026443481
MUSTI.HE,NQVWVF-R,2021-08,EUR,34.2,32950.0,1569268.2798496818,1.1796904802322388
MUSTI.HE,NQVWVF-R,2021-09,EUR,30.9,42950.0,1784449.423939389,1.1601601839065552
MUSTI.HE,NQVWVF-R,2021-10,EUR,33.98,42950.0,1973289.3669349377,1.1683608293533325
MUSTI.HE,NQVWVF-R,2021-11,EUR,29.72,42950.0,1622640.0226889453,1.1293437480926514
MUSTI.HE,NQVWVF-R,2021-12,EUR,30.96,42950.0,1706364.045057192,1.132502794265747
MUSTI.HE,NQVWVF-R,2022-01,EUR,26.4,42950.0,1417555.469089651,1.1152374744415283
MUSTI.HE,NQVWVF-R,2022-02,EUR,23.5,42950.0,1267566.8554134748,1.118105411529541
MUSTI.HE,NQVWVF-R,2022-03,EUR,23.96,37950.0,1129256.7803256158,1.1161835193634033
MUSTI.HE,NQVWVF-R,2022-04,EUR,22.46,37950.0,944531.6475077572,1.0504201650619507
MUSTI.HE,NQVWVF-R,2022-05,EUR,18.22,37950.0,798011.7510773243,1.0773539543151855
MUSTI.HE,NQVWVF-R,2022-06,EUR,17.04,37950.0,706251.3545877592,1.04465913772583
MUSTI.HE,NQVWVF-R,2022-07,EUR,20.22,37950.0,797475.6157635248,1.0192328691482544
MUSTI.HE,NQVWVF-R,2022-08,EUR,19.74,37950.0,755178.7416702347,1.0025062561035156
MUSTI.HE,NQVWVF-R,2022-09,EUR,17.82,37950.0,651214.7643238006,0.9829555749893188
MUSTI.HE,NQVWVF-R,2022-10,EUR,19.02,37950.0,710189.9289826868,0.9955002665519714
MUSTI.HE,NQVWVF-R,2022-11,EUR,15.26,37950.0,615637.374530676,1.0324499607086182
MUSTI.HE,NQVWVF-R,2022-12,EUR,15.61,37950.0,674013.6207745185,1.066075325012207
IFX.DE,P59ZZH-R,2019-09,EUR,16.512,6000.0,118190.37408207895,1.0942714214324951
IFX.DE,P59ZZH-R,2019-10,EUR,17.378,6000.0,129756.33940933227,1.1154489517211914
IFX.DE,P59ZZH-R,2019-11,EUR,19.388,6000.0,141240.4418959737,1.101176142692566
IFX.DE,P59ZZH-R,2019-12,EUR,20.31,6000.0,152940.32606655124,1.120229721069336
IFX.DE,P59ZZH-R,2020-01,EUR,19.576,6000.0,143560.33366467478,1.1029127836227417
IFX.DE,P59ZZH-R,2020-02,EUR,18.794,6000.0,136217.8541599846,1.0997228622436523
IFX.DE,P59ZZH-R,2020-03,EUR,13.43,6000.0,97527.43638597966,1.1030466556549072
IFX.DE,P59ZZH-R,2020-04,EUR,16.95,16000.0,323103.76408512116,1.087725043296814
IFX.DE,P59ZZH-R,2020-05,EUR,18.856,16000.0,371805.37337625504,1.1079105138778687
IFX.DE,P59ZZH-R,2020-06,EUR,20.875,16000.0,421918.7239477539,1.1247202157974243
IFX.DE,P59ZZH-R,2020-07,EUR,21.13,16000.0,474628.4249328232,1.1872254610061646
IFX.DE,P59ZZH-R,2020-08,EUR,23.16,16000.0,528182.1070842743,1.1918240785598755
IFX.DE,P59ZZH-R,2020-09,EUR,24.115,16000.0,531275.1874231339,1.1742050647735596
IFX.DE,P59ZZH-R,2020-10,EUR,23.9,16000.0,520214.32543945307,1.1678695678710938
IFX.DE,P59ZZH-R,2020-11,EUR,29.52,16000.0,676374.497867546,1.1971460580825806
IFX.DE,P59ZZH-R,2020-12,EUR,31.39,16000.0,759863.3982549094,1.2299896478652954
IFX.DE,P59ZZH-R,2021-01,EUR,33.125,16000.0,780405.5030163575,1.2120037078857422
IFX.DE,P59ZZH-R,2021-02,EUR,36.0,16000.0,850194.3342590332,1.2160420417785645
IFX.DE,P59ZZH-R,2021-03,EUR,36.155,16000.0,797073.2186543274,1.1723604202270508
IFX.DE,P59ZZH-R,2021-04,EUR,33.565,16000.0,784002.7139638519,1.2127091884613037
IFX.DE,P59ZZH-R,2021-05,EUR,33.265,16000.0,793260.370762825,1.2190067768096924
IFX.DE,P59ZZH-R,2021-06,EUR,33.82,16000.0,763763.6800680923,1.1901928186416626
IFX.DE,P59ZZH-R,2021-07,EUR,32.135,16000.0,725105.1822889709,1.1892997026443481
IFX.DE,P59ZZH-R,2021-08,EUR,36.065,4940.0,248101.0283687718,1.1796904802322388
IFX.DE,P59ZZH-R,2021-09,EUR,35.525,4940.0,235962.88919610286,1.1601601839065552
IFX.DE,P59ZZH-R,2021-10,EUR,40.395,4940.0,269810.41151478904,1.1683608293533325
IFX.DE,P59ZZH-R,2021-11,EUR,39.93,4940.0,250747.44408584392,1.1293437480926514
IFX.DE,P59ZZH-R,2021-12,EUR,40.76,4940.0,258385.82440283644,1.132502794265747
IFX.DE,P59ZZH-R,2022-01,EUR,36.335,4940.0,224401.12351785638,1.1152374744415283
IFX.DE,P59ZZH-R,2022-02,EUR,30.745,4940.0,190739.76367420598,1.118105411529541
IFX.DE,P59ZZH-R,2022-03,EUR,30.985,4940.0,190095.84495589283,1.1161835193634033
IFX.DE,P59ZZH-R,2022-04,EUR,27.45,4940.0,150267.22351966184,1.0504201650619507
IFX.DE,P59ZZH-R,2022-05,EUR,28.94,4940.0,164996.52237832546,1.0773539543151855
IFX.DE,P59ZZH-R,2022-06,EUR,23.09,4940.0,124574.38368338699,1.04465913772583
IFX.DE,P59ZZH-R,2022-07,EUR,26.55,4940.0,136306.34068088446,1.0192328691482544
IFX.DE,P59ZZH-R,2022-08,EUR,24.3,4940.0,121010.73408404694,1.0025062561035156
IFX.DE,P59ZZH-R,2022-09,EUR,22.71,4940.0,108031.12205378902,0.9829555749893188
IFX.DE,P59ZZH-R,2022-10,EUR,24.64,4940.0,119762.18981094139,0.9955002665519714
IFX.DE,P59ZZH-R,2022-11,EUR,31.52,4940.0,165528.13443529658,1.0324499607086182
IFX.DE,P59ZZH-R,2022-12,EUR,28.43,4940.0,159793.05479394225,1.066075325012207
ZAL.DE,PM6KP2-R,2018-04,EUR,42.75,80.0,5009.205774314403,1.2122827768325806
ZAL.DE,PM6KP2-R,2018-05,EUR,45.55,310.0,19230.96326750063,1.1667250394821167
ZAL.DE,PM6KP2-R,2018-06,EUR,47.87,310.0,20034.101689826464,1.1562966108322144
ZAL.DE,PM6KP2-R,2018-07,EUR,49.06,1550.0,104165.63975012039,1.1707408428192139
ZAL.DE,PM6KP2-R,2018-08,EUR,45.32,1550.0,95336.71947603332,1.1664663553237915
ZAL.DE,PM6KP2-R,2018-09,EUR,33.51,1550.0,70207.0071957711,1.1637378931045532
ZAL.DE,PM6KP2-R,2018-10,EUR,34.2,1550.0,68149.60829540581,1.1346358060836792
ZAL.DE,PM6KP2-R,2018-11,EUR,27.4,1550.0,54784.0048028633,1.1392766237258911
ZAL.DE,PM6KP2-R,2018-12,EUR,22.44,1550.0,45486.42471669185,1.1439945697784424
ZAL.DE,PM6KP2-R,2019-01,EUR,26.65,1550.0,54449.49729525805,1.1487650871276855
ZAL.DE,PM6KP2-R,2019-02,EUR,32.4,1550.0,65078.199496511224,1.1380189657211304
ZAL.DE,PM6KP2-R,2019-03,EUR,34.75,1550.0,67918.63772769259,1.1230024099349976
ZAL.DE,PM6KP2-R,2019-04,EUR,41.94,1550.0,81487.78075786323,1.1185182332992554
ZAL.DE,PM6KP2-R,2019-05,EUR,35.54,1550.0,68329.88249475956,1.1131147146224976
ZAL.DE,PM6KP2-R,2019-06,EUR,39.02,1550.0,78332.01076116979,1.1372941732406616
ZAL.DE,PM6KP2-R,2019-07,EUR,41.68,1550.0,80259.40799579899,1.1157974004745483
ZAL.DE,PM6KP2-R,2019-08,EUR,45.0,5050.0,276835.2572167665,1.1061947345733643
ZAL.DE,PM6KP2-R,2019-09,EUR,41.88,5050.0,252307.0140771277,1.0942714214324951
ZAL.DE,PM6KP2-R,2019-10,EUR,38.85,5050.0,244151.8647679806,1.1154489517211914
ZAL.DE,PM6KP2-R,2019-11,EUR,39.1,5050.0,239741.3338925606,1.101176142692566
ZAL.DE,PM6KP2-R,2019-12,EUR,45.18,5050.0,286350.7917820387,1.120229721069336
ZAL.DE,PM6KP2-R,2020-01,EUR,43.43,5050.0,268065.2753452861,1.1029127836227417
ZAL.DE,PM6KP2-R,2020-02,EUR,39.53,5050.0,241146.93945581384,1.0997228622436523
ZAL.DE,PM6KP2-R,2020-03,EUR,34.99,5050.0,213862.5892804878,1.1030466556549072
ZAL.DE,PM6KP2-R,2020-04,EUR,44.49,5050.0,267673.89956611453,1.087725043296814
ZAL.DE,PM6KP2-R,2020-05,EUR,60.84,5050.0,378640.2384150342,1.1079105138778687
ZAL.DE,PM6KP2-R,2020-06,EUR,62.78,5050.0,400493.0377786178,1.1247202157974243
ZAL.DE,PM6KP2-R,2020-07,EUR,61.24,5050.0,434171.0995168967,1.1872254610061646
ZAL.DE,PM6KP2-R,2020-08,EUR,73.14,5050.0,526467.4166723853,1.1918240785598755
ZAL.DE,PM6KP2-R,2020-09,EUR,79.9,5050.0,555584.9738683854,1.1742050647735596
ZAL.DE,PM6KP2-R,2020-10,EUR,80.18,5050.0,550835.3563179016,1.1678695678710938
ZAL.DE,PM6KP2-R,2020-11,EUR,84.8,5050.0,613250.8633498707,1.1971460580825806
ZAL.DE,PM6KP2-R,2020-12,EUR,91.06,5050.0,695734.0104210874,1.2299896478652954
ZAL.DE,PM6KP2-R,2021-01,EUR,94.72,5050.0,704332.2195631856,1.2120037078857422
ZAL.DE,PM6KP2-R,2021-02,EUR,85.02,5050.0,633735.7055297077,1.2160420417785645
ZAL.DE,PM6KP2-R,2021-03,EUR,83.64,7050.0,812480.6307682615,1.1723604202270508
ZAL.DE,PM6KP2-R,2021-04,EUR,86.54,7050.0,890670.3737006825,1.2127091884613037
ZAL.DE,PM6KP2-R,2021-05,EUR,87.42,4960.0,646250.2111630155,1.2190067768096924
ZAL.DE,PM6KP2-R,2021-06,EUR,101.95,6960.0,1001525.1193005324,1.1901928186416626
ZAL.DE,PM6KP2-R,2021-07,EUR,93.76,6960.0,920300.3822332079,1.1892997026443481
ZAL.DE,PM6KP2-R,2021-08,EUR,93.8,9960.0,1301001.6522579892,1.1796904802322388
ZAL.DE,PM6KP2-R,2021-09,EUR,79.32,9960.0,1062244.9656785827,1.1601601839065552
ZAL.DE,PM6KP2-R,2021-10,EUR,81.58,9960.0,1098619.3403707664,1.1683608293533325
ZAL.DE,PM6KP2-R,2021-11,EUR,80.26,9960.0,1016175.4568302188,1.1293437480926514
ZAL.DE,PM6KP2-R,2021-12,EUR,71.14,12960.0,1187394.4273538897,1.132502794265747
ZAL.DE,PM6KP2-R,2022-01,EUR,69.98,9960.0,871377.3027126875,1.1152374744415283
ZAL.DE,PM6KP2-R,2022-02,EUR,59.58,12960.0,969717.8068166518,1.118105411529541
ZAL.DE,PM6KP2-R,2022-03,EUR,46.0,10560.0,603275.8329280929,1.1161835193634033
ZAL.DE,PM6KP2-R,2022-04,EUR,37.83,10560.0,442685.4037754837,1.0504201650619507
ZAL.DE,PM6KP2-R,2022-05,EUR,37.85,13960.0,609818.3945935965,1.0773539543151855
ZAL.DE,PM6KP2-R,2022-06,EUR,24.96,13960.0,380546.59501572856,1.04465913772583
ZAL.DE,PM6KP2-R,2022-07,EUR,27.35,13960.0,396796.04267731257,1.0192328691482544
ZAL.DE,PM6KP2-R,2022-08,EUR,23.11,13960.0,325219.1543922028,1.0025062561035156
ZAL.DE,PM6KP2-R,2022-09,EUR,20.23,13960.0,271948.17270767555,0.9829555749893188
ZAL.DE,PM6KP2-R,2022-10,EUR,23.33,13960.0,320444.18064891023,0.9955002665519714
ZAL.DE,PM6KP2-R,2022-11,EUR,29.74,13960.0,441351.90371729265,1.0324499607086182
ZAL.DE,PM6KP2-R,2022-12,EUR,33.11,13960.0,525894.5676449527,1.066075325012207
ASC.L,PP8053-R,2018-04,GBP,57.26,40.0,4435.379693406487,1.37710702419281
ASC.L,PP8053-R,2018-05,GBP,64.8607,250.0,29262.246579070394,1.328356385231018
ASC.L,PP8053-R,2018-06,GBP,59.7674,250.0,26333.87841856003,1.3075141906738281
ASC.L,PP8053-R,2018-07,GBP,59.454,1250.0,130735.61471651198,1.3135426044464111
ASC.L,PP8053-R,2018-08,GBP,59.885,1250.0,129242.75934238434,1.301100730895996
ASC.L,PP8053-R,2018-09,GBP,56.4372,1250.0,122840.97101206779,1.3078734874725342
ASC.L,PP8053-R,2018-10,GBP,53.44,1250.0,110748.62631470562,1.2708903551101685
ASC.L,PP8053-R,2018-11,GBP,48.5623,1250.0,101091.67021920682,1.2784454822540283
ASC.L,PP8053-R,2018-12,GBP,22.3026,1250.0,46014.00967557431,1.269357681274414
ASC.L,PP8053-R,2019-01,GBP,32.3226,1250.0,71176.76076574624,1.3117163181304932
ASC.L,PP8053-R,2019-02,GBP,31.3039,1250.0,70769.77823205442,1.3318239450454712
ASC.L,PP8053-R,2019-03,GBP,31.3431,1250.0,68053.2692706585,1.30565345287323
ASC.L,PP8053-R,2019-04,GBP,38.4051,1250.0,82631.92730363757,1.2932428121566772
ASC.L,PP8053-R,2019-05,GBP,33.6939,1250.0,68341.06893496514,1.2609704732894897
ASC.L,PP8053-R,2019-06,GBP,24.9766,4000.0,164573.27539122105,1.267748475074768
ASC.L,PP8053-R,2019-07,GBP,25.5251,6000.0,232839.99406073568,1.2161602973937988
ASC.L,PP8053-R,2019-08,GBP,23.3114,6000.0,211934.21705429791,1.218650221824646
ASC.L,PP8053-R,2019-09,GBP,24.2517,6000.0,225051.6250190735,1.2293167114257812
ASC.L,PP8053-R,2019-10,GBP,34.5754,6000.0,353596.6313572883,1.290172815322876
ASC.L,PP8053-R,2019-11,GBP,31.3529,6000.0,320794.3769479823,1.29128897190094
ASC.L,PP8053-R,2019-12,GBP,33.0376,6000.0,351564.2644201755,1.3113033771514893
ASC.L,PP8053-R,2020-01,GBP,30.0992,6000.0,318127.92025664094,1.3089004755020142
ASC.L,PP8053-R,2020-02,GBP,29.3548,6000.0,296038.03505527496,1.2888922691345215
ASC.L,PP8053-R,2020-03,GBP,11.7047,10000.0,183315.59457039833,1.2371643781661987
ASC.L,PP8053-R,2020-04,GBP,23.4486,25000.0,941493.8718106747,1.2471472024917603
ASC.L,PP8053-R,2020-05,GBP,29.345,20000.0,912765.0701340437,1.2321492433547974
ASC.L,PP8053-R,2020-06,GBP,33.5273,20000.0,1041341.1629415513,1.2310571670532227
ASC.L,PP8053-R,2020-07,GBP,32.8907,20000.0,1156305.7726889846,1.311785101890564
ASC.L,PP8053-R,2020-08,GBP,48.0823,20000.0,1748146.8691689488,1.3356484174728394
ASC.L,PP8053-R,2020-09,GBP,50.4428,20000.0,1713287.2390136719,1.2866535186767578
ASC.L,PP8053-R,2020-10,GBP,43.1751,20000.0,1474121.653384781,1.2931926250457764
ASC.L,PP8053-R,2020-11,GBP,45.4083,20000.0,1650301.871739769,1.333191156387329
ASC.L,PP8053-R,2020-12,GBP,46.8482,20000.0,1782378.773163271,1.36306631565094
ASC.L,PP8053-R,2021-01,GBP,43.8216,20000.0,1686445.928008175,1.3725008964538574
ASC.L,PP8053-R,2021-02,GBP,54.8505,20000.0,2193497.3747825623,1.4008152484893799
ASC.L,PP8053-R,2021-03,GBP,54.204,20000.0,2099184.7889781,1.3746649026870728
ASC.L,PP8053-R,2021-04,GBP,51.1285,20000.0,2016841.3521287441,1.3952839374542236
ASC.L,PP8053-R,2021-05,GBP,47.7689,25000.0,2451380.7765483856,1.4180374145507812
ASC.L,PP8053-R,2021-06,GBP,48.5818,25000.0,2371259.624567747,1.3842746019363403
ASC.L,PP8053-R,2021-07,GBP,37.2787,25000.0,1847366.9767491817,1.3964334726333618
ASC.L,PP8053-R,2021-08,GBP,38.0427,29000.0,2133081.492009348,1.376045823097229
ASC.L,PP8053-R,2021-09,GBP,29.4038,34000.0,1847790.1303262687,1.3426424264907837
ASC.L,PP8053-R,2021-10,GBP,24.3105,42000.0,1972018.817737584,1.380071759223938
ASC.L,PP8053-R,2021-11,GBP,23.0274,42000.0,1739420.0360210966,1.3315047025680542
ASC.L,PP8053-R,2021-12,GBP,23.4192,42000.0,1836002.535324669,1.349837303161621
ASC.L,PP8053-R,2022-01,GBP,21.6757,42000.0,1671415.6783731151,1.3403388261795044
ASC.L,PP8053-R,2022-02,GBP,19.134,42000.0,1472218.0597336865,1.337327480316162
ASC.L,PP8053-R,2022-03,GBP,15.7744,35585.0,991417.0195078519,1.3138878345489502
ASC.L,PP8053-R,2022-04,GBP,13.693,35585.0,778472.42014995,1.2463854551315308
ASC.L,PP8053-R,2022-05,GBP,15.2602,35585.0,883683.0090054924,1.2647020816802979
ASC.L,PP8053-R,2022-06,GBP,8.21288,35585.0,439617.28565902746,1.2131799459457397
ASC.L,PP8053-R,2022-07,GBP,10.1963,35585.0,548764.7619477372,1.2173447608947754
ASC.L,PP8053-R,2022-08,GBP,6.81223,35585.0,335782.3155491246,1.1659767627716064
ASC.L,PP8053-R,2022-09,GBP,5.5732,35585.0,252459.5448839834,1.1169440746307373
ASC.L,PP8053-R,2022-10,GBP,5.51933,9925.0,74668.65423125912,1.159595012664795
ASC.L,PP8053-R,2022-11,GBP,6.18537,9925.0,89172.87276199082,1.1946860551834106
ASC.L,PP8053-R,2022-12,GBP,5.00021,9925.0,73480.22582950591,1.2056326866149902
6920.T,Q3WN7R-R,2019-04,JPY,2515.0,1000.0,403.7525308298226,0.008954395540058613
6920.T,Q3WN7R-R,2019-05,JPY,1900.0,1000.0,320.0421561611816,0.009144362062215805
6920.T,Q3WN7R-R,2019-06,JPY,2135.0,2000.0,735.6576204254292,0.009281001053750515
6920.T,Q3WN7R-R,2019-07,JPY,2635.0,2000.0,894.196564211622,0.009211326949298382
6920.T,Q3WN7R-R,2019-08,JPY,3045.0,2000.0,1078.0801269304939,0.00939514022320509
6920.T,Q3WN7R-R,2019-09,JPY,3380.0,3000.0,1738.3780934156478,0.009264063090085983
6920.T,Q3WN7R-R,2019-10,JPY,3920.0,3000.0,1999.8920815568047,0.009192105382680893
6920.T,Q3WN7R-R,2019-11,JPY,4725.0,3000.0,2363.9461647811254,0.009131419472396374
6920.T,Q3WN7R-R,2019-12,JPY,5560.0,3000.0,1405.7531603740622,0.009185013361275196
6920.T,Q3WN7R-R,2020-01,JPY,5510.0,3000.0,1400.7721460384969,0.009184676222503185
6920.T,Q3WN7R-R,2020-02,JPY,4925.0,3000.0,1249.1043992635423,0.009119095280766487
6920.T,Q3WN7R-R,2020-03,JPY,5060.0,3000.0,1301.56097458547,0.00925625953823328
6920.T,Q3WN7R-R,2020-04,JPY,7210.0,3000.0,1897.3118505120276,0.009379982948303223
6920.T,Q3WN7R-R,2020-05,JPY,8850.0,1000.0,763.1337900574041,0.009289967827498913
6920.T,Q3WN7R-R,2020-06,JPY,10160.0,1000.0,875.307672390109,0.009294544346630573
6920.T,Q3WN7R-R,2020-07,JPY,9200.0,1000.0,831.2150791688915,0.009552649222314358
6920.T,Q3WN7R-R,2020-08,JPY,8000.0,1000.0,714.8307954615356,0.009475529193878174
6920.T,Q3WN7R-R,2020-09,JPY,8610.0,1000.0,772.1472782107721,0.009463961236178875
6920.T,Q3WN7R-R,2020-10,JPY,9040.0,1000.0,827.0757268133759,0.009564435109496117
6920.T,Q3WN7R-R,2020-11,JPY,11000.0,1000.0,1013.5306205218938,0.009607809595763683
6920.T,Q3WN7R-R,2020-12,JPY,12110.0,1000.0,1137.4387581681087,0.00969734601676464
6920.T,Q3WN7R-R,2021-01,JPY,14050.0,1000.0,1286.7778106427006,0.009588555432856083
6920.T,Q3WN7R-R,2021-02,JPY,12970.0,1000.0,1144.382954238737,0.009400351904332638
6920.T,Q3WN7R-R,2021-03,JPY,14520.0,1000.0,1191.2670624910763,0.009065772406756878
6920.T,Q3WN7R-R,2021-04,JPY,19340.0,1000.0,1624.6978922640906,0.00918239913880825
6920.T,Q3WN7R-R,2021-10,JPY,25030.0,1000.0,1932.0629949194565,0.008801577612757683
6920.T,Q3WN7R-R,2021-11,JPY,29745.0,1000.0,2301.910349540021,0.008787036873400211
6920.T,Q3WN7R-R,2021-12,JPY,35290.0,1000.0,2663.3801674563065,0.008690890856087208
6920.T,Q3WN7R-R,2022-01,JPY,25075.0,1000.0,1888.0264260036872,0.008675886318087578
6920.T,Q3WN7R-R,2022-02,JPY,20840.0,1000.0,1565.445776139572,0.008651642128825188
6920.T,Q3WN7R-R,2022-03,JPY,20785.0,1000.0,1403.4153459209203,0.008195310831069946
6920.T,Q3WN7R-R,2022-04,JPY,17715.0,1000.0,1033.6556498965715,0.00764461699873209
6920.T,Q3WN7R-R,2022-05,JPY,18780.0,1000.0,1142.4210788369548,0.007825706154108047
6920.T,Q3WN7R-R,2022-06,JPY,16150.0,1000.0,870.3243588346336,0.00732123339548707
6920.T,Q3WN7R-R,2022-07,JPY,19335.0,1000.0,1076.429566114149,0.007440641988068819
6920.T,Q3WN7R-R,2022-08,JPY,19405.0,1000.0,1008.9954412615159,0.007208038587123156
6920.T,Q3WN7R-R,2022-09,JPY,14695.0,1000.0,702.919506313214,0.006923721171915531
6920.T,Q3WN7R-R,2022-10,JPY,21290.0,1000.0,969.0471174098552,0.006765350699424744
6920.T,Q3WN7R-R,2022-11,JPY,25135.0,1000.0,1298.2634842489288,0.007207467220723629
6920.T,Q3WN7R-R,2022-12,JPY,21745.0,1000.0,1239.907323372066,0.007523548789322376
RYAAY,Q630MX-R,2020-04,USD,25.388,2300.0,145981.0,1.0
RYAAY,Q630MX-R,2020-05,USD,28.708,2300.0,165071.0,1.0
RYAAY,Q630MX-R,2020-06,USD,26.536,4300.0,285262.0,1.0
RYAAY,Q630MX-R,2020-07,USD,30.0,4300.0,322500.0,1.0
RYAAY,Q630MX-R,2020-08,USD,32.36,4300.0,347870.0,1.0
RYAAY,Q630MX-R,2020-09,USD,32.704,4300.0,351568.0,1.0
RYAAY,Q630MX-R,2022-11,USD,30.276,15000.0,1135350.0,1.0
RYAAY,Q630MX-R,2022-12,USD,29.904,15000.0,1121400.0,1.0
SMDS.L,QCZ86Y-R,2018-10,GBP,3.929,10000.0,63802.254319524756,1.2708903551101685
SMDS.L,QCZ86Y-R,2018-11,GBP,3.341,10000.0,54497.31832842827,1.2784454822540283
SMDS.L,QCZ86Y-R,2018-12,GBP,2.993,10000.0,48386.391580963136,1.269357681274414
SMDS.L,QCZ86Y-R,2019-01,GBP,3.372,15000.0,87275.70108497143,1.3117163181304932
SMDS.L,QCZ86Y-R,2019-02,GBP,3.355,15000.0,89148.76554788946,1.3318239450454712
SMDS.L,QCZ86Y-R,2019-03,GBP,3.359,15000.0,85721.50236028434,1.30565345287323
SMDS.L,QCZ86Y-R,2019-04,GBP,3.57,15000.0,90281.86267592311,1.2932428121566772
SMDS.L,QCZ86Y-R,2019-05,GBP,3.16,15000.0,75334.03288868666,1.2609704732894897
SMDS.L,QCZ86Y-R,2019-06,GBP,3.625,25000.0,146220.20749241117,1.267748475074768
SMDS.L,QCZ86Y-R,2019-07,GBP,3.567,25000.0,132792.84691250324,1.2161602973937988
SMDS.L,QCZ86Y-R,2019-08,GBP,3.4,45000.0,227072.37541531923,1.218650221824646
SMDS.L,QCZ86Y-R,2019-09,GBP,3.604,45000.0,245684.4152378082,1.2293167114257812
SMDS.L,QCZ86Y-R,2019-10,GBP,3.576,45000.0,268653.0723865271,1.290172815322876
SMDS.L,QCZ86Y-R,2019-11,GBP,3.818,45000.0,286971.0250882745,1.29128897190094
SMDS.L,QCZ86Y-R,2019-12,GBP,3.842,45000.0,300335.74585443735,1.3113033771514893
SMDS.L,QCZ86Y-R,2020-01,GBP,3.407,45000.0,264528.7206539333,1.3089004755020142
SMDS.L,QCZ86Y-R,2020-02,GBP,3.142,75000.0,387951.4174404144,1.2888922691345215
SMDS.L,QCZ86Y-R,2020-03,GBP,2.754,75000.0,316852.0246387124,1.2371643781661987
SMDS.L,QCZ86Y-R,2020-04,GBP,3.119,75000.0,367984.8125012219,1.2471472024917603
SMDS.L,QCZ86Y-R,2020-05,GBP,3.391,75000.0,387414.52135679126,1.2321492433547974
SMDS.L,QCZ86Y-R,2020-06,GBP,3.282,95000.0,474262.06528148655,1.2310571670532227
SMDS.L,QCZ86Y-R,2020-07,GBP,2.612,95000.0,427227.09117785096,1.311785101890564
SMDS.L,QCZ86Y-R,2020-08,GBP,2.587,95000.0,437597.62284515495,1.3356484174728394
SMDS.L,QCZ86Y-R,2020-09,GBP,2.947,95000.0,465689.5732349396,1.2866535186767578
SMDS.L,QCZ86Y-R,2020-10,GBP,2.831,95000.0,449702.0453121186,1.2931926250457764
SMDS.L,QCZ86Y-R,2020-11,GBP,3.32,95000.0,561373.666154468,1.333191156387329
SMDS.L,QCZ86Y-R,2020-12,GBP,3.746,95000.0,663071.8557996094,1.36306631565094
SMDS.L,QCZ86Y-R,2021-01,GBP,3.64,95000.0,651735.8250585794,1.3725008964538574
SMDS.L,QCZ86Y-R,2021-02,GBP,3.974,125000.0,972874.9451711774,1.4008152484893799
SMDS.L,QCZ86Y-R,2021-03,GBP,4.077,125000.0,966568.1330263615,1.3746649026870728
SMDS.L,QCZ86Y-R,2021-04,GBP,4.208,125000.0,1016148.6654445529,1.3952839374542236
SMDS.L,QCZ86Y-R,2021-05,GBP,4.184,125000.0,1051524.3741989136,1.4180374145507812
SMDS.L,QCZ86Y-R,2021-06,GBP,4.179,100000.0,799152.8018946648,1.3842746019363403
SMDS.L,QCZ86Y-R,2021-07,GBP,4.23,100000.0,821267.6610581875,1.3964334726333618
SMDS.L,QCZ86Y-R,2021-08,GBP,4.424,130000.0,1089152.5157892823,1.376045823097229
SMDS.L,QCZ86Y-R,2021-09,GBP,4.129,130000.0,971743.0952708959,1.3426424264907837
SMDS.L,QCZ86Y-R,2021-10,GBP,3.834,210000.0,1523111.504823518,1.380071759223938
SMDS.L,QCZ86Y-R,2021-11,GBP,3.583,210000.0,1325466.4618923783,1.3315047025680542
SMDS.L,QCZ86Y-R,2021-12,GBP,3.838,210000.0,1473563.1204019547,1.349837303161621
SMDS.L,QCZ86Y-R,2022-01,GBP,3.76,210000.0,1419909.3809344769,1.3403388261795044
SMDS.L,QCZ86Y-R,2022-02,GBP,3.446,160000.0,989337.7521461486,1.337327480316162
SMDS.L,QCZ86Y-R,2022-03,GBP,3.221,130000.0,724373.8234425782,1.3138878345489502
SMDS.L,QCZ86Y-R,2022-04,GBP,3.309,130000.0,673145.9870292544,1.2463854551315308
SMDS.L,QCZ86Y-R,2022-05,GBP,3.064,130000.0,634883.9861693382,1.2647020816802979
SMDS.L,QCZ86Y-R,2022-06,GBP,2.773,130000.0,531126.6621132016,1.2131799459457397
SMDS.L,QCZ86Y-R,2022-07,GBP,2.912,130000.0,560793.3588600636,1.2173447608947754
SMDS.L,QCZ86Y-R,2022-08,GBP,2.677,130000.0,472156.22700519563,1.1659767627716064
SMDS.L,QCZ86Y-R,2022-09,GBP,2.569,130000.0,416408.03215749265,1.1169440746307373
SMDS.L,QCZ86Y-R,2022-10,GBP,2.902,130000.0,503680.06626806257,1.159595012664795
SMDS.L,QCZ86Y-R,2022-11,GBP,3.033,100000.0,431520.6031322479,1.1946860551834106
SMDS.L,QCZ86Y-R,2022-12,GBP,3.215,100000.0,466256.7401599884,1.2056326866149902
7733.T,QG6F3V-R,2022-07,JPY,2818.0,11000.0,1725.738751737792,0.007440641988068819
7733.T,QG6F3V-R,2022-08,JPY,3010.0,11000.0,1721.610175254615,0.007208038587123156
7733.T,QG6F3V-R,2022-09,JPY,2778.5,11000.0,1461.9723204184045,0.006923721171915531
7733.T,QG6F3V-R,2022-10,JPY,3140.0,11000.0,1572.141531716287,0.006765350699424744
7733.T,QG6F3V-R,2022-11,JPY,2806.0,11000.0,1594.2789920070861,0.007207467220723629
7733.T,QG6F3V-R,2022-12,JPY,2352.0,11000.0,1475.2303118787615,0.007523548789322376
ESLT,QG6H7X-R,2018-04,USD,115.762,20.0,2312.4,1.0
7270.T,QH66VR-R,2022-05,JPY,2227.5,30000.0,4065.084191158042,0.007825706154108047
7270.T,QH66VR-R,2022-06,JPY,2411.5,30000.0,3898.675387077872,0.00732123339548707
7270.T,QH66VR-R,2022-07,JPY,2317.0,30000.0,3869.8027475105137,0.007440641988068819
7270.T,QH66VR-R,2022-08,JPY,2535.5,30000.0,3955.1264571596403,0.007208038587123156
7270.T,QH66VR-R,2022-09,JPY,2167.0,30000.0,3109.6841238040474,0.006923721171915531
7270.T,QH66VR-R,2022-10,JPY,2315.5,30000.0,3161.8062688931823,0.006765350699424744
7270.T,QH66VR-R,2022-11,JPY,2351.5,30000.0,3643.7638833057135,0.007207467220723629
7270.T,QH66VR-R,2022-12,JPY,2027.5,30000.0,3468.261947517749,0.007523548789322376
NAS.OL,QTFZXZ-R,2018-04,NOK,8139.68,100.0,474.65879346555465,0.12549634277820587
NAS.OL,QTFZXZ-R,2018-05,NOK,6842.17,300.0,1141.0131666011364,0.12218814343214035
NAS.OL,QTFZXZ-R,2018-06,NOK,6672.93,460.0,1711.6763954316211,0.12209311872720718
NAS.OL,QTFZXZ-R,2018-07,NOK,6406.98,2300.0,8279.875653712452,0.12297627329826355
NAS.OL,QTFZXZ-R,2018-08,NOK,7035.59,2300.0,8629.805734822989,0.11980754137039185
NAS.OL,QTFZXZ-R,2018-09,NOK,6581.59,2300.0,8484.720748916148,0.12261514365673065
NAS.OL,QTFZXZ-R,2018-10,NOK,5775.68,2300.0,6998.759357604503,0.11895699054002762
NAS.OL,QTFZXZ-R,2018-11,NOK,5815.98,2300.0,6785.308429775088,0.1172320544719696
NAS.OL,QTFZXZ-R,2018-12,NOK,4659.5,2300.0,5245.724462444812,0.11484351754188538
NAS.OL,QTFZXZ-R,2019-01,NOK,3458.69,2300.0,4176.373998850271,0.11880012601613998
NAS.OL,QTFZXZ-R,2019-02,NOK,2713.03,2300.0,1829.6399976553919,0.11705626547336578
NAS.OL,QTFZXZ-R,2019-03,NOK,2055.32,6900.0,4083.34588849146,0.11582385748624802
NAS.OL,QTFZXZ-R,2019-04,NOK,1685.37,6900.0,3327.042873457521,0.11556698381900787
NAS.OL,QTFZXZ-R,2019-05,NOK,1503.19,6900.0,2890.4588414378018,0.11395297199487686
NAS.OL,QTFZXZ-R,2019-06,NOK,1664.81,6900.0,3390.091231951721,0.11753643304109573
NAS.OL,QTFZXZ-R,2019-07,NOK,1861.47,6900.0,3576.6097886346056,0.1142364963889122
NAS.OL,QTFZXZ-R,2019-08,NOK,1700.78,6900.0,3034.1632514953985,0.1099788174033165
NAS.OL,QTFZXZ-R,2019-09,NOK,1681.63,6900.0,3014.6110670371054,0.11026817560195923
NAS.OL,QTFZXZ-R,2019-10,NOK,2086.62,6900.0,3659.4845754775556,0.10900691896677017
BOSS.DE,QVQPN7-R,2020-01,EUR,42.8,3000.0,156936.63637049677,1.1029127836227417
BOSS.DE,QVQPN7-R,2020-02,EUR,39.56,3000.0,143364.31520244599,1.0997228622436523
BOSS.DE,QVQPN7-R,2020-03,EUR,23.11,3000.0,83911.3512553096,1.1030466556549072
BOSS.DE,QVQPN7-R,2021-03,EUR,33.47,10000.0,461174.81834993366,1.1723604202270508
BOSS.DE,QVQPN7-R,2021-04,EUR,38.38,10000.0,560293.95891819,1.2127091884613037
BOSS.DE,QVQPN7-R,2021-05,EUR,46.5,10000.0,693044.6046345234,1.2190067768096924
BOSS.DE,QVQPN7-R,2021-06,EUR,45.88,10000.0,647573.081868279,1.1901928186416626
BOSS.DE,QVQPN7-R,2021-07,EUR,50.54,10000.0,712751.3554137469,1.1892997026443481
BOSS.DE,QVQPN7-R,2021-11,EUR,51.62,10000.0,656187.9058698893,1.1293437480926514
BOSS.DE,QVQPN7-R,2021-12,EUR,53.5,15000.0,1033525.4475553036,1.132502794265747
BOSS.DE,QVQPN7-R,2022-01,EUR,55.76,15000.0,1045651.3957956433,1.1152374744415283
BOSS.DE,QVQPN7-R,2022-02,EUR,54.8,15000.0,1032313.630545044,1.118105411529541
BOSS.DE,QVQPN7-R,2022-03,EUR,52.64,12000.0,784497.0853291511,1.1161835193634033
BOSS.DE,QVQPN7-R,2022-04,EUR,53.86,12000.0,716213.5693794679,1.0504201650619507
BOSS.DE,QVQPN7-R,2022-05,EUR,49.98,12000.0,692192.3310756683,1.0773539543151855
BOSS.DE,QVQPN7-R,2022-06,EUR,50.36,12000.0,660001.3522781753,1.04465913772583
BOSS.DE,QVQPN7-R,2022-07,EUR,57.5,10000.0,597574.9061788917,1.0192328691482544
BOSS.DE,QVQPN7-R,2022-08,EUR,54.4,8000.0,438712.1361669922,1.0025062561035156
BOSS.DE,QVQPN7-R,2022-09,EUR,48.06,8000.0,370235.9577802849,0.9829555749893188
BOSS.DE,QVQPN7-R,2022-10,EUR,46.64,8000.0,367113.73925720213,0.9955002665519714
BOSS.DE,QVQPN7-R,2022-11,EUR,53.38,8000.0,453970.0648355102,1.0324499607086182
BOSS.DE,QVQPN7-R,2022-12,EUR,54.16,8000.0,492972.5049275207,1.066075325012207
3031.T,R05C6F-R,2021-04,JPY,3200.0,14000.0,3763.519414197952,0.00918239913880825
3031.T,R05C6F-R,2021-05,JPY,2687.0,14000.0,3128.765040818434,0.009098601527512074
3031.T,R05C6F-R,2021-06,JPY,2296.0,26000.0,4865.88193267854,0.009046907536685467
3031.T,R05C6F-R,2021-07,JPY,2347.0,26000.0,5081.933451114185,0.00914001651108265
3031.T,R05C6F-R,2021-08,JPY,2265.0,26000.0,4875.626570898947,0.009095539338886738
3031.T,R05C6F-R,2021-09,JPY,1574.0,26000.0,3276.7349273759874,0.008933676406741142
3031.T,R05C6F-R,2021-10,JPY,1590.0,56000.0,6872.987896395773,0.008801577612757683
3031.T,R05C6F-R,2021-11,JPY,1533.0,56000.0,6643.619889612347,0.008787036873400211
6861.T,R4NT59-R,2018-04,JPY,33485.0,5.0,28.13639761456512,0.009166071191430092
6861.T,R4NT59-R,2018-05,JPY,33415.0,20.0,113.16554418892322,0.00919861625880003
6861.T,R4NT59-R,2018-06,JPY,31280.0,30.0,153.35862224934252,0.009050920605659485
6861.T,R4NT59-R,2018-07,JPY,29455.0,150.0,711.2060559046045,0.009009495377540588
6861.T,R4NT59-R,2018-08,JPY,31445.0,150.0,766.444992817006,0.00900909025222063
6861.T,R4NT59-R,2018-09,JPY,32990.0,150.0,768.6598886796982,0.00882168672978878
6861.T,R4NT59-R,2018-10,JPY,27650.0,150.0,650.1556103003724,0.008845486678183079
6861.T,R4NT59-R,2018-11,JPY,30800.0,150.0,717.5127636644281,0.008817486464977264
6861.T,R4NT59-R,2018-12,JPY,27840.0,150.0,685.5657732876913,0.009063717909157276
6861.T,R4NT59-R,2019-01,JPY,27930.0,150.0,706.4684646386281,0.009175911545753479
6861.T,R4NT59-R,2019-02,JPY,32465.0,150.0,789.1885130436556,0.009020223282277584
6861.T,R4NT59-R,2019-03,JPY,34485.0,150.0,844.8163701449632,0.009038567543029785
6861.T,R4NT59-R,2019-04,JPY,34560.0,150.0,832.2278074787166,0.008954395540058613
6861.T,R4NT59-R,2019-05,JPY,30755.0,150.0,777.0707515125946,0.009144362062215805
6861.T,R4NT59-R,2019-06,JPY,33065.0,150.0,854.4912702066182,0.009281001053750515
6861.T,R4NT59-R,2019-07,JPY,31565.0,150.0,803.377025588667,0.009211326949298382
6861.T,R4NT59-R,2019-08,JPY,31450.0,150.0,835.1137350305286,0.00939514022320509
6861.T,R4NT59-R,2019-09,JPY,33450.0,250.0,1433.6475075406117,0.009264063090085983
6861.T,R4NT59-R,2019-10,JPY,34410.0,250.0,1462.931155140605,0.009192105382680893
6861.T,R4NT59-R,2019-11,JPY,37440.0,250.0,780.4774663192989,0.009131419472396374
6861.T,R4NT59-R,2019-12,JPY,38490.0,250.0,810.9629011807754,0.009185013361275196
6861.T,R4NT59-R,2020-01,JPY,37370.0,250.0,791.6947739494755,0.009184676222503185
6861.T,R4NT59-R,2020-02,JPY,34410.0,250.0,727.2703500087326,0.009119095280766487
6861.T,R4NT59-R,2020-03,JPY,34830.0,250.0,746.5970050124894,0.00925625953823328
6861.T,R4NT59-R,2020-04,JPY,38770.0,250.0,850.1938924983144,0.009379982948303223
6861.T,R4NT59-R,2020-05,JPY,44350.0,250.0,956.0729513812065,0.009289967827498913
6861.T,R4NT59-R,2020-06,JPY,45030.0,250.0,969.8598869739776,0.009294544346630573
6861.T,R4NT59-R,2020-07,JPY,44220.0,250.0,998.8133723347611,0.009552649222314358
6861.T,R4NT59-R,2020-08,JPY,43680.0,250.0,975.744063757807,0.009475529193878174
6861.T,R4NT59-R,2020-09,JPY,48980.0,250.0,1098.1351738237822,0.009463961236178875
6861.T,R4NT59-R,2020-10,JPY,47250.0,250.0,1080.7335843083913,0.009564435109496117
6861.T,R4NT59-R,2020-11,JPY,53290.0,250.0,1227.523802379279,0.009607809595763683
EBRO.MC,RBH78M-R,2022-04,EUR,17.0,30000.0,565151.7840973735,1.0504201650619507
EBRO.MC,RBH78M-R,2022-05,EUR,16.5,30000.0,571287.2962653637,1.0773539543151855
EBRO.MC,RBH78M-R,2022-06,EUR,16.1,30000.0,527502.9298447609,1.04465913772583
WMH.L,RH0YNP-R,2020-09,GBP,2.78,100000.0,462420.7013053894,1.2866535186767578
SGO.PA,RK87TQ-R,2022-09,EUR,37.05,10000.0,356773.8503847957,0.9829555749893188
SGO.PA,RK87TQ-R,2022-10,EUR,41.4,10000.0,407335.7130169094,0.9955002665519714
SGO.PA,RK87TQ-R,2022-11,EUR,43.745,10000.0,465036.5242823601,1.0324499607086182
SGO.PA,RK87TQ-R,2022-12,EUR,45.65,10000.0,519391.47191581724,1.066075325012207
4385.T,RQ314Y-R,2021-02,JPY,5120.0,12000.0,5421.040433893763,0.009400351904332638
4385.T,RQ314Y-R,2021-03,JPY,5020.0,12000.0,4942.281254769936,0.009065772406756878
4385.T,RQ314Y-R,2021-04,JPY,5400.0,12000.0,5443.662285294011,0.00918239913880825
4385.T,RQ314Y-R,2021-05,JPY,5190.0,12000.0,5179.952131432481,0.009098601527512074
4385.T,RQ314Y-R,2021-06,JPY,5900.0,12000.0,5770.979616248086,0.009046907536685467
4385.T,RQ314Y-R,2021-07,JPY,5720.0,12000.0,5716.361922384426,0.00914001651108265
4385.T,RQ314Y-R,2021-08,JPY,5440.0,17000.0,7656.613100318322,0.009095539338886738
4385.T,RQ314Y-R,2021-09,JPY,6160.0,17000.0,8384.804728825577,0.008933676406741142
4385.T,RQ314Y-R,2021-10,JPY,6150.0,17000.0,8070.203303731942,0.008801577612757683
4385.T,RQ314Y-R,2021-11,JPY,6890.0,17000.0,9064.473767029933,0.008787036873400211
4385.T,RQ314Y-R,2021-12,JPY,5860.0,17000.0,7518.4445738775,0.008690890856087208
4385.T,RQ314Y-R,2022-01,JPY,4270.0,12000.0,3858.1246543637662,0.008675886318087578
4385.T,RQ314Y-R,2022-02,JPY,3550.0,12000.0,3199.999485341459,0.008651642128825188
4385.T,RQ314Y-R,2022-03,JPY,3225.0,12000.0,2613.046994429827,0.008195310831069946
4385.T,RQ314Y-R,2022-04,JPY,2210.0,12000.0,1547.4203150365502,0.00764461699873209
4385.T,RQ314Y-R,2022-05,JPY,2129.0,12000.0,1554.1307752910257,0.007825706154108047
4385.T,RQ314Y-R,2022-06,JPY,1950.0,12000.0,1261.0273966975137,0.00732123339548707
4385.T,RQ314Y-R,2022-07,JPY,2285.0,12000.0,1526.5420511927268,0.007440641988068819
RACE,RSKRFX-R,2018-04,USD,123.297,20.0,2453.6000000000004,1.0
RACE,RSKRFX-R,2018-05,USD,130.154,80.0,10508.0,1.0
RACE,RSKRFX-R,2018-06,USD,136.02,120.0,16201.199999999999,1.0
RACE,RSKRFX-R,2018-07,USD,133.152,600.0,79572.0,1.0
RACE,RSKRFX-R,2018-08,USD,131.126,600.0,78654.0,1.0
RACE,RSKRFX-R,2018-09,USD,137.754,600.0,82146.0,1.0
RACE,RSKRFX-R,2018-10,USD,117.271,1000.0,117110.0,1.0
RACE,RSKRFX-R,2018-11,USD,109.307,1000.0,109600.0,1.0
RACE,RSKRFX-R,2018-12,USD,99.2026,1000.0,99440.0,1.0
RACE,RSKRFX-R,2019-01,USD,124.613,1000.0,126300.0,1.0
RACE,RSKRFX-R,2019-02,USD,128.844,600.0,76956.0,1.0
RACE,RSKRFX-R,2019-03,USD,134.181,600.0,80280.0,1.0
HSBC,RWBRW0-R,2018-05,USD,48.38,400.0,19352.0,1.0
HSBC,RWBRW0-R,2018-06,USD,47.14,600.0,28284.0,1.0
HSBC,RWBRW0-R,2018-07,USD,48.42,3000.0,145260.0,1.0
HSBC,RWBRW0-R,2018-08,USD,44.01,3000.0,132030.0,1.0
HSBC,RWBRW0-R,2018-09,USD,43.99,1500.0,65985.0,1.0
HSBC,RWBRW0-R,2018-10,USD,41.09,1499.5611,61616.965599,1.0
HSBC,RWBRW0-R,2018-11,USD,42.54,1499.5611,63791.32919399999,1.0
HSBC,RWBRW0-R,2018-12,USD,41.11,1499.5611,61646.95682099999,1.0
HSBC,RWBRW0-R,2019-01,USD,42.13,1499.5611,63176.509143,1.0
HSBC,RWBRW0-R,2019-02,USD,40.83,1499.5611,61227.07971299999,1.0
CRESY,S6KYTP-R,2022-04,USD,7.54195,80000.0,628000.0,1.0
CRESY,S6KYTP-R,2022-05,USD,6.73492,80000.0,560800.0,1.0
CRESY,S6KYTP-R,2022-06,USD,4.84222,80000.0,403200.0,1.0
CRESY,S6KYTP-R,2022-07,USD,5.60122,80000.0,466400.0,1.0
CRESY,S6KYTP-R,2022-08,USD,6.00474,120000.0,750000.0,1.0
CRESY,S6KYTP-R,2022-09,USD,5.25535,120000.0,656400.0,1.0
CRESY,S6KYTP-R,2022-10,USD,5.09203,120000.0,636000.0,1.0
CRESY,S6KYTP-R,2022-11,USD,5.75494,120000.0,718800.0,1.0
CRESY,S6KYTP-R,2022-12,USD,6.42747,120000.0,802800.0,1.0
TOBII.ST,SJ6JSD-R,2019-08,SEK,26.7742,24000.0,9305.74517513931,0.10232723504304886
TOBII.ST,SJ6JSD-R,2019-09,SEK,26.2554,24000.0,9092.57620912671,0.10222230851650238
TOBII.ST,SJ6JSD-R,2019-10,SEK,26.3275,24000.0,9438.383067297937,0.1036902368068695
TOBII.ST,SJ6JSD-R,2019-11,SEK,26.6589,45000.0,18216.69350029528,0.10472849011421204
TOBII.ST,SJ6JSD-R,2019-12,SEK,27.0624,45000.0,19409.076158076525,0.10701276361942291
TOBII.ST,SJ6JSD-R,2020-01,SEK,28.0135,45000.0,18828.229359716177,0.10372582823038101
TOBII.ST,SJ6JSD-R,2020-02,SEK,29.3536,70000.0,30446.457071697707,0.1035071313381195
TOBII.ST,SJ6JSD-R,2020-03,SEK,18.5892,70000.0,18179.52266783714,0.09973251819610596
TOBII.ST,SJ6JSD-R,2020-04,SEK,19.8861,70000.0,20100.500350350143,0.1016179621219635
TOBII.ST,SJ6JSD-R,2020-05,SEK,22.9122,100000.0,35483.053463339806,0.10509169101715088
TOBII.ST,SJ6JSD-R,2020-06,SEK,25.8375,100000.0,41284.54692257941,0.10725989192724228
TOBII.ST,SJ6JSD-R,2020-07,SEK,25.679,100000.0,46952.115708202124,0.11519277840852737
TOBII.ST,SJ6JSD-R,2020-08,SEK,37.5386,100000.0,70111.6604411155,0.11606718599796295
TOBII.ST,SJ6JSD-R,2020-09,SEK,38.151,70000.0,46191.18765899539,0.11153681576251984
TOBII.ST,SJ6JSD-R,2020-10,SEK,32.9273,70000.0,40316.73937824145,0.1121804341673851
TOBII.ST,SJ6JSD-R,2020-11,SEK,39.484,70000.0,52804.3872698456,0.11769150197505951
TOBII.ST,SJ6JSD-R,2020-12,SEK,40.7809,70000.0,59108.960663686696,0.12211845815181732
TOBII.ST,SJ6JSD-R,2021-01,SEK,38.6194,70000.0,53979.70510950312,0.11985089629888535
TOBII.ST,SJ6JSD-R,2021-02,SEK,44.3835,70000.0,61813.246070910245,0.1204167827963829
TOBII.ST,SJ6JSD-R,2021-03,SEK,44.9239,70000.0,57437.25375755579,0.11470744758844376
TOBII.ST,SJ6JSD-R,2021-04,SEK,51.8768,70000.0,71241.86967336536,0.11952443420886993
TOBII.ST,SJ6JSD-R,2021-05,SEK,46.0046,40000.0,37066.45850091576,0.12034548819065094
TOBII.ST,SJ6JSD-R,2021-06,SEK,47.7338,40000.0,36377.97678847015,0.11739996820688248
TOBII.ST,SJ6JSD-R,2021-07,SEK,49.2829,60000.0,55776.99531541765,0.1169373169541359
TOBII.ST,SJ6JSD-R,2021-08,SEK,49.1028,90000.0,82323.3982031107,0.11594740301370621
TOBII.ST,SJ6JSD-R,2021-09,SEK,42.9064,90000.0,69668.29819523692,0.11372269690036774
TOBII.ST,SJ6JSD-R,2021-10,SEK,44.7437,90000.0,76594.34902261198,0.11770092695951462
TOBII.ST,SJ6JSD-R,2021-11,SEK,51.5165,90000.0,78257.12883130834,0.11035894602537155
TOBII.ST,SJ6JSD-R,2021-12,SEK,26.4572,90000.0,40347.44671655371,0.11053619533777237
TOBII.ST,SJ6JSD-R,2022-01,SEK,23.186,90000.0,32930.911538835615,0.10613244026899338
TOBII.ST,SJ6JSD-R,2022-02,SEK,21.7018,120000.0,40173.722769159074,0.10490460693836212
TOBII.ST,SJ6JSD-R,2022-03,SEK,22.5952,96000.0,34977.865718121524,0.10827655345201492
TOBII.ST,SJ6JSD-R,2022-04,SEK,18.8197,96000.0,25906.70899497986,0.10118088126182556
TOBII.ST,SJ6JSD-R,2022-05,SEK,17.0761,120000.0,29825.134483820202,0.10260145366191864
TOBII.ST,SJ6JSD-R,2022-06,SEK,12.7242,120000.0,20238.752101421356,0.0978647917509079
TOBII.ST,SJ6JSD-R,2022-07,SEK,19.0071,120000.0,30426.739007234573,0.09799271821975708
TOBII.ST,SJ6JSD-R,2022-08,SEK,17.2202,120000.0,25280.616483360525,0.09372897446155548
TOBII.ST,SJ6JSD-R,2022-09,SEK,14.2589,120000.0,19214.326229810715,0.0897892564535141
TOBII.ST,SJ6JSD-R,2022-10,SEK,13.1709,120000.0,18102.36118450463,0.09119228273630142
TOBII.ST,SJ6JSD-R,2022-11,SEK,12.0397,120000.0,17749.358925622702,0.09439260512590408
TOBII.ST,SJ6JSD-R,2022-12,SEK,12.0469,120000.0,18423.06834933758,0.09567363560199738
ALK-B.CO,SJKQMD-R,2018-05,DKK,51.6,110.0,2790.5276747234166,0.15674717724323273
ALK-B.CO,SJKQMD-R,2018-06,DKK,53.3,110.0,2850.7981437702383,0.1551455557346344
ALK-B.CO,SJKQMD-R,2018-07,DKK,59.2,550.0,16077.934248637519,0.1572055071592331
ALK-B.CO,SJKQMD-R,2018-08,DKK,58.3,550.0,15658.255335295042,0.15645070374011993
ALK-B.CO,SJKQMD-R,2018-09,DKK,53.6,550.0,14332.513888718328,0.1560714989900589
ALK-B.CO,SJKQMD-R,2018-10,DKK,52.8,550.0,13412.946795176094,0.15206651389598846
ALK-B.CO,SJKQMD-R,2018-11,DKK,45.55,550.0,11606.693662487865,0.15268807113170624
ALK-B.CO,SJKQMD-R,2018-12,DKK,48.0,550.0,12387.221901283561,0.15321210026741028
ALK-B.CO,SJKQMD-R,2019-01,DKK,50.2,550.0,13057.370148199238,0.15386272966861725
ALK-B.CO,SJKQMD-R,2019-02,DKK,51.4,550.0,13161.795145060778,0.15252923965454102
ALK-B.CO,SJKQMD-R,2019-03,DKK,55.0,550.0,13689.359839499653,0.1504392772912979
ALK-B.CO,SJKQMD-R,2019-04,DKK,56.55,550.0,13990.582134293436,0.1498277634382248
ALK-B.CO,SJKQMD-R,2019-05,DKK,76.9,550.0,18808.904722959043,0.14905261993408203
ALK-B.CO,SJKQMD-R,2019-06,DKK,76.5,550.0,19562.846134039195,0.15236470103263855
ALK-B.CO,SJKQMD-R,2019-07,DKK,76.35,550.0,18710.063125639736,0.14940983057022095
ALK-B.CO,SJKQMD-R,2019-08,DKK,68.45,550.0,16497.36674425809,0.1483459323644638
ALK-B.CO,SJKQMD-R,2019-09,DKK,70.45,550.0,16584.63982537915,0.146565243601799
ALK-B.CO,SJKQMD-R,2019-10,DKK,71.95,550.0,17645.8058794509,0.14928202331066132
ALK-B.CO,SJKQMD-R,2019-11,DKK,83.3,550.0,19929.533419798227,0.14738675951957703
ALK-B.CO,SJKQMD-R,2019-12,DKK,81.75,550.0,20219.8479806937,0.1499338001012802
ALK-B.CO,SJKQMD-R,2020-01,DKK,90.0,550.0,21668.92524298504,0.14759711921215057
ALK-B.CO,SJKQMD-R,2020-02,DKK,86.25,550.0,20524.92935264551,0.14717699587345123
ALK-B.CO,SJKQMD-R,2020-03,DKK,77.1,1000.0,33491.0882256043,0.14770829677581787
ALK-B.CO,SJKQMD-R,2020-04,DKK,86.7,1000.0,37132.830451931804,0.14584700763225555
ALK-B.CO,SJKQMD-R,2020-05,DKK,89.25,1000.0,39594.83396495819,0.14863479137420654
ALK-B.CO,SJKQMD-R,2020-06,DKK,88.55,1000.0,40277.640802281356,0.15092061460018158
ALK-B.CO,SJKQMD-R,2020-07,DKK,89.0,1000.0,45073.24415806174,0.15949471294879913
ALK-B.CO,SJKQMD-R,2020-08,DKK,105.5,1000.0,54287.22824442863,0.1601511836051941
ALK-B.CO,SJKQMD-R,2020-09,DKK,104.9,1000.0,52121.17623735532,0.157698854804039
ALK-B.CO,SJKQMD-R,2020-10,DKK,106.6,1000.0,52323.98143977598,0.15686027705669403
ALK-B.CO,SJKQMD-R,2020-11,DKK,110.4,1000.0,57077.35054546892,0.16085317730903625
ALK-B.CO,SJKQMD-R,2020-12,DKK,125.0,1000.0,68331.839280864,0.16529881954193115
ALK-B.CO,SJKQMD-R,2021-01,DKK,120.4,1000.0,64107.09531435669,0.162983238697052
ALK-B.CO,SJKQMD-R,2021-02,DKK,129.9,1000.0,69348.65602629662,0.16352856159210205
ALK-B.CO,SJKQMD-R,2021-03,DKK,120.5,1990.0,119466.83104644653,0.15763050317764282
ALK-B.CO,SJKQMD-R,2021-04,DKK,134.1,1990.0,141764.04137225385,0.16307096183300018
ALK-B.CO,SJKQMD-R,2021-05,DKK,136.0,1990.0,145862.0392755326,0.16392098367214203
ALK-B.CO,SJKQMD-R,2021-06,DKK,149.6,1390.0,106147.27732095074,0.16004352271556854
ALK-B.CO,SJKQMD-R,2021-07,DKK,154.6,1390.0,109539.94588151555,0.1598772257566452
ALK-B.CO,SJKQMD-R,2021-08,DKK,153.9,1190.0,92255.40813866242,0.15867425501346588
ALK-B.CO,SJKQMD-R,2021-09,DKK,134.9,1190.0,78074.38174565314,0.156023770570755
ALK-B.CO,SJKQMD-R,2021-10,DKK,139.4,2790.0,190035.7526329523,0.1570499688386917
ALK-B.CO,SJKQMD-R,2021-11,DKK,164.8,2790.0,211354.54577008376,0.15185683965682983
ALK-B.CO,SJKQMD-R,2021-12,DKK,171.5,2790.0,222003.31394335075,0.15224754810333252
ALK-B.CO,SJKQMD-R,2022-01,DKK,139.3,2790.0,175471.93660333732,0.14983518421649933
ALK-B.CO,SJKQMD-R,2022-02,DKK,126.8,2790.0,160521.96698131048,0.15024715662002563
ALK-B.CO,SJKQMD-R,2022-03,DKK,149.44,40223.8315466301,134936.9811079119,0.15007375180721283
ALK-B.CO,SJKQMD-R,2022-04,DKK,155.25,40223.8315466301,124993.57343743157,0.1411372870206833
ALK-B.CO,SJKQMD-R,2022-05,DKK,138.24,40223.8315466301,115947.58183441403,0.14481504261493683
ALK-B.CO,SJKQMD-R,2022-06,DKK,123.2,40223.8315466301,97824.0236050608,0.1404188722372055
ALK-B.CO,SJKQMD-R,2022-07,DKK,145.0,40223.8315466301,109382.27381265479,0.1369394063949585
ALK-B.CO,SJKQMD-R,2022-08,DKK,138.1,40223.8315466301,101234.60022325684,0.13479268550872803
ALK-B.CO,SJKQMD-R,2022-09,DKK,120.8,40223.8315466301,84621.61433973376,0.1321803629398346
ACSO.L,SRS2M0-R,2018-04,GBP,21.6899,100.0,4153.900119347095,1.37710702419281
ACSO.L,SRS2M0-R,2018-05,GBP,25.8496,400.0,18453.51096335268,1.328356385231018
ACSO.L,SRS2M0-R,2018-06,GBP,24.9582,400.0,17400.555751190182,1.3075141906738281
ACSO.L,SRS2M0-R,2018-07,GBP,26.7905,2000.0,93216.4441335106,1.3135426044464111
ACSO.L,SRS2M0-R,2018-08,GBP,27.4342,2000.0,93687.26740501402,1.301100730895996
ACSO.L,SRS2M0-R,2018-09,GBP,29.0189,2000.0,99944.18681170464,1.3078734874725342
ACSO.L,SRS2M0-R,2018-10,GBP,20.1052,2000.0,65929.52143152237,1.2708903551101685
ACSO.L,SRS2M0-R,2018-11,GBP,14.9551,2000.0,49261.29144239902,1.2784454822540283
ACSO.L,SRS2M0-R,2018-12,GBP,14.3609,2000.0,46882.96434326171,1.269357681274414
ACSO.L,SRS2M0-R,2019-01,GBP,14.1628,2000.0,49349.23391474724,1.3117163181304932
ACSO.L,SRS2M0-R,2019-02,GBP,8.35902,2000.0,29902.21776007652,1.3318239450454712
ACSO.L,SRS2M0-R,2019-03,GBP,8.57691,2000.0,29467.05776027441,1.30565345287323
ACSO.L,SRS2M0-R,2019-04,GBP,8.41844,2000.0,28660.898932728767,1.2932428121566772
ACSO.L,SRS2M0-R,2019-05,GBP,7.62612,2000.0,24475.638641824724,1.2609704732894897
ACSO.L,SRS2M0-R,2019-06,GBP,6.83379,2000.0,22265.79608234167,1.267748475074768
ACSO.L,SRS2M0-R,2019-07,GBP,10.2012,2000.0,30676.038170166015,1.2161602973937988
ACSO.L,SRS2M0-R,2019-08,GBP,9.01269,2000.0,27011.211555712223,1.218650221824646
ACSO.L,SRS2M0-R,2019-09,GBP,8.57691,2000.0,26237.84747131348,1.2293167114257812
ACSO.L,SRS2M0-R,2019-10,GBP,5.74435,2000.0,19366.0100271225,1.290172815322876
ACSO.L,SRS2M0-R,2020-06,GBP,2.85,50000.0,216755.92857456207,1.2310571670532227
ACSO.L,SRS2M0-R,2020-07,GBP,2.65,75000.0,342190.9498940706,1.311785101890564
ACSO.L,SRS2M0-R,2020-08,GBP,2.625,75000.0,350546.60367152095,1.3356484174728394
ACSO.L,SRS2M0-R,2020-09,GBP,2.975,75000.0,371142.92738342285,1.2866535186767578
ACSO.L,SRS2M0-R,2020-10,GBP,2.75,75000.0,344870.22573798895,1.2931926250457764
ACSO.L,SRS2M0-R,2020-11,GBP,3.75,75000.0,500590.61497378343,1.333191156387329
ACSO.L,SRS2M0-R,2020-12,GBP,4.75,75000.0,663780.2413638532,1.36306631565094
ACSO.L,SRS2M0-R,2021-01,GBP,4.2,75000.0,593686.2427682877,1.3725008964538574
ACSO.L,SRS2M0-R,2021-02,GBP,5.5,75000.0,807872.9170516133,1.4008152484893799
ACSO.L,SRS2M0-R,2021-03,GBP,6.35,75000.0,903268.2509198785,1.3746649026870728
ACSO.L,SRS2M0-R,2021-04,GBP,6.75,75000.0,977993.9285328984,1.3952839374542236
ACSO.L,SRS2M0-R,2021-05,GBP,6.6,75000.0,995229.3523693085,1.4180374145507812
ACSO.L,SRS2M0-R,2021-06,GBP,5.9,75000.0,846194.951760918,1.3842746019363403
ACSO.L,SRS2M0-R,2021-07,GBP,6.2,75000.0,902812.0445842445,1.3964334726333618
ACSO.L,SRS2M0-R,2021-08,GBP,7.62,75000.0,1082296.5050802827,1.376045823097229
ACSO.L,SRS2M0-R,2021-09,GBP,9.15,75000.0,1242353.7504440546,1.3426424264907837
ACSO.L,SRS2M0-R,2021-10,GBP,8.86,100000.0,1676076.4505010843,1.380071759223938
ACSO.L,SRS2M0-R,2021-11,GBP,8.24,100000.0,1451542.5145139694,1.3315047025680542
ACSO.L,SRS2M0-R,2021-12,GBP,8.18,100000.0,1495538.7416648865,1.349837303161621
ACSO.L,SRS2M0-R,2022-01,GBP,7.5,100000.0,1348698.519438386,1.3403388261795044
ACSO.L,SRS2M0-R,2022-02,GBP,7.58,100000.0,1360124.9018731117,1.337327480316162
ACSO.L,SRS2M0-R,2022-03,GBP,8.4,80000.0,1162513.2404651642,1.3138878345489502
ACSO.L,SRS2M0-R,2022-04,GBP,7.42,80000.0,928887.2069415093,1.2463854551315308
ACSO.L,SRS2M0-R,2022-05,GBP,6.84,80000.0,872184.0848016739,1.2647020816802979
ACSO.L,SRS2M0-R,2022-06,GBP,6.14,80000.0,723707.4533226013,1.2131799459457397
ACSO.L,SRS2M0-R,2022-07,GBP,6.1,80000.0,722916.7776920319,1.2173447608947754
ACSO.L,SRS2M0-R,2022-08,GBP,5.8,80000.0,629522.9803787231,1.1659767627716064
ACSO.L,SRS2M0-R,2022-09,GBP,5.42,80000.0,540632.2065553665,1.1169440746307373
ACSO.L,SRS2M0-R,2022-10,GBP,6.2,80000.0,662209.4600444793,1.159595012664795
ACSO.L,SRS2M0-R,2022-11,GBP,7.92,50000.0,563409.7622233033,1.1946860551834106
ACSO.L,SRS2M0-R,2022-12,GBP,8.28,40000.0,480324.54460048676,1.2056326866149902
RKUNY,SSMH3Y-R,2018-08,USD,7.665,10000.0,76650.0,1.0
RKUNY,SSMH3Y-R,2018-09,USD,7.667,10000.0,76670.0,1.0
RKUNY,SSMH3Y-R,2018-10,USD,6.77,10000.0,67700.0,1.0
RKUNY,SSMH3Y-R,2018-11,USD,8.049,10000.0,80490.0,1.0
RKUNY,SSMH3Y-R,2018-12,USD,6.708,10000.0,67080.0,1.0
RKUNY,SSMH3Y-R,2019-01,USD,7.526,10000.0,75260.0,1.0
RKUNY,SSMH3Y-R,2019-02,USD,7.869,10000.0,78690.0,1.0
RKUNY,SSMH3Y-R,2019-03,USD,9.468,10000.0,94680.0,1.0
RKUNY,SSMH3Y-R,2019-04,USD,11.089,10000.0,110890.0,1.0
RKUNY,SSMH3Y-R,2019-05,USD,10.454,10000.0,104540.0,1.0
RKUNY,SSMH3Y-R,2019-06,USD,11.881,10000.0,118810.0,1.0
RKUNY,SSMH3Y-R,2019-07,USD,10.279,10000.0,102790.0,1.0
RKUNY,SSMH3Y-R,2019-08,USD,9.431,10000.0,94309.99999999999,1.0
RKUNY,SSMH3Y-R,2019-09,USD,9.854,10000.0,98539.99999999999,1.0
RKUNY,SSMH3Y-R,2019-10,USD,9.602,10000.0,96020.0,1.0
RKUNY,SSMH3Y-R,2019-11,USD,8.666,10000.0,86660.0,1.0
RKUNY,SSMH3Y-R,2019-12,USD,8.604,10000.0,86039.99999999999,1.0
RKUNY,SSMH3Y-R,2020-01,USD,7.898,10000.0,78980.0,1.0
RKUNY,SSMH3Y-R,2020-02,USD,8.372,10000.0,83720.0,1.0
RKUNY,SSMH3Y-R,2020-03,USD,7.596,10000.0,75960.0,1.0
RKUNY,SSMH3Y-R,2020-04,USD,8.566,10000.0,85660.0,1.0
RKUNY,SSMH3Y-R,2020-05,USD,9.059,10000.0,90590.0,1.0
RKUNY,SSMH3Y-R,2020-06,USD,8.787,10000.0,87870.00000000001,1.0
RKUNY,SSMH3Y-R,2020-07,USD,9.127,10000.0,91270.0,1.0
RKUNY,SSMH3Y-R,2020-08,USD,8.798,10000.0,87980.0,1.0
RKUNY,SSMH3Y-R,2020-09,USD,10.727,10000.0,107270.0,1.0
RKUNY,SSMH3Y-R,2020-10,USD,9.709,10000.0,97090.0,1.0
RKUNY,SSMH3Y-R,2020-11,USD,11.211,10000.0,112110.0,1.0
RKUNY,SSMH3Y-R,2020-12,USD,9.628,10000.0,96280.0,1.0
RKUNY,SSMH3Y-R,2021-01,USD,9.829,10000.0,98290.0,1.0
RKUNY,SSMH3Y-R,2021-02,USD,11.179,10000.0,111790.0,1.0
RKUNY,SSMH3Y-R,2021-03,USD,11.937,10000.0,119370.0,1.0
RKUNY,SSMH3Y-R,2021-04,USD,12.708,10000.0,127080.0,1.0
2146.T,SXD4G8-R,2019-05,JPY,166.868,2000.0,421.6134320981056,0.009144362062215805
2146.T,SXD4G8-R,2019-06,JPY,174.334,3000.0,675.7883884979691,0.009281001053750515
2146.T,SXD4G8-R,2019-07,JPY,161.401,3000.0,616.1811232473236,0.009211326949298382
INRN.SW,TLX4L7-R,2018-07,CHF,1770.0,40.0,72377.89191539164,1.01206374168396
INRN.SW,TLX4L7-R,2018-08,CHF,2005.0,40.0,85616.7045645687,1.032417893409729
INRN.SW,TLX4L7-R,2018-09,CHF,1914.0,40.0,80225.16355923386,1.0235624313354492
INRN.SW,TLX4L7-R,2018-10,CHF,1864.0,70.0,129069.33497624539,0.9950248599052429
INRN.SW,TLX4L7-R,2018-11,CHF,1768.0,70.0,124350.33455020182,1.0041168928146362
INRN.SW,TLX4L7-R,2018-12,CHF,1452.0,70.0,104977.58816906333,1.0166734457015991
INRN.SW,TLX4L7-R,2019-01,CHF,1798.0,70.0,127692.21576798495,1.0065425634384155
INRN.SW,TLX4L7-R,2019-02,CHF,1774.0,70.0,124591.39109530678,0.9995002746582031
INRN.SW,TLX4L7-R,2019-03,CHF,2020.0,70.0,142719.9811045711,1.0051968097686768
INRN.SW,TLX4L7-R,2019-04,CHF,2225.0,70.0,149951.858964255,0.9810654520988464
INRN.SW,TLX4L7-R,2019-05,CHF,2125.0,70.0,146871.46483783453,0.9931473135948181
INRN.SW,TLX4L7-R,2019-06,CHF,2455.0,70.0,180470.39404312562,1.023908257484436
INRN.SW,TLX4L7-R,2019-07,CHF,2020.0,70.0,144314.72664682244,1.0104072093963623
INRN.SW,TLX4L7-R,2019-08,CHF,1834.0,70.0,131617.8225992095,1.014404535293579
INRN.SW,TLX4L7-R,2019-09,CHF,1850.0,70.0,131062.81110136693,1.009183645248413
INRN.SW,TLX4L7-R,2019-10,CHF,2040.0,70.0,146310.8370504326,1.011009931564331
INRN.SW,TLX4L7-R,2019-11,CHF,2155.0,70.0,151196.07927578516,1.0016427040100098
INRN.SW,TLX4L7-R,2019-12,CHF,2175.0,70.0,162318.1291302354,1.0323859453201294
INRN.SW,TLX4L7-R,2020-01,CHF,1886.0,70.0,141205.79613857245,1.0315552949905396
INRN.SW,TLX4L7-R,2020-02,CHF,1722.0,70.0,128548.3581818635,1.0322580337524414
INRN.SW,TLX4L7-R,2020-03,CHF,1600.0,70.0,120579.47972031687,1.0416667461395264
INRN.SW,TLX4L7-R,2020-04,CHF,1834.0,70.0,136580.33666009398,1.0267994403839111
INRN.SW,TLX4L7-R,2020-05,CHF,2100.0,70.0,158727.63087515417,1.0373444557189941
INRN.SW,TLX4L7-R,2020-06,CHF,1912.0,150.0,318253.8513305166,1.0514694452285767
INRN.SW,TLX4L7-R,2020-07,CHF,2150.0,150.0,390217.3419461793,1.1007153987884521
INRN.SW,TLX4L7-R,2020-08,CHF,2420.0,150.0,446139.65746906475,1.1066844463348389
INRN.SW,TLX4L7-R,2020-09,CHF,2325.0,150.0,412851.1372185488,1.0876185894012451
INRN.SW,TLX4L7-R,2020-10,CHF,2460.0,150.0,439847.33920857526,1.0925259590148926
INRN.SW,TLX4L7-R,2020-11,CHF,2585.0,150.0,473674.88707717624,1.1059132814407349
INRN.SW,TLX4L7-R,2020-12,CHF,2695.0,150.0,519369.93043986254,1.1343270540237427
INRN.SW,TLX4L7-R,2021-01,CHF,2935.0,100.0,371280.93407619925,1.1253544092178345
INRN.SW,TLX4L7-R,2021-02,CHF,2900.0,100.0,353739.4227488995,1.1042768955230713
INRN.SW,TLX4L7-R,2021-03,CHF,3340.0,100.0,376859.64485673135,1.0619205236434937
INRN.SW,TLX4L7-R,2021-04,CHF,3120.0,100.0,376332.8067940636,1.1001100540161133
INRN.SW,TLX4L7-R,2021-05,CHF,3590.0,100.0,443475.9779771118,1.1109752655029297
G5EN.ST,TSHCZT-R,2018-04,SEK,371.6,50.0,245.1170910534188,0.11534224450588226
G5EN.ST,TSHCZT-R,2018-05,SEK,572.0,200.0,1469.970779265359,0.11348200589418411
G5EN.ST,TSHCZT-R,2018-06,SEK,446.4,400.0,2210.057671343684,0.11072566360235214
G5EN.ST,TSHCZT-R,2018-07,SEK,409.4,2000.0,10646.68514055133,0.11424967646598816
G5EN.ST,TSHCZT-R,2018-08,SEK,346.0,2000.0,8306.417926615923,0.10966932028532028
G5EN.ST,TSHCZT-R,2018-09,SEK,305.0,2000.0,7748.780385975093,0.11296958476305008
G5EN.ST,TSHCZT-R,2018-10,SEK,261.8,2000.0,6247.861911140978,0.10905957967042923
4755.T,TTK7NN-R,2019-08,JPY,1001.0,5000.0,443.004349374678,0.00939514022320509
4755.T,TTK7NN-R,2019-09,JPY,1065.0,5000.0,456.452894933708,0.009264063090085983
4755.T,TTK7NN-R,2019-10,JPY,1038.0,5000.0,441.30286810658873,0.009192105382680893
4755.T,TTK7NN-R,2019-11,JPY,949.0,5000.0,395.6589268872514,0.009131419472396374
4755.T,TTK7NN-R,2019-12,JPY,935.0,5000.0,393.9984961425886,0.009185013361275196
4755.T,TTK7NN-R,2020-01,JPY,856.0,5000.0,362.6923016489949,0.009184676222503185
4755.T,TTK7NN-R,2020-02,JPY,903.0,5000.0,381.7061783527956,0.009119095280766487
4755.T,TTK7NN-R,2020-03,JPY,820.0,5000.0,351.5416297506541,0.00925625953823328
4755.T,TTK7NN-R,2020-04,JPY,916.0,5000.0,401.74232468009,0.009379982948303223
4755.T,TTK7NN-R,2020-05,JPY,976.0,15000.0,1262.404902609391,0.009289967827498913
4755.T,TTK7NN-R,2020-06,JPY,948.0,15000.0,1225.0855419691184,0.009294544346630573
4755.T,TTK7NN-R,2020-07,JPY,965.0,15000.0,1307.8083075757138,0.009552649222314358
4755.T,TTK7NN-R,2020-08,JPY,933.0,15000.0,1250.5069076567888,0.009475529193878174
4755.T,TTK7NN-R,2020-09,JPY,1132.0,15000.0,1522.7717104178387,0.009463961236178875
4755.T,TTK7NN-R,2020-10,JPY,1015.0,15000.0,1392.9452004767954,0.009564435109496117
4755.T,TTK7NN-R,2020-11,JPY,1169.0,15000.0,1615.6598302141763,0.009607809595763683
4755.T,TTK7NN-R,2020-12,JPY,994.0,15000.0,1400.429618461244,0.00969734601676464
4755.T,TTK7NN-R,2021-01,JPY,1029.0,15000.0,1413.6239474939648,0.009588555432856083
4755.T,TTK7NN-R,2021-02,JPY,1191.0,35000.0,3677.9957866170444,0.009400351904332638
4755.T,TTK7NN-R,2021-03,JPY,1319.0,35000.0,3787.523326969007,0.009065772406756878
4755.T,TTK7NN-R,2021-04,JPY,1389.0,35000.0,4084.0060800123965,0.00918239913880825
4755.T,TTK7NN-R,2021-05,JPY,1255.0,35000.0,3653.3309910268053,0.009098601527512074
4755.T,TTK7NN-R,2021-06,JPY,1254.0,35000.0,3577.519972595945,0.009046907536685467
4755.T,TTK7NN-R,2021-07,JPY,1203.0,35000.0,3506.5198063910007,0.00914001651108265
4755.T,TTK7NN-R,2021-08,JPY,1152.0,65000.0,6199.470042695803,0.009095539338886738
4755.T,TTK7NN-R,2021-09,JPY,1081.0,65000.0,5626.034085784573,0.008933676406741142
4755.T,TTK7NN-R,2021-10,JPY,1250.0,90000.0,8683.864433606901,0.008801577612757683
4755.T,TTK7NN-R,2021-11,JPY,1161.0,90000.0,8086.286499412917,0.008787036873400211
4755.T,TTK7NN-R,2021-12,JPY,1154.0,90000.0,7838.446564646066,0.008690890856087208
4755.T,TTK7NN-R,2022-01,JPY,991.0,60000.0,4477.048849913478,0.008675886318087578
4755.T,TTK7NN-R,2022-02,JPY,974.0,60000.0,4389.860519450158,0.008651642128825188
4755.T,TTK7NN-R,2022-03,JPY,967.0,58700.0,3832.6620722494126,0.008195310831069946
4755.T,TTK7NN-R,2022-04,JPY,918.0,58700.0,3144.238012270764,0.00764461699873209
4755.T,TTK7NN-R,2022-05,JPY,724.0,58700.0,2585.2779270286524,0.007825706154108047
4755.T,TTK7NN-R,2022-06,JPY,612.0,58700.0,1935.966632139422,0.00732123339548707
4755.T,TTK7NN-R,2022-07,JPY,655.0,58700.0,2140.527473517076,0.007440641988068819
4755.T,TTK7NN-R,2022-08,JPY,676.0,58700.0,2063.2923166292744,0.007208038587123156
4755.T,TTK7NN-R,2022-09,JPY,621.0,58700.0,1743.6741634051223,0.006923721171915531
4755.T,TTK7NN-R,2022-10,JPY,666.0,58700.0,1779.4346238790454,0.006765350699424744
4755.T,TTK7NN-R,2022-11,JPY,653.0,58700.0,1979.8627183775213,0.007207467220723629
4755.T,TTK7NN-R,2022-12,JPY,596.0,58700.0,1994.8664110057887,0.007523548789322376
NTR,TW27V9-R,2022-04,USD,98.7755,7000.0,687750.0,1.0
NTR,TW27V9-R,2022-05,USD,97.727,7000.0,680330.0,1.0
NTR,TW27V9-R,2022-06,USD,79.4682,7000.0,557830.0,1.0
NTR,TW27V9-R,2022-07,USD,85.5504,7000.0,599620.0,1.0
NTR,TW27V9-R,2022-08,USD,92.0663,7000.0,642390.0,1.0
NTR,TW27V9-R,2022-09,USD,83.8397,7000.0,583660.0,1.0
NTR,TW27V9-R,2022-10,USD,84.3884,7000.0,591500.0,1.0
NTR,TW27V9-R,2022-11,USD,79.7448,7000.0,562800.0,1.0
NTR,TW27V9-R,2022-12,USD,72.9547,7000.0,511210.0,1.0
BOOZT.ST,TY2YK8-R,2018-04,SEK,78.8,600.0,623.7429454646409,0.11534224450588226
BOOZT.ST,TY2YK8-R,2018-05,SEK,75.0,2000.0,1927.4101630684731,0.11348200589418411
BOOZT.ST,TY2YK8-R,2018-06,SEK,72.8,2000.0,1802.108894420266,0.11072566360235214
BOOZT.ST,TY2YK8-R,2018-07,SEK,79.5,10000.0,10337.219326901435,0.11424967646598816
BOOZT.ST,TY2YK8-R,2018-08,SEK,81.7,10000.0,9806.84995855391,0.10966932028532028
BOOZT.ST,TY2YK8-R,2018-09,SEK,75.0,10000.0,9527.188258365542,0.11296958476305008
BOOZT.ST,TY2YK8-R,2018-10,SEK,72.3,15000.0,12940.80251049176,0.10905957967042923
BOOZT.ST,TY2YK8-R,2018-11,SEK,58.0,15000.0,10546.43637206331,0.11032656580209732
BOOZT.ST,TY2YK8-R,2018-12,SEK,45.25,15000.0,8414.372093119473,0.11135733872652054
BOOZT.ST,TY2YK8-R,2019-01,SEK,54.3,15000.0,9967.593362096697,0.11071745306253433
BOOZT.ST,TY2YK8-R,2019-02,SEK,62.1,15000.0,10893.606586933136,0.10795021057128906
BOOZT.ST,TY2YK8-R,2019-03,SEK,67.0,15000.0,11668.984361327068,0.10769479721784592
BOOZT.ST,TY2YK8-R,2019-04,SEK,79.9,15000.0,13256.227459522337,0.1051516979932785
BOOZT.ST,TY2YK8-R,2019-05,SEK,54.1,15000.0,8943.376401203872,0.1048872172832489
BOOZT.ST,TY2YK8-R,2019-06,SEK,51.0,15000.0,8896.35318801999,0.10789814591407776
BOOZT.ST,TY2YK8-R,2019-07,SEK,54.3,20000.0,11836.323890160025,0.10455580800771713
BOOZT.ST,TY2YK8-R,2019-08,SEK,60.3,20000.0,12583.773591206967,0.10232723504304886
BOOZT.ST,TY2YK8-R,2019-09,SEK,67.9,20000.0,14118.781696605682,0.10222230851650238
BOOZT.ST,TY2YK8-R,2019-10,SEK,64.4,20000.0,13862.244068473577,0.1036902368068695
BOOZT.ST,TY2YK8-R,2019-11,SEK,53.0,20000.0,11597.423538267612,0.10472849011421204
BOOZT.ST,TY2YK8-R,2019-12,SEK,53.0,20000.0,12172.295213207603,0.10701276361942291
BOOZT.ST,TY2YK8-R,2020-01,SEK,46.45,40000.0,19994.771514326334,0.10372582823038101
BOOZT.ST,TY2YK8-R,2020-02,SEK,52.4,40000.0,22377.3723353982,0.1035071313381195
BOOZT.ST,TY2YK8-R,2020-03,SEK,40.0,40000.0,16105.844256496428,0.09973251819610596
BOOZT.ST,TY2YK8-R,2020-04,SEK,60.4,40000.0,25136.056521749495,0.1016179621219635
BOOZT.ST,TY2YK8-R,2020-05,SEK,69.4,40000.0,30975.103340482714,0.10509169101715088
BOOZT.ST,TY2YK8-R,2020-06,SEK,91.8,40000.0,42274.684436938165,0.10725989192724228
BOOZT.ST,TY2YK8-R,2020-07,SEK,93.1,40000.0,49059.95924463272,0.11519277840852737
BOOZT.ST,TY2YK8-R,2020-08,SEK,129.6,40000.0,69761.81072908045,0.11606718599796295
BOOZT.ST,TY2YK8-R,2020-09,SEK,124.8,40000.0,62211.354351145026,0.11153681576251984
BOOZT.ST,TY2YK8-R,2020-10,SEK,143.8,40000.0,72491.98374678493,0.1121804341673851
BOOZT.ST,TY2YK8-R,2020-11,SEK,162.0,29800.0,66454.27309027742,0.11769150197505951
BOOZT.ST,TY2YK8-R,2020-12,SEK,186.8,29800.0,83048.5141551811,0.12211845815181732
BOOZT.ST,TY2YK8-R,2021-01,SEK,166.6,29800.0,71426.41973927885,0.11985089629888535
BOOZT.ST,TY2YK8-R,2021-02,SEK,176.2,29800.0,75270.48528571281,0.1204167827963829
BOOZT.ST,TY2YK8-R,2021-03,SEK,182.2,29800.0,71453.57793434669,0.11470744758844376
BOOZT.ST,TY2YK8-R,2021-04,SEK,197.1,29800.0,83024.71796216244,0.11952443420886993
BOOZT.ST,TY2YK8-R,2021-05,SEK,196.4,29800.0,84941.08728970858,0.12034548819065094
BOOZT.ST,TY2YK8-R,2021-06,SEK,188.0,29800.0,76907.17465834698,0.11739996820688248
BOOZT.ST,TY2YK8-R,2021-07,SEK,185.3,39800.0,100231.92689063751,0.1169373169541359
BOOZT.ST,TY2YK8-R,2021-08,SEK,175.9,39800.0,93964.56430843762,0.11594740301370621
BOOZT.ST,TY2YK8-R,2021-09,SEK,145.1,59800.0,112792.38587647495,0.11372269690036774
BOOZT.ST,TY2YK8-R,2021-10,SEK,144.7,59800.0,118585.68223804889,0.11770092695951462
BOOZT.ST,TY2YK8-R,2021-11,SEK,171.6,59800.0,124794.03477632637,0.11035894602537155
BOOZT.ST,TY2YK8-R,2021-12,SEK,183.8,59800.0,134291.65641551005,0.11053619533777237
BOOZT.ST,TY2YK8-R,2022-01,SEK,173.5,49800.0,98243.66353113233,0.10613244026899338
BOOZT.ST,TY2YK8-R,2022-02,SEK,155.8,49800.0,86238.72272450682,0.10490460693836212
BOOZT.ST,TY2YK8-R,2022-03,SEK,121.1,39800.0,55998.15607783914,0.10827655345201492
BOOZT.ST,TY2YK8-R,2022-04,SEK,103.7,39800.0,42641.168337089184,0.10118088126182556
BOOZT.ST,TY2YK8-R,2022-05,SEK,99.0,39800.0,41320.99287924873,0.10260145366191864
BOOZT.ST,TY2YK8-R,2022-06,SEK,67.5,39800.0,25656.644054625034,0.0978647917509079
BOOZT.ST,TY2YK8-R,2022-07,SEK,71.35,39800.0,27294.648123033647,0.09799271821975708
BOOZT.ST,TY2YK8-R,2022-08,SEK,62.65,39800.0,21979.22143627554,0.09372897446155548
BOOZT.ST,TY2YK8-R,2022-09,SEK,57.8,39800.0,18612.73138758868,0.0897892564535141
BOOZT.ST,TY2YK8-R,2022-10,SEK,80.6,39800.0,26472.575807574067,0.09119228273630142
BOOZT.ST,TY2YK8-R,2022-11,SEK,113.0,39800.0,39809.57904319077,0.09439260512590408
BOOZT.ST,TY2YK8-R,2022-12,SEK,120.3,39800.0,43963.68765145737,0.09567363560199738
GVC.L,TY565Q-R,2020-10,GBP,9.662,20000.0,323116.33337836264,1.2931926250457764
GVC.L,TY565Q-R,2020-11,GBP,10.355,30000.0,552918.6345002174,1.333191156387329
GVC.L,TY565Q-R,2020-12,GBP,11.335,30000.0,633596.0237968683,1.36306631565094
GVC.L,TY565Q-R,2021-01,GBP,12.41,40000.0,935574.0200735091,1.3725008964538574
GVC.L,TY565Q-R,2021-02,GBP,14.13,40000.0,1106932.614247799,1.4008152484893799
GVC.L,TY565Q-R,2021-03,GBP,15.18,40000.0,1151631.020885706,1.3746649026870728
GVC.L,TY565Q-R,2021-04,GBP,16.915,40000.0,1307083.5748591423,1.3952839374542236
GVC.L,TY565Q-R,2021-05,GBP,16.495,40000.0,1326570.5980224612,1.4180374145507812
GVC.L,TY565Q-R,2021-06,GBP,17.455,40000.0,1335172.166966295,1.3842746019363403
GVC.L,TY565Q-R,2021-07,GBP,18.165,40000.0,1410716.752764845,1.3964334726333618
GVC.L,TY565Q-R,2021-08,GBP,19.33,40000.0,1464272.9275092604,1.376045823097229
GVC.L,TY565Q-R,2021-09,GBP,21.3,40000.0,1542419.5636980534,1.3426424264907837
GVC.L,TY565Q-R,2021-10,GBP,20.48,50000.0,1937134.964691162,1.380071759223938
GVC.L,TY565Q-R,2021-11,GBP,16.69,50000.0,1470039.1120896935,1.3315047025680542
GVC.L,TY565Q-R,2021-12,GBP,16.83,65000.0,2000054.4045376303,1.349837303161621
GVC.L,TY565Q-R,2022-01,GBP,15.91,65000.0,1859676.225227505,1.3403388261795044
GVC.L,TY565Q-R,2022-02,GBP,16.84,65000.0,1964105.521993375,1.337327480316162
GVC.L,TY565Q-R,2022-03,GBP,16.435,65000.0,1848041.1817466023,1.3138878345489502
GVC.L,TY565Q-R,2022-04,GBP,15.185,65000.0,1544533.3821728171,1.2463854551315308
GVC.L,TY565Q-R,2022-05,GBP,14.62,65000.0,1514687.3318971994,1.2647020816802979
GVC.L,TY565Q-R,2022-06,GBP,12.45,65000.0,1192305.3652058244,1.2131799459457397
GVC.L,TY565Q-R,2022-07,GBP,12.025,65000.0,1157888.7906313417,1.2173447608947754
GVC.L,TY565Q-R,2022-08,GBP,12.73,65000.0,1122626.8544096828,1.1659767627716064
GVC.L,TY565Q-R,2022-09,GBP,10.86,65000.0,880147.798115945,1.1169440746307373
GVC.L,TY565Q-R,2022-10,GBP,12.63,65000.0,1096050.0756670237,1.159595012664795
GVC.L,TY565Q-R,2022-11,GBP,14.02,65000.0,1296553.7094565511,1.1946860551834106
GVC.L,TY565Q-R,2022-12,GBP,13.215,65000.0,1245732.994277954,1.2056326866149902
STM,TZ751N-R,2018-05,USD,23.87,700.0,16709.0,1.0
STM,TZ751N-R,2018-06,USD,22.12,700.0,15484.0,1.0
STM,TZ751N-R,2018-07,USD,21.57,3500.0,75495.0,1.0
STM,TZ751N-R,2018-08,USD,20.69,3500.0,72415.0,1.0
STM,TZ751N-R,2018-09,USD,18.34,3500.0,64190.0,1.0
STM,TZ751N-R,2018-10,USD,15.23,3500.0,53305.0,1.0
STM,TZ751N-R,2018-11,USD,14.85,3500.0,51975.0,1.0
STM,TZ751N-R,2018-12,USD,13.88,3500.0,48580.0,1.0
STM,TZ751N-R,2019-01,USD,15.84,3500.0,55440.0,1.0
STM,TZ751N-R,2019-02,USD,16.36,3500.0,57260.0,1.0
STM,TZ751N-R,2019-03,USD,14.85,3500.0,51975.0,1.0
STM,TZ751N-R,2019-04,USD,18.35,3500.0,64225.00000000001,1.0
STM,TZ751N-R,2019-05,USD,15.04,3500.0,52640.0,1.0
STM,TZ751N-R,2019-06,USD,17.62,5500.0,96910.0,1.0
STM,TZ751N-R,2019-07,USD,18.25,10000.0,182500.0,1.0
STM,TZ751N-R,2019-08,USD,17.7,10000.0,177000.0,1.0
STM,TZ751N-R,2019-09,USD,19.34,10000.0,193400.0,1.0
STM,TZ751N-R,2019-10,USD,22.68,10000.0,226800.0,1.0
STM,TZ751N-R,2019-11,USD,24.37,10000.0,243700.0,1.0
STM,TZ751N-R,2019-12,USD,26.91,10000.0,269100.0,1.0
STM,TZ751N-R,2020-01,USD,27.85,10000.0,278500.0,1.0
STM,TZ751N-R,2020-02,USD,27.4,10000.0,274000.0,1.0
STM,TZ751N-R,2020-03,USD,21.37,10000.0,213700.0,1.0
STM,TZ751N-R,2020-04,USD,25.57,10000.0,255700.0,1.0
STM,TZ751N-R,2020-05,USD,24.85,10000.0,248500.0,1.0
STM,TZ751N-R,2020-06,USD,27.41,10000.0,274100.0,1.0
STM,TZ751N-R,2020-07,USD,27.94,10000.0,279400.0,1.0
STM,TZ751N-R,2020-08,USD,30.25,10000.0,302500.0,1.0
STM,TZ751N-R,2020-09,USD,30.69,10000.0,306900.0,1.0
STM,TZ751N-R,2020-10,USD,30.54,10000.0,305400.0,1.0
STM,TZ751N-R,2020-11,USD,39.65,10000.0,396500.0,1.0
STM,TZ751N-R,2020-12,USD,37.12,10000.0,371200.0,1.0
STM,TZ751N-R,2021-01,USD,39.95,10000.0,399500.0,1.0
STM,TZ751N-R,2021-02,USD,38.86,10000.0,388600.0,1.0
STM,TZ751N-R,2021-03,USD,38.33,10000.0,383300.0,1.0
STM,TZ751N-R,2021-04,USD,37.29,10000.0,372900.0,1.0
STM,TZ751N-R,2021-05,USD,37.34,10000.0,373400.00000000006,1.0
STM,TZ751N-R,2021-06,USD,36.38,10000.0,363800.0,1.0
STM,TZ751N-R,2021-07,USD,41.27,10000.0,412700.00000000006,1.0
STM,TZ751N-R,2021-08,USD,44.43,10000.0,444300.0,1.0
STM,TZ751N-R,2021-09,USD,43.63,10000.0,436300.0,1.0
STM,TZ751N-R,2021-10,USD,47.64,20000.0,952800.0,1.0
STM,TZ751N-R,2021-11,USD,48.54,20000.0,970800.0,1.0
IBAB.BR,V84K61-R,2019-08,EUR,16.0,6000.0,116946.90733909607,1.1061947345733643
IBAB.BR,V84K61-R,2019-09,EUR,15.78,6000.0,112950.87120368957,1.0942714214324951
IBAB.BR,V84K61-R,2019-10,EUR,14.3,10000.0,177956.38331480024,1.1154489517211914
IBAB.BR,V84K61-R,2019-11,EUR,13.81,10000.0,167675.1001892686,1.101176142692566
IBAB.BR,V84K61-R,2019-12,EUR,13.04,10000.0,163972.50519180298,1.120229721069336
IBAB.BR,V84K61-R,2020-01,EUR,10.38,10000.0,126869.38099546432,1.1029127836227417
IBAB.BR,V84K61-R,2020-02,EUR,8.865,10000.0,107088.37299041747,1.0997228622436523
IBAB.BR,V84K61-R,2020-03,EUR,7.88,10000.0,95373.05390188695,1.1030466556549072
IBAB.BR,V84K61-R,2020-04,EUR,7.57,8063.0,72718.46489418157,1.087725043296814
AIXA.DE,VBDWB1-R,2018-05,EUR,12.855,700.0,12255.219145018102,1.1667250394821167
AIXA.DE,VBDWB1-R,2018-06,EUR,11.1,1350.0,20230.268913039745,1.1562966108322144
AIXA.DE,VBDWB1-R,2018-07,EUR,12.305,6750.0,113776.01659528434,1.1707408428192139
AIXA.DE,VBDWB1-R,2018-08,EUR,10.76,6750.0,98572.24518896877,1.1664663553237915
PCELL.ST,VBY93Y-R,2020-07,SEK,255.0,5000.0,16796.846502917262,0.11519277840852737
PCELL.ST,VBY93Y-R,2020-08,SEK,237.0,5000.0,15946.714425350727,0.11606718599796295
SHOP,VC0Z7G-R,2018-04,USD,13.4178,60.0,8017.799999999999,1.0
SHOP,VC0Z7G-R,2018-05,USD,14.8265,210.0,31098.9,1.0
SHOP,VC0Z7G-R,2018-06,USD,14.5737,210.0,30636.899999999998,1.0
SHOP,VC0Z7G-R,2018-07,USD,13.9186,1050.0,145120.5,1.0
SHOP,VC0Z7G-R,2018-08,USD,14.5604,1050.0,152953.5,1.0
SHOP,VC0Z7G-R,2018-09,USD,16.4243,1050.0,172683.0,1.0
SHOP,VC0Z7G-R,2018-10,USD,13.8488,1050.0,145057.5,1.0
SHOP,VC0Z7G-R,2018-11,USD,15.2163,1050.0,160293.0,1.0
SHOP,VC0Z7G-R,2018-12,USD,13.8227,1050.0,145372.5,1.0
SHOP,VC0Z7G-R,2019-01,USD,16.8415,1050.0,176893.5,1.0
SHOP,VC0Z7G-R,2019-02,USD,18.9279,1050.0,198607.5,1.0
SHOP,VC0Z7G-R,2019-03,USD,20.649,1050.0,216951.0,1.0
SHOP,VC0Z7G-R,2019-04,USD,24.2157,1050.0,255706.5,1.0
SHOP,VC0Z7G-R,2019-05,USD,27.505,800.0,219919.99999999997,1.0
SHOP,VC0Z7G-R,2019-06,USD,30.119,300.0,90045.0,1.0
SHOP,VC0Z7G-R,2019-07,USD,31.9392,300.0,95364.0,1.0
SHOP,VC0Z7G-R,2019-08,USD,38.5927,300.0,115617.0,1.0
SHOP,VC0Z7G-R,2019-09,USD,31.1405,300.0,93498.00000000001,1.0
SHOP,VC0Z7G-R,2019-10,USD,31.4224,300.0,94071.0,1.0
SHOP,VC0Z7G-R,2019-11,USD,33.5366,300.0,101025.0,1.0
SHOP,VC0Z7G-R,2019-12,USD,39.8149,300.0,119274.0,1.0
SHOP,VC0Z7G-R,2020-03,USD,41.4248,450.0,187618.5,1.0
SHOP,VC0Z7G-R,2020-04,USD,63.5574,450.0,284530.5,1.0
SHOP,VC0Z7G-R,2020-05,USD,75.6019,230.0,174294.0,1.0
SHOP,VC0Z7G-R,2020-06,USD,94.6968,100.0,94920.0,1.0
BCART.BR,VHJB07-R,2018-04,EUR,11.1653,300.0,5624.371395721436,1.2122827768325806
BCART.BR,VHJB07-R,2018-05,EUR,10.9908,1000.0,17160.16854620218,1.1667250394821167
BCART.BR,VHJB07-R,2018-06,EUR,10.6768,1000.0,16524.41516904712,1.1562966108322144
BCART.BR,VHJB07-R,2018-07,EUR,10.9734,5000.0,86162.01867924928,1.1707408428192139
BCART.BR,VHJB07-R,2018-08,EUR,10.2406,7000.0,111533.34861117243,1.1664663553237915
BCART.BR,VHJB07-R,2018-09,EUR,10.7466,7000.0,116569.01797940253,1.1637378931045532
BCART.BR,VHJB07-R,2018-10,EUR,10.45,7000.0,107810.34847542048,1.1346358060836792
BCART.BR,VHJB07-R,2018-11,EUR,10.3628,7000.0,107271.90580188631,1.1392766237258911
BCART.BR,VHJB07-R,2018-12,EUR,8.67053,7000.0,90993.75135816813,1.1439945697784424
BCART.BR,VHJB07-R,2019-01,EUR,10.6419,7000.0,112570.0526337862,1.1487650871276855
BCART.BR,VHJB07-R,2019-02,EUR,10.2058,7000.0,106131.11387423873,1.1380189657211304
BCART.BR,VHJB07-R,2019-03,EUR,9.94407,7000.0,100624.86782844186,1.1230024099349976
BCART.BR,VHJB07-R,2019-04,EUR,10.0313,7000.0,100908.63241670727,1.1185182332992554
BCART.BR,VHJB07-R,2019-05,EUR,9.47304,7000.0,94295.15324604987,1.1131147146224976
BCART.BR,VHJB07-R,2019-06,EUR,9.07178,7000.0,94286.96400661468,1.1372941732406616
BCART.BR,VHJB07-R,2019-07,EUR,9.4207,10000.0,134171.5131743431,1.1157974004745483
BCART.BR,VHJB07-R,2019-08,EUR,9.01945,18000.0,226730.9161611986,1.1061947345733643
BCART.BR,VHJB07-R,2019-09,EUR,5.40818,18000.0,133135.9769268608,1.0942714214324951
BCART.BR,VHJB07-R,2019-10,EUR,5.60008,18000.0,143808.65375822067,1.1154489517211914
BCART.BR,VHJB07-R,2019-11,EUR,5.32095,18000.0,133314.418279624,1.101176142692566
BCART.BR,VHJB07-R,2019-12,EUR,4.98948,18000.0,129467.86146125794,1.120229721069336
BCART.BR,VHJB07-R,2020-01,EUR,4.9982,18000.0,126062.73264377833,1.1029127836227417
BCART.BR,VHJB07-R,2020-02,EUR,4.33527,30000.0,180111.51065540314,1.0997228622436523
BCART.BR,VHJB07-R,2020-03,EUR,3.01375,45000.0,188174.2442214489,1.1030466556549072
BCART.BR,VHJB07-R,2020-04,EUR,4.36143,45000.0,268061.6789826751,1.087725043296814
BCART.BR,VHJB07-R,2020-05,EUR,4.28293,45000.0,272295.3770557165,1.1079105138778687
BCART.BR,VHJB07-R,2020-06,EUR,4.02997,45000.0,262625.263369292,1.1247202157974243
BCART.BR,VHJB07-R,2020-07,EUR,3.85551,45000.0,279234.53800955415,1.1872254610061646
BCART.BR,VHJB07-R,2020-08,EUR,4.13028,45000.0,303708.83528476954,1.1918240785598755
BCART.BR,VHJB07-R,2020-09,EUR,3.92529,45000.0,278828.3785682201,1.1742050647735596
BCART.BR,VHJB07-R,2020-10,EUR,3.25363,45000.0,228341.91630363467,1.1678695678710938
BCART.BR,VHJB07-R,2020-11,EUR,4.18698,45000.0,309317.64077053074,1.1971460580825806
BCART.BR,VHJB07-R,2020-12,EUR,4.05613,45000.0,314911.7280641735,1.2299896478652954
BCART.BR,VHJB07-R,2021-01,EUR,3.92965,45000.0,298504.8780166626,1.2120037078857422
BCART.BR,VHJB07-R,2021-02,EUR,3.84679,85000.0,553290.7383191586,1.2160420417785645
BCART.BR,VHJB07-R,2021-03,EUR,3.90348,85000.0,524109.52904658316,1.1723604202270508
BCART.BR,VHJB07-R,2021-04,EUR,3.73339,85000.0,531096.4086840391,1.2127091884613037
BCART.BR,VHJB07-R,2021-05,EUR,3.48042,85000.0,505475.1176317334,1.2190067768096924
BCART.BR,VHJB07-R,2021-06,EUR,3.55457,85000.0,488890.62432287924,1.1901928186416626
BCART.BR,VHJB07-R,2021-07,EUR,3.49787,85000.0,480691.27274476294,1.1892997026443481
BCART.BR,VHJB07-R,2021-08,EUR,3.78572,125000.0,755466.4104752243,1.1796904802322388
AM3D.DE,VJ2Q9P-R,2018-04,EUR,33.5,100.0,4906.678170746564,1.2122827768325806
AM3D.DE,VJ2Q9P-R,2018-05,EUR,34.5,400.0,18794.470312507154,1.1667250394821167
AM3D.DE,VJ2Q9P-R,2018-06,EUR,32.7,400.0,17658.44844493437,1.1562966108322144
AM3D.DE,VJ2Q9P-R,2018-07,EUR,24.7,2000.0,67669.38267055512,1.1707408428192139
AM3D.DE,VJ2Q9P-R,2018-08,EUR,24.0,2000.0,65144.81301212311,1.1664663553237915
AM3D.DE,VJ2Q9P-R,2018-09,EUR,20.9,2000.0,56500.289326751226,1.1637378931045532
AM3D.DE,VJ2Q9P-R,2018-10,EUR,15.3,2000.0,39339.32111618519,1.1346358060836792
AM3D.DE,VJ2Q9P-R,2018-11,EUR,12.74,2000.0,32867.81159703732,1.1392766237258911
AM3D.DE,VJ2Q9P-R,2018-12,EUR,9.0,2000.0,23545.81063463688,1.1439945697784424
AM3D.DE,VJ2Q9P-R,2019-01,EUR,10.9,2000.0,28735.669395446774,1.1487650871276855
AM3D.DE,VJ2Q9P-R,2019-02,EUR,8.92,2000.0,23118.172477245327,1.1380189657211304
AM3D.DE,VJ2Q9P-R,2019-03,EUR,9.7,2000.0,24462.698396337033,1.1230024099349976
AM3D.DE,VJ2Q9P-R,2019-04,EUR,10.3,2000.0,25822.5817116046,1.1185182332992554
AM3D.DE,VJ2Q9P-R,2019-05,EUR,10.1,2000.0,25056.078652386663,1.1131147146224976
AM3D.DE,VJ2Q9P-R,2019-06,EUR,12.7,4000.0,65793.65070791244,1.1372941732406616
AM3D.DE,VJ2Q9P-R,2019-07,EUR,13.06,4000.0,64899.24000120163,1.1157974004745483
AM3D.DE,VJ2Q9P-R,2019-08,EUR,13.4,8000.0,130590.71319532394,1.1061947345733643
AM3D.DE,VJ2Q9P-R,2019-09,EUR,14.48,8000.0,138194.22468700408,1.0942714214324951
AM3D.DE,VJ2Q9P-R,2019-10,EUR,16.12,8000.0,160484.3701876831,1.1154489517211914
AM3D.DE,VJ2Q9P-R,2019-11,EUR,16.08,8000.0,156189.15029177666,1.101176142692566
AM3D.DE,VJ2Q9P-R,2019-12,EUR,17.64,8000.0,177112.53096481322,1.120229721069336
AM3D.DE,VJ2Q9P-R,2020-01,EUR,12.0,8000.0,117335.80289382936,1.1029127836227417
AM3D.DE,VJ2Q9P-R,2020-02,EUR,8.61,15000.0,156011.90892148018,1.0997228622436523
AM3D.DE,VJ2Q9P-R,2020-03,EUR,7.1,15000.0,128898.94364919662,1.1030466556549072
AM3D.DE,VJ2Q9P-R,2020-04,EUR,6.74,15000.0,120449.01512446404,1.087725043296814
AM3D.DE,VJ2Q9P-R,2020-05,EUR,9.57,15000.0,176908.76884841322,1.1079105138778687
AM3D.DE,VJ2Q9P-R,2020-06,EUR,6.5,25000.0,205274.9360256195,1.1247202157974243
AM3D.DE,VJ2Q9P-R,2020-07,EUR,7.51,25000.0,263580.97030618787,1.1872254610061646
AM3D.DE,VJ2Q9P-R,2020-08,EUR,7.52,25000.0,267967.93808728456,1.1918240785598755
AM3D.DE,VJ2Q9P-R,2020-09,EUR,9.43,25000.0,324611.6321180463,1.1742050647735596
AM3D.DE,VJ2Q9P-R,2020-10,EUR,10.2,35000.0,485660.25321006775,1.1678695678710938
AM3D.DE,VJ2Q9P-R,2020-11,EUR,16.2,35000.0,811958.8070226432,1.1971460580825806
AM3D.DE,VJ2Q9P-R,2020-12,EUR,17.42,35000.0,922444.8197980463,1.2299896478652954
AM3D.DE,VJ2Q9P-R,2021-01,EUR,18.54,19950.0,544624.5166210412,1.2120037078857422
AM3D.DE,VJ2Q9P-R,2021-02,EUR,17.28,19950.0,508841.2120138765,1.2160420417785645
AM3D.DE,VJ2Q9P-R,2021-03,EUR,17.92,19950.0,492595.989731864,1.1723604202270508
AM3D.DE,VJ2Q9P-R,2021-04,EUR,18.66,19950.0,543457.4982637571,1.2127091884613037
AM3D.DE,VJ2Q9P-R,2021-05,EUR,19.08,14950.0,425135.9177009869,1.2190067768096924
AM3D.DE,VJ2Q9P-R,2021-06,EUR,22.5,14950.0,474776.3806025818,1.1901928186416626
AM3D.DE,VJ2Q9P-R,2021-07,EUR,19.38,14950.0,408599.32616761205,1.1892997026443481
AM3D.DE,VJ2Q9P-R,2021-08,EUR,20.85,14950.0,434073.1062087823,1.1796904802322388
AM3D.DE,VJ2Q9P-R,2021-09,EUR,18.5,29950.0,744991.1442461282,1.1601601839065552
AM3D.DE,VJ2Q9P-R,2021-10,EUR,17.1,39950.0,923670.7299400175,1.1683608293533325
AM3D.DE,VJ2Q9P-R,2021-11,EUR,15.24,49950.0,967677.3921071586,1.1293437480926514
AM3D.DE,VJ2Q9P-R,2021-12,EUR,16.98,49950.0,1088380.483136148,1.132502794265747
AM3D.DE,VJ2Q9P-R,2022-01,EUR,14.22,49950.0,887989.9606521141,1.1152374744415283
AM3D.DE,VJ2Q9P-R,2022-02,EUR,14.0,49950.0,878220.0995622254,1.118105411529541
AM3D.DE,VJ2Q9P-R,2022-03,EUR,14.0,39950.0,694606.7468640531,1.1161835193634033
AM3D.DE,VJ2Q9P-R,2022-04,EUR,11.22,39950.0,496711.9450074671,1.0504201650619507
AM3D.DE,VJ2Q9P-R,2022-05,EUR,10.16,59950.0,702962.4715670943,1.0773539543151855
AM3D.DE,VJ2Q9P-R,2022-06,EUR,10.24,59950.0,670451.0875571086,1.04465913772583
AM3D.DE,VJ2Q9P-R,2022-07,EUR,12.1,59950.0,753874.2788935709,1.0192328691482544
AM3D.DE,VJ2Q9P-R,2022-08,EUR,11.74,59950.0,709493.0679204636,1.0025062561035156
AM3D.DE,VJ2Q9P-R,2022-09,EUR,19.64,9950.0,188178.2768994357,0.9829555749893188
AM3D.DE,VJ2Q9P-R,2022-10,EUR,19.9,9950.0,194817.7013520154,0.9955002665519714
AM3D.DE,VJ2Q9P-R,2022-11,EUR,18.4,9950.0,194625.40964214757,1.0324499607086182
AM3D.DE,VJ2Q9P-R,2022-12,EUR,16.86,9950.0,190868.7488208656,1.066075325012207
MONC.MI,VK44PN-R,2018-06,EUR,39.0,250.0,13162.83255277723,1.1562966108322144
MONC.MI,VK44PN-R,2018-07,EUR,37.72,1250.0,64587.26983978451,1.1707408428192139
MONC.MI,VK44PN-R,2018-08,EUR,38.96,1250.0,66094.84153521656,1.1664663553237915
MONC.MI,VK44PN-R,2018-09,EUR,37.1,1250.0,62684.232476748526,1.1637378931045532
MONC.MI,VK44PN-R,2018-10,EUR,30.7,1250.0,49334.87255716324,1.1346358060836792
MONC.MI,VK44PN-R,2018-11,EUR,28.78,1250.0,46405.812931239605,1.1392766237258911
MONC.MI,VK44PN-R,2018-12,EUR,28.93,1250.0,47304.18976027072,1.1439945697784424
MONC.MI,VK44PN-R,2019-01,EUR,32.9,1250.0,54208.94646039605,1.1487650871276855
MONC.MI,VK44PN-R,2019-02,EUR,33.72,1250.0,54620.60010778159,1.1380189657211304
MONC.MI,VK44PN-R,2019-03,EUR,35.92,1250.0,56617.247386692456,1.1230024099349976
MONC.MI,VK44PN-R,2019-04,EUR,36.57,2250.0,103143.04036545753,1.1185182332992554
MONC.MI,VK44PN-R,2019-05,EUR,33.0,2250.0,92099.65413128883,1.1131147146224976
MONC.MI,VK44PN-R,2019-06,EUR,37.6,2250.0,109569.74113955497,1.1372941732406616
MONC.MI,VK44PN-R,2019-07,EUR,37.17,2250.0,103899.07053547025,1.1157974004745483
MONC.MI,VK44PN-R,2019-08,EUR,34.09,4000.0,166113.32523762702,1.1061947345733643
MONC.MI,VK44PN-R,2019-09,EUR,32.7,4000.0,156041.09123685837,1.0942714214324951
MONC.MI,VK44PN-R,2019-10,EUR,34.54,4000.0,171933.29361019135,1.1154489517211914
MONC.MI,VK44PN-R,2019-11,EUR,39.77,4000.0,193148.05731010437,1.101176142692566
MONC.MI,VK44PN-R,2019-12,EUR,40.07,4000.0,201159.33734809875,1.120229721069336
MONC.MI,VK44PN-R,2022-11,EUR,49.05,5000.0,260715.96762057545,1.0324499607086182
MONC.MI,VK44PN-R,2022-12,EUR,49.5,5000.0,281597.7737763882,1.066075325012207
DSY.PA,VMHPTJ-R,2020-03,EUR,27.0,1000.0,163392.9333243084,1.1030466556549072
DSY.PA,VMHPTJ-R,2020-04,EUR,26.71,3000.0,477328.4800592744,1.087725043296814
DSY.PA,VMHPTJ-R,2020-05,EUR,30.45,2300.0,431550.1646552216,1.1079105138778687
DSY.PA,VMHPTJ-R,2020-06,EUR,30.72,2300.0,446273.747293095,1.1247202157974243
DSY.PA,VMHPTJ-R,2020-07,EUR,30.82,2300.0,497582.18857077067,1.1872254610061646
DSY.PA,VMHPTJ-R,2020-08,EUR,31.57,2300.0,517484.81021494686,1.1918240785598755
DSY.PA,VMHPTJ-R,2020-09,EUR,31.95,2300.0,505919.06156073976,1.1742050647735596
DSY.PA,VMHPTJ-R,2020-10,EUR,29.31,1000.0,199365.5891304016,1.1678695678710938
DSY.PA,VMHPTJ-R,2020-11,EUR,31.01,1000.0,222035.64908088328,1.1971460580825806
DSY.PA,VMHPTJ-R,2020-12,EUR,33.23,1000.0,250048.08868513588,1.2299896478652954
DSY.PA,VMHPTJ-R,2021-01,EUR,32.95,1000.0,242588.335511055,1.2120037078857422
DSY.PA,VMHPTJ-R,2021-02,EUR,34.38,1000.0,253729.84730958936,1.2160420417785645
DSY.PA,VMHPTJ-R,2021-03,EUR,36.48,1000.0,251324.42510165213,1.1723604202270508
DSY.PA,VMHPTJ-R,2021-04,EUR,38.59,1000.0,281679.8438733101,1.2127091884613037
DSY.PA,VMHPTJ-R,2021-05,EUR,37.65,1000.0,280571.2929266095,1.2190067768096924
DSY.PA,VMHPTJ-R,2021-06,EUR,40.9,1000.0,288641.4681136799,1.1901928186416626
DSY.PA,VMHPTJ-R,2021-07,EUR,46.52,5004.175237359681,328303.1149642444,1.1892997026443481
DSY.PA,VMHPTJ-R,2021-08,EUR,48.305,5004.175237359681,336620.28876636224,1.1796904802322388
DSY.PA,VMHPTJ-R,2021-09,EUR,45.465,5004.175237359681,305909.0652375535,1.1601601839065552
DSY.PA,VMHPTJ-R,2021-10,EUR,50.38,5004.175237359681,340874.79337318835,1.1683608293533325
DSY.PA,VMHPTJ-R,2021-11,EUR,53.19,5004.175237359681,338355.0846443579,1.1293437480926514
DSY.PA,VMHPTJ-R,2021-12,EUR,52.31,5004.175237359681,337126.85427998344,1.132502794265747
DSY.PA,VMHPTJ-R,2022-01,EUR,42.45,5004.175237359681,265572.542227832,1.1152374744415283
DSY.PA,VMHPTJ-R,2022-02,EUR,43.49,5004.175237359681,273313.9376849065,1.118105411529541
DSY.PA,VMHPTJ-R,2022-03,EUR,44.715,5004.175237359681,277894.51090792444,1.1161835193634033
DSY.PA,VMHPTJ-R,2022-04,EUR,42.535,5004.175237359681,235870.6427110666,1.0504201650619507
DSY.PA,VMHPTJ-R,2022-05,EUR,39.185,5004.175237359681,226308.87861003468,1.0773539543151855
DSY.PA,VMHPTJ-R,2022-06,EUR,35.115,5004.175237359681,191912.42583567614,1.04465913772583
DSY.PA,VMHPTJ-R,2022-07,EUR,41.66,5004.175237359681,216658.79813088803,1.0192328691482544
DSY.PA,VMHPTJ-R,2022-08,EUR,38.575,5004.175237359681,194593.88652287074,1.0025062561035156
DSY.PA,VMHPTJ-R,2022-09,EUR,35.735,5004.175237359681,172199.18626289014,0.9829555749893188
DSY.PA,VMHPTJ-R,2022-10,EUR,33.95,5004.175237359681,167156.93643525484,0.9955002665519714
DSY.PA,VMHPTJ-R,2022-11,EUR,35.085,5004.175237359681,186643.39401611878,1.0324499607086182
DSY.PA,VMHPTJ-R,2022-12,EUR,33.495,5004.175237359681,190706.96812121206,1.066075325012207
PETS.L,VZY7HR-R,2021-04,GBP,4.442,70000.0,600686.338952899,1.3952839374542236
PETS.L,VZY7HR-R,2021-05,GBP,4.49,70000.0,631920.7220649719,1.4180374145507812
PETS.L,VZY7HR-R,2021-06,GBP,4.56,70000.0,610407.9289128662,1.3842746019363403
PETS.L,VZY7HR-R,2021-07,GBP,4.68,70000.0,636045.8423948765,1.3964334726333618
PETS.L,VZY7HR-R,2021-08,GBP,5.005,100000.0,947838.2515450716,1.376045823097229
PETS.L,VZY7HR-R,2021-09,GBP,4.806,150000.0,1305082.6759309173,1.3426424264907837
PETS.L,VZY7HR-R,2021-10,GBP,4.824,150000.0,1368858.6761802435,1.380071759223938
PETS.L,VZY7HR-R,2021-11,GBP,4.67,150000.0,1233987.295409024,1.3315047025680542
PETS.L,VZY7HR-R,2021-12,GBP,4.65,150000.0,1275229.7706599236,1.349837303161621
PETS.L,VZY7HR-R,2022-01,GBP,4.27,150000.0,1151790.0126537683,1.3403388261795044
PETS.L,VZY7HR-R,2022-02,GBP,3.648,150000.0,981872.5226855278,1.337327480316162
PETS.L,VZY7HR-R,2022-03,GBP,3.614,100000.0,625196.4455282688,1.3138878345489502
PETS.L,VZY7HR-R,2022-04,GBP,3.108,100000.0,486350.8220614195,1.2463854551315308
PETS.L,VZY7HR-R,2022-05,GBP,3.47,100000.0,553084.5731687546,1.2647020816802979
PETS.L,VZY7HR-R,2022-06,GBP,3.072,100000.0,452611.96105349064,1.2131799459457397
PETS.L,VZY7HR-R,2022-07,GBP,3.28,100000.0,485894.63989782333,1.2173447608947754
PETS.L,VZY7HR-R,2022-08,GBP,3.17,100000.0,430083.3546926975,1.1659767627716064
PETS.L,VZY7HR-R,2022-09,GBP,2.64,100000.0,329166.7696259022,1.1169440746307373
PETS.L,VZY7HR-R,2022-10,GBP,2.878,100000.0,384242.2438015938,1.159595012664795
PETS.L,VZY7HR-R,2022-11,GBP,2.634,100000.0,374752.7058480978,1.1946860551834106
PETS.L,VZY7HR-R,2022-12,GBP,2.836,100000.0,411291.945977211,1.2056326866149902
IQE.L,WC6J51-R,2018-12,GBP,0.65,50000.0,52541.25314331055,1.269357681274414
IQE.L,WC6J51-R,2019-01,GBP,0.785,50000.0,67725.88107955456,1.3117163181304932
IQE.L,WC6J51-R,2019-02,GBP,0.909,50000.0,80512.75294983387,1.3318239450454712
IQE.L,WC6J51-R,2019-03,GBP,0.737,50000.0,62694.21467334032,1.30565345287323
IQE.L,WC6J51-R,2019-04,GBP,0.7965,50000.0,67142.58032155037,1.2932428121566772
IQE.L,WC6J51-R,2019-05,GBP,0.75,50000.0,59599.76942002773,1.2609704732894897
IQE.L,WC6J51-R,2019-06,GBP,0.607,130000.0,127318.58482843639,1.267748475074768
IQE.L,WC6J51-R,2019-07,GBP,0.6635,180000.0,177845.9307855606,1.2161602973937988
IQE.L,WC6J51-R,2019-08,GBP,0.5145,180000.0,137444.73407835962,1.218650221824646
IQE.L,WC6J51-R,2019-09,GBP,0.626,180000.0,170697.50955505372,1.2293167114257812
IQE.L,WC6J51-R,2019-10,GBP,0.75,180000.0,225380.2891087532,1.290172815322876
IQE.L,WC6J51-R,2019-11,GBP,0.485,180000.0,145816.22457396984,1.29128897190094
IQE.L,WC6J51-R,2019-12,GBP,0.49,180000.0,153217.14501786232,1.3113033771514893
IQE.L,WC6J51-R,2020-01,GBP,0.5095,185000.0,162630.4914109826,1.3089004755020142
IQE.L,WC6J51-R,2020-02,GBP,0.48,185000.0,146190.6722881794,1.2888922691345215
IQE.L,WC6J51-R,2020-03,GBP,0.2666,30000.0,12269.082854712007,1.2371643781661987
IQE.L,WC6J51-R,2020-04,GBP,0.41,30000.0,19348.865273058414,1.2471472024917603
IQE.L,WC6J51-R,2020-05,GBP,0.3754,30000.0,17155.58356000185,1.2321492433547974
IQE.L,WC6J51-R,2020-06,GBP,0.5105,329030.0,255496.37814512895,1.2310571670532227
IQE.L,WC6J51-R,2020-07,GBP,0.525,329030.0,297409.7702788355,1.311785101890564
IQE.L,WC6J51-R,2020-08,GBP,0.6185,329030.0,362350.48417947337,1.3356484174728394
IQE.L,WC6J51-R,2020-09,GBP,0.51,329030.0,279125.77788828337,1.2866535186767578
IQE.L,WC6J51-R,2020-10,GBP,0.548,329030.0,301491.69148339325,1.2931926250457764
IQE.L,WC6J51-R,2020-11,GBP,0.6775,329030.0,396767.8670553482,1.333191156387329
IQE.L,WC6J51-R,2020-12,GBP,0.7345,329030.0,450292.63847218006,1.36306631565094
IQE.L,WC6J51-R,2021-01,GBP,0.793,278000.0,415494.588631773,1.3725008964538574
IQE.L,WC6J51-R,2021-02,GBP,0.734,278000.0,399633.5112903357,1.4008152484893799
IQE.L,WC6J51-R,2021-03,GBP,0.587,278000.0,309501.1839659214,1.3746649026870728
IQE.L,WC6J51-R,2021-04,GBP,0.586,28000.0,31697.78143429756,1.3952839374542236
IQE.L,WC6J51-R,2021-05,GBP,0.539,28000.0,30343.391482543946,1.4180374145507812
IQE.L,WC6J51-R,2021-06,GBP,0.4765,28000.0,25513.95278517723,1.3842746019363403
IQE.L,WC6J51-R,2021-07,GBP,0.4775,28000.0,25958.19010810375,1.3964334726333618
IQE.L,WC6J51-R,2021-08,GBP,0.524,28000.0,27785.392469143862,1.376045823097229
IQE.L,WC6J51-R,2021-09,GBP,0.4745,28000.0,24052.257545247077,1.3426424264907837
IQE.L,WC6J51-R,2021-10,GBP,0.4695,28000.0,24868.83789834499,1.380071759223938
IQE.L,WC6J51-R,2021-11,GBP,0.3455,28000.0,17041.66238722801,1.3315047025680542
IQE.L,WC6J51-R,2021-12,GBP,0.3455,28000.0,17686.75620285034,1.349837303161621
IQE.L,WC6J51-R,2022-01,GBP,0.318,28000.0,16011.580390434265,1.3403388261795044
IQE.L,WC6J51-R,2022-02,GBP,0.4235,28000.0,21277.46863592148,1.337327480316162
IQE.L,WC6J51-R,2022-03,GBP,0.338,28000.0,16372.146084260941,1.3138878345489502
IQE.L,WC6J51-R,2022-04,GBP,0.3005,28000.0,13166.61652633667,1.2463854551315308
IQE.L,WC6J51-R,2022-05,GBP,0.352,28000.0,15709.673965883256,1.2647020816802979
IQE.L,WC6J51-R,2022-06,GBP,0.3435,28000.0,14170.524095020293,1.2131799459457397
IQE.L,WC6J51-R,2022-07,GBP,0.439,28000.0,18209.237708625795,1.2173447608947754
IQE.L,WC6J51-R,2022-08,GBP,0.3405,28000.0,12935.206288976671,1.1659767627716064
IQE.L,WC6J51-R,2022-09,GBP,0.34,28000.0,11869.8987143898,1.1169440746307373
IQE.L,WC6J51-R,2022-10,GBP,0.419,28000.0,15663.53112827301,1.159595012664795
IQE.L,WC6J51-R,2022-11,GBP,0.519,28000.0,20675.523595657345,1.1946860551834106
IQE.L,WC6J51-R,2022-12,GBP,0.4965,28000.0,20161.45784111023,1.2056326866149902
FDEV.L,WD63JS-R,2019-05,GBP,11.06,3214.0,56495.54292524676,1.2609704732894897
FDEV.L,WD63JS-R,2019-06,GBP,9.99,8214.0,132397.3294640074,1.267748475074768
FDEV.L,WD63JS-R,2019-07,GBP,9.8,8214.0,119870.59227264569,1.2161602973937988
FDEV.L,WD63JS-R,2019-08,GBP,10.38,14214.0,218970.91538276002,1.218650221824646
FDEV.L,WD63JS-R,2019-09,GBP,10.18,19214.0,296309.55745754135,1.2293167114257812
FDEV.L,WD63JS-R,2019-10,GBP,10.92,19214.0,350285.8449947895,1.290172815322876
FDEV.L,WD63JS-R,2019-11,GBP,12.2,19214.0,391532.20668874576,1.29128897190094
FDEV.L,WD63JS-R,2019-12,GBP,12.22,19214.0,407874.19936046394,1.3113033771514893
FDEV.L,WD63JS-R,2020-01,GBP,14.12,19214.0,468101.8122893972,1.3089004755020142
FDEV.L,WD63JS-R,2020-02,GBP,11.36,19214.0,359340.12003916426,1.2888922691345215
FDEV.L,WD63JS-R,2020-03,GBP,12.38,39214.0,744720.5544701099,1.2371643781661987
FDEV.L,WD63JS-R,2020-04,GBP,15.2,39214.0,937644.176928077,1.2471472024917603
FDEV.L,WD63JS-R,2020-05,GBP,20.65,39214.0,1233525.9757750246,1.2321492433547974
FDEV.L,WD63JS-R,2020-06,GBP,18.5,39214.0,1103491.5030720928,1.2310571670532227
FDEV.L,WD63JS-R,2020-07,GBP,19.44,39214.0,1312500.3002459658,1.311785101890564
FDEV.L,WD63JS-R,2020-08,GBP,22.7,39214.0,1584973.056994869,1.3356484174728394
FDEV.L,WD63JS-R,2020-09,GBP,27.2,39214.0,1774201.7529189845,1.2866535186767578
FDEV.L,WD63JS-R,2020-10,GBP,26.1,39214.0,1711367.9560607802,1.2931926250457764
FDEV.L,WD63JS-R,2020-11,GBP,24.8,34800.0,1536104.9195021552,1.333191156387329
FDEV.L,WD63JS-R,2020-12,GBP,30.8,34800.0,1997098.9132319156,1.36306631565094
FDEV.L,WD63JS-R,2021-01,GBP,31.55,34800.0,2069307.5345555993,1.3725008964538574
FDEV.L,WD63JS-R,2021-02,GBP,24.7,29800.0,1441558.6407879044,1.4008152484893799
FDEV.L,WD63JS-R,2021-03,GBP,27.2,39800.0,2053210.53996191,1.3746649026870728
FDEV.L,WD63JS-R,2021-04,GBP,32.25,39800.0,2479613.8529350134,1.3952839374542236
FDEV.L,WD63JS-R,2021-05,GBP,25.7,39800.0,2056526.1314105988,1.4180374145507812
FDEV.L,WD63JS-R,2021-06,GBP,23.1,39800.0,1758135.751654431,1.3842746019363403
FDEV.L,WD63JS-R,2021-07,GBP,26.55,39800.0,2051596.547918795,1.3964334726333618
FDEV.L,WD63JS-R,2021-08,GBP,28.2,49800.0,2659553.18381179,1.376045823097229
FDEV.L,WD63JS-R,2021-09,GBP,24.5,49800.0,2208810.0380994068,1.3426424264907837
FDEV.L,WD63JS-R,2021-10,GBP,24.65,59800.0,2788547.606127663,1.380071759223938
FDEV.L,WD63JS-R,2021-11,GBP,17.74,59800.0,1868776.4315621038,1.3315047025680542
FDEV.L,WD63JS-R,2021-12,GBP,17.8,59800.0,1946101.9582638799,1.349837303161621
FDEV.L,WD63JS-R,2022-01,GBP,13.84,59800.0,1488302.4642003563,1.3403388261795044
FDEV.L,WD63JS-R,2022-02,GBP,12.9,49800.0,1152732.5360266857,1.337327480316162
FDEV.L,WD63JS-R,2022-03,GBP,12.48,43800.0,945621.3693618035,1.3138878345489502
FDEV.L,WD63JS-R,2022-04,GBP,12.84,43800.0,880051.7757517676,1.2463854551315308
FDEV.L,WD63JS-R,2022-05,GBP,12.48,43800.0,871265.9768548823,1.2647020816802979
FDEV.L,WD63JS-R,2022-06,GBP,13.8,43800.0,890549.489163253,1.2131799459457397
FDEV.L,WD63JS-R,2022-07,GBP,15.5,43800.0,1005713.5253588534,1.2173447608947754
FDEV.L,WD63JS-R,2022-08,GBP,14.6,43800.0,867602.0592512626,1.1659767627716064
FDEV.L,WD63JS-R,2022-09,GBP,13.38,43800.0,730705.6423959316,1.1169440746307373
FDEV.L,WD63JS-R,2022-10,GBP,13.26,43800.0,775409.8441297244,1.159595012664795
FDEV.L,WD63JS-R,2022-11,GBP,11.42,43800.0,711654.7755315914,1.1946860551834106
FDEV.L,WD63JS-R,2022-12,GBP,9.61,53800.0,749808.2933260775,1.2056326866149902
AMP.MI,WJWHT6-R,2018-05,EUR,15.42,1000.0,21000.78236391902,1.1667250394821167
AMP.MI,WJWHT6-R,2018-06,EUR,17.76,1000.0,23976.60807026744,1.1562966108322144
AMP.MI,WJWHT6-R,2018-07,EUR,19.16,5000.0,131229.27766427994,1.1707408428192139
AMP.MI,WJWHT6-R,2018-08,EUR,18.54,5000.0,125810.92012966277,1.1664663553237915
AMP.MI,WJWHT6-R,2018-09,EUR,19.14,5000.0,129355.92556387783,1.1637378931045532
AMP.MI,WJWHT6-R,2018-10,EUR,15.66,5000.0,100662.39251697062,1.1346358060836792
AMP.MI,WJWHT6-R,2018-11,EUR,14.78,5000.0,95326.9777561724,1.1392766237258911
AMP.MI,WJWHT6-R,2018-12,EUR,14.05,5000.0,91894.05220469237,1.1439945697784424
AMP.MI,WJWHT6-R,2019-01,EUR,15.64,5000.0,103079.3805270195,1.1487650871276855
AMP.MI,WJWHT6-R,2019-02,EUR,16.36,5000.0,106001.5162744224,1.1380189657211304
AMP.MI,WJWHT6-R,2019-03,EUR,17.35,5000.0,109388.57649514079,1.1230024099349976
AMP.MI,WJWHT6-R,2019-04,EUR,17.13,5000.0,107364.27225201727,1.1185182332992554
AMP.MI,WJWHT6-R,2019-05,EUR,19.86,5000.0,123171.65309081673,1.1131147146224976
AMP.MI,WJWHT6-R,2019-06,EUR,20.56,5000.0,133141.49351415038,1.1372941732406616
AMP.MI,WJWHT6-R,2019-07,EUR,22.28,5000.0,138395.42002370954,1.1157974004745483
AMP.MI,WJWHT6-R,2019-08,EUR,23.36,5000.0,142285.40392923355,1.1061947345733643
AMP.MI,WJWHT6-R,2019-09,EUR,22.5,5000.0,134209.65416014194,1.0942714214324951
AMP.MI,WJWHT6-R,2019-10,EUR,22.52,5000.0,140125.15130290986,1.1154489517211914
AMP.MI,WJWHT6-R,2019-11,EUR,26.56,5000.0,161240.0470466018,1.101176142692566
AMP.MI,WJWHT6-R,2019-12,EUR,25.64,5000.0,160897.3065730095,1.120229721069336
AMP.MI,WJWHT6-R,2020-01,EUR,25.68,5000.0,156936.65842875242,1.1029127836227417
AMP.MI,WJWHT6-R,2020-02,EUR,25.76,5000.0,155589.17545323374,1.0997228622436523
AMP.MI,WJWHT6-R,2020-03,EUR,18.72,8000.0,181257.21513130187,1.1030466556549072
AMP.MI,WJWHT6-R,2020-04,EUR,20.91,8000.0,199294.89682891843,1.087725043296814
AMP.MI,WJWHT6-R,2020-05,EUR,24.95,8000.0,245983.87616015432,1.1079105138778687
AMP.MI,WJWHT6-R,2020-06,EUR,23.71,8000.0,239609.40501969337,1.1247202157974243
AMP.MI,WJWHT6-R,2020-07,EUR,28.95,8000.0,325141.82784035685,1.1872254610061646
AMP.MI,WJWHT6-R,2020-08,EUR,27.92,8000.0,318368.8196901321,1.1918240785598755
AMP.MI,WJWHT6-R,2020-09,EUR,30.55,8000.0,336522.0989982223,1.1742050647735596
AMP.MI,WJWHT6-R,2020-10,EUR,31.21,8000.0,339662.9048309326,1.1678695678710938
AMP.MI,WJWHT6-R,2020-11,EUR,33.57,8000.0,384584.89504935266,1.1971460580825806
AMP.MI,WJWHT6-R,2020-12,EUR,34.04,8000.0,412006.188374424,1.2299896478652954
AMP.MI,WJWHT6-R,2021-01,EUR,32.73,8000.0,385549.82079345704,1.2120037078857422
AMP.MI,WJWHT6-R,2021-02,EUR,33.0,20000.0,974181.0080051422,1.2160420417785645
AMP.MI,WJWHT6-R,2021-03,EUR,31.74,25000.0,1093343.9140839577,1.1723604202270508
AMP.MI,WJWHT6-R,2021-04,EUR,35.13,25000.0,1282121.3274585605,1.2127091884613037
AMP.MI,WJWHT6-R,2021-05,EUR,38.95,10000.0,580518.0890672207,1.2190067768096924
AMP.MI,WJWHT6-R,2021-06,EUR,41.64,5000.0,293863.8437710285,1.1901928186416626
AMP.MI,WJWHT6-R,2021-07,EUR,41.68,5000.0,293900.6344922483,1.1892997026443481
AMP.MI,WJWHT6-R,2021-08,EUR,44.28,10000.0,616627.9890269279,1.1796904802322388
AMP.MI,WJWHT6-R,2021-09,EUR,41.2,10000.0,553961.8697970628,1.1601601839065552
AMP.MI,WJWHT6-R,2021-10,EUR,43.95,15000.0,891362.4556838393,1.1683608293533325
AMP.MI,WJWHT6-R,2021-11,EUR,43.12,15000.0,822205.2201410652,1.1293437480926514
AMP.MI,WJWHT6-R,2021-12,EUR,47.45,15000.0,913345.3835306168,1.132502794265747
AMP.MI,WJWHT6-R,2022-01,EUR,37.53,15000.0,703789.5115215182,1.1152374744415283
AMP.MI,WJWHT6-R,2022-02,EUR,38.45,15000.0,724314.9469791413,1.118105411529541
AMP.MI,WJWHT6-R,2022-03,EUR,40.54,12000.0,604170.003080721,1.1161835193634033
AMP.MI,WJWHT6-R,2022-04,EUR,38.22,12000.0,508237.6876215505,1.0504201650619507
AMP.MI,WJWHT6-R,2022-05,EUR,32.06,12000.0,444011.3503932953,1.0773539543151855
AMP.MI,WJWHT6-R,2022-06,EUR,29.25,12000.0,383340.72099317546,1.04465913772583
AMP.MI,WJWHT6-R,2022-07,EUR,32.21,12000.0,401695.002993679,1.0192328691482544
AMP.MI,WJWHT6-R,2022-08,EUR,26.05,12000.0,315122.7639120483,1.0025062561035156
AMP.MI,WJWHT6-R,2022-09,EUR,26.9,12000.0,310841.1030708933,0.9829555749893188
AMP.MI,WJWHT6-R,2022-10,EUR,25.14,12000.0,296823.77499658585,0.9955002665519714
AMP.MI,WJWHT6-R,2022-11,EUR,26.85,12000.0,342518.57830495836,1.0324499607086182
AMP.MI,WJWHT6-R,2022-12,EUR,27.82,12000.0,379832.70247982023,1.066075325012207
3990.T,WRR2XC-R,2019-03,JPY,5300.0,1000.0,432.7994239604473,0.009038567543029785
3990.T,WRR2XC-R,2019-04,JPY,4570.0,1000.0,366.8288121885248,0.008954395540058613
3990.T,WRR2XC-R,2019-05,JPY,4345.0,1000.0,365.9429216378182,0.009144362062215805
3990.T,WRR2XC-R,2019-06,JPY,4125.0,2000.0,710.6763211290911,0.009281001053750515
3990.T,WRR2XC-R,2019-07,JPY,5190.0,4000.0,1761.2447687321155,0.009211326949298382
3990.T,WRR2XC-R,2019-08,JPY,4930.0,4000.0,1745.462973171845,0.00939514022320509
3990.T,WRR2XC-R,2019-09,JPY,5270.0,4000.0,1806.9529117836057,0.009264063090085983
3990.T,WRR2XC-R,2019-10,JPY,4885.0,4000.0,1661.474886340648,0.009192105382680893
3990.T,WRR2XC-R,2019-11,JPY,5460.0,4000.0,1821.114050030783,0.009131419472396374
3990.T,WRR2XC-R,2019-12,JPY,4760.0,4000.0,1604.649021854326,0.009185013361275196
3990.T,WRR2XC-R,2020-01,JPY,3180.0,4000.0,1077.9080906672402,0.009184676222503185
3990.T,WRR2XC-R,2020-02,JPY,2321.0,4000.0,784.8856375089288,0.009119095280766487
3990.T,WRR2XC-R,2020-03,JPY,2056.0,4000.0,705.1407408714666,0.00925625953823328
3990.T,WRR2XC-R,2020-04,JPY,2397.0,4000.0,841.0276559114455,0.009379982948303223
3990.T,WRR2XC-R,2020-05,JPY,2767.0,4000.0,954.3914672044292,0.009289967827498913
3990.T,WRR2XC-R,2020-06,JPY,2473.0,4000.0,852.2190018332005,0.009294544346630573
3990.T,WRR2XC-R,2020-07,JPY,1917.0,4000.0,692.7997711528466,0.009552649222314358
3990.T,WRR2XC-R,2020-08,JPY,2290.0,4000.0,818.4814299416543,0.009475529193878174
3990.T,WRR2XC-R,2020-09,JPY,2252.0,4000.0,807.8399455357344,0.009463961236178875
3990.T,WRR2XC-R,2020-10,JPY,1807.0,4000.0,661.294607905671,0.009564435109496117
3990.T,WRR2XC-R,2020-11,JPY,1855.0,4000.0,683.6725152153522,0.009607809595763683
3990.T,WRR2XC-R,2020-12,JPY,1595.0,4000.0,599.2451697429269,0.00969734601676464
3990.T,WRR2XC-R,2021-01,JPY,1760.0,9000.0,1450.7164112159796,0.009588555432856083
3990.T,WRR2XC-R,2021-02,JPY,1808.0,19000.0,3030.9822555168994,0.009400351904332638
3990.T,WRR2XC-R,2021-03,JPY,1839.0,19000.0,2866.6703957998475,0.009065772406756878
3990.T,WRR2XC-R,2021-04,JPY,1620.0,19000.0,2585.7387131867367,0.00918239913880825
3990.T,WRR2XC-R,2021-05,JPY,1500.0,19000.0,2370.40242660528,0.009098601527512074
3990.T,WRR2XC-R,2021-06,JPY,1539.0,19000.0,2383.4628862066847,0.009046907536685467
3990.T,WRR2XC-R,2021-07,JPY,1355.0,19000.0,2144.051911545992,0.00914001651108265
3990.T,WRR2XC-R,2021-08,JPY,1399.0,29000.0,3358.958210850051,0.009095539338886738
3990.T,WRR2XC-R,2021-09,JPY,1331.0,29000.0,3090.5767651475967,0.008933676406741142
3990.T,WRR2XC-R,2021-10,JPY,1007.0,29000.0,2254.177323349938,0.008801577612757683
3990.T,WRR2XC-R,2021-11,JPY,830.0,29000.0,1862.7333679037913,0.008787036873400211
3990.T,WRR2XC-R,2022-04,JPY,1271.0,45000.0,3337.2812491091904,0.00764461699873209
3990.T,WRR2XC-R,2022-05,JPY,1421.0,50000.0,4322.098380383104,0.007825706154108047
3990.T,WRR2XC-R,2022-06,JPY,1355.0,40000.0,2920.841205049865,0.00732123339548707
3990.T,WRR2XC-R,2022-07,JPY,1150.0,40000.0,2560.9380169942974,0.007440641988068819
3990.T,WRR2XC-R,2022-08,JPY,1093.0,40000.0,2273.2942753303796,0.007208038587123156
3990.T,WRR2XC-R,2022-09,JPY,896.0,40000.0,1714.3687519356608,0.006923721171915531
3990.T,WRR2XC-R,2022-10,JPY,973.0,40000.0,1771.5043745040894,0.006765350699424744
3990.T,WRR2XC-R,2022-11,JPY,1051.0,40000.0,2171.4340114038437,0.007207467220723629
3990.T,WRR2XC-R,2022-12,JPY,828.0,40000.0,1888.5130663834514,0.007523548789322376
FEVR.L,WWF124-R,2019-11,GBP,21.88,5000.0,182728.88199583293,1.29128897190094
FEVR.L,WWF124-R,2019-12,GBP,20.93,5000.0,181792.67482173443,1.3113033771514893
ADE.OL,WY3QLM-R,2019-04,NOK,84.88,3000.0,3403.0605240739883,0.11556698381900787
ADE.OL,WY3QLM-R,2019-05,NOK,97.11,3000.0,3792.4221402429785,0.11395297199487686
ADE.OL,WY3QLM-R,2019-06,NOK,94.0,3000.0,3887.531627206207,0.11753643304109573
ADE.OL,WY3QLM-R,2019-07,NOK,98.5,3000.0,3843.7199634575845,0.1142364963889122
ADE.OL,WY3QLM-R,2019-08,NOK,113.6,7500.0,10289.851861241274,0.1099788174033165
ADE.OL,WY3QLM-R,2019-09,NOK,105.2,7500.0,9575.401672017573,0.11026817560195923
ADE.OL,WY3QLM-R,2019-10,NOK,105.0,7500.0,9349.8586360557,0.10900691896677017
ADE.OL,WY3QLM-R,2019-11,NOK,96.0,12580.0,14309.713476342567,0.1091238409280777
ADE.OL,WY3QLM-R,2019-12,NOK,104.0,12580.0,16903.387634099327,0.11342781037092209
ADE.OL,WY3QLM-R,2020-01,NOK,112.2,12580.0,16663.04145771976,0.10881984978914261
ADE.OL,WY3QLM-R,2020-02,NOK,98.6,12580.0,13950.906535922706,0.10653132200241089
ADE.OL,WY3QLM-R,2020-03,NOK,93.1,12580.0,10589.199322876417,0.09494313597679138
ADE.OL,WY3QLM-R,2020-04,NOK,84.75,12580.0,10123.63355606229,0.09703932702541351
ADE.OL,WY3QLM-R,2020-05,NOK,103.2,12580.0,13662.3738133878,0.10229132324457169
ADE.OL,WY3QLM-R,2020-06,NOK,96.9,12580.0,13073.16959222787,0.10345914959907532
ADE.OL,WY3QLM-R,2020-07,NOK,146.8,12580.0,22476.677119599375,0.11049845814704895
ADE.OL,WY3QLM-R,2020-08,NOK,163.0,12580.0,26939.503540081438,0.11400948464870453
ADE.OL,WY3QLM-R,2020-09,NOK,160.3,12580.0,22913.57863181948,0.10631556808948517
ADE.OL,WY3QLM-R,2020-10,NOK,147.5,12580.0,20384.442170429596,0.1050102561712265
ADE.OL,WY3QLM-R,2020-11,NOK,146.8,12580.0,23640.402749381137,0.11337444931268692
ADE.OL,WY3QLM-R,2020-12,NOK,144.0,12580.0,24873.698317711533,0.11722641438245773
ADE.OL,WY3QLM-R,2021-01,NOK,127.8,12580.0,21862.663745514626,0.11630746722221375
ADE.OL,WY3QLM-R,2021-02,NOK,121.1,42580.0,70433.73748018536,0.1176346018910408
ADE.OL,WY3QLM-R,2021-03,NOK,125.9,42580.0,73499.12025453438,0.11703696101903915
ADE.OL,WY3QLM-R,2021-04,NOK,152.5,57580.0,129216.4826815076,0.1222597062587738
ADE.OL,WY3QLM-R,2021-05,NOK,161.25,72580.0,168269.54679870358,0.11961150169372559
ADE.OL,WY3QLM-R,2021-06,NOK,165.0,46580.0,104383.25093284115,0.11687144637107849
ADE.OL,WY3QLM-R,2021-07,NOK,169.85,46580.0,102596.41077430175,0.114568792283535
ADE.OL,WY3QLM-R,2021-08,NOK,175.0,56580.0,131213.89633876452,0.11536261439323425
ADE.OL,WY3QLM-R,2021-09,NOK,150.0,76580.0,150095.73604340645,0.1140613704919815
ADE.OL,WY3QLM-R,2021-10,NOK,139.05,76580.0,151128.19822838742,0.12005868554115295
ADE.OL,WY3QLM-R,2021-11,NOK,129.6,76580.0,120881.52059150106,0.11097424477338791
ADE.OL,WY3QLM-R,2021-12,NOK,117.3,76580.0,115890.28318228306,0.11361531913280487
ADE.OL,WY3QLM-R,2022-01,NOK,92.6,76580.0,88469.58089060138,0.11123470962047577
ADE.OL,WY3QLM-R,2022-02,NOK,94.46,76580.0,92167.23906615587,0.11204243451356888
ADE.OL,WY3QLM-R,2022-03,NOK,80.86,66580.0,71924.80413832073,0.11681846529245377
ADE.OL,WY3QLM-R,2022-04,NOK,73.7,66580.0,55962.5020867936,0.1062529906630516
ADE.OL,WY3QLM-R,2022-05,NOK,78.4,66580.0,59050.71562432049,0.10634712129831314
ADE.OL,WY3QLM-R,2022-06,NOK,71.15,66580.0,48504.11185019732,0.10115928947925568
ADE.OL,WY3QLM-R,2022-07,NOK,72.7,66580.0,51455.724959584804,0.10277080535888672
ADE.OL,WY3QLM-R,2022-08,NOK,81.15,66580.0,55510.568325262495,0.1019616425037384
ADE.OL,WY3QLM-R,2022-09,NOK,65.0,66580.0,37199.39669266376,0.09366891533136368
ADE.OL,WY3QLM-R,2022-10,NOK,71.2,66580.0,44198.31696140319,0.09693566709756851
ADE.OL,WY3QLM-R,2022-11,NOK,77.25,66580.0,51542.94135423945,0.09992455691099167
ADE.OL,WY3QLM-R,2022-12,NOK,65.6,66580.0,44877.00018624515,0.10121774673461914
WDI.DE,X42QXQ-R,2019-11,EUR,119.8,1000.0,145455.99744071363,1.101176142692566
WDI.DE,X42QXQ-R,2019-12,EUR,107.5,1000.0,134917.8126611519,1.120229721069336
WDI.DE,X42QXQ-R,2020-01,EUR,133.2,1000.0,162803.42651518824,1.1029127836227417
WDI.DE,X42QXQ-R,2020-02,EUR,114.95,2000.0,277717.03938806534,1.0997228622436523
WDI.DE,X42QXQ-R,2020-03,EUR,104.65,2000.0,253319.56199830055,1.1030466556549072
WDI.DE,X42QXQ-R,2020-04,EUR,90.4,1000.0,107701.22568903923,1.087725043296814
NOK,X699Q2-R,2018-04,USD,6.01,800.0,4808.0,1.0
NOK,X699Q2-R,2018-05,USD,5.79,2600.0,15054.0,1.0
NOK,X699Q2-R,2018-06,USD,5.75,2600.0,14950.0,1.0
NOK,X699Q2-R,2018-07,USD,5.4,13000.0,70200.0,1.0
NOK,X699Q2-R,2018-08,USD,5.55,30000.0,166500.0,1.0
NOK,X699Q2-R,2018-09,USD,5.58,30000.0,167400.0,1.0
NOK,X699Q2-R,2018-10,USD,5.62,30000.0,168600.0,1.0
NOK,X699Q2-R,2018-11,USD,5.47,30000.0,164100.0,1.0
NOK,X699Q2-R,2018-12,USD,5.82,30000.0,174600.0,1.0
NOK,X699Q2-R,2019-01,USD,6.35,30000.0,190500.0,1.0
NOK,X699Q2-R,2019-02,USD,6.09,30000.0,182700.0,1.0
NOK,X699Q2-R,2019-03,USD,5.72,30000.0,171600.0,1.0
NOK,X699Q2-R,2019-04,USD,5.28,30000.0,158400.0,1.0
NOK,X699Q2-R,2019-05,USD,5.05,30000.0,151500.0,1.0
NOK,X699Q2-R,2019-06,USD,5.01,30000.0,150300.0,1.0
NOK,X699Q2-R,2019-07,USD,5.41,30000.0,162300.0,1.0
NOK,X699Q2-R,2019-08,USD,4.96,30000.0,148800.0,1.0
NOK,X699Q2-R,2019-09,USD,5.06,30000.0,151800.0,1.0
NOK,X699Q2-R,2019-10,USD,3.65,30000.0,109500.0,1.0
FNAC.PA,X9KJT3-R,2018-04,EUR,89.0,30.0,3910.6960997723936,1.2122827768325806
FNAC.PA,X9KJT3-R,2018-05,EUR,90.0,110.0,13482.989572016002,1.1667250394821167
FNAC.PA,X9KJT3-R,2018-06,EUR,81.45,160.0,17593.64310760231,1.1562966108322144
FNAC.PA,X9KJT3-R,2018-07,EUR,77.7,800.0,85148.33740345764,1.1707408428192139
FNAC.PA,X9KJT3-R,2018-08,EUR,72.7,800.0,78933.7984330225,1.1664663553237915
FNAC.PA,X9KJT3-R,2018-09,EUR,67.95,800.0,73477.40510108185,1.1637378931045532
FNAC.PA,X9KJT3-R,2018-10,EUR,62.9,800.0,64691.35125472546,1.1346358060836792
FNAC.PA,X9KJT3-R,2018-11,EUR,59.95,800.0,61865.81038651943,1.1392766237258911
FNAC.PA,X9KJT3-R,2018-12,EUR,57.1,800.0,59738.36226273919,1.1439945697784424
FNAC.PA,X9KJT3-R,2020-08,EUR,36.6,4500.0,234757.1225123316,1.1918240785598755
FNAC.PA,X9KJT3-R,2020-09,EUR,38.4,4500.0,237933.7751589203,1.1742050647735596
FNAC.PA,X9KJT3-R,2020-10,EUR,36.88,4500.0,225770.81057453158,1.1678695678710938
FNAC.PA,X9KJT3-R,2020-11,EUR,45.08,9000.0,581001.6783445716,1.1971460580825806
FNAC.PA,X9KJT3-R,2020-12,EUR,52.7,9000.0,713799.6586476337,1.2299896478652954
FNAC.PA,X9KJT3-R,2021-01,EUR,46.42,9000.0,615165.7412579727,1.2120037078857422
FNAC.PA,X9KJT3-R,2021-02,EUR,50.25,9000.0,667535.395258069,1.2160420417785645
FNAC.PA,X9KJT3-R,2021-03,EUR,52.35,9000.0,649185.8486155987,1.1723604202270508
FNAC.PA,X9KJT3-R,2021-04,EUR,58.65,9000.0,770586.7426266503,1.2127091884613037
FNAC.PA,X9KJT3-R,2021-05,EUR,57.8,9000.0,775315.664563036,1.2190067768096924
FNAC.PA,X9KJT3-R,2021-06,EUR,54.25,9000.0,689140.3518246318,1.1901928186416626
FNAC.PA,X9KJT3-R,2021-07,EUR,58.5,9000.0,742507.9907638192,1.1892997026443481
FNAC.PA,X9KJT3-R,2021-08,EUR,57.7,16000.0,1285616.4928313445,1.1796904802322388
FNAC.PA,X9KJT3-R,2021-09,EUR,56.8,16000.0,1221943.0759018708,1.1601601839065552
FNAC.PA,X9KJT3-R,2021-10,EUR,56.05,20000.0,1515687.865293169,1.1683608293533325
FNAC.PA,X9KJT3-R,2021-11,EUR,53.45,20000.0,1358901.3861299513,1.1293437480926514
FNAC.PA,X9KJT3-R,2021-12,EUR,57.5,15000.0,1110798.3782136438,1.132502794265747
FNAC.PA,X9KJT3-R,2022-01,EUR,52.45,15000.0,983580.066061914,1.1152374744415283
FNAC.PA,X9KJT3-R,2022-02,EUR,49.38,15000.0,930212.6049752712,1.118105411529541
FNAC.PA,X9KJT3-R,2022-03,EUR,46.56,12000.0,693886.512705431,1.1161835193634033
FNAC.PA,X9KJT3-R,2022-04,EUR,47.36,12000.0,629778.5276099538,1.0504201650619507
FNAC.PA,X9KJT3-R,2022-05,EUR,47.3,12000.0,655075.8497714995,1.0773539543151855
FNAC.PA,X9KJT3-R,2022-06,EUR,40.44,9000.0,397494.8912229538,1.04465913772583
FNAC.PA,X9KJT3-R,2022-07,EUR,39.12,9000.0,365902.95905930403,1.0192328691482544
FNAC.PA,X9KJT3-R,2022-08,EUR,33.6,9000.0,304840.41814544675,1.0025062561035156
FNAC.PA,X9KJT3-R,2022-09,EUR,28.4,9000.0,246130.64086218597,0.9829555749893188
FNAC.PA,X9KJT3-R,2022-10,EUR,31.28,9000.0,276988.30277050316,0.9955002665519714
ONWD.BR,X9PJS6-R,2022-09,EUR,5.3,40000.0,204146.11154723167,0.9829555749893188
ONWD.BR,X9PJS6-R,2022-10,EUR,6.05,40000.0,238104.55015411376,0.9955002665519714
ONWD.BR,X9PJS6-R,2022-11,EUR,6.18,40000.0,262789.07551918033,1.0324499607086182
ONWD.BR,X9PJS6-R,2022-12,EUR,6.22,40000.0,283076.68677101133,1.066075325012207
AF-B.ST,XJLJJN-R,2018-06,SEK,182.318,660.0,1672.9895500156895,0.11072566360235214
AF-B.ST,XJLJJN-R,2018-07,SEK,194.604,3300.0,9379.95202095589,0.11424967646598816
AF-B.ST,XJLJJN-R,2018-08,SEK,183.387,3300.0,8159.974838199131,0.10966932028532028
AF-B.ST,XJLJJN-R,2018-09,SEK,182.853,3300.0,8610.29208785735,0.11296958476305008
AF-B.ST,XJLJJN-R,2018-10,SEK,174.751,3300.0,7729.762280047395,0.10905957967042923
AF-B.ST,XJLJJN-R,2018-11,SEK,162.644,3300.0,7308.6771291408695,0.11032656580209732
AF-B.ST,XJLJJN-R,2018-12,SEK,142.792,3300.0,6561.911026562266,0.11135733872652054
AF-B.ST,XJLJJN-R,2019-01,SEK,141.546,3300.0,6421.116263437271,0.11071745306253433
AF-B.ST,XJLJJN-R,2019-02,SEK,149.736,3300.0,6491.25558506012,0.10795021057128906
AF-B.ST,XJLJJN-R,2019-03,SEK,155.0,3300.0,5938.987365456038,0.10769479721784592
AF-B.ST,XJLJJN-R,2019-04,SEK,177.0,4400.0,8614.058645118774,0.1051516979932785
AF-B.ST,XJLJJN-R,2019-05,SEK,199.2,4400.0,9659.518211039664,0.1048872172832489
AF-B.ST,XJLJJN-R,2019-06,SEK,210.2,4400.0,10755.626416486024,0.10789814591407776
AF-B.ST,XJLJJN-R,2019-07,SEK,227.4,4400.0,10905.108459943323,0.10455580800771713
AF-B.ST,XJLJJN-R,2019-08,SEK,221.2,4400.0,10155.510647212923,0.10232723504304886
AF-B.ST,XJLJJN-R,2019-09,SEK,198.0,4400.0,9057.64153074658,0.10222230851650238
AF-B.ST,XJLJJN-R,2019-10,SEK,205.2,4400.0,9717.347132793666,0.1036902368068695
AF-B.ST,XJLJJN-R,2019-11,SEK,207.2,4400.0,9974.652651550174,0.10472849011421204
AF-B.ST,XJLJJN-R,2019-12,SEK,218.6,4400.0,11045.084828643503,0.10701276361942291
AF-B.ST,XJLJJN-R,2020-01,SEK,245.2,4400.0,11610.31201356277,0.10372582823038101
AF-B.ST,XJLJJN-R,2020-02,SEK,216.4,10000.0,23103.361003890634,0.1035071313381195
AF-B.ST,XJLJJN-R,2020-03,SEK,152.3,10000.0,15330.763018083575,0.09973251819610596
AF-B.ST,XJLJJN-R,2020-04,SEK,178.5,10000.0,18571.13985861838,0.1016179621219635
BOKU.L,XJM8M0-R,2021-06,GBP,1.71,325000.0,1062764.3671652079,1.3842746019363403
BOKU.L,XJM8M0-R,2021-07,GBP,1.99,325000.0,1255686.9429266453,1.3964334726333618
BOKU.L,XJM8M0-R,2021-08,GBP,1.935,325000.0,1190951.1473407745,1.376045823097229
BOKU.L,XJM8M0-R,2021-09,GBP,1.955,325000.0,1150250.4939504263,1.3426424264907837
BOKU.L,XJM8M0-R,2021-10,GBP,1.895,450000.0,1613174.849823296,1.380071759223938
BOKU.L,XJM8M0-R,2021-11,GBP,1.75,450000.0,1387244.8181793091,1.3315047025680542
BOKU.L,XJM8M0-R,2021-12,GBP,1.645,395000.0,1187975.140021849,1.349837303161621
BOKU.L,XJM8M0-R,2022-01,GBP,1.625,290000.0,847432.1715974092,1.3403388261795044
BOKU.L,XJM8M0-R,2022-02,GBP,1.325,390000.0,927235.7410117148,1.337327480316162
BOKU.L,XJM8M0-R,2022-03,GBP,1.105,312000.0,596411.5280714036,1.3138878345489502
BOKU.L,XJM8M0-R,2022-04,GBP,1.185,312000.0,578552.4852372837,1.2463854551315308
BOKU.L,XJM8M0-R,2022-05,GBP,1.065,312000.0,529622.629558754,1.2647020816802979
BOKU.L,XJM8M0-R,2022-06,GBP,1.03,312000.0,473473.26960479736,1.2131799459457397
BOKU.L,XJM8M0-R,2022-07,GBP,0.975,312000.0,450638.82611480716,1.2173447608947754
BOKU.L,XJM8M0-R,2022-08,GBP,0.944999,312000.0,400017.71108322137,1.1659767627716064
BOKU.L,XJM8M0-R,2022-09,GBP,1.115,312000.0,433750.7557876396,1.1169440746307373
BOKU.L,XJM8M0-R,2022-10,GBP,1.31,312000.0,545682.4993626022,1.159595012664795
BOKU.L,XJM8M0-R,2022-11,GBP,1.325,312000.0,588164.5891418266,1.1946860551834106
BOKU.L,XJM8M0-R,2022-12,GBP,1.395,312000.0,631210.9220895767,1.2056326866149902
