month,ticker,fsym_id,sector,country,w_begin,ret_usd,contrib
2018-05,BAS1V.HE,BFP734-R,Technology,FI,0.12995391564087688,-0.08922213113026245,-0.011594765302201382
2018-05,AF.PA,FPW2T0-R,Industrials,FR,0.025794263253403837,-0.19439585636477796,-0.0050142978944439625
2018-05,OVS.MI,MP8K4H-R,Consumer Cyclicals,IT,0.02237745133912403,-0.18044365542568297,-0.004037869118741885
2018-05,PNDORA.CO,C6RB2B-R,Consumer Cyclicals,DK,0.013084119554527979,-0.2976422622252748,-0.003894386943435662
2018-05,SAX.DE,JCTTTN-R,Business Services,DE,0.02567382235831958,-0.10887051034611317,-0.0027951221426857037
2018-05,SODA,CBC387-R,Non-Energy Materials,IL,0.020447894489897464,-0.11884899999999998,-0.002430211812229823
2018-05,BCART.BR,VHJB07-R,Healthcare,BE,0.040570978541542055,-0.05261793478501364,-0.002134761103063048
2018-05,FNAC.PA,X9KJT3-R,Consumer Cyclicals,FR,0.02820951114057905,-0.026766374501849488,-0.0007550663397028342
2018-05,NTDOY,KRR3VZ-R,Technology,JP,0.02282702616543914,-0.027439199999999997,-0.0006263553363587176
2018-05,NAS.OL,QTFZXZ-R,Industrials,NO,0.003423915379929338,-0.18156483315437544,-0.0006216626246915702
2018-05,RAY.ST,B3MGHK-R,Healthcare,SE,0.002491375126035056,-0.1581843505030751,-0.0003940965561713723
2018-05,NOK,X699Q2-R,Technology,FI,0.03468214509733906,-0.010598899999999967,-0.0003675925876721858
2018-05,AM3D.DE,VJ2Q9P-R,Industrials,DE,0.035393952633897365,-0.008851217240280151,-0.0003132795637548114
2018-05,INTRUM.ST,D2Y4J9-R,Finance,SE,0.002219208004567668,-0.13215109712896578,-0.00029327077256100024
2018-05,BOOZT.ST,TY2YK8-R,Consumer Non-Cyclicals,SE,0.0044993226576635435,-0.06357364386438435,-0.00028603833626925746
2018-05,FAG.ST,BXLTC8-R,Industrials,SE,0.001703422609113198,-0.05680204637108699,-9.675789003240586e-05
2018-05,SCHA.OL,G4GNVN-R,Technology,NO,0.002650992182290903,-0.03403885511607074,-9.023673880683625e-05
2018-05,FANUY,GB0DHY-R,Industrials,JP,0.015531224336331263,-0.005248310000000034,-8.151267999661125e-05
2018-05,4751.T,G37DWR-R,Business Services,JP,0.00032948766640675936,-0.05460214507679406,-1.79907333621562e-05
2018-05,2678.T,JZY038-R,Consumer Non-Cyclicals,JP,0.00020880887103940355,-0.068402069754954,-1.4282958962290476e-05
2018-05,6861.T,R4NT59-R,Industrials,JP,0.00020295978048768135,0.0014526690679932397,2.948333951611526e-07
2018-05,6146.T,J4TH5K-R,Technology,JP,0.00023372045048345008,0.06965588473684003,1.6280004759517528e-05
2018-05,MTLS,CRHQ9D-R,Business Services,BE,0.02162224000192883,0.007506250000000048,0.0001623019390144793
2018-05,NOD.OL,CSQ76Z-R,Technology,NO,0.004010388842490263,0.046614008076813374,0.00018694029789500334
2018-05,DUST.ST,JTKY01-R,Technology,SE,0.0020983515219723126,0.09095959074480775,0.000190865195677346
2018-05,UMI.BR,L1YNFY-R,Non-Energy Materials,BE,0.029325209377693128,0.006941804195207846,0.0002035698614834186
2018-05,ESLT,QG6H7X-R,Industrials,IL,0.016680322862538857,0.036541900000000016,0.0006095306900106089
2018-05,AMS.SW,C5K9GL-R,Technology,AT,0.024301138877328512,0.03276937958515824,0.0007963332442228242
2018-05,ZAL.DE,PM6KP2-R,Consumer Cyclicals,DE,0.036133527763560894,0.02545549037752104,0.0009197966682912137
2018-05,G5EN.ST,TSHCZT-R,Technology,SE,0.0017681336351398375,0.5210828526712215,0.0009213441185026032
2018-05,UCB.BR,KNHDSG-R,Healthcare,BE,0.026523276521956286,0.035107503069670365,0.0009311660119122962
2018-05,RACE,RSKRFX-R,Consumer Cyclicals,IT,0.017698858404914957,0.05561489999999991,0.0009843202403035033
2018-05,BHP,CSSFF1-R,Non-Energy Materials,AU,0.026978207708828632,0.06481279999999989,0.0017485331805907655
2018-05,ASC.L,PP8053-R,Consumer Cyclicals,GB,0.03199427664070611,0.09264014007085009,0.0029639542694605407
2018-05,GWPH,D2DFTS-R,Healthcare,GB,0.019174725061927345,0.211271,0.004051063338558452
2018-05,ASML,GL3H8G-R,Technology,NL,0.09515588956978954,0.04351280000000002,0.00414049919167234
2018-05,ACSO.L,SRS2M0-R,Consumer Services,GB,0.029963844979003736,0.1495910436408865,0.004482322841902905
2018-05,BC.MI,LNW87G-R,Consumer Cyclicals,IT,0.029160390826733353,0.20372259912737922,0.005940630610792305
2018-05,SHOP,VC0Z7G-R,Finance,CA,0.057835795125092564,0.10498800000000008,0.006072064458593223
2018-05,BB,L8N0YK-R,Technology,CA,0.05286718831497461,0.12868600000000008,0.006803266995500827
2018-05,OCDO.L,LHPBFK-R,Industrials,GB,0.04419871668412551,0.6088598909060077,0.0269108258184822
2018-06,BB,L8N0YK-R,Technology,CA,0.04709153085362376,-0.18540199999999996,-0.008730864003323551
2018-06,ASC.L,PP8053-R,Consumer Cyclicals,GB,0.048534938983679915,-0.09298422171846699,-0.00451298352755076
2018-06,NTDOY,KRR3VZ-R,Technology,JP,0.01889214292939609,-0.20082299999999997,-0.00379397681951011
2018-06,BZUN,GXXP1J-R,Business Services,CN,0.030506992356674482,-0.10781299999999994,-0.003289050366950144
2018-06,AMS.SW,C5K9GL-R,Technology,AT,0.0217901499062166,-0.1365942373696204,-0.002976408908609362
2018-06,AIXA.DE,VBDWB1-R,Technology,DE,0.02032674804471473,-0.14424093522947667,-0.002931949148143589
2018-06,GWPH,D2DFTS-R,Healthcare,GB,0.02136169499048997,-0.13323799999999997,-0.0028461895171429017
2018-06,FNAC.PA,X9KJT3-R,Consumer Cyclicals,FR,0.022363152276334144,-0.10308907635371467,-0.0023053967125247587
2018-06,BAS1V.HE,BFP734-R,Technology,FI,0.026293645706720145,-0.08045818028579987,-0.002115538886642237
2018-06,SEDG,CQY5QT-R,Technology,IL,0.013895086634482709,-0.14324099999999995,-0.001990346104609937
2018-06,STM,TZ751N-R,Technology,CH,0.02771387676222878,-0.07117719999999994,-0.0019725961490805084
2018-06,AM3D.DE,VJ2Q9P-R,Industrials,DE,0.031172878930647602,-0.06064576485408135,-0.0018905030854528015
2018-06,SAX.DE,JCTTTN-R,Business Services,DE,0.028549163846077544,-0.0648489570289722,-0.0018513834994673692
2018-06,FANUY,GB0DHY-R,Industrials,JP,0.02131459019067865,-0.07246240000000004,-0.0015445063602330335
2018-06,ACSO.L,SRS2M0-R,Consumer Services,GB,0.030607357033263144,-0.049631970474468545,-0.0015191034405764336
2018-06,OVS.MI,MP8K4H-R,Consumer Cyclicals,IT,0.014938569542710885,-0.07817408016897376,-0.0011678089330416704
2018-06,BCART.BR,VHJB07-R,Healthcare,BE,0.02846219380624345,-0.03725422885920682,-0.0010603370818928924
2018-06,PNDORA.CO,C6RB2B-R,Consumer Cyclicals,DK,0.00817394763391098,-0.11962343336256565,-0.0009777956800942512
2018-06,SHOP,VC0Z7G-R,Finance,CA,0.05158124855113272,-0.017052199999999962,-0.0008795737665436234
2018-06,HSBC,RWBRW0-R,Finance,GB,0.032097608660162265,-0.0256305,-0.000822677758764289
2018-06,G5EN.ST,TSHCZT-R,Technology,SE,0.0024381225100626944,-0.23853546905821632,-0.0005815786965592005
2018-06,UCB.BR,KNHDSG-R,Healthcare,BE,0.038119009561933204,-0.011287438613640122,-0.00043026598044308185
2018-06,FAG.ST,BXLTC8-R,Industrials,SE,0.002742886835647199,-0.127773709892664,-0.0003504688268063924
2018-06,NOK,X699Q2-R,Technology,FI,0.024968861139421393,-0.006908479999999995,-0.00017249687780446977
2018-06,BOOZT.ST,TY2YK8-R,Consumer Non-Cyclicals,SE,0.003196840488930931,-0.05290963402230975,-0.00016914366029703733
2018-06,RAY.ST,B3MGHK-R,Healthcare,SE,0.0019095785220696608,-0.08527075451946109,-0.00016283120139103736
2018-06,NOD.OL,CSQ76Z-R,Technology,NO,0.0033746134555155904,-0.042946671710004214,-0.00014492841622219097
2018-06,DUST.ST,JTKY01-R,Technology,SE,0.003473897940061435,-0.03386620052751077,-0.00011764772425022715
2018-06,NAS.OL,QTFZXZ-R,Industrials,NO,0.0018925069293951947,-0.02549345549538229,-4.824654117923899e-05
2018-06,6857.T,KL74SJ-R,Technology,JP,0.0002872634296904439,-0.11187243358032839,-3.213685895810152e-05
2018-06,6146.T,J4TH5K-R,Technology,JP,0.0003174417788926043,-0.09458021324882693,-3.0023711141749482e-05
2018-06,INTRUM.ST,D2Y4J9-R,Finance,SE,0.001753572868834928,-0.013853378446077369,-2.429290858474385e-05
2018-06,6861.T,R4NT59-R,Industrials,JP,0.00018769860227316854,-0.07892379933467819,-1.4813886821207125e-05
2018-06,6951.T,KGPLVQ-R,Healthcare,JP,0.0003187759217010617,-0.010854829323981852,-3.460258222660027e-06
2018-06,2678.T,JZY038-R,Consumer Non-Cyclicals,JP,0.0002679402481946726,0.11080455611925233,2.9689000267692996e-05
2018-06,4751.T,G37DWR-R,Business Services,JP,0.00031961847461404037,0.15168151359443738,4.8480214002202904e-05
2018-06,ALK-B.CO,SJKQMD-R,Healthcare,DK,0.004628424207246012,0.022391299181595548,0.00010363643116378464
2018-06,BHP,CSSFF1-R,Non-Energy Materials,AU,0.027246809451423607,0.004620309999999961,0.00012588870617650594
2018-06,ASML,GL3H8G-R,Technology,NL,0.03261675662991376,0.006712440000000042,0.00021893802187289966
2018-06,UMI.BR,L1YNFY-R,Non-Energy Materials,BE,0.03717252867266209,0.006419188539243947,0.0002386174700302695
2018-06,SCHA.OL,G4GNVN-R,Technology,NO,0.004004951559354097,0.07102792220836007,0.0002844633878060532
2018-06,AF.PA,FPW2T0-R,Industrials,FR,0.030775321067803427,0.016085608854024436,0.0004950397770537036
2018-06,SODA,CBC387-R,Non-Energy Materials,IL,0.030381268982530192,0.024501399999999895,0.000744383623848562
2018-06,RACE,RSKRFX-R,Consumer Cyclicals,IT,0.017428775930187324,0.04506680000000007,0.0007854591590905674
2018-06,ZAL.DE,PM6KP2-R,Consumer Cyclicals,DE,0.03189685474980315,0.041539544442388276,0.0013249808154518516
2018-06,MTLS,CRHQ9D-R,Business Services,BE,0.020036126116926425,0.07450329999999994,0.0014927575149272032
2018-06,BC.MI,LNW87G-R,Consumer Cyclicals,IT,0.03094699237392021,0.10680591889180979,0.0033053219574343783
2018-06,OCDO.L,LHPBFK-R,Industrials,GB,0.03159242478091538,0.12625611713119023,0.003988736883597569
2018-06,AMP.MI,WJWHT6-R,Healthcare,IT,0.03483231158920578,0.1414564123983788,0.004927253832951522
2018-06,ETO.L,KDMMVP-R,Consumer Services,CA,0.03520430754148169,0.20595961782781202,0.007250665727136329
2018-07,AM3D.DE,VJ2Q9P-R,Industrials,DE,0.02345429079164159,-0.23521228997747234,-0.0055167374468995615
2018-07,SHOP,VC0Z7G-R,Finance,CA,0.04069251971911369,-0.044953299999999974,-0.0018292630466892324
2018-07,BC.MI,LNW87G-R,Consumer Cyclicals,IT,0.02743506285968124,-0.06030169815480202,-0.0016543808794225177
2018-07,NOK,X699Q2-R,Technology,FI,0.019856877484365248,-0.06086959999999997,-0.0012086801897223183
2018-07,GWPH,D2DFTS-R,Healthcare,GB,0.03706794226312143,-0.03203369999999994,-0.0011874233420741506
2018-07,AMS.SW,C5K9GL-R,Technology,AT,0.03957208256432594,-0.02212273294040712,-0.0008754426144663238
2018-07,FNAC.PA,X9KJT3-R,Consumer Cyclicals,FR,0.023368215096408438,-0.034123823781183504,-0.0007974128540306336
2018-07,ETO.L,KDMMVP-R,Consumer Services,CA,0.03334397743083347,-0.01724069350644164,-0.0005748732951707072
2018-07,MTLS,CRHQ9D-R,Business Services,BE,0.017240285601810096,-0.030046200000000023,-0.0005180050692491069
2018-07,STM,TZ751N-R,Technology,CH,0.020566146553037557,-0.02486440000000001,-0.0005113648943533472
2018-07,RACE,RSKRFX-R,Consumer Cyclicals,IT,0.021518745384595202,-0.021084400000000003,-0.00045370983518695914
2018-07,FANUY,GB0DHY-R,Industrials,JP,0.02638640321768562,-0.014295700000000022,-0.0003772121044790689
2018-07,MONC.MI,VK44PN-R,Consumer Cyclicals,IT,0.017483127314228235,-0.020738682116770324,-0.0003625770197768039
2018-07,G5EN.ST,TSHCZT-R,Technology,SE,0.002935441097876461,-0.05369672803680592,-0.0001576235823007353
2018-07,NOD.OL,CSQ76Z-R,Technology,NO,0.0025965237095286814,-0.0525831221139651,-0.00013653332328995228
2018-07,NAS.OL,QTFZXZ-R,Industrials,NO,0.0022734815034759614,-0.03290993907568884,-7.482013776909936e-05
2018-07,4751.T,G37DWR-R,Business Services,JP,0.00028913070330129493,-0.1226529994764548,-3.5462748000640736e-05
2018-07,ASC.L,PP8053-R,Consumer Cyclicals,GB,0.034977163708730205,-0.0006578376257174723,-2.3009294328482416e-05
2018-07,2678.T,JZY038-R,Consumer Non-Cyclicals,JP,0.000233779090183747,-0.07666883247332512,-1.7923569901064065e-05
2018-07,6861.T,R4NT59-R,Industrials,JP,0.00020369387111546786,-0.06265387258745136,-1.2762209847713263e-05
2018-07,6951.T,KGPLVQ-R,Healthcare,JP,0.0002476713070826344,-0.030749268428886145,-7.615711503617016e-06
2018-07,6481.T,LLWRYR-R,Industrials,JP,0.00010337724703253277,-0.05160477580511624,-5.334759656463972e-06
2018-07,6146.T,J4TH5K-R,Technology,JP,0.0002257585386053811,-0.0014185596228005748,-3.202519473680584e-07
2018-07,6857.T,KL74SJ-R,Technology,JP,0.0002003945110765255,0.14033778151192666,2.8122921111646805e-05
2018-07,OVS.MI,MP8K4H-R,Consumer Cyclicals,IT,0.0185504061304679,0.011043304023737432,0.00020485777466255968
2018-07,AF-B.ST,XJLJJN-R,Industrials,SE,0.0022220968914571835,0.1013538830827112,0.0002252181485352074
2018-07,PNDORA.CO,C6RB2B-R,Consumer Cyclicals,DK,0.0093570667263587,0.02964268223668287,0.00027736855563688937
2018-07,BOOZT.ST,TY2YK8-R,Consumer Non-Cyclicals,SE,0.002393595687624624,0.12678851005381953,0.0003034804309051737
2018-07,BAS1V.HE,BFP734-R,Technology,FI,0.02582123418716785,0.012491805174974946,0.00032255382684350333
2018-07,FAG.ST,BXLTC8-R,Industrials,SE,0.003152276620963817,0.11657899934074623,0.0003674892541171906
2018-07,RAY.ST,B3MGHK-R,Healthcare,SE,0.002761839729974696,0.1340265667463656,0.00037015989691221795
2018-07,DUST.ST,JTKY01-R,Technology,SE,0.0026533382867642693,0.15712844031459605,0.00041691490662627205
2018-07,ALK-B.CO,SJKQMD-R,Healthcare,DK,0.003786484914615484,0.12544128474663285,0.00047498153236311076
2018-07,INTRUM.ST,D2Y4J9-R,Finance,SE,0.0027342215444528047,0.17476338741676645,0.000477841819056475
2018-07,SCHA.OL,G4GNVN-R,Technology,NO,0.003448504121715749,0.14717242308819145,0.0005075247076225223
2018-07,SODA,CBC387-R,Non-Energy Materials,IL,0.024925362064989846,0.0234468000000001,0.0005844199792654065
2018-07,BB,L8N0YK-R,Technology,CA,0.03845194670049324,0.0175014,0.0006729628999840124
2018-07,BCART.BR,VHJB07-R,Healthcare,BE,0.021948045987461893,0.040616600040764395,0.0008914550055490435
2018-07,UMI.BR,L1YNFY-R,Non-Energy Materials,BE,0.029965182340512615,0.03000173720449051,0.0008990075258646993
2018-07,SAX.DE,JCTTTN-R,Business Services,DE,0.03626000155744934,0.02518460494300956,0.0009131938144572729
2018-07,BHP,CSSFF1-R,Non-Energy Materials,AU,0.021920000413894646,0.044991,0.0009862027386215342
2018-07,ZAL.DE,PM6KP2-R,Consumer Cyclicals,DE,0.02660967911466213,0.037661440209000085,0.0010021588389575262
2018-07,HSBC,RWBRW0-R,Finance,GB,0.03756735269349743,0.02715310000000004,0.0010200700844218067
2018-07,NTDOY,KRR3VZ-R,Technology,JP,0.027130205986330737,0.04608980000000007,0.0012504257678687882
2018-07,ACSO.L,SRS2M0-R,Consumer Services,GB,0.02311175275660539,0.07836176743689793,0.0018110777945721961
2018-07,BZUN,GXXP1J-R,Business Services,CN,0.03269411633964218,0.05758679999999994,0.0018827495388277042
2018-07,OCDO.L,LHPBFK-R,Industrials,GB,0.02827062874477448,0.08136193650725976,0.002300153100952654
2018-07,AMP.MI,WJWHT6-R,Healthcare,IT,0.03184619190247114,0.092305319186752,0.0029395729084401557
2018-07,UCB.BR,KNHDSG-R,Healthcare,BE,0.03018753047489048,0.10450928791124814,0.0031548773137299066
2018-07,ASML,GL3H8G-R,Technology,NL,0.039442134136252055,0.08097179999999993,0.003193700596853771
2018-07,SEDG,CQY5QT-R,Technology,IL,0.02859988056401971,0.11285300000000009,0.003227582321291319
2018-07,AIXA.DE,VBDWB1-R,Technology,DE,0.02687023219277546,0.12240690305296509,0.003289101907031727
2018-07,AF.PA,FPW2T0-R,Industrials,FR,0.025046599618857458,0.13223921097301927,0.0033121425711548354
2018-08,AIXA.DE,VBDWB1-R,Technology,DE,0.0286464641453407,-0.12875166825182593,-0.003688280048228732
2018-08,SEDG,CQY5QT-R,Technology,IL,0.030166326683965544,-0.09953049999999997,-0.0030024695780184315
2018-08,HSBC,RWBRW0-R,Finance,GB,0.03657348452050358,-0.08075180000000004,-0.0029533747073028026
2018-08,BZUN,GXXP1J-R,Business Services,CN,0.032772244106430176,-0.0770959,-0.00252660565440493
2018-08,ZAL.DE,PM6KP2-R,Consumer Cyclicals,DE,0.026226768642223466,-0.07960596149500176,-0.002087807134671161
2018-08,BHP,CSSFF1-R,Non-Energy Materials,AU,0.021710691151855317,-0.08075010000000005,-0.001753140481581433
2018-08,BAS1V.HE,BFP734-R,Technology,FI,0.024832359480385292,-0.07007438970723223,-0.0017401124355786019
2018-08,BCART.BR,VHJB07-R,Healthcare,BE,0.021693826631012415,-0.07018000269103031,-0.0015224728113431962
2018-08,FNAC.PA,X9KJT3-R,Consumer Cyclicals,FR,0.02143860250565864,-0.06776624783679408,-0.001452813650672978
2018-08,OVS.MI,MP8K4H-R,Consumer Cyclicals,IT,0.017814460957409958,-0.0793051637609582,-0.0014127787435405928
2018-08,ASML,GL3H8G-R,Technology,NL,0.031789674759457404,-0.04182240000000004,-0.0013295204936599324
2018-08,PNDORA.CO,C6RB2B-R,Consumer Cyclicals,DK,0.00915203542959605,-0.1372752541309702,-0.0012563479894134408
2018-08,AMP.MI,WJWHT6-R,Healthcare,IT,0.0330408368118643,-0.035891950421886754,-0.0011859000767490842
2018-08,OCDO.L,LHPBFK-R,Industrials,GB,0.028788680760229265,-0.03947449732752961,-0.0011364187017327734
2018-08,UMI.BR,L1YNFY-R,Non-Energy Materials,BE,0.029315979942121522,-0.0378258636440747,-0.0011089022598831176
2018-08,SAX.DE,JCTTTN-R,Business Services,DE,0.035308514010165694,-0.030220433557043846,-0.0010670386016421642
2018-08,STM,TZ751N-R,Technology,CH,0.019008090416325334,-0.040797399999999984,-0.0007754806679509909
2018-08,AM3D.DE,VJ2Q9P-R,Industrials,DE,0.017037760702282672,-0.03188772381258698,-0.0005432954076593378
2018-08,G5EN.ST,TSHCZT-R,Technology,SE,0.0026806166472713036,-0.1887432634944256,-0.0005059483341834714
2018-08,RACE,RSKRFX-R,Consumer Cyclicals,IT,0.020034595279261398,-0.015209999999999946,-0.0003047261941975648
2018-08,AF-B.ST,XJLJJN-R,Industrials,SE,0.002361679265052296,-0.09541944716577822,-0.00022535012985417147
2018-08,INTRUM.ST,D2Y4J9-R,Finance,SE,0.0030996676305621255,-0.056312264709868276,-0.0001745493041248246
2018-08,FAG.ST,BXLTC8-R,Industrials,SE,0.0033966061104798474,-0.03893421178699241,-0.00013224418166241493
2018-08,DUST.ST,JTKY01-R,Technology,SE,0.002962820461423136,-0.044333365302551386,-0.00013135180184214575
2018-08,ALK-B.CO,SJKQMD-R,Healthcare,DK,0.004048093620846886,-0.01993108631804752,-8.068290338063681e-05
2018-08,ASC.L,PP8053-R,Consumer Cyclicals,GB,0.03291654262090645,-0.0022918987219254783,-7.544138196306103e-05
2018-08,BOOZT.ST,TY2YK8-R,Consumer Non-Cyclicals,SE,0.002602699511479279,-0.013527285985832527,-3.520746062696682e-05
2018-08,2678.T,JZY038-R,Consumer Non-Cyclicals,JP,0.0002024421597546591,-0.03607934607072949,-7.303980741094251e-06
2018-08,6481.T,LLWRYR-R,Industrials,JP,9.195009365874455e-05,-0.016242538102327564,-1.4935028997647465e-06
2018-08,6857.T,KL74SJ-R,Technology,JP,0.00021431717385785783,0.007519003376676103,1.6114515539169124e-06
2018-08,6951.T,KGPLVQ-R,Healthcare,JP,0.00022513837732032917,0.03955715266899995,8.905833163311177e-06
2018-08,6146.T,J4TH5K-R,Technology,JP,0.0002114294579983115,0.04792337645242406,1.0132413508785063e-05
2018-08,6861.T,R4NT59-R,Industrials,JP,0.00017906707749218954,0.0675126955500307,1.2089301085763947e-05
2018-08,4751.T,G37DWR-R,Business Services,JP,0.00023790501104304802,0.07661258634154633,1.822651819962205e-05
2018-08,NOD.OL,CSQ76Z-R,Technology,NO,0.0023324894285205013,0.01788495142641322,4.17164601317115e-05
2018-08,FANUY,GB0DHY-R,Industrials,JP,0.024651727037054285,0.002859710000000071,7.049679032513625e-05
2018-08,SCHA.OL,G4GNVN-R,Technology,NO,0.0037509823854058955,0.037454466746041915,0.0001404910450191741
2018-08,NAS.OL,QTFZXZ-R,Industrials,NO,0.002084702630130434,0.0698181941165168,0.00014555017290565975
2018-08,ACSO.L,SRS2M0-R,Consumer Services,GB,0.023469986070310728,0.014329993187131018,0.00033632474048961265
2018-08,ETO.L,KDMMVP-R,Consumer Services,CA,0.031096631558300447,0.01097982938038422,0.0003414357088148104
2018-08,MONC.MI,VK44PN-R,Consumer Cyclicals,IT,0.01626174799467814,0.029102678346963673,0.0004732604212484994
2018-08,NOK,X699Q2-R,Technology,FI,0.017674918169760093,0.027777799999999964,0.0004909703419359613
2018-08,LN,JV8XYP-R,Technology,JP,0.010957442147406828,0.04802390000000001,0.0005262191059428508
2018-08,RAY.ST,B3MGHK-R,Healthcare,SE,0.0030224052026021917,0.2260882346118498,0.0006833302565379997
2018-08,NTDOY,KRR3VZ-R,Technology,JP,0.025838237747524292,0.053433400000000075,0.0013806248928585664
2018-08,AF.PA,FPW2T0-R,Industrials,FR,0.026936210684742102,0.0555430881105734,0.0014961203234275992
2018-08,BC.MI,LNW87G-R,Consumer Cyclicals,IT,0.02448746854639826,0.0651110266333299,0.0015944042167073654
2018-08,SHOP,VC0Z7G-R,Finance,CA,0.036538361285679055,0.04611019999999999,0.001684791146554918
2018-08,UCB.BR,KNHDSG-R,Healthcare,BE,0.03166987957915117,0.06823368373258765,0.0021609525470529366
2018-08,INRN.SW,TLX4L7-R,Industrials,CH,0.018223266622568204,0.15554969920773232,0.002834623641722792
2018-08,GWPH,D2DFTS-R,Healthcare,GB,0.03400785181181618,0.08669569999999993,0.00294833451832167
2018-08,MTLS,CRHQ9D-R,Business Services,BE,0.015849517076729314,0.20333599999999996,0.003222777404313831
2018-08,AMS.SW,C5K9GL-R,Technology,AT,0.0367862899464853,0.09605618262921434,0.0035335505853508233
2018-08,BB,L8N0YK-R,Technology,CA,0.049399130269329496,0.08607900000000002,0.004252227734453614
2018-08,SODA,CBC387-R,Non-Energy Materials,IL,0.02417838165017182,0.6351659999999999,0.015357285959213032
2018-09,AMS.SW,C5K9GL-R,Technology,AT,0.03862254228638853,-0.29161963007472147,-0.01126309149410191
2018-09,SEDG,CQY5QT-R,Technology,IL,0.036715594831732416,-0.21480699999999997,-0.007886766779019944
2018-09,ZAL.DE,PM6KP2-R,Consumer Cyclicals,DE,0.02246150230123412,-0.2623205394006497,-0.0058921133994086685
2018-09,AIXA.DE,VBDWB1-R,Technology,DE,0.02322379796911759,-0.19148661433001368,-0.004447046444990574
2018-09,OCDO.L,LHPBFK-R,Industrials,GB,0.02563881409154728,-0.15722071015657813,-0.004030952559045546
2018-09,BC.MI,LNW87G-R,Consumer Cyclicals,IT,0.024269399221519064,-0.11800988549160152,-0.002864029023081428
2018-09,BZUN,GXXP1J-R,Business Services,CN,0.02830225470858385,-0.0900917,-0.0025497982405293237
2018-09,ASML,GL3H8G-R,Technology,NL,0.02850298743848927,-0.08305289999999999,-0.002367255765430105
2018-09,AM3D.DE,VJ2Q9P-R,Industrials,DE,0.01534823492382823,-0.1312039511121531,-0.0020137490646038
2018-09,STM,TZ751N-R,Technology,CH,0.01706110403298245,-0.11111599999999999,-0.0018957616357288779
2018-09,ASC.L,PP8053-R,Consumer Cyclicals,GB,0.030449826177589366,-0.05266708450454194,-0.0016037035684437124
2018-09,MTLS,CRHQ9D-R,Business Services,BE,0.01784683602152069,-0.08910890000000005,-0.0015903119263580858
2018-09,FNAC.PA,X9KJT3-R,Consumer Cyclicals,FR,0.018596944649371873,-0.0675232548127348,-0.0012557262322978621
2018-09,SAX.DE,JCTTTN-R,Business Services,DE,0.03186197643718467,-0.03865304297750172,-0.001231562344574646
2018-09,LN,JV8XYP-R,Technology,JP,0.016118696850327893,-0.07629909999999995,-0.0012298420628528521
2018-09,INRN.SW,TLX4L7-R,Industrials,CH,0.020171449334215705,-0.053574701749554254,-0.001080679381936851
2018-09,MONC.MI,VK44PN-R,Consumer Cyclicals,IT,0.015572063349800724,-0.049968712624489986,-0.0007781159584965453
2018-09,OVS.MI,MP8K4H-R,Consumer Cyclicals,IT,0.015261901102381698,-0.044874955283178086,-0.0006848771295056651
2018-09,UCB.BR,KNHDSG-R,Healthcare,BE,0.031479869338560194,-0.01956629315371483,-0.0006159443519189077
2018-09,RAY.ST,B3MGHK-R,Healthcare,SE,0.0033348301113260764,-0.1453164952803978,-0.00048460582413344425
2018-09,FANUY,GB0DHY-R,Industrials,JP,0.02313374031621276,-0.015919499999999975,-0.0003682775789639485
2018-09,ALK-B.CO,SJKQMD-R,Healthcare,DK,0.003689113073955275,-0.08284589656702401,-0.00030562788014895474
2018-09,G5EN.ST,TSHCZT-R,Technology,SE,0.0019570069790433562,-0.0919700457857896,-0.00017998602146572726
2018-09,NOD.OL,CSQ76Z-R,Technology,NO,0.0021644294791102157,-0.062350604466211546,-0.00013495348634700934
2018-09,BOOZT.ST,TY2YK8-R,Consumer Non-Cyclicals,SE,0.0023105114600391894,-0.054382266027478865,-0.0001256508488793898
2018-09,DUST.ST,JTKY01-R,Technology,SE,0.002548068687160035,-0.04079029363162645,-0.00010393646994281076
2018-09,NAS.OL,QTFZXZ-R,Industrials,NO,0.00203319772735267,-0.04260640818371764,-8.66272522897949e-05
2018-09,6857.T,KL74SJ-R,Technology,JP,0.0002039768745676432,-0.10203394398620147,-2.081256499411535e-05
2018-09,HSBC,RWBRW0-R,Finance,GB,0.03110650508147032,-0.00045436600000003935,-1.4133738287848567e-05
2018-09,4751.T,G37DWR-R,Business Services,JP,0.00024195457092808016,-0.05767645245995312,-1.395508130760177e-05
2018-09,6146.T,J4TH5K-R,Technology,JP,0.0002092983435752254,-0.05754621907320545,-1.2044328331038944e-05
2018-09,6481.T,LLWRYR-R,Industrials,JP,8.544978497261549e-05,-0.04844026150387415,-4.13920992952331e-06
2018-09,RKUNY,SSMH3Y-R,Consumer Non-Cyclicals,JP,0.018058877637617966,0.0002609490000000658,4.7124460606599596e-06
2018-09,6861.T,R4NT59-R,Industrials,JP,0.00018057581658509187,0.02886666854888742,5.212622245306535e-06
2018-09,2678.T,JZY038-R,Consumer Non-Cyclicals,JP,0.00018433720770230354,0.04020764645845554,7.411765276433108e-06
2018-09,UMI.BR,L1YNFY-R,Non-Energy Materials,BE,0.026113742703316744,0.00036063681089237853,9.41757688898827e-06
2018-09,6951.T,KGPLVQ-R,Healthcare,JP,0.00022108986980496945,0.04914106927030626,1.0864592607048995e-05
2018-09,FAG.ST,BXLTC8-R,Industrials,SE,0.0029376325672232292,0.004061598028882285,1.1931482644614275e-05
2018-09,AF-B.ST,XJLJJN-R,Industrials,SE,0.0019225047244498313,0.027092641012186114,5.2085730343751066e-05
2018-09,SCHA.OL,G4GNVN-R,Technology,NO,0.003547640055623814,0.041496963892119876,0.00014721629129045956
2018-09,NOK,X699Q2-R,Technology,FI,0.039227698977995974,0.0054053099999999965,0.00021203787356275129
2018-09,PNDORA.CO,C6RB2B-R,Consumer Cyclicals,DK,0.007173579573444249,0.04281418887138311,0.00030713099074133795
2018-09,NTDOY,KRR3VZ-R,Technology,JP,0.026665411233210715,0.014485999999999999,0.0003862751471242904
2018-09,AMP.MI,WJWHT6-R,Healthcare,IT,0.02964127869664327,0.029947518365484482,0.0008876827381441683
2018-09,RACE,RSKRFX-R,Consumer Cyclicals,IT,0.018531023636127898,0.050542499999999935,0.000936604262128993
2018-09,BHP,CSSFF1-R,Non-Energy Materials,AU,0.018675211935074047,0.06369690000000006,0.001189553107107219
2018-09,BCART.BR,VHJB07-R,Healthcare,BE,0.026277457209170914,0.04694905710772046,0.0012337018391590459
2018-09,ACSO.L,SRS2M0-R,Consumer Services,GB,0.022072888431440865,0.06326787882790685,0.0013965048306623076
2018-09,BAS1V.HE,BFP734-R,Technology,FI,0.03223129334003928,0.05704548534866882,0.001838649771997858
2018-09,AF.PA,FPW2T0-R,Industrials,FR,0.026456522698164592,0.08182418999929375,0.0021647835399752472
2018-09,BB,L8N0YK-R,Technology,CA,0.05027742319462066,0.06179800000000002,0.0031070441985811686
2018-09,ADYEN.AS,B8DGF3-R,Finance,NL,0.01931319616212699,0.16118452432660146,0.0031129883366187838
2018-09,ETO.L,KDMMVP-R,Consumer Services,CA,0.029148985952979937,0.135458916457891,0.003948490053036947
2018-09,SHOP,VC0Z7G-R,Finance,CA,0.03603611925303848,0.12801099999999987,0.004613019661700704
2018-09,GWPH,D2DFTS-R,Healthcare,GB,0.034581631567509,0.176863,0.006116211103924344
2018-10,BAS1V.HE,BFP734-R,Technology,FI,0.03371592515340599,-0.45362098540729956,-0.015294251192006782
2018-10,BB,L8N0YK-R,Technology,CA,0.05315715094831681,-0.182014,-0.009675345672706935
2018-10,GWPH,D2DFTS-R,Healthcare,GB,0.04034431570655643,-0.20406400000000002,-0.008232822440342732
2018-10,AMS.SW,C5K9GL-R,Technology,AT,0.02685244987876038,-0.30573082040064237,-0.00820962153120054
2018-10,ACSO.L,SRS2M0-R,Consumer Services,GB,0.023342479019141285,-0.32675844732991843,-0.007627352201125804
2018-10,FDP.L,G22X5F-R,Finance,GB,0.024676904952537666,-0.26591403053620744,-0.00656193525708819
2018-10,ADYEN.AS,B8DGF3-R,Finance,NL,0.03107042313709629,-0.20794040614400056,-0.006460796406193754
2018-10,SHOP,VC0Z7G-R,Finance,CA,0.04033100306330488,-0.15680499999999997,-0.00632410293534152
2018-10,AMP.MI,WJWHT6-R,Healthcare,IT,0.030211741921169974,-0.20227862425568333,-0.006111189592182017
2018-10,OVS.MI,MP8K4H-R,Consumer Cyclicals,IT,0.014425529164818346,-0.3838202919052286,-0.005536810814927966
2018-10,BZUN,GXXP1J-R,Business Services,CN,0.02552874509844362,-0.180527,-0.0046086277663867315
2018-10,UMI.BR,L1YNFY-R,Non-Energy Materials,BE,0.025851714870318083,-0.15819043496554708,-0.004089494019940919
2018-10,AM3D.DE,VJ2Q9P-R,Industrials,DE,0.013195933252924813,-0.2862498598560501,-0.0037773340443195192
2018-10,NTDOY,KRR3VZ-R,Technology,JP,0.026641051475382805,-0.13933799999999996,-0.0037121108304768884
2018-10,LN,JV8XYP-R,Technology,JP,0.014759517373369422,-0.24543099999999995,-0.00362244310846343
2018-10,ASML,GL3H8G-R,Technology,NL,0.03688695218758401,-0.08328899999999995,-0.003072277360751683
2018-10,RACE,RSKRFX-R,Consumer Cyclicals,IT,0.019185620921794516,-0.148694,-0.0028527867173453137
2018-10,MONC.MI,VK44PN-R,Consumer Cyclicals,IT,0.014640224990535605,-0.1932004683813725,-0.002828498325380154
2018-10,SAX.DE,JCTTTN-R,Business Services,DE,0.030312132035390786,-0.08559794772161156,-0.0025946562932959672
2018-10,BC.MI,LNW87G-R,Consumer Cyclicals,IT,0.021182942766988535,-0.12090837635007523,-0.002561195216273154
2018-10,STM,TZ751N-R,Technology,CH,0.014991904742409733,-0.16957500000000003,-0.002542252246694131
2018-10,ASC.L,PP8053-R,Consumer Cyclicals,GB,0.02869014076769023,-0.07988209257756496,-0.0022918284808680013
2018-10,CAPC.L,J2R4L9-R,Finance,GB,0.024397637615718604,-0.08666092729759389,-0.002114321899648832
2018-10,RKUNY,SSMH3Y-R,Consumer Non-Cyclicals,JP,0.01790667294906612,-0.11699499999999996,-0.0020949912016759898
2018-10,UCB.BR,KNHDSG-R,Healthcare,BE,0.030543218713408513,-0.06556916273095215,-0.0020026932781465456
2018-10,AF.PA,FPW2T0-R,Industrials,FR,0.028323908102265146,-0.06977976566928301,-0.0019764356702143683
2018-10,FNAC.PA,X9KJT3-R,Consumer Cyclicals,FR,0.01716102598527606,-0.0974681898355596,-0.0016726541385058582
2018-10,OCDO.L,LHPBFK-R,Industrials,GB,0.021491021341342335,-0.07582592768767749,-0.0016295766301629576
2018-10,FANUY,GB0DHY-R,Industrials,JP,0.022021914599810153,-0.07270129999999997,-0.0016010218198951771
2018-10,BCART.BR,VHJB07-R,Healthcare,BE,0.027225293869192244,-0.0519146842030862,-0.0014133925335553343
2018-10,BHP,CSSFF1-R,Non-Energy Materials,AU,0.019206640884823288,-0.07343500000000003,-0.0014104396733769988
2018-10,ETO.L,KDMMVP-R,Consumer Services,CA,0.032918448323811814,-0.03815437643996966,-0.0012559828691664043
2018-10,INRN.SW,TLX4L7-R,Industrials,CH,0.018736999688803158,-0.05327560164729972,-0.0009982249314862558
2018-10,HSBC,RWBRW0-R,Finance,GB,0.015411136227261353,-0.05455790000000005,-0.0008407992291733029
2018-10,NOD.OL,CSQ76Z-R,Technology,NO,0.002066052211150964,-0.2568948917259912,-0.0005307582590838716
2018-10,DUST.ST,JTKY01-R,Technology,SE,0.0024891706332811963,-0.1317292511845486,-0.0003278965835927006
2018-10,G5EN.ST,TSHCZT-R,Technology,SE,0.0018097675247918917,-0.1713478449811211,-0.0003100997652899083
2018-10,NAS.OL,QTFZXZ-R,Industrials,NO,0.001981650182796359,-0.1486302352861001,-0.0002945331329237661
2018-10,SCHA.OL,G4GNVN-R,Technology,NO,0.003761442852718013,-0.07269188365148282,-0.00027342636621147944
2018-10,RAY.ST,B3MGHK-R,Healthcare,SE,0.002902748089765919,-0.08986641788411653,-0.00026085957284722506
2018-10,AF-B.ST,XJLJJN-R,Industrials,SE,0.002010978015040997,-0.0773815263352442,-0.00015561254823049202
2018-10,BOOZT.ST,TY2YK8-R,Consumer Non-Cyclicals,SE,0.0022251238328777176,-0.06936513024450175,-0.0001543460044777078
2018-10,ALK-B.CO,SJKQMD-R,Healthcare,DK,0.003347432356113564,-0.04020361617064594,-0.0001345788856023907
2018-10,FAG.ST,BXLTC8-R,Industrials,SE,0.003003916250922948,-0.04176218142922683,-0.00012545009546924702
2018-10,6951.T,KGPLVQ-R,Healthcare,JP,0.0004473146228780886,-0.24533347018088902,-0.00010974124869333717
2018-10,ZAL.DE,PM6KP2-R,Consumer Cyclicals,DE,0.01639720772906489,-0.0049314494572964,-8.086200115667338e-05
2018-10,4751.T,G37DWR-R,Business Services,JP,0.00021948532867706934,-0.20612798264650678,-4.5242068020709784e-05
2018-10,6861.T,R4NT59-R,Industrials,JP,0.0001795244715749697,-0.15960580860219153,-2.8653148449604187e-05
2018-10,6857.T,KL74SJ-R,Technology,JP,0.00017362918295940537,-0.12803386011126838,-2.223041452225833e-05
2018-10,2678.T,JZY038-R,Consumer Non-Cyclicals,JP,0.00018556485418085635,-0.08551596009428197,-1.5868756665031367e-05
2018-10,6481.T,LLWRYR-R,Industrials,JP,7.868820925142728e-05,-0.13286786664332106,-1.0455134493220382e-05
2018-10,6146.T,J4TH5K-R,Technology,JP,0.0001897550288059927,-0.05265604616249153,-9.991749556373261e-06
2018-10,PNDORA.CO,C6RB2B-R,Consumer Cyclicals,DK,0.007400999270986515,0.0010596311561790195,7.84232941439552e-06
2018-10,NOK,X699Q2-R,Technology,FI,0.03909713123351596,0.007168410000000014,0.00028026426650564867
2018-10,SEDG,CQY5QT-R,Technology,IL,0.028578391401201293,0.028685199999999966,0.0008197768730217384
2018-10,MTLS,CRHQ9D-R,Business Services,BE,0.016115304988725217,0.06884059999999992,0.0011093872646068359
2018-11,FDP.L,G22X5F-R,Finance,GB,0.025424610840842937,-0.3365603235397878,-0.008556915250467296
2018-11,AMS.SW,C5K9GL-R,Technology,AT,0.019448640945736274,-0.2839705282369499,-0.005522840842851502
2018-11,ADYEN.AS,B8DGF3-R,Finance,NL,0.02579060221694064,-0.19642867030468025,-0.005066013699830588
2018-11,ACSO.L,SRS2M0-R,Consumer Services,GB,0.016542291685235293,-0.2517360442723906,-0.00416429107204119
2018-11,GWPH,D2DFTS-R,Healthcare,GB,0.034497439605493015,-0.105244,-0.003630648533840507
2018-11,ZAL.DE,PM6KP2-R,Consumer Cyclicals,DE,0.017099330833578934,-0.19555310370387102,-0.0033438272157656607
2018-11,ETO.L,KDMMVP-R,Consumer Services,CA,0.03332907310382462,-0.09538808723983805,-0.003179196532850563
2018-11,BZUN,GXXP1J-R,Business Services,CN,0.02247452112199449,-0.11404199999999998,-0.002563039337794495
2018-11,ASC.L,PP8053-R,Consumer Cyclicals,GB,0.027787795822844363,-0.08587345940374647,-0.002386234156512621
2018-11,BB,L8N0YK-R,Technology,CA,0.04641811278650235,-0.05014719999999995,-0.0023277383855272882
2018-11,SMDS.L,QCZ86Y-R,Non-Energy Materials,GB,0.016008541821820578,-0.14460091636498307,-0.0023148498171024112
2018-11,RACE,RSKRFX-R,Consumer Cyclicals,IT,0.029383919937444807,-0.067905,-0.0019953150833521894
2018-11,UMI.BR,L1YNFY-R,Non-Energy Materials,BE,0.02280652708459227,-0.07485614737332313,-0.0017072087525179247
2018-11,AM3D.DE,VJ2Q9P-R,Industrials,DE,0.009870578619002797,-0.16391422343839557,-0.0016179282292214743
2018-11,INRN.SW,TLX4L7-R,Industrials,CH,0.03238462134165519,-0.0428353077849567,-0.0013872052226690775
2018-11,AMP.MI,WJWHT6-R,Healthcare,IT,0.025257071833577904,-0.05233380311173086,-0.001321798624517309
2018-11,NOK,X699Q2-R,Technology,FI,0.04230320981515835,-0.026690400000000003,-0.0011290895912505026
2018-11,PNDORA.CO,C6RB2B-R,Consumer Cyclicals,DK,0.0077606723828618105,-0.13235702947767514,-0.00102717954334502
2018-11,OCDO.L,LHPBFK-R,Industrials,GB,0.03832923764062126,-0.022285679781926748,-0.0008541931163442589
2018-11,MTLS,CRHQ9D-R,Business Services,BE,0.01850451793515972,-0.045423699999999956,-0.0008405436713313137
2018-11,NTDOY,KRR3VZ-R,Technology,JP,0.024428472761588476,-0.03220040000000002,-0.000786606594312254
2018-11,BHP,CSSFF1-R,Non-Energy Materials,AU,0.019118491567530375,-0.039410999999999974,-0.0007534788711679391
2018-11,MONC.MI,VK44PN-R,Consumer Cyclicals,IT,0.012378549614411474,-0.05870636158500486,-0.0007266996095615625
2018-11,FNAC.PA,X9KJT3-R,Consumer Cyclicals,FR,0.016231623993800466,-0.04300158854608871,-0.0006979856164162287
2018-11,BOOZT.ST,TY2YK8-R,Consumer Non-Cyclicals,SE,0.0032469601647559954,-0.1884673900334538,-0.0006119461077941556
2018-11,G5EN.ST,TSHCZT-R,Technology,SE,0.0015676430208964001,-0.38831543749307007,-0.0006087399854923436
2018-11,FANUY,GB0DHY-R,Industrials,JP,0.021938203737772066,-0.0235031,-0.0005156157962692306
2018-11,ALK-B.CO,SJKQMD-R,Healthcare,DK,0.0033654252818261575,-0.13378484176577554,-0.000450242888803653
2018-11,STM,TZ751N-R,Technology,CH,0.013374689200456797,-0.024950699999999992,-0.0003337078578338373
2018-11,ASML,GL3H8G-R,Technology,NL,0.036327166338921614,-0.005859790000000031,-0.00021286956604115064
2018-11,RAY.ST,B3MGHK-R,Healthcare,SE,0.0027616382933382316,-0.06997887235343658,-0.00019325633361587857
2018-11,TSM,N28HXY-R,Technology,TW,0.014339433220262751,-0.013385800000000003,-0.00019194478519979317
2018-11,BC.MI,LNW87G-R,Consumer Cyclicals,IT,0.01951536389312275,-0.009187045768419222,-0.00017928854127347463
2018-11,BCART.BR,VHJB07-R,Healthcare,BE,0.027050556297752375,-0.0042912729482093015,-0.00011608132047455752
2018-11,AF-B.ST,XJLJJN-R,Industrials,SE,0.0019394647423140081,-0.05846929682096147,-0.00011339913969214728
2018-11,FAG.ST,BXLTC8-R,Industrials,SE,0.0030089419419875143,-0.01228906477322389,-3.697708242395464e-05
2018-11,6146.T,J4TH5K-R,Technology,JP,0.00019436919736872104,-0.08193594208307098,-1.592582329833652e-05
2018-11,NAS.OL,QTFZXZ-R,Industrials,NO,0.001756049736361484,-0.007625066107600054,-1.338999532798996e-05
2018-11,2678.T,JZY038-R,Consumer Non-Cyclicals,JP,0.00018348408352989327,-0.043872214679467,-8.049853102888733e-06
2018-11,6481.T,LLWRYR-R,Industrials,JP,7.377710746227253e-05,0.036691951208332796,2.707026027297629e-06
2018-11,4751.T,G37DWR-R,Business Services,JP,0.0001884005421366853,0.06967212161146641,1.3126265483413339e-05
2018-11,6861.T,R4NT59-R,Industrials,JP,0.00016312971052810784,0.1103978956001157,1.8009176752159146e-05
2018-11,6951.T,KGPLVQ-R,Healthcare,JP,0.00036500145933012536,0.06719299416079871,2.4525540925452122e-05
2018-11,6857.T,KL74SJ-R,Technology,JP,0.00016370002114691792,0.16688551733191415,2.7319162716348683e-05
2018-11,NOD.OL,CSQ76Z-R,Technology,NO,0.0015980231720782113,0.04572445647196943,7.306874097288869e-05
2018-11,SAX.DE,JCTTTN-R,Business Services,DE,0.029047573482793455,0.0032204207667907436,9.354540886886816e-05
2018-11,UCB.BR,KNHDSG-R,Healthcare,BE,0.029910120173700785,0.004902281789750607,0.00014662783745678562
2018-11,SEDG,CQY5QT-R,Technology,IL,0.03158250757685955,0.005164029999999986,0.0001630930166021296
2018-11,SCHA.OL,G4GNVN-R,Technology,NO,0.0036305313238793146,0.05027716850331432,0.0001825328351272411
2018-11,DUST.ST,JTKY01-R,Technology,SE,0.0021975754193888936,0.11911891957604914,0.0002617728096444881
2018-11,OVS.MI,MP8K4H-R,Consumer Cyclicals,IT,0.009315275086336923,0.0362519489521711,0.00033769687690531736
2018-11,CAPC.L,J2R4L9-R,Finance,GB,0.02345625356392851,0.021216803367751114,0.0004976667196099825
2018-11,HSBC,RWBRW0-R,Finance,GB,0.01546023383100766,0.035288500000000056,0.0005455684615455147
2018-11,LN,JV8XYP-R,Technology,JP,0.011964582206618186,0.10789599999999999,0.0012909305617652756
2018-11,RKUNY,SSMH3Y-R,Consumer Non-Cyclicals,JP,0.01698652019268221,0.18892200000000003,0.003209127367841909
2018-11,SHOP,VC0Z7G-R,Finance,CA,0.03639619132717872,0.09874190000000005,0.0035938290844091504
2018-11,AF.PA,FPW2T0-R,Industrials,FR,0.027611828356587636,0.19411620544199604,0.005359903345896497
2018-11,BAS1V.HE,BFP734-R,Technology,FI,0.02574093098347059,0.46964556808903946,0.012089114154872802
2018-12,ASC.L,PP8053-R,Consumer Cyclicals,GB,0.026075883705449797,-0.5440066251719213,-0.01418545349297724
2018-12,BB,L8N0YK-R,Technology,CA,0.045346370729436355,-0.19100300000000003,-0.008661292848434534
2018-12,GWPH,D2DFTS-R,Healthcare,GB,0.03173214179257828,-0.20833999999999997,-0.0066110744210657576
2018-12,INRN.SW,TLX4L7-R,Industrials,CH,0.03207529221184807,-0.16846299797771458,-0.0054034998870191656
2018-12,BZUN,GXXP1J-R,Business Services,CN,0.02729294361138602,-0.171817,-0.004689391692477511
2018-12,BCART.BR,VHJB07-R,Healthcare,BE,0.02767003190753989,-0.15983507727626345,-0.0044226416881783135
2018-12,SHOP,VC0Z7G-R,Finance,CA,0.0413464493932511,-0.09158880000000003,-0.003786871684188597
2018-12,ASML,GL3H8G-R,Technology,NL,0.037126760663087,-0.09180049999999995,-0.003408255192251716
2018-12,RKUNY,SSMH3Y-R,Consumer Non-Cyclicals,JP,0.02076182810018392,-0.162443,-0.0033726136420781767
2018-12,SEDG,CQY5QT-R,Technology,IL,0.032635586977332834,-0.09838179999999996,-0.0032107477908865623
2018-12,OVS.MI,MP8K4H-R,Consumer Cyclicals,IT,0.00991656623928399,-0.3181068054402322,-0.0031545272073150873
2018-12,NTDOY,KRR3VZ-R,Technology,JP,0.024569066052211683,-0.12595699999999999,-0.0030946458527384268
2018-12,RACE,RSKRFX-R,Consumer Cyclicals,IT,0.028270547394460898,-0.09244439999999998,-0.0026134537915525006
2018-12,ZAL.DE,PM6KP2-R,Consumer Cyclicals,DE,0.01413114784888431,-0.17763046721352904,-0.002510122394660776
2018-12,AM3D.DE,VJ2Q9P-R,Industrials,DE,0.008478020305714006,-0.2906385235457565,-0.0024640393042436614
2018-12,SAX.DE,JCTTTN-R,Business Services,DE,0.029936935336047018,-0.0820399424936944,-0.002456024453406745
2018-12,FANUY,GB0DHY-R,Industrials,JP,0.022023169129006127,-0.110213,-0.0024272395392151524
2018-12,CAPC.L,J2R4L9-R,Finance,GB,0.024589786631240944,-0.0969804508399088,-0.0023847285935549092
2018-12,AF.PA,FPW2T0-R,Industrials,FR,0.033872150388201815,-0.0649058799355442,-0.002198501726255324
2018-12,OCDO.L,LHPBFK-R,Industrials,GB,0.038469868406402846,-0.05632303233190772,-0.002166739642058063
2018-12,AMS.SW,C5K9GL-R,Technology,AT,0.014410036619524804,-0.14088134734267244,-0.0020301053742159034
2018-12,UMI.BR,L1YNFY-R,Non-Energy Materials,BE,0.021675523792505754,-0.0865250394744973,-0.0018754755517769658
2018-12,PNDORA.CO,C6RB2B-R,Consumer Cyclicals,DK,0.006915226771924864,-0.2524280905856441,-0.0017455974900037207
2018-12,SMDS.L,QCZ86Y-R,Non-Energy Materials,GB,0.014057199093748668,-0.11052805850744907,-0.0015537149238847128
2018-12,ETO.L,KDMMVP-R,Consumer Services,CA,0.03095025388088524,-0.03734351372322009,-0.0011557912305379839
2018-12,AMP.MI,WJWHT6-R,Healthcare,IT,0.02458892192177547,-0.04545435995519487,-0.0011176737079425642
2018-12,UCB.BR,KNHDSG-R,Healthcare,BE,0.030877572883834796,-0.0356240186614446,-0.0010999832326338466
2018-12,STM,TZ751N-R,Technology,CH,0.013406584861561177,-0.06188550000000004,-0.0008296732074501448
2018-12,FNAC.PA,X9KJT3-R,Consumer Cyclicals,FR,0.015957849677270337,-0.04359539339437446,-0.0006956887344088919
2018-12,ACSO.L,SRS2M0-R,Consumer Services,GB,0.012706602868929677,-0.04656112146125402,-0.0005916336795401535
2018-12,BOOZT.ST,TY2YK8-R,Consumer Non-Cyclicals,SE,0.0027203789169624273,-0.21253891084774978,-0.0005781863721043755
2018-12,HSBC,RWBRW0-R,Finance,GB,0.016454523680060527,-0.03361539999999996,-0.000553125395314706
2018-12,NOD.OL,CSQ76Z-R,Technology,NO,0.0016783426416408143,-0.258870156916151,-0.000434472823000625
2018-12,LN,JV8XYP-R,Technology,JP,0.013627126084392054,-0.031516199999999994,-0.0004294752311009168
2018-12,NAS.OL,QTFZXZ-R,Industrials,NO,0.0017502224776459096,-0.21516808085737105,-0.00037659201158850335
2018-12,SCHA.OL,G4GNVN-R,Technology,NO,0.003829610970869816,-0.08740306159393796,-0.0003347197235677551
2018-12,TSM,N28HXY-R,Technology,TW,0.01454411327405728,-0.018089899999999992,-0.00026310155471636866
2018-12,RAY.ST,B3MGHK-R,Healthcare,SE,0.002651585213807835,-0.08111701144927808,-0.00021508866814718658
2018-12,AF-B.ST,XJLJJN-R,Industrials,SE,0.0018852217442535523,-0.11385545298664279,-0.00021464277567225705
2018-12,DUST.ST,JTKY01-R,Technology,SE,0.0029015911236807542,-0.05517064032859498,-0.00016008264026523463
2018-12,FAG.ST,BXLTC8-R,Industrials,SE,0.0030682411931016234,-0.02151591728313662,-6.601602371548694e-05
2018-12,6951.T,KGPLVQ-R,Healthcare,JP,0.000397996464868325,-0.14279248753869034,-5.683090525015311e-05
2018-12,6146.T,J4TH5K-R,Technology,JP,0.00018232323269754084,-0.20188277659979748,-3.680792045563053e-05
2018-12,2678.T,JZY038-R,Consumer Non-Cyclicals,JP,0.00017816703891968024,-0.18736744265473537,-3.338270244774719e-05
2018-12,4751.T,G37DWR-R,Business Services,JP,0.00020590856770786215,-0.15106214702371434,-3.110499032852751e-05
2018-12,6481.T,LLWRYR-R,Industrials,JP,7.814711727764153e-05,-0.1700715706230368,-1.329060297507115e-05
2018-12,6861.T,R4NT59-R,Industrials,JP,0.0001850773594097248,-0.07086228006945616,-1.3115003677007316e-05
2018-12,6857.T,KL74SJ-R,Technology,JP,0.00019517244993609115,-0.053093356789154944,-1.0362360519870368e-05
2018-12,MONC.MI,VK44PN-R,Consumer Cyclicals,IT,0.011970052316159632,0.009374710520767993,0.00011221577538244497
2018-12,ALK-B.CO,SJKQMD-R,Healthcare,DK,0.0029938648109338693,0.05740372269446503,0.0001718589853915648
2018-12,BC.MI,LNW87G-R,Consumer Cyclicals,IT,0.019864126775969958,0.01086908346166271,0.00021590485182106648
2018-12,FDP.L,G22X5F-R,Finance,GB,0.01725068601410983,0.02679519355636284,0.0004622354707281142
2018-12,ADYEN.AS,B8DGF3-R,Finance,NL,0.02129055099175598,0.04368736929826422,0.0009301281637403691
2018-12,BHP,CSSFF1-R,Non-Energy Materials,AU,0.018879876332027107,0.08859339999999993,0.001672632435833809
2018-12,NOK,X699Q2-R,Technology,FI,0.04232843820648753,0.06398550000000003,0.0027084062828612093
2018-12,MTLS,CRHQ9D-R,Business Services,BE,0.018159183727828897,0.422585,0.0076737986556245745
2018-12,BAS1V.HE,BFP734-R,Technology,FI,0.038863152077930015,0.3583419356583093,0.013926297141388686
2019-01,BAS1V.HE,BFP734-R,Technology,FI,0.05888502973590151,-0.07209606053901618,-0.004245378668681323
2019-01,ZOO.L,DP2M95-R,Consumer Services,GB,0.014439780122682263,-0.1545151564189966,-0.0022311648843121677
2019-01,MTLS,CRHQ9D-R,Business Services,BE,0.01141346645705872,-0.17473800000000006,-0.001994366301773527
2019-01,NAS.OL,QTFZXZ-R,Industrials,NO,0.001494555671370101,-0.2321375326366827,-0.00034694246594001605
2019-01,FAG.ST,BXLTC8-R,Industrials,SE,0.0033597984338624757,-0.03840906395508814,-0.0001290467129224288
2019-01,4751.T,G37DWR-R,Business Services,JP,0.00019855138561916975,-0.16529508427015682,-3.281956801787707e-05
2019-01,AF-B.ST,XJLJJN-R,Industrials,SE,0.0018695494607057458,-0.014424173361681003,-2.6966705529456905e-05
2019-01,2678.T,JZY038-R,Consumer Non-Cyclicals,JP,0.00016445389136150707,-0.05283888519026725,-8.689560284743355e-06
2019-01,6861.T,R4NT59-R,Industrials,JP,0.00019532406284389884,0.015651059619261387,3.0570285526462187e-06
2019-01,6481.T,LLWRYR-R,Industrials,JP,7.233443679606048e-05,0.265227909400372,1.9185111449072464e-05
2019-01,6857.T,KL74SJ-R,Technology,JP,0.00020991728590072405,0.11569153192432458,2.4285652383251186e-05
2019-01,6146.T,J4TH5K-R,Technology,JP,0.00016634616759808322,0.26685176423201007,4.4389768296782136e-05
2019-01,NOD.OL,CSQ76Z-R,Technology,NO,0.00135337223691715,0.04698011063994523,6.358157742739788e-05
2019-01,6951.T,KGPLVQ-R,Healthcare,JP,0.00038751434550620117,0.2054449446136608,7.961286324952051e-05
2019-01,RAY.ST,B3MGHK-R,Healthcare,SE,0.0027266900452275343,0.04679987548622133,0.0001276087546061678
2019-01,ALK-B.CO,SJKQMD-R,Healthcare,DK,0.003529234689626636,0.05027462858192444,0.00017743096319942252
2019-01,SCHA.OL,G4GNVN-R,Technology,NO,0.0038025582333171748,0.05371429082621826,0.00020425171882802943
2019-01,ACSO.L,SRS2M0-R,Consumer Services,GB,0.013357392434830192,0.019116757133506246,0.00025535002711358243
2019-01,TSM,N28HXY-R,Technology,TW,0.015774003254993906,0.01923600000000003,0.0003034287266130633
2019-01,DUST.ST,JTKY01-R,Technology,SE,0.0029586444286836123,0.10547993717336457,0.00031207762845587253
2019-01,HSBC,RWBRW0-R,Finance,GB,0.01756379115966627,0.024811499999999986,0.00043578400435805936
2019-01,BOOZT.ST,TY2YK8-R,Consumer Non-Cyclicals,SE,0.0023973328417880697,0.193104515557172,0.0004629357970427837
2019-01,LN,JV8XYP-R,Technology,JP,0.01457738420557687,0.05804750000000003,0.0008461807096732238
2019-01,BC.MI,LNW87G-R,Consumer Cyclicals,IT,0.022398668594087217,0.054295108532653735,0.001216138142302908
2019-01,UMI.BR,L1YNFY-R,Non-Energy Materials,BE,0.02208056187832086,0.061493501553583796,0.0013578110661685268
2019-01,BHP,CSSFF1-R,Non-Energy Materials,AU,0.02270114545927991,0.060053799999999935,0.0013632900491825025
2019-01,FNAC.PA,X9KJT3-R,Consumer Cyclicals,FR,0.01702001482489756,0.08154918750897444,0.001387968380361096
2019-01,AM3D.DE,VJ2Q9P-R,Industrials,DE,0.006708420366517337,0.21616139638298137,0.0014501015139504192
2019-01,FDP.L,G22X5F-R,Finance,GB,0.01952942893920001,0.08211399732058489,0.0016036394755860226
2019-01,OVS.MI,MP8K4H-R,Consumer Cyclicals,IT,0.00754091786064345,0.22354505877858655,0.0016857349264020331
2019-01,MONC.MI,VK44PN-R,Consumer Cyclicals,IT,0.013477403472471054,0.14197030039841496,0.0019133910195773564
2019-01,STM,TZ751N-R,Technology,CH,0.013840893671590429,0.14121000000000006,0.0019544725953652854
2019-01,UCB.BR,KNHDSG-R,Healthcare,BE,0.03320728542310928,0.06529338144902908,0.002168215954017857
2019-01,SMDS.L,QCZ86Y-R,Non-Energy Materials,GB,0.013785732832936376,0.16422476153083587,0.002263958687016791
2019-01,RKUNY,SSMH3Y-R,Consumer Non-Cyclicals,JP,0.01911171567497501,0.12194400000000005,0.0023305590562691537
2019-01,FANUY,GB0DHY-R,Industrials,JP,0.021644559329574414,0.11030699999999993,0.0023875464059673634
2019-01,AMS.SW,C5K9GL-R,Technology,AT,0.020798651020985826,0.11978829591093376,0.002491434963050095
2019-01,ZAL.DE,PM6KP2-R,Consumer Cyclicals,DE,0.012959505310920848,0.19256340015059625,0.0024955264069406284
2019-01,AF.PA,FPW2T0-R,Industrials,FR,0.017660868914535048,0.16517667031034766,0.0029171635220904234
2019-01,NTDOY,KRR3VZ-R,Technology,JP,0.023764996776071155,0.12507599999999996,0.002972430736763875
2019-01,AMP.MI,WJWHT6-R,Healthcare,IT,0.0261814698562521,0.11780896476661029,0.003084411859833273
2019-01,IQE.L,WC6J51-R,Technology,GB,0.01496949152179246,0.2479928447631814,0.0037123267871476376
2019-01,NOK,X699Q2-R,Technology,FI,0.04974516334005124,0.0910652999999999,0.004530058223110763
2019-01,ASML,GL3H8G-R,Technology,NL,0.037243571294055956,0.12472700000000003,0.004645278916793718
2019-01,ETO.L,KDMMVP-R,Consumer Services,CA,0.03284999075418629,0.14232868174585178,0.004675495879406754
2019-01,SAX.DE,JCTTTN-R,Business Services,DE,0.030654126229228324,0.16367543608194723,0.005017327478280003
2019-01,BB,L8N0YK-R,Technology,CA,0.040514102101691214,0.13315600000000005,0.005394695779452797
2019-01,BZUN,GXXP1J-R,Business Services,CN,0.0249666017381941,0.22560800000000003,0.005632665084950496
2019-01,BCART.BR,VHJB07-R,Healthcare,BE,0.02592496577454801,0.23248217224531986,0.006027092358652493
2019-01,ASC.L,PP8053-R,Consumer Cyclicals,GB,0.013109819170917194,0.49763750202382706,0.0065239376641993115
2019-01,INRN.SW,TLX4L7-R,Industrials,CH,0.029909090896418588,0.2259527473988021,0.006758041260246281
2019-01,RACE,RSKRFX-R,Consumer Cyclicals,IT,0.028331380541435823,0.25614800000000004,0.007257026462927705
2019-01,SEDG,CQY5QT-R,Technology,IL,0.03250102811005925,0.24757800000000008,0.008046539537432252
2019-01,SHOP,VC0Z7G-R,Finance,CA,0.0414179768479473,0.21839999999999993,0.009045686143591686
2019-01,ADYEN.AS,B8DGF3-R,Finance,NL,0.024779992673093852,0.3691215996211963,0.009146830534093927
2019-01,OCDO.L,LHPBFK-R,Industrials,GB,0.04002611733057738,0.29655297413483517,0.01186986413745259
2019-01,GWPH,D2DFTS-R,Healthcare,GB,0.027747316481601315,0.46575600000000006,0.012923479135204703
2019-02,BAS1V.HE,BFP734-R,Technology,FI,0.04632576305110458,-0.17762851540957647,-0.008228776515983518
2019-02,ACSO.L,SRS2M0-R,Consumer Services,GB,0.01187914529538423,-0.40074252356210405,-0.004760478663433172
2019-02,ZOO.L,DP2M95-R,Consumer Services,GB,0.010653848376400859,-0.18654866505523604,-0.0019874611923184743
2019-02,NOK,X699Q2-R,Technology,FI,0.04585637910165087,-0.0409448,-0.0018775802710412747
2019-02,NTDOY,KRR3VZ-R,Technology,JP,0.023383744393081995,-0.08028999999999997,-0.0018774808373205527
2019-02,BCART.BR,VHJB07-R,Healthcare,BE,0.027097401622402584,-0.04995471757726322,-0.0013536430451247953
2019-02,AM3D.DE,VJ2Q9P-R,Industrials,DE,0.006917132543502961,-0.1893062445800049,-0.0013094563850726828
2019-02,SEDG,CQY5QT-R,Technology,IL,0.034258085211544345,-0.03493950000000001,-0.0011969603682487541
2019-02,UCB.BR,KNHDSG-R,Healthcare,BE,0.030000691888114064,-0.035024302967558985,-0.0010507533219256961
2019-02,INRN.SW,TLX4L7-R,Industrials,CH,0.030737546743236324,-0.02025132278238928,-0.0006224759806360572
2019-02,AF.PA,FPW2T0-R,Industrials,FR,0.0174514881643108,-0.022412989476617184,-0.0003911400205780073
2019-02,FANUY,GB0DHY-R,Industrials,JP,0.0203043862321483,-0.018079500000000026,-0.00036709315088412575
2019-02,ASC.L,PP8053-R,Consumer Cyclicals,GB,0.017133378083472806,-0.016669054715337972,-0.0002855972167319806
2019-02,NAS.OL,QTFZXZ-R,Industrials,NO,0.0010053196291945178,-0.22710628206776973,-0.00022831440327611584
2019-02,HSBC,RWBRW0-R,Finance,GB,0.015207590307508245,-0.005933999999999995,-9.024184088475384e-05
2019-02,RAY.ST,B3MGHK-R,Healthcare,SE,0.0023943514732570276,-0.015397224349375627,-3.686636680499651e-05
2019-02,6951.T,KGPLVQ-R,Healthcare,JP,0.00040043533938107666,-0.09020871781220363,-3.6122758532261536e-05
2019-02,6146.T,J4TH5K-R,Technology,JP,0.00017949572581980023,-0.06220623815739301,-1.1165753868580612e-05
2019-02,4751.T,G37DWR-R,Business Services,JP,0.00014207033654929166,-0.02679739174387219,-3.807114463695132e-06
2019-02,6481.T,LLWRYR-R,Industrials,JP,7.845326066248933e-05,0.043685676671199714,3.42728377910286e-06
2019-02,6857.T,KL74SJ-R,Technology,JP,0.00020076564785915504,0.045043933281126325,9.043274447309882e-06
2019-02,2678.T,JZY038-R,Consumer Non-Cyclicals,JP,0.00013352579550845127,0.1461996937194996,1.952143040698811e-05
2019-02,6861.T,R4NT59-R,Industrials,JP,0.00017005819284950219,0.14264799571583353,2.4258460365038182e-05
2019-02,FDP.L,G22X5F-R,Finance,GB,0.018441745137119818,0.0016084963052214185,2.966347891489229e-05
2019-02,FAG.ST,BXLTC8-R,Industrials,SE,0.0027101427891175985,0.014748399657528832,3.997026898287623e-05
2019-02,ALK-B.CO,SJKQMD-R,Healthcare,DK,0.003143116617251462,0.01503047519891676,4.7242536362901236e-05
2019-02,AF-B.ST,XJLJJN-R,Industrials,SE,0.0015456647854695824,0.031421689322833846,4.856739868626984e-05
2019-02,DUST.ST,JTKY01-R,Technology,SE,0.0027436708555303585,0.04558960288517411,0.00012508286475125494
2019-02,LN,JV8XYP-R,Technology,JP,0.01303115528959512,0.012191700000000028,0.00015887193594415718
2019-02,MONC.MI,VK44PN-R,Consumer Cyclicals,IT,0.013048955378420034,0.015336349870389121,0.0002001233451265455
2019-02,SMDS.L,QCZ86Y-R,Non-Energy Materials,GB,0.02100864900427723,0.010210487547794411,0.0002145085490541561
2019-02,ADYEN.AS,B8DGF3-R,Finance,NL,0.02877210930590216,0.0094581566587697,0.00027213111721846817
2019-02,BOOZT.ST,TY2YK8-R,Consumer Non-Cyclicals,SE,0.0023993582149260096,0.11506201690968032,0.0002760749954981969
2019-02,NOD.OL,CSQ76Z-R,Technology,NO,0.0012412669530334072,0.2261768746856947,0.00028074588008773104
2019-02,UMI.BR,L1YNFY-R,Non-Energy Materials,BE,0.019877243843914403,0.021561269007496442,0.00042857860164624106
2019-02,STM,TZ751N-R,Technology,CH,0.013345289540133986,0.03282830000000003,0.00043810316861038094
2019-02,SCHA.OL,G4GNVN-R,Technology,NO,0.003510004375371536,0.14009035945124904,0.0004917177746212553
2019-02,TSM,N28HXY-R,Technology,TW,0.013583598281922092,0.03801169999999998,0.0005163356628129377
2019-02,BHP,CSSFF1-R,Non-Energy Materials,AU,0.020331707486888655,0.033405099999999965,0.0006791827217702635
2019-02,OVS.MI,MP8K4H-R,Consumer Cyclicals,IT,0.007824766994828045,0.090973124547296,0.0007118435023740628
2019-02,RKUNY,SSMH3Y-R,Consumer Non-Cyclicals,JP,0.018116278693912045,0.04557539999999993,0.0008256566479865178
2019-02,AMP.MI,WJWHT6-R,Healthcare,IT,0.024812845937062126,0.03625065956671181,0.0008994820309457073
2019-02,RACE,RSKRFX-R,Consumer Cyclicals,IT,0.030402418270543335,0.03395180000000009,0.0010322168246378357
2019-02,BZUN,GXXP1J-R,Business Services,CN,0.025852887745497658,0.04608940000000006,0.0011915440844573412
2019-02,MTLS,CRHQ9D-R,Business Services,BE,0.007958067680317994,0.16152499999999992,0.0012854268820633632
2019-02,BC.MI,LNW87G-R,Consumer Cyclicals,IT,0.020021617803866684,0.07542335837012026,0.001510097654770617
2019-02,MC.PA,GQH86W-R,Consumer Cyclicals,FR,0.022191153181358916,0.06943668947609827,0.0015408802125705492
2019-02,ASML,GL3H8G-R,Technology,NL,0.035391303457722,0.044792299999999896,0.0015852578818693174
2019-02,SAX.DE,JCTTTN-R,Business Services,DE,0.0302437484454384,0.056918298533187306,0.0017214227027800822
2019-02,ORP.PA,K01WHX-R,Healthcare,FR,0.013754944980009908,0.18431867820711578,0.002535293277527029
2019-02,ZAL.DE,PM6KP2-R,Consumer Cyclicals,DE,0.013106859789321086,0.20438717477434842,0.0026788740425028484
2019-02,OCDO.L,LHPBFK-R,Industrials,GB,0.04528694356093103,0.05968340025981789,0.002702878779090829
2019-02,ETO.L,KDMMVP-R,Consumer Services,CA,0.032746533628417784,0.08281188983644627,0.002711802335362017
2019-02,IQE.L,WC6J51-R,Technology,GB,0.016302696471272325,0.17571268858707723,0.002864590628186317
2019-02,AMS.SW,C5K9GL-R,Technology,AT,0.01954737966108971,0.1537896178611431,0.0030061840482656674
2019-02,BB,L8N0YK-R,Technology,CA,0.03885154638848531,0.07824769999999992,0.0030400441463422786
2019-02,SHOP,VC0Z7G-R,Finance,CA,0.04258107819746918,0.12387999999999999,0.005274943967102482
2019-02,GWPH,D2DFTS-R,Healthcare,GB,0.03436219483863865,0.204974,0.007043356524855118
2019-03,BAS1V.HE,BFP734-R,Technology,FI,0.018703329561040507,-0.2802513302381684,-0.0052416329893644606
2019-03,IQE.L,WC6J51-R,Technology,GB,0.019175741136776687,-0.20515093897199188,-0.0039339212996935885
2019-03,SEDG,CQY5QT-R,Technology,IL,0.032711490663741224,-0.10837699999999995,-0.003545173223664281
2019-03,AMS.SW,C5K9GL-R,Technology,AT,0.0222232115131107,-0.12860975799578644,-0.002858121854590342
2019-03,NOK,X699Q2-R,Technology,FI,0.04351370158553658,-0.060755400000000015,-0.0026436923453099096
2019-03,BC.MI,LNW87G-R,Consumer Cyclicals,IT,0.02114155510202762,-0.1169183845807763,-0.0024718364700545385
2019-03,MTLS,CRHQ9D-R,Business Services,BE,0.00914573695065465,-0.18020800000000003,-0.0016481349644035736
2019-03,AF.PA,FPW2T0-R,Industrials,FR,0.016751210150398887,-0.08864889830009126,-0.0014849763250261673
2019-03,ZOO.L,DP2M95-R,Consumer Services,GB,0.00867024031787007,-0.1412997705383271,-0.001225102967427193
2019-03,STM,TZ751N-R,Technology,CH,0.013637627546731387,-0.08918090000000001,-0.0012162158984822973
2019-03,BCART.BR,VHJB07-R,Healthcare,BE,0.02527727212952504,-0.03849800565627126,-0.0009731245654175629
2019-03,GWPH,D2DFTS-R,Healthcare,GB,0.04096766179380485,-0.019998799999999983,-0.0008193040746819438
2019-03,LN,JV8XYP-R,Technology,JP,0.02175089653694104,-0.036134699999999964,-0.0007859621210934026
2019-03,SMDS.L,QCZ86Y-R,Non-Energy Materials,GB,0.02123258227022346,-0.018481330930231188,-0.0003924063794393592
2019-03,SAX.DE,JCTTTN-R,Business Services,DE,0.03138594887015545,-0.012249199262381216,-0.0003844527417494427
2019-03,ASC.L,PP8053-R,Consumer Cyclicals,GB,0.016855254577253523,-0.018423127557491537,-0.00031052650509073474
2019-03,FAG.ST,BXLTC8-R,Industrials,SE,0.0026669529464032234,-0.0700904113343983,-0.00018692782902288746
2019-03,NAS.OL,QTFZXZ-R,Industrials,NO,0.00043576578471230746,-0.2504000165718008,-0.00010911575971338556
2019-03,HSBC,RWBRW0-R,Finance,GB,0.014582467846663066,-0.00612294999999996,-8.928772150172504e-05
2019-03,SCHA.OL,G4GNVN-R,Technology,NO,0.0039024653911746334,-0.019791930516084077,-7.723732386355122e-05
2019-03,NOD.OL,CSQ76Z-R,Technology,NO,0.001484260042899157,-0.018683395729562124,-2.7731017747061805e-05
2019-03,DUST.ST,JTKY01-R,Technology,SE,0.002782004345221566,-0.004648895091217353,-1.2933246344245885e-05
2019-03,6857.T,KL74SJ-R,Technology,JP,0.00020294676590150437,-0.0033023483117615715,-6.702009097523038e-07
2019-03,6481.T,LLWRYR-R,Industrials,JP,7.920249411705647e-05,0.0013012038458530828,1.0305858994627004e-07
2019-03,6146.T,J4TH5K-R,Technology,JP,0.00016282444546363337,0.043708963683716906,7.116887773591295e-06
2019-03,2678.T,JZY038-R,Consumer Non-Cyclicals,JP,0.00014804154754514916,0.08236882596116146,1.21940084647674e-05
2019-03,6861.T,R4NT59-R,Industrials,JP,0.0001879612121035302,0.06592435101153882,1.2391220923267424e-05
2019-03,4921.T,GFG621-R,Consumer Non-Cyclicals,JP,9.745923640603744e-05,0.14092957816901763,1.3734889075377422e-05
2019-03,RAY.ST,B3MGHK-R,Healthcare,SE,0.002286196499026899,0.008329804098854199,1.9043568968380382e-05
2019-03,6951.T,KGPLVQ-R,Healthcare,JP,0.00035239707161116774,0.09971272634325246,3.513847276572791e-05
2019-03,4751.T,G37DWR-R,Business Services,JP,0.00013374106454565557,0.3056799479380854,4.088196164750011e-05
2019-03,ACSO.L,SRS2M0-R,Consumer Services,GB,0.007121818173824311,0.005903980368906714,4.204707468918179e-05
2019-03,AF-B.ST,XJLJJN-R,Industrials,SE,0.0015460238557403049,0.03270529419690327,5.056316503741741e-05
2019-03,ALK-B.CO,SJKQMD-R,Healthcare,DK,0.003134747817581493,0.055377179838862034,0.00017359349364369064
2019-03,TPE.DE,DKP314-R,Technology,DE,0.013518253519418677,0.013840435541070839,0.0001870985164633682
2019-03,BOOZT.ST,TY2YK8-R,Consumer Non-Cyclicals,SE,0.0025945328200002414,0.07635227923513832,0.0001980984943573893
2019-03,ORP.PA,K01WHX-R,Healthcare,FR,0.015995051081911286,0.018698573525482542,0.0002990846386989673
2019-03,AM3D.DE,VJ2Q9P-R,Industrials,DE,0.00550606052751953,0.073094699784086,0.00040246384125204625
2019-03,UMI.BR,L1YNFY-R,Non-Energy Materials,BE,0.019937872766389714,0.028094631384590674,0.0005601471859645881
2019-03,MONC.MI,VK44PN-R,Consumer Cyclicals,IT,0.0130090010591841,0.05118684705626575,0.0006658897475712557
2019-03,TSM,N28HXY-R,Technology,TW,0.013950821403244688,0.04891169999999989,0.0006823583912290817
2019-03,UCB.BR,KNHDSG-R,Healthcare,BE,0.028425358658376733,0.025376774010849035,0.0007213439028509572
2019-03,RACE,RSKRFX-R,Consumer Cyclicals,IT,0.018328628457671334,0.0414196,0.0007591644592653636
2019-03,OVS.MI,MP8K4H-R,Consumer Cyclicals,IT,0.008381923069868078,0.09906354969807984,0.0008303430525973583
2019-03,ZAL.DE,PM6KP2-R,Consumer Cyclicals,DE,0.01549968994315931,0.05837848200229523,0.0009048483703878821
2019-03,FANUY,GB0DHY-R,Industrials,JP,0.01972644955567634,0.045982200000000084,0.0009070655487590221
2019-03,ASML,GL3H8G-R,Technology,NL,0.03658552004113597,0.028326199999999968,0.0010363287577892246
2019-03,BHP,CSSFF1-R,Non-Energy Materials,AU,0.02078868879525758,0.0542532,0.0011278528909468687
2019-03,AMP.MI,WJWHT6-R,Healthcare,IT,0.025246405838968887,0.046519557091635244,0.0011744516177845065
2019-03,ADYEN.AS,B8DGF3-R,Finance,NL,0.028517949181944127,0.043620621064171194,0.0012439706547928756
2019-03,NTDOY,KRR3VZ-R,Technology,JP,0.02035224184312022,0.06421860000000001,0.0013069924780266004
2019-03,ETO.L,KDMMVP-R,Consumer Services,CA,0.03547409020037373,0.04191311400143327,0.001486829586665391
2019-03,MC.PA,GQH86W-R,Consumer Cyclicals,FR,0.023302003678571905,0.07143459831729171,0.0016645692727668378
2019-03,BZUN,GXXP1J-R,Business Services,CN,0.02675842568765755,0.10921200000000009,0.002922341186200459
2019-03,FDP.L,G22X5F-R,Finance,GB,0.018479605874447393,0.20417356863482583,0.003773047078351015
2019-03,RKUNY,SSMH3Y-R,Consumer Non-Cyclicals,JP,0.018741615641849334,0.2032020000000001,0.00380833378165507
2019-03,SHOP,VC0Z7G-R,Finance,CA,0.047302394568415194,0.0909298999999999,0.004301202007866532
2019-03,INRN.SW,TLX4L7-R,Industrials,CH,0.029673960658172186,0.14515971671014416,0.004307463722808238
2019-03,BB,L8N0YK-R,Technology,CA,0.04144162055765388,0.16074600000000006,0.006661574738160633
2019-03,OCDO.L,LHPBFK-R,Industrials,GB,0.048011097323279565,0.29876262739827397,0.014343921580577242
2019-04,BB,L8N0YK-R,Technology,CA,0.061545225940062634,-0.09387590000000001,-0.005777613475826726
2019-04,NOK,X699Q2-R,Technology,FI,0.04186783259193161,-0.07692299999999996,-0.0032205992864691537
2019-04,UMI.BR,L1YNFY-R,Non-Energy Materials,BE,0.020706182406727433,-0.125002892378976,-0.0025883326909675953
2019-04,UCB.BR,KNHDSG-R,Healthcare,BE,0.029442693266018446,-0.06894941263541443,-0.0020300564070966434
2019-04,SCHA.OL,G4GNVN-R,Technology,NO,0.003888950285278368,-0.33284689812735,-0.0012944250394263778
2019-04,LN,JV8XYP-R,Technology,JP,0.02147678300643811,-0.04970180000000002,-0.001067434773629386
2019-04,ZOO.L,DP2M95-R,Consumer Services,GB,0.007471790782755876,-0.14157093843168966,-0.0010577884328799984
2019-04,BAS1V.HE,BFP734-R,Technology,FI,0.013598405385596507,-0.07610213712607716,-0.0010348677113506516
2019-04,BHP,CSSFF1-R,Non-Energy Materials,AU,0.02200879238270097,-0.03146150000000003,-0.0006924296215483472
2019-04,OCDO.L,LHPBFK-R,Industrials,GB,0.03413363041471656,-0.015287084953759411,-0.0005218037079299981
2019-04,AMP.MI,WJWHT6-R,Healthcare,IT,0.02668917603827657,-0.01662259258972021,-0.0004436432998395943
2019-04,ACSO.L,SRS2M0-R,Consumer Services,GB,0.0071895212196034265,-0.027805392664664974,-0.0001999074605820143
2019-04,NAS.OL,QTFZXZ-R,Industrials,NO,0.0009962753034633606,-0.18181859257417643,-0.00018114137349211875
2019-04,DUST.ST,JTKY01-R,Technology,SE,0.0014821683736491362,-0.04712776403881369,-6.985128137912873e-05
2019-04,3990.T,WRR2XC-R,Business Services,JP,0.0001055965840807718,-0.1457658661955391,-1.5392377545823778e-05
2019-04,4751.T,G37DWR-R,Business Services,JP,0.00017991270602231945,-0.027963319148144095,-5.030956417308345e-06
2019-04,6861.T,R4NT59-R,Industrials,JP,0.00020612255452303406,-0.007157941291338288,-1.475413144096553e-06
2019-04,3064.T,MR4TNK-R,Industrials,JP,0.00012258171328748374,0.031345473663080936,3.8423818654281595e-06
2019-04,3844.T,FXRN3F-R,Technology,JP,0.0001087844197172505,0.03831664412751157,4.16825389692374e-06
2019-04,6481.T,LLWRYR-R,Industrials,JP,8.17078627591969e-05,0.0530130963525095,4.331586801210928e-06
2019-04,2678.T,JZY038-R,Consumer Non-Cyclicals,JP,0.00016508933095776295,0.0724676223203935,1.1963631284973612e-05
2019-04,6594.T,D79WDP-R,Industrials,JP,0.00011177299991386308,0.11500883169839238,1.2854882135517904e-05
2019-04,4921.T,GFG621-R,Consumer Non-Cyclicals,JP,0.00011396461127761741,0.14310076537318261,1.630842309928429e-05
2019-04,6146.T,J4TH5K-R,Technology,JP,0.00017280982318318644,0.1986248348730164,3.432432259419557e-05
2019-04,6857.T,KL74SJ-R,Technology,JP,0.00020505663693660931,0.20900030466339858,4.285689959300326e-05
2019-04,6951.T,KGPLVQ-R,Healthcare,JP,0.0003968838276532776,0.11651269526583241,4.624200446730349e-05
2019-04,ALK-B.CO,SJKQMD-R,Healthcare,DK,0.0033399989863105075,0.02400239003806437,8.016795839616441e-05
2019-04,BCART.BR,VHJB07-R,Healthcare,BE,0.02455096224257837,0.004743848639865211,0.00011646604884183756
2019-04,AF-B.ST,XJLJJN-R,Industrials,SE,0.0014490240605041394,0.1149694075291583,0.00016659343773165613
2019-04,GWPH,D2DFTS-R,Healthcare,GB,0.04112855792553561,0.00438976000000002,0.00018054449843920003
2019-04,MONC.MI,VK44PN-R,Consumer Cyclicals,IT,0.013813761278566532,0.014030617675281798,0.00019381560315717887
2019-04,ORP.PA,K01WHX-R,Healthcare,FR,0.01645960501225492,0.011831434274359509,0.00019474073488441243
2019-04,NOD.OL,CSQ76Z-R,Technology,NO,0.0014807937726905246,0.1332151738797076,0.00019726419990895647
2019-04,FAG.ST,BXLTC8-R,Industrials,SE,0.0025283543456485363,0.10766506346603255,0.00027221543108886883
2019-04,RAY.ST,B3MGHK-R,Healthcare,SE,0.0023501665641807055,0.13644892431096634,0.0003206776996340569
2019-04,RACE,RSKRFX-R,Consumer Cyclicals,IT,0.01958711888391765,0.01720110000000008,0.0003369199906341575
2019-04,AM3D.DE,VJ2Q9P-R,Industrials,DE,0.005968532407953105,0.05761568370230985,0.0003438810753836119
2019-04,AF.PA,FPW2T0-R,Industrials,FR,0.015421263731251158,0.0233289403916086,0.00035976174234963386
2019-04,MTLS,CRHQ9D-R,Business Services,BE,0.007680649009289085,0.058449900000000055,0.0004489331665280465
2019-04,BOOZT.ST,TY2YK8-R,Consumer Non-Cyclicals,SE,0.002847057597656816,0.16437649458734493,0.0004679893477910949
2019-04,BC.MI,LNW87G-R,Consumer Cyclicals,IT,0.018859321756212223,0.05157549900278413,0.0009726789304307085
2019-04,TSM,N28HXY-R,Technology,TW,0.014990440760188099,0.0698242,0.001046695533727526
2019-04,ADYEN.AS,B8DGF3-R,Finance,NL,0.030064161164856742,0.03539058485952906,0.0010639882469354205
2019-04,IQE.L,WC6J51-R,Technology,GB,0.015296450375443091,0.07046000074675329,0.001077787904876395
2019-04,OVS.MI,MP8K4H-R,Consumer Cyclicals,IT,0.009305831222523611,0.13246291865888882,0.001232677564282493
2019-04,SMDS.L,QCZ86Y-R,Non-Energy Materials,GB,0.02091476404632433,0.06804755187959222,0.0014231984914916847
2019-04,MC.PA,GQH86W-R,Consumer Cyclicals,FR,0.0252201140664697,0.07240090924351938,0.0018259591896376793
2019-04,FANUY,GB0DHY-R,Industrials,JP,0.020808264001182325,0.09356870000000006,0.0019470022118474298
2019-04,ETO.L,KDMMVP-R,Consumer Services,CA,0.03709330680661881,0.05655721917784007,0.002097894283092807
2019-04,SAX.DE,JCTTTN-R,Business Services,DE,0.016059651993265547,0.14960619071354198,0.0024026233588976
2019-04,INRN.SW,TLX4L7-R,Industrials,CH,0.03482154007231833,0.07504209026865105,0.002613081153400362
2019-04,STM,TZ751N-R,Technology,CH,0.01268112237159467,0.23568999999999996,0.0029888137317611472
2019-04,ZAL.DE,PM6KP2-R,Consumer Cyclicals,DE,0.016571131435052934,0.20208679423618503,0.0033488068285763197
2019-04,LTG.L,JF74F9-R,Technology,GB,0.014652959361575336,0.23461102090350106,0.0034377457550767024
2019-04,TPE.DE,DKP314-R,Technology,DE,0.013844524840443474,0.25009931046872924,0.0034625061163621063
2019-04,ASML,GL3H8G-R,Technology,NL,0.028905273478525787,0.12104300000000001,0.003498781017661197
2019-04,ASC.L,PP8053-R,Consumer Cyclicals,GB,0.016603979517235277,0.21366502969236123,0.003547689776561433
2019-04,FDP.L,G22X5F-R,Finance,GB,0.02233234926508237,0.16723757208420098,0.0037348078700287658
2019-04,RKUNY,SSMH3Y-R,Consumer Non-Cyclicals,JP,0.02310050343708674,0.17120800000000003,0.003954990992456747
2019-04,NTDOY,KRR3VZ-R,Technology,JP,0.021740286847925793,0.20100399999999996,0.004369884617580476
2019-04,BZUN,GXXP1J-R,Business Services,CN,0.030405415487217462,0.16754899999999995,0.005094396959467797
2019-04,SEDG,CQY5QT-R,Technology,IL,0.0298784078042421,0.1756899999999999,0.0052493374671272915
2019-04,SHOP,VC0Z7G-R,Finance,CA,0.0529327980690685,0.17273300000000003,0.00914324100886441
2019-04,AMS.SW,C5K9GL-R,Technology,AT,0.019843845533677646,0.562097932662607,0.011154184550556312
2019-05,BZUN,GXXP1J-R,Business Services,CN,0.047629880474947886,-0.19113400000000003,-0.009103689574698691
2019-05,BB,L8N0YK-R,Technology,CA,0.05008502895303798,-0.14097499999999996,-0.007060736956654527
2019-05,AMS.SW,C5K9GL-R,Technology,AT,0.027098031130724898,-0.21727497317265188,-0.0058877239869599375
2019-05,OCDO.L,LHPBFK-R,Industrials,GB,0.030078353028202477,-0.14518061060945997,-0.004366793658761335
2019-05,ETO.L,KDMMVP-R,Consumer Services,CA,0.03507120127649656,-0.10596964680480936,-0.003716482812290719
2019-05,UMI.BR,L1YNFY-R,Non-Energy Materials,BE,0.016044481829213496,-0.22982574401434708,-0.003687434973723664
2019-05,ASML,GL3H8G-R,Technology,NL,0.02871030989090735,-0.09946359999999999,-0.002855630778865252
2019-05,ZAL.DE,PM6KP2-R,Consumer Cyclicals,DE,0.01778352008094288,-0.15669276172321922,-0.002786548874643267
2019-05,SMDS.L,QCZ86Y-R,Non-Energy Materials,GB,0.019702700244260605,-0.13693465154255802,-0.002697982392395299
2019-05,ASC.L,PP8053-R,Consumer Cyclicals,GB,0.01803321338321576,-0.1445663319985876,-0.0026069955129593425
2019-05,STM,TZ751N-R,Technology,CH,0.014016169867141022,-0.180381,-0.002528250736804765
2019-05,LN,JV8XYP-R,Technology,JP,0.018255392905976588,-0.130305,-0.0023787689726132793
2019-05,CAP.PA,F86QBP-R,Technology,FR,0.029572179754017984,-0.07847894390673538,-0.002320793436115473
2019-05,BC.MI,LNW87G-R,Consumer Cyclicals,IT,0.017705009492255203,-0.12476773897257454,-0.0022090140028366515
2019-05,MONC.MI,VK44PN-R,Consumer Cyclicals,IT,0.022509464762563422,-0.09109519939056654,-0.002050504180720646
2019-05,TPE.DE,DKP314-R,Technology,DE,0.015450845774087977,-0.12464632834989431,-0.0019258911956405468
2019-05,OVS.MI,MP8K4H-R,Consumer Cyclicals,IT,0.00940824300968447,-0.19861823814036117,-0.0018686486505798984
2019-05,TSM,N28HXY-R,Technology,TW,0.014344614174654408,-0.12482899999999997,-0.0017906238428079346
2019-05,FANUY,GB0DHY-R,Industrials,JP,0.02035372647191759,-0.08776059999999997,-0.0017862552474113703
2019-05,RKUNY,SSMH3Y-R,Consumer Non-Cyclicals,JP,0.024200125754258745,-0.057263900000000034,-0.0013857935811792982
2019-05,BCART.BR,VHJB07-R,Healthcare,BE,0.022021837804802834,-0.06021430799497085,-0.0013260297241936905
2019-05,NOK,X699Q2-R,Technology,FI,0.03456849057150857,-0.03552880000000003,-0.0012281769878170147
2019-05,IQE.L,WC6J51-R,Technology,GB,0.014652889234799689,-0.08187812720909904,-0.0011997511287477668
2019-05,ORP.PA,K01WHX-R,Healthcare,FR,0.014868158837772235,-0.06708624875557023,-0.000997449002328118
2019-05,BOOZT.ST,TY2YK8-R,Consumer Non-Cyclicals,SE,0.002892978370885548,-0.32460705220225405,-0.000939081181058037
2019-05,UCB.BR,KNHDSG-R,Healthcare,BE,0.02418298588440002,-0.03635214479313287,-0.0008791034043999978
2019-05,MC.PA,GQH86W-R,Consumer Cyclicals,FR,0.023871806826129945,-0.034624630859440786,-0.000826552499302628
2019-05,MTLS,CRHQ9D-R,Business Services,BE,0.007271604203552181,-0.11104400000000003,-0.0008074680171792487
2019-05,LTG.L,JF74F9-R,Technology,GB,0.01618893356740875,-0.048222679660270384,-0.0007806737574625504
2019-05,INRN.SW,TLX4L7-R,Industrials,CH,0.032724806962033025,-0.023172877314387885,-0.0007583279368682178
2019-05,ACSO.L,SRS2M0-R,Consumer Services,GB,0.006254823324034055,-0.11672352018127485,-0.0007300849964931977
2019-05,BAS1V.HE,BFP734-R,Technology,FI,0.01121609130430952,-0.053375804914060465,-0.0005986679013571149
2019-05,BHP,CSSFF1-R,Non-Energy Materials,AU,0.019066683080847694,-0.019641200000000025,-0.00037449253572754623
2019-05,ADYEN.AS,B8DGF3-R,Finance,NL,0.027789641975060463,-0.011414223764206755,-0.00031719719183053265
2019-05,FAG.ST,BXLTC8-R,Industrials,SE,0.0024440064694616808,-0.11011490966442683,-0.00026912155160404774
2019-05,NOD.OL,CSQ76Z-R,Technology,NO,0.0014947270251994102,-0.13998610048759785,-0.00020924100755109285
2019-05,SAX.DE,JCTTTN-R,Business Services,DE,0.016482181732782628,-0.010612027954073788,-0.0001749093732924136
2019-05,AM3D.DE,VJ2Q9P-R,Industrials,DE,0.005635401972409174,-0.024154656440644517,-0.00013612119854847408
2019-05,NAS.OL,QTFZXZ-R,Industrials,NO,0.0007260785997608654,-0.1205493988472669,-8.752833871703763e-05
2019-05,DUST.ST,JTKY01-R,Technology,SE,0.0012325033562788682,-0.046470294168943105,-5.7274793530488695e-05
2019-05,6857.T,KL74SJ-R,Technology,JP,0.00022001997162183047,-0.1703445985437514,-3.7479213737528285e-05
2019-05,6146.T,J4TH5K-R,Technology,JP,0.00018382879366294925,-0.18805961325173692,-3.457077184078758e-05
2019-05,6920.T,Q3WN7R-R,Technology,JP,8.811310325261013e-05,-0.2285058502105466,-2.0134359573427356e-05
2019-05,RAY.ST,B3MGHK-R,Healthcare,SE,0.0023307977348904136,-0.00830011304337741,-1.9345884680838446e-05
2019-05,6481.T,LLWRYR-R,Industrials,JP,7.635884196871491e-05,-0.2173960534152406,-1.6600110887356663e-05
2019-05,6861.T,R4NT59-R,Industrials,JP,0.0001816215853293893,-0.09121882638694456,-1.6567307860283198e-05
2019-05,6594.T,D79WDP-R,Industrials,JP,0.00011060558442456712,-0.12079116719018679,-1.3360177640396207e-05
2019-05,2678.T,JZY038-R,Consumer Non-Cyclicals,JP,0.00015713208692538585,-0.07305110711793705,-1.1478672913651358e-05
2019-05,4921.T,GFG621-R,Consumer Non-Cyclicals,JP,0.00011561558993450759,-0.09142817543952642,-1.0570522440076505e-05
2019-05,3064.T,MR4TNK-R,Industrials,JP,0.0001121996779750783,-0.07484793471802353,-8.397914172461923e-06
2019-05,4751.T,G37DWR-R,Business Services,JP,0.00015520516172925496,-0.03641573776654006,-5.651910469545988e-06
2019-05,3990.T,WRR2XC-R,Business Services,JP,8.005503999682265e-05,-0.029063807525822494,-2.326704273939675e-06
2019-05,MDW.PA,H7LN62-R,Consumer Services,FR,0.014649309496238407,0.00018676026668762447,2.7359089483070344e-06
2019-05,3844.T,FXRN3F-R,Technology,JP,0.00010024398123166016,0.16844139899730814,1.6885236439720736e-05
2019-05,6951.T,KGPLVQ-R,Healthcare,JP,0.000393268145975466,0.05305677941928422,2.0865541273651166e-05
2019-05,SCHA.OL,G4GNVN-R,Technology,NO,0.0023110692620337404,0.0147787349269346,3.4154680021383013e-05
2019-05,ADE.OL,WY3QLM-R,Technology,NO,0.0007426683436914436,0.12810766197644563,9.514150513423021e-05
2019-05,AF-B.ST,XJLJJN-R,Industrials,SE,0.0018798927086881956,0.15077024952402795,0.00028343189276732004
2019-05,NTDOY,KRR3VZ-R,Technology,JP,0.023268806098236568,0.024489299999999936,0.0005698367731815433
2019-05,GWPH,D2DFTS-R,Healthcare,GB,0.036949439006705276,0.02321200000000001,0.0008576703782236432
2019-05,FDP.L,G22X5F-R,Finance,GB,0.023326819394066084,0.039638272584605394,0.000924634825673851
2019-05,ALK-B.CO,SJKQMD-R,Healthcare,DK,0.0030532405719648917,0.3528236826048048,0.0010772555824790535
2019-05,AMP.MI,WJWHT6-R,Healthcare,IT,0.02343068707740365,0.16190164938694807,0.003793466884101101
2019-05,ZOO.L,DP2M95-R,Consumer Services,GB,0.017219219251596047,0.34068744436446385,0.005866371800777633
2019-05,SEDG,CQY5QT-R,Technology,IL,0.03142044463404638,0.20948100000000003,0.00658198616238467
2019-05,SHOP,VC0Z7G-R,Finance,CA,0.05580421549446626,0.13583199999999995,0.0075799981990443376
2019-06,ASC.L,PP8053-R,Consumer Cyclicals,GB,0.015746592496954086,-0.25473645754494767,-0.004011231191077936
2019-06,ETO.L,KDMMVP-R,Consumer Services,CA,0.03200587637132481,-0.0866499852676178,-0.002773308716052491
2019-06,ZOO.L,DP2M95-R,Consumer Services,GB,0.023565063366921254,-0.1141447858843253,-0.0026898291123677847
2019-06,IQE.L,WC6J51-R,Technology,GB,0.013732493456646002,-0.18631665188711022,-0.002558592202903932
2019-06,BB,L8N0YK-R,Technology,CA,0.045218326632672466,-0.04832979999999998,-0.002185392682491733
2019-06,FDEV.L,WD63JS-R,Technology,GB,0.01301724287023682,-0.09188990041012357,-0.0011961531509604524
2019-06,ADYEN.AS,B8DGF3-R,Finance,NL,0.028840924759062046,-0.038095516320779454,-0.0010987099198652205
2019-06,BAS1V.HE,BFP734-R,Technology,FI,0.02229261753634397,-0.048488373812300534,-0.0010809327723568926
2019-06,ACSO.L,SRS2M0-R,Consumer Services,GB,0.005639477312862626,-0.09907923811663055,-0.0005587551155344519
2019-06,LN,JV8XYP-R,Technology,JP,0.016762462484213616,-0.03298970000000001,-0.0005529886086154621
2019-06,BCART.BR,VHJB07-R,Healthcare,BE,0.021726721219657526,-0.02155505766912791,-0.000468320728850783
2019-06,OCDO.L,LHPBFK-R,Industrials,GB,0.026245544980852395,-0.01777072313131267,-0.0004664023132851408
2019-06,MDW.PA,H7LN62-R,Consumer Services,FR,0.01538190717727161,-0.024408932515057935,-0.00037545593424290804
2019-06,NOK,X699Q2-R,Technology,FI,0.03490739610114588,-0.00792079999999995,-0.0002764945030379545
2019-06,LBIRD.PA,NL6284-R,Healthcare,FR,0.014284419334347763,-0.016300850524922028,-0.0002328481844045091
2019-06,GWPH,D2DFTS-R,Healthcare,GB,0.03991654983869645,-0.004906540000000015,-0.00019585214844555825
2019-06,BOOZT.ST,TY2YK8-R,Consumer Non-Cyclicals,SE,0.002060659950616925,-0.030239866017916395,-6.231408081514203e-05
2019-06,2678.T,JZY038-R,Consumer Non-Cyclicals,JP,0.00015695295670791924,-0.13300674282103475,-2.0875801547851214e-05
2019-06,3844.T,FXRN3F-R,Technology,JP,0.00012705853700017497,-0.10492125589345869,-1.3331141274043846e-05
2019-06,4921.T,GFG621-R,Consumer Non-Cyclicals,JP,0.00011395004776305194,-0.0839245328751399,-9.563204529614014e-06
2019-06,4751.T,G37DWR-R,Business Services,JP,0.00016223129438379041,-0.05183012484264793,-8.408468241296226e-06
2019-06,3990.T,WRR2XC-R,Business Services,JP,8.431758756450103e-05,-0.03644704840558166,-3.073127195405239e-06
2019-06,ADE.OL,WY3QLM-R,Technology,NO,0.000873819021994832,-0.001585759344186588,-1.3856666792562906e-06
2019-06,2146.T,SXD4G8-R,Business Services,JP,9.714473317367752e-05,0.0603572471355418,5.8633886680799206e-06
2019-06,6594.T,D79WDP-R,Industrials,JP,0.00010548916647514467,0.09970768158978216,1.0518080222075248e-05
2019-06,6920.T,Q3WN7R-R,Technology,JP,7.374150702431123e-05,0.1487544700448642,1.0969378797711047e-05
2019-06,6481.T,LLWRYR-R,Industrials,JP,6.482461223576668e-05,0.1844794286443059,1.1958807427342918e-05
2019-06,6861.T,R4NT59-R,Industrials,JP,0.00017904631367435803,0.09117445161391169,1.6324449462752012e-05
2019-06,3064.T,MR4TNK-R,Industrials,JP,0.00011260134502656585,0.15159427896447109,1.706971970973188e-05
2019-06,6951.T,KGPLVQ-R,Healthcare,JP,0.0004492410687994166,0.0557155094254167,2.5029695002978166e-05
2019-06,6146.T,J4TH5K-R,Technology,JP,0.00016191111825577,0.18287277477735198,2.9609135462736627e-05
2019-06,6857.T,KL74SJ-R,Technology,JP,0.0001980153468080419,0.1796564222161532,3.5574728751423575e-05
2019-06,NOD.OL,CSQ76Z-R,Technology,NO,0.0013407390106896049,0.03260055602761924,4.3708837236401256e-05
2019-06,ALK-B.CO,SJKQMD-R,Healthcare,DK,0.004333794636257721,0.016903721102476288,7.325725584670819e-05
2019-06,NAS.OL,QTFZXZ-R,Industrials,NO,0.0006659959847665251,0.14234800587321939,9.480320035108584e-05
2019-06,DUST.ST,JTKY01-R,Technology,SE,0.0012394439449929474,0.07992038736912233,9.90568402061495e-05
2019-06,FAG.ST,BXLTC8-R,Industrials,SE,0.0027107295952744546,0.03713835244484365,0.00010067203109197107
2019-06,SCHA.OL,G4GNVN-R,Technology,NO,0.0024250257434239248,0.05064701814228911,0.00012282032282270966
2019-06,AF-B.ST,XJLJJN-R,Industrials,SE,0.0022256675137887366,0.08551233218915177,0.000190322019781706
2019-06,OVS.MI,MP8K4H-R,Consumer Cyclicals,IT,0.007915154264355708,0.030595019779162902,0.0002421643012730885
2019-06,RAY.ST,B3MGHK-R,Healthcare,SE,0.0024377513495170344,0.13672051107124927,0.00033329061037059654
2019-06,TSM,N28HXY-R,Technology,TW,0.013254441984940043,0.047928799999999994,0.0006352694990077942
2019-06,ORP.PA,K01WHX-R,Healthcare,FR,0.014561649386429077,0.06383456969329959,0.0009295366226074002
2019-06,NTDOY,KRR3VZ-R,Technology,JP,0.02566500054928308,0.037045500000000064,0.000950772777848468
2019-06,UMI.BR,L1YNFY-R,Non-Energy Materials,BE,0.012972587784482249,0.07912249892578105,0.001026423563042297
2019-06,BC.MI,LNW87G-R,Consumer Cyclicals,IT,0.016096411420435122,0.0761464260877367,0.0012256842025039638
2019-06,FDP.L,G22X5F-R,Finance,GB,0.024755108204513866,0.06316942237104972,0.0015637658860119747
2019-06,TPE.DE,DKP314-R,Technology,DE,0.014198682364520751,0.11056774093163013,0.001569916233250836
2019-06,AMP.MI,WJWHT6-R,Healthcare,IT,0.02838020912788164,0.057734580794310375,0.0016385194768531073
2019-06,AM3D.DE,VJ2Q9P-R,Industrials,DE,0.005773217572675423,0.2847402377268049,0.0016438673440921675
2019-06,FANUY,GB0DHY-R,Industrials,JP,0.019603440661950435,0.08709440000000002,0.0017073499023881763
2019-06,ZAL.DE,PM6KP2-R,Consumer Cyclicals,DE,0.0157440150085104,0.12176714603999805,0.0019171037747972072
2019-06,LTG.L,JF74F9-R,Technology,GB,0.0157282302080202,0.13470468478047448,0.0021186662923260977
2019-06,STM,TZ751N-R,Technology,CH,0.01212888007105161,0.17493399999999992,0.0021217535063493415
2019-06,UCB.BR,KNHDSG-R,Healthcare,BE,0.024464713744086302,0.08796714055233079,0.0021520909124985786
2019-06,BHP,CSSFF1-R,Non-Energy Materials,AU,0.019735121037341888,0.11943700000000002,0.002357103651337003
2019-06,SMDS.L,QCZ86Y-R,Non-Energy Materials,GB,0.017357854296647764,0.15331820172215616,0.0026612750065172367
2019-06,SAX.DE,JCTTTN-R,Business Services,DE,0.017119584399940307,0.16073788395652233,0.002751765770661495
2019-06,ASML,GL3H8G-R,Technology,NL,0.027297238133312897,0.10571599999999992,0.002885754826501304
2019-06,RKUNY,SSMH3Y-R,Consumer Non-Cyclicals,JP,0.02408725536906792,0.13650300000000004,0.0032879826196438792
2019-06,MONC.MI,VK44PN-R,Consumer Cyclicals,IT,0.021220852194979777,0.16414430624505538,0.0034832820614738164
2019-06,CAP.PA,F86QBP-R,Technology,FR,0.02860885387116168,0.1334895708152828,0.0038189836247785143
2019-06,AMS.SW,C5K9GL-R,Technology,AT,0.02268650437255506,0.18698418100031766,0.004242017439862333
2019-06,MTLS,CRHQ9D-R,Business Services,BE,0.013649598317042124,0.318028,0.004340954453572272
2019-06,SHOP,VC0Z7G-R,Finance,CA,0.050672175251247537,0.09503740000000005,0.004815751788222915
2019-06,INRN.SW,TLX4L7-R,Industrials,CH,0.03384092672640138,0.19107714457839942,0.006466227648767617
2019-06,SEDG,CQY5QT-R,Technology,IL,0.04012276844932698,0.1657329999999999,0.006649666783412305
2019-06,BZUN,GXXP1J-R,Business Services,CN,0.04067575690241444,0.27096600000000004,0.011021747144819634
2019-07,INRN.SW,TLX4L7-R,Industrials,CH,0.03215617327590252,-0.18803842014794225,-0.00604659602080419
2019-07,TPE.DE,DKP314-R,Technology,DE,0.0218077306617715,-0.210761344648683,-0.004596226638011275
2019-07,FDP.L,G22X5F-R,Finance,GB,0.020440296126410608,-0.20395053960296738,-0.004168809424625887
2019-07,RKUNY,SSMH3Y-R,Consumer Non-Cyclicals,JP,0.021169538456246896,-0.13483699999999998,-0.0028544370568249623
2019-07,GWPH,D2DFTS-R,Healthcare,GB,0.030716410524976034,-0.05852999999999997,-0.0017978315080268465
2019-07,SMDS.L,QCZ86Y-R,Non-Energy Materials,GB,0.026053482918870455,-0.05604167059643261,-0.0014600807076291216
2019-07,FDEV.L,WD63JS-R,Technology,GB,0.02359052569306199,-0.058937723239355755,-0.0013903718743685986
2019-07,MDW.PA,H7LN62-R,Consumer Services,FR,0.011859255274114966,-0.11683972345528426,-0.001385632106613214
2019-07,UCB.BR,KNHDSG-R,Healthcare,BE,0.021034653392266695,-0.049846798346081855,-0.0010485101259240445
2019-07,BHP,CSSFF1-R,Non-Energy Materials,AU,0.017084143603170076,-0.05472379999999999,-0.0009349092577111584
2019-07,BB,L8N0YK-R,Technology,CA,0.03987663249312394,-0.018128499999999992,-0.000722903532151597
2019-07,BC.MI,LNW87G-R,Consumer Cyclicals,IT,0.013689255655611314,-0.05264145690499744,-0.0007206223616563556
2019-07,BAS1V.HE,BFP734-R,Technology,FI,0.01676310802612751,-0.0383507788045363,-0.0006428782479865632
2019-07,MONC.MI,VK44PN-R,Consumer Cyclicals,IT,0.019523111259109726,-0.030121718552207133,-0.0005880696626103294
2019-07,ASC.L,PP8053-R,Consumer Cyclicals,GB,0.029323628333178732,-0.019625696048678587,-0.0005754966167113853
2019-07,FANUY,GB0DHY-R,Industrials,JP,0.016479846913713285,-0.027570500000000053,-0.000454357619334533
2019-07,UMI.BR,L1YNFY-R,Non-Energy Materials,BE,0.03644314101700483,-0.010551956433060172,-0.0003845464362953032
2019-07,LBIRD.PA,NL6284-R,Healthcare,FR,0.011104633698899144,-0.027464972983857527,-0.00030498846453589886
2019-07,BZUN,GXXP1J-R,Business Services,CN,0.03997819496194021,-0.005014060000000042,-0.0002004530682308676
2019-07,ADYEN.AS,B8DGF3-R,Finance,NL,0.021924038274934346,-0.006757156437759093,-0.00014814415637114938
2019-07,FAG.ST,BXLTC8-R,Industrials,SE,0.002230086731445757,-0.05461145717483196,-0.00012178828603051093
2019-07,MTLS,CRHQ9D-R,Business Services,BE,0.013912276430130105,-0.006659870000000012,-9.265395242873075e-05
2019-07,DUST.ST,JTKY01-R,Technology,SE,0.0015926082213255646,-0.05140118017318074,-8.186194212964425e-05
2019-07,ALK-B.CO,SJKQMD-R,Healthcare,DK,0.003485703421834725,-0.021316188922277268,-7.430191266685732e-05
2019-07,SCHA.OL,G4GNVN-R,Technology,NO,0.0020228931121535213,-0.011140472475861474,-2.253598503755606e-05
2019-07,3064.T,MR4TNK-R,Industrials,JP,0.00018137751562091276,-0.09443535435018358,-1.7128449958816852e-05
2019-07,2146.T,SXD4G8-R,Business Services,JP,0.00012041181953196595,-0.08113763774073335,-9.769930592887213e-06
2019-07,6861.T,R4NT59-R,Industrials,JP,0.00015225305786689894,-0.05253181105668403,-7.998128868666315e-06
2019-07,6594.T,D79WDP-R,Industrials,JP,9.04048123741927e-05,-0.008181212192539089,-7.396209532599541e-07
2019-07,4921.T,GFG621-R,Consumer Non-Cyclicals,JP,0.00012202346944955018,0.030694369480180894,3.7454334565380586e-06
2019-07,6951.T,KGPLVQ-R,Healthcare,JP,0.000369600615885808,0.013513226947333257,4.994497002339069e-06
2019-07,6481.T,LLWRYR-R,Industrials,JP,9.880831369603354e-05,0.06919425788160849,6.836967938730213e-06
2019-07,3844.T,FXRN3F-R,Technology,JP,8.829433945994341e-05,0.09083635791238476,8.020336220821017e-06
2019-07,ADE.OL,WY3QLM-R,Technology,NO,0.0006926794906322521,0.01845238210638156,1.2781586638400062e-05
2019-07,4751.T,G37DWR-R,Business Services,JP,0.00011987461942963754,0.12338476309216717,1.4790701519089529e-05
2019-07,2678.T,JZY038-R,Consumer Non-Cyclicals,JP,0.0001060452846235887,0.1747869589617952,1.8535332811595087e-05
2019-07,6146.T,J4TH5K-R,Technology,JP,0.00014925235913554555,0.13564105698095164,2.0244747750045992e-05
2019-07,6920.T,Q3WN7R-R,Technology,JP,0.0001310793054980827,0.2249267039587588,2.9483236142886955e-05
2019-07,RAY.ST,B3MGHK-R,Healthcare,SE,0.0021980739706755036,0.013601187647719781,2.989641653872603e-05
2019-07,3990.T,WRR2XC-R,Business Services,JP,0.00012662814333882976,0.24873660681663745,3.1497054701591306e-05
2019-07,BOOZT.ST,TY2YK8-R,Consumer Non-Cyclicals,SE,0.0015851501635733008,0.03172463499188383,5.028831034668791e-05
2019-07,NAS.OL,QTFZXZ-R,Industrials,NO,0.0006040456754901724,0.08673364893325242,5.2391085557613925e-05
2019-07,6857.T,KL74SJ-R,Technology,JP,0.00018203755983468175,0.42932365369865244,7.815303029861263e-05
2019-07,AF-B.ST,XJLJJN-R,Industrials,SE,0.0019164350395154102,0.04831528141805719,9.259309825361259e-05
2019-07,AM3D.DE,VJ2Q9P-R,Industrials,DE,0.011723097540931137,0.008909021504583503,0.00010444132809248548
2019-07,NTDOY,KRR3VZ-R,Technology,JP,0.020408710838974158,0.009176250000000108,0.00018727543283613882
2019-07,OVS.MI,MP8K4H-R,Consumer Cyclicals,IT,0.006446557297113084,0.03567593447613615,0.00022998695572846374
2019-07,BCART.BR,VHJB07-R,Healthcare,BE,0.016800029546846194,0.018832732881650216,0.0003163904688595855
2019-07,NOD.OL,CSQ76Z-R,Technology,NO,0.0016268149713286487,0.2010591414597842,0.00032708602144926156
2019-07,OCDO.L,LHPBFK-R,Industrials,GB,0.02012980974639313,0.023836486146740388,0.0004798239311564195
2019-07,STM,TZ751N-R,Technology,CH,0.01726740149646399,0.035754800000000087,0.0006173924870257722
2019-07,ZAL.DE,PM6KP2-R,Consumer Cyclicals,DE,0.013957179649555843,0.047979986592413315,0.0006696652924535933
2019-07,CAP.PA,F86QBP-R,Technology,FR,0.025234659765764174,0.03403367400158186,0.000858828184008852
2019-07,SAX.DE,JCTTTN-R,Business Services,DE,0.015242334499576805,0.061309090231370655,0.0009344936611712882
2019-07,SHOP,VC0Z7G-R,Finance,CA,0.016044197376422455,0.06043489999999996,0.0009696294640243528
2019-07,IQE.L,WC6J51-R,Technology,GB,0.02268559614275328,0.0486003311698322,0.0011025274853228774
2019-07,ORP.PA,K01WHX-R,Healthcare,FR,0.024484658446708534,0.05877246053009788,0.001439023622152105
2019-07,AMP.MI,WJWHT6-R,Healthcare,IT,0.023723120672249416,0.06317464868310951,0.0014986998141363697
2019-07,ETO.L,KDMMVP-R,Consumer Services,CA,0.022826436769256272,0.06925344871596573,0.0015808094681679236
2019-07,SEDG,CQY5QT-R,Technology,IL,0.036169602381330185,0.0443484999999999,0.0016040676112084181
2019-07,LN,JV8XYP-R,Technology,JP,0.012534946809165635,0.13041900000000006,0.0016347952279045738
2019-07,ASML,GL3H8G-R,Technology,NL,0.023340819313699798,0.07156249999999997,0.0016703273821366412
2019-07,ACSO.L,SRS2M0-R,Consumer Services,GB,0.00396731442154771,0.43200972769359014,0.0017139184229276795
2019-07,TSM,N28HXY-R,Technology,TW,0.020937904755437865,0.088333,0.0018495079407620928
2019-07,NOK,X699Q2-R,Technology,FI,0.02678041940892104,0.0883491999999999,0.0023660286304426443
2019-07,ZOO.L,DP2M95-R,Consumer Services,GB,0.0163004671847781,0.21055460941667548,0.003432138501400289
2019-07,LTG.L,JF74F9-R,Technology,GB,0.06942810402629412,0.12217075498279462,0.008482083885916356
2019-07,AMS.SW,C5K9GL-R,Technology,AT,0.028643972905531664,0.35322719568083727,0.010117830222578833
2019-08,AMS.SW,C5K9GL-R,Technology,AT,0.03672071184641197,-0.2418675305554212,-0.008881547894528864
2019-08,IQE.L,WC6J51-R,Technology,GB,0.03048175535913593,-0.22297940535863336,-0.006796803684267465
2019-08,GWPH,D2DFTS-R,Healthcare,GB,0.027817273484614505,-0.12255099999999997,-0.003409034682812991
2019-08,ASC.L,PP8053-R,Consumer Cyclicals,GB,0.03990741708529576,-0.08485318833183086,-0.0033862715777755255
2019-08,FDP.L,G22X5F-R,Finance,GB,0.015058440218645112,-0.21534580852953544,-0.003242771984077806
2019-08,BB,L8N0YK-R,Technology,CA,0.037535322816577794,-0.062060899999999974,-0.002329475915787352
2019-08,NOK,X699Q2-R,Technology,FI,0.027817273484614505,-0.08317920000000001,-0.002313818554631447
2019-08,INRN.SW,TLX4L7-R,Industrials,CH,0.024734702519975626,-0.0884873260577802,-0.0021887076868272806
2019-08,BHP,CSSFF1-R,Non-Energy Materials,AU,0.015534224729767673,-0.105043,-0.0016317615682889855
2019-08,MONC.MI,VK44PN-R,Consumer Cyclicals,IT,0.017807694762060556,-0.0907554785946817,-0.001616145860798812
2019-08,CAP.PA,F86QBP-R,Technology,FR,0.02453994227298035,-0.06107899450347509,-0.0014988749992069627
2019-08,RKUNY,SSMH3Y-R,Consumer Non-Cyclicals,JP,0.01761760654025585,-0.08249839999999997,-0.0014534243514006428
2019-08,SAX.DE,JCTTTN-R,Business Services,DE,0.02282054935450472,-0.057169829223074564,-0.0013046469093737792
2019-08,BCART.BR,VHJB07-R,Healthcare,BE,0.022996214884875292,-0.050832145449389854,-0.0011689469398134048
2019-08,SMDS.L,QCZ86Y-R,Non-Energy Materials,GB,0.022759919527822855,-0.04486648821826378,-0.0010211576613436957
2019-08,ADYEN.AS,B8DGF3-R,Finance,NL,0.02047940719021269,-0.0493009375734601,-0.0010096539754261458
2019-08,STM,TZ751N-R,Technology,CH,0.0312794356804815,-0.030136900000000022,-0.0009426652251591036
2019-08,UCB.BR,KNHDSG-R,Healthcare,BE,0.018796212227754464,-0.04622910357956678,-0.0008689320419803808
2019-08,ACSO.L,SRS2M0-R,Consumer Services,GB,0.0052576940431545375,-0.11469616296614382,-0.0006030373327997764
2019-08,FANUY,GB0DHY-R,Industrials,JP,0.01541519148001373,-0.03341130000000003,-0.0005150415870961832
2019-08,ALK-B.CO,SJKQMD-R,Healthcare,DK,0.003206795704746283,-0.10985488779954422,-0.0003522821823409633
2019-08,MDW.PA,H7LN62-R,Consumer Services,FR,0.009850043654517747,-0.035609093862160046,-0.0003507511290400964
2019-08,AML.L,N8P36V-R,Consumer Cyclicals,GB,0.010168272489529211,-0.03296396920337896,-0.00033518662119640645
2019-08,BC.MI,LNW87G-R,Consumer Cyclicals,IT,0.01219651253553727,-0.022452305437774434,-0.0002738398247235275
2019-08,FAG.ST,BXLTC8-R,Industrials,SE,0.001961426646952148,-0.12244516481022982,-0.00024016720904923225
2019-08,NOD.OL,CSQ76Z-R,Technology,NO,0.001824640697545514,-0.10168483866230316,-0.0001855382949465879
2019-08,AF-B.ST,XJLJJN-R,Industrials,SE,0.001869071992665599,-0.047998235828048075,-8.971215828356316e-05
2019-08,DUST.ST,JTKY01-R,Technology,SE,0.0014055026815220915,-0.052922980388375174,-7.438339085000237e-05
2019-08,NAS.OL,QTFZXZ-R,Industrials,NO,0.0006130100593850777,-0.12037709366241645,-7.379236933460096e-05
2019-08,VITB.ST,JKHFMB-R,Technology,SE,0.0012142173917450687,-0.04389979528844501,-5.330389493327816e-05
2019-08,ASML,GL3H8G-R,Technology,NL,0.02405865079616379,-0.0008975860000000058,-2.159470813352561e-05
2019-08,2146.T,SXD4G8-R,Business Services,JP,0.00010560985102543289,-0.1784750965074171,-1.8848728353898078e-05
2019-08,3844.T,FXRN3F-R,Technology,JP,0.0001532237093374399,-0.08530729468989107,-1.30711001259272e-05
2019-08,6951.T,KGPLVQ-R,Healthcare,JP,0.00035755836589356757,-0.03023379721395769,-1.0810347126580208e-05
2019-08,3990.T,WRR2XC-R,Business Services,JP,0.0003018670819788532,-0.031140843315619837,-9.400395502046836e-06
2019-08,6481.T,LLWRYR-R,Industrials,JP,0.00010084047268265127,-0.09255611583518819,-9.333402470490602e-06
2019-08,4921.T,GFG621-R,Consumer Non-Cyclicals,JP,0.00012004885011006238,-0.04379206082510634,-5.2571865460039255e-06
2019-08,6146.T,J4TH5K-R,Technology,JP,0.00016178824951114637,-0.02693363037876384,-4.357544911960436e-06
2019-08,6594.T,D79WDP-R,Industrials,JP,8.55871704684919e-05,-0.03965491880603311,-3.393952295766161e-06
2019-08,TSM,N28HXY-R,Technology,TW,0.029226133546497012,0.0,0.0
2019-08,6861.T,R4NT59-R,Industrials,JP,0.0001376941369812452,0.016239163174758264,2.236037558645957e-06
2019-08,2678.T,JZY038-R,Consumer Non-Cyclicals,JP,0.00011891469495559525,0.08468454786000001,1.0070237176224409e-05
2019-08,6857.T,KL74SJ-R,Technology,JP,0.00024835689724423787,0.0426474029525743,1.0591776672826102e-05
2019-08,4751.T,G37DWR-R,Business Services,JP,0.00012854071013302545,0.10533598746282635,1.3539962631035165e-05
2019-08,3064.T,MR4TNK-R,Industrials,JP,0.00015677897583459097,0.11147866726408573,1.7477511281068503e-05
2019-08,6920.T,Q3WN7R-R,Technology,JP,0.00015326007625186288,0.17865811423427047,2.738115621055832e-05
2019-08,ADE.OL,WY3QLM-R,Technology,NO,0.0006587911855931738,0.110314690504973,7.26743457461152e-05
2019-08,ORP.PA,K01WHX-R,Healthcare,FR,0.024124732837558987,0.004519061262521218,0.00010902114563488639
2019-08,BOOZT.ST,TY2YK8-R,Consumer Non-Cyclicals,SE,0.0020286768866608603,0.08682711844389757,0.00017614416832249989
2019-08,MTLS,CRHQ9D-R,Business Services,BE,0.013293331678784355,0.013924700000000012,0.00018510565562756867
2019-08,AM3D.DE,VJ2Q9P-R,Industrials,DE,0.011123351251121745,0.017203450494365224,0.00019136002258010842
2019-08,OVS.MI,MP8K4H-R,Consumer Cyclicals,IT,0.006279032718333596,0.03430876253691406,0.00021542584249482135
2019-08,SCHA.OL,G4GNVN-R,Technology,NO,0.0018680237107783638,0.11634811476476559,0.00021734103708494435
2019-08,LBIRD.PA,NL6284-R,Healthcare,FR,0.010156661574153254,0.025064014435234094,0.0002545667123083646
2019-08,TPE.DE,DKP314-R,Technology,DE,0.016186774789212318,0.020606310910902037,0.0003335497139512598
2019-08,NTDOY,KRR3VZ-R,Technology,JP,0.019781457912672724,0.022948600000000097,0.0004539567650547632
2019-08,RAY.ST,B3MGHK-R,Healthcare,SE,0.0025909517907233247,0.203776100157105,0.0005279740516086668
2019-08,UMI.BR,L1YNFY-R,Non-Energy Materials,BE,0.03391175583403158,0.019019684116057256,0.0006449908837841425
2019-08,BAS1V.HE,BFP734-R,Technology,FI,0.015160467590769637,0.050431999783803194,0.0007645726982600496
2019-08,OCDO.L,LHPBFK-R,Industrials,GB,0.019073164936839304,0.0422741559941433,0.0008063019498419691
2019-08,ZOO.L,DP2M95-R,Consumer Services,GB,0.018261588794464243,0.04616260079531331,0.0008430024334070197
2019-08,AMP.MI,WJWHT6-R,Healthcare,IT,0.023720167885505992,0.039450726129854896,0.0009357778470052762
2019-08,ZAL.DE,PM6KP2-R,Consumer Cyclicals,DE,0.013755994466619818,0.07036288357590692,0.0009679114371255901
2019-08,FDEV.L,WD63JS-R,Technology,GB,0.0205451204436901,0.06135223598743256,0.0012604890778515
2019-08,LN,JV8XYP-R,Technology,JP,0.013630121219124883,0.110657,0.0015082683237447024
2019-08,SHOP,VC0Z7G-R,Finance,CA,0.01634483344785445,0.20831700000000009,0.003404906669356697
2019-08,LTG.L,JF74F9-R,Technology,GB,0.0721019217747957,0.09249767178720392,0.006669259895551704
2019-08,SEDG,CQY5QT-R,Technology,IL,0.03633513515437192,0.2558640000000001,0.00929685302113822
2019-08,ETO.L,KDMMVP-R,Consumer Services,CA,0.033766605167969234,0.32924689358101444,0.011117549858330498
2019-09,BCART.BR,VHJB07-R,Healthcare,BE,0.03270408633607304,-0.4068500334414794,-0.013305658619504345
2019-09,BB,L8N0YK-R,Technology,CA,0.029728244863935986,-0.23794700000000002,-0.007073746680638976
2019-09,LTG.L,JF74F9-R,Technology,GB,0.06593477358854519,-0.07640165618057482,-0.005037525902056075
2019-09,LBIRD.PA,NL6284-R,Healthcare,FR,0.0259987883598016,-0.16481824098883635,-0.004285074565303534
2019-09,GWPH,D2DFTS-R,Healthcare,GB,0.020541481567555187,-0.19226199999999993,-0.003949346329141294
2019-09,SHOP,VC0Z7G-R,Finance,CA,0.01667680973524351,-0.19309900000000002,-0.003220275283065787
2019-09,ZAL.DE,PM6KP2-R,Consumer Cyclicals,DE,0.039931229080595515,-0.07936465356466804,-0.003169128162392861
2019-09,ADYEN.AS,B8DGF3-R,Finance,NL,0.016206544208252422,-0.09246293313365894,-0.0014985046134553313
2019-09,MONC.MI,VK44PN-R,Consumer Cyclicals,IT,0.023960493002556107,-0.05111358065606175,-0.0012247065916451548
2019-09,ORP.PA,K01WHX-R,Healthcare,FR,0.030258121855125372,-0.03404417099857615,-0.0010301126745316425
2019-09,MTLS,CRHQ9D-R,Business Services,BE,0.01701476838500674,-0.060020399999999974,-0.0010212332043754583
2019-09,AMP.MI,WJWHT6-R,Healthcare,IT,0.020523509600059654,-0.04719695666259405,-0.0009686471931583484
2019-09,ZOO.L,DP2M95-R,Consumer Services,GB,0.024875522490627786,-0.02163132702197712,-0.0005380905618373164
2019-09,FDP.L,G22X5F-R,Finance,GB,0.01978044438118876,-0.02399897050303057,-0.0004747103012409858
2019-09,UCB.BR,KNHDSG-R,Healthcare,BE,0.014922595627256457,-0.030289482536068557,-0.00045199769964459745
2019-09,IBAB.BR,V84K61-R,Healthcare,BE,0.016868638027446294,-0.024380467871208733,-0.00041126528745920424
2019-09,CAP.PA,F86QBP-R,Technology,FR,0.01917929040614646,-0.020294815629878005,-0.00038924016270463043
2019-09,FDEV.L,WD63JS-R,Technology,GB,0.03158476948364336,-0.010683737382643166,-0.0003374433824545676
2019-09,ETO.L,KDMMVP-R,Consumer Services,CA,0.012523331124566361,-0.024010369408631438,-0.0003006898065274501
2019-09,RAY.ST,B3MGHK-R,Healthcare,SE,0.003851460267658089,-0.05899649707728849,-0.0002272226644241832
2019-09,ACSO.L,SRS2M0-R,Consumer Services,GB,0.0038961470703531794,-0.04002220026816583,-0.00015593237832390254
2019-09,AF-B.ST,XJLJJN-R,Industrials,SE,0.001464849622700897,-0.10579985556943605,-0.0001549808785126978
2019-09,NTDOY,KRR3VZ-R,Technology,JP,0.017109607400038463,-0.008364200000000044,-0.00014310817821540245
2019-09,ADE.OL,WY3QLM-R,Technology,NO,0.0014842272476691318,-0.07150721278240213,-0.00010613295361651567
2019-09,MDW.PA,H7LN62-R,Consumer Services,FR,0.00790717407536545,-0.010778674647613395,-8.522885674040746e-05
2019-09,TPE.DE,DKP314-R,Technology,DE,0.013751459876542823,-0.0037001431786423122,-5.088237045856338e-05
2019-09,SCHA.OL,G4GNVN-R,Technology,NO,0.001692576467755684,-0.02806912552713048,-4.7509141337701405e-05
2019-09,DUST.ST,JTKY01-R,Technology,SE,0.0017046368091503548,-0.027574150679377185,-4.700391222912461e-05
2019-09,TOBII.ST,SJ6JSD-R,Technology,SE,0.0013422778806789532,-0.02038123387964408,-2.7357279417590732e-05
2019-09,4751.T,G37DWR-R,Business Services,JP,0.00018346438973119368,-0.13890561556470016,-2.5484233989813513e-05
2019-09,FAG.ST,BXLTC8-R,Industrials,SE,0.0014170186863483613,-0.010309552000660749,-1.4608827832816414e-05
2019-09,NAS.OL,QTFZXZ-R,Industrials,NO,0.0004376533143988908,-0.008659191306343406,-3.7897237752352522e-06
2019-09,2678.T,JZY038-R,Consumer Non-Cyclicals,JP,0.00011103618509607765,-0.007148959137648125,-7.93793150052193e-07
2019-09,4755.T,TTK7NN-R,Consumer Non-Cyclicals,JP,6.389976600678833e-05,0.04909250102257667,3.1369993280306663e-06
2019-09,6594.T,D79WDP-R,Industrials,JP,0.00014151142642451474,0.03729019177440884,5.276988229640302e-06
2019-09,6861.T,R4NT59-R,Industrials,JP,0.00012045834839506894,0.05032180757681881,6.061681828958061e-06
2019-09,3064.T,MR4TNK-R,Industrials,JP,0.00015000800901552683,0.06724348296625093,1.0087060999036795e-05
2019-09,6481.T,LLWRYR-R,Industrials,JP,7.87734944263134e-05,0.13187806887679487,1.0388496323619174e-05
2019-09,BC.MI,LNW87G-R,Consumer Cyclicals,IT,0.009924382039480902,0.0011312533432317196,1.1226990361671602e-05
2019-09,6146.T,J4TH5K-R,Technology,JP,0.00023408626138245184,0.04996278735030102,1.1695602099078422e-05
2019-09,3844.T,FXRN3F-R,Technology,JP,0.00019303975323584573,0.06495841437813765,1.2539556282147505e-05
2019-09,3990.T,WRR2XC-R,Business Services,JP,0.00025176880479081193,0.05405183150670356,1.3608565015197107e-05
2019-09,6920.T,Q3WN7R-R,Technology,JP,0.00015550426975416263,0.09452951320579905,1.4699742921284254e-05
2019-09,4921.T,GFG621-R,Consumer Non-Cyclicals,JP,0.00016469660733518053,0.10452705804694884,1.7215251835059954e-05
2019-09,6857.T,KL74SJ-R,Technology,JP,0.0002229149621758758,0.08792890514123086,1.960066856372365e-05
2019-09,6951.T,KGPLVQ-R,Healthcare,JP,0.0002984966394052368,0.0860031525941587,2.5671652027612145e-05
2019-09,ALK-B.CO,SJKQMD-R,Healthcare,DK,0.0023796106656160066,0.016864049530145975,4.012987212741197e-05
2019-09,INRN.SW,TLX4L7-R,Industrials,CH,0.01898479795578548,0.0035324358062656103,6.706258007373479e-05
2019-09,OVS.MI,MP8K4H-R,Consumer Cyclicals,IT,0.005405962890163024,0.013014966968954989,7.03584284508682e-05
2019-09,VITB.ST,JKHFMB-R,Technology,SE,0.001911432617261533,0.0933658099798389,0.00017846245453250641
2019-09,BOOZT.ST,TY2YK8-R,Consumer Non-Cyclicals,SE,0.0018151067570680826,0.12488235968236472,0.0002266748148980669
2019-09,SAX.DE,JCTTTN-R,Business Services,DE,0.01790974987905114,0.01688163528549258,0.0003023458655125362
2019-09,NOD.OL,CSQ76Z-R,Technology,NO,0.0013303690765228931,0.23871555256390953,0.0003175797892161005
2019-09,LN,JV8XYP-R,Technology,JP,0.020384257953282067,0.01726570000000005,0.0003519484825439832
2019-09,BHP,CSSFF1-R,Non-Energy Materials,AU,0.011700033255183423,0.03620840000000003,0.0004236394841169838
2019-09,NOK,X699Q2-R,Technology,FI,0.021463186976000363,0.02016130000000005,0.0004327257515792372
2019-09,RKUNY,SSMH3Y-R,Consumer Non-Cyclicals,JP,0.013603448680823886,0.04485209999999995,0.0006101432405771803
2019-09,SEDG,CQY5QT-R,Technology,IL,0.038402949600069465,0.021972700000000067,0.0008438164906774489
2019-09,AML.L,N8P36V-R,Consumer Cyclicals,GB,0.008230725514641267,0.1044645772385766,0.0008598192612537657
2019-09,FANUY,GB0DHY-R,Industrials,JP,0.012539665052141073,0.0871149,0.0010923916670507643
2019-09,OCDO.L,LHPBFK-R,Industrials,GB,0.03882662958936875,0.029776526734892617,0.0011561221739936113
2019-09,AM3D.DE,VJ2Q9P-R,Industrials,DE,0.018836645797315026,0.06894959651181298,0.0012987791273608089
2019-09,ASC.L,PP8053-R,Consumer Cyclicals,GB,0.030569783113230116,0.04944185815242608,0.0015114268804347535
2019-09,BAS1V.HE,BFP734-R,Technology,FI,0.013255941241092998,0.1539167838103055,0.0020403118422074235
2019-09,SMDS.L,QCZ86Y-R,Non-Energy Materials,GB,0.03275333904988941,0.0692777696528899,0.0022690782780612423
2019-09,ASML,GL3H8G-R,Technology,NL,0.02022909699743473,0.11594299999999991,0.0023454221931735733
2019-09,TSM,N28HXY-R,Technology,TW,0.024596119913626223,0.09632090000000004,0.002369120406588401
2019-09,STM,TZ751N-R,Technology,CH,0.02553080708838753,0.09553670000000003,0.0024391290575611537
2019-09,AMS.SW,C5K9GL-R,Technology,AT,0.023441895788969023,0.11384366395305356,0.002668711306621891
2019-09,IQE.L,WC6J51-R,Technology,GB,0.0198252824354199,0.22736455116950105,0.004507566442737839
2019-09,UMI.BR,L1YNFY-R,Non-Energy Materials,BE,0.028506590312714592,0.18249044179310925,0.005202180260182454
2019-10,NOK,X699Q2-R,Technology,FI,0.020992323997218464,-0.278656,-0.005849637035768909
2019-10,ZAL.DE,PM6KP2-R,Consumer Cyclicals,DE,0.03489137408615168,-0.054396700875938286,-0.0018979756393148574
2019-10,AML.L,N8P36V-R,Consumer Cyclicals,GB,0.00881880297030106,-0.2035975273404771,-0.0017954864788561507
2019-10,BAS1V.HE,BFP734-R,Technology,FI,0.025406258042886154,-0.06868191504058974,-0.0017449504564008066
2019-10,LBIRD.PA,NL6284-R,Healthcare,FR,0.03205808680473911,-0.04674339789690285,-0.001498503907327371
2019-10,IBAB.BR,V84K61-R,Healthcare,BE,0.015619903057153784,-0.07625163106647126,-0.001191043085208137
2019-10,ACSO.L,SRS2M0-R,Consumer Services,GB,0.0036284149875323566,-0.29709888888677705,-0.001077998061215992
2019-10,CAP.PA,F86QBP-R,Technology,FR,0.017833873340493456,-0.048069474328099826,-0.0008572649167114341
2019-10,ORP.PA,K01WHX-R,Healthcare,FR,0.027740664220203284,-0.018838709068879522,-0.0005225983026218853
2019-10,TPE.DE,DKP314-R,Technology,DE,0.01300338267974831,-0.03677473631549899,-0.0004781959692572708
2019-10,RKUNY,SSMH3Y-R,Consumer Non-Cyclicals,JP,0.013627032982120603,-0.02557339999999997,-0.0003484895652649626
2019-10,MDW.PA,H7LN62-R,Consumer Services,FR,0.0074239065709732245,-0.023459742419287388,-0.00017416293589988694
2019-10,LTG.L,JF74F9-R,Technology,GB,0.05907676650436389,-0.0021336885263514294,-0.00012605141886430366
2019-10,BHP,CSSFF1-R,Non-Energy Materials,AU,0.011267401728072259,-0.009518029999999955,-0.0001072434676698431
2019-10,AMS.SW,C5K9GL-R,Technology,AT,0.024839784371297614,-0.00428650513670914,-0.00010647586330231464
2019-10,RAY.ST,B3MGHK-R,Healthcare,SE,0.0034657168731791993,-0.023512603462757187,-8.148802655324925e-05
2019-10,BOOZT.ST,TY2YK8-R,Consumer Non-Cyclicals,SE,0.0019524772056728871,-0.037926458406567165,-7.405054553072324e-05
2019-10,NTDOY,KRR3VZ-R,Technology,JP,0.01600249836724722,-0.0023590300000000397,-3.775037372328784e-05
2019-10,4751.T,G37DWR-R,Business Services,JP,0.0001475823301091621,-0.1560049681563045,-2.3023576709113048e-05
2019-10,3990.T,WRR2XC-R,Business Services,JP,0.00024988235159340423,-0.08025495497029822,-2.0054296875000885e-05
2019-10,ADE.OL,WY3QLM-R,Technology,NO,0.0013241761152997383,-0.01331742899300803,-1.763462138974148e-05
2019-10,DUST.ST,JTKY01-R,Technology,SE,0.001585129037281529,-0.009469294283910412,-1.5010053331990397e-05
2019-10,SCHA.OL,G4GNVN-R,Technology,NO,0.0015807034245905313,-0.008131917576065573,-1.2854149960974783e-05
2019-10,4755.T,TTK7NN-R,Consumer Non-Cyclicals,JP,6.312257615228404e-05,-0.03292258259809999,-2.078158227178428e-06
2019-10,3844.T,FXRN3F-R,Technology,JP,9.644414411667514e-05,0.008818658310809857,8.505079530434607e-07
2019-10,2678.T,JZY038-R,Consumer Non-Cyclicals,JP,0.00010380549275077074,0.015007312244273985,1.5578414423815362e-06
2019-10,6861.T,R4NT59-R,Industrials,JP,0.00019825818824833477,0.020709176865436163,4.105763885455702e-06
2019-10,6857.T,KL74SJ-R,Technology,JP,0.0002264114406348952,0.027558161592493136,6.239483067405608e-06
2019-10,6481.T,LLWRYR-R,Industrials,JP,8.395597862658239e-05,0.1050097544598414,8.81619670101311e-06
2019-10,4921.T,GFG621-R,Consumer Non-Cyclicals,JP,0.0001702827362819231,0.06199627291449983,1.0556894991161906e-05
2019-10,6594.T,D79WDP-R,Industrials,JP,0.00013769609636467335,0.09917741125211643,1.3656342376970263e-05
2019-10,VITB.ST,JKHFMB-R,Technology,SE,0.0019984836542406553,0.007062625814304946,1.4114542245906531e-05
2019-10,BC.MI,LNW87G-R,Consumer Cyclicals,IT,0.009430012312760474,0.0015198107895775248,1.4331834458782276e-05
2019-10,TOBII.ST,SJ6JSD-R,Technology,SE,0.0012574064937509112,0.017143884798474396,2.1556832073719237e-05
2019-10,3064.T,MR4TNK-R,Industrials,JP,0.00015074735950703448,0.16041304600283857,2.4181843115408365e-05
2019-10,6920.T,Q3WN7R-R,Technology,JP,0.00024039918423351898,0.15075465389940268,3.6241295816822895e-05
2019-10,6146.T,J4TH5K-R,Technology,JP,0.00023040624717675758,0.15809022949224216,3.642497649261988e-05
2019-10,6951.T,KGPLVQ-R,Healthcare,JP,0.0003038180453097343,0.12231032202872383,3.716008295997101e-05
2019-10,NOD.OL,CSQ76Z-R,Technology,NO,0.0031669437301501536,0.014729644382471596,4.664795492440985e-05
2019-10,AF-B.ST,XJLJJN-R,Industrials,SE,0.0012525753996317128,0.051245942901708474,6.418940740961144e-05
2019-10,ALK-B.CO,SJKQMD-R,Healthcare,DK,0.002293479134331566,0.040222685950037196,9.224989095318175e-05
2019-10,NAS.OL,QTFZXZ-R,Industrials,NO,0.00041688861821372454,0.22664024813965478,9.448373987855634e-05
2019-10,BB,L8N0YK-R,Technology,CA,0.021780573317272123,0.004439000000000082,9.668396495537274e-05
2019-10,SHOP,VC0Z7G-R,Finance,CA,0.012929778057259103,0.009052279999999913,0.00011704397131216431
2019-10,FAG.ST,BXLTC8-R,Industrials,SE,0.0013410688918034214,0.08858170003325161,0.00011879416229765584
2019-10,AMP.MI,WJWHT6-R,Healthcare,IT,0.01855976642743306,0.020259235055790636,0.000376006670633938
2019-10,ETO.L,KDMMVP-R,Consumer Services,CA,0.011857292649797985,0.031888817542718106,0.00037811504186002044
2019-10,LN,JV8XYP-R,Technology,JP,0.01988047758787962,0.021981100000000087,0.0004369947659069424
2019-10,MTLS,CRHQ9D-R,Business Services,BE,0.015333523615359574,0.03300869999999989,0.0005061396809623179
2019-10,SEDG,CQY5QT-R,Technology,IL,0.03762715043743855,0.014811300000000083,0.0005573070132740367
2019-10,FANUY,GB0DHY-R,Industrials,JP,0.013013028248605122,0.06168970000000007,0.0008027698087479763
2019-10,SAX.DE,JCTTTN-R,Business Services,DE,0.017285329132749324,0.0536476928357299,0.0009273180278782292
2019-10,BCART.BR,VHJB07-R,Healthcare,BE,0.018411288296013597,0.055523608322186835,0.0010222611600547216
2019-10,ASML,GL3H8G-R,Technology,NL,0.02164292009390696,0.05454469999999989,0.0011805065836461247
2019-10,IFX.DE,P59ZZH-R,Technology,DE,0.01634447052755898,0.07281479280581515,0.0011901192349849593
2019-10,FDP.L,G22X5F-R,Finance,GB,0.018728654617862404,0.06828708583392418,0.0012789252454438905
2019-10,UCB.BR,KNHDSG-R,Healthcare,BE,0.013734227156300466,0.10598280936451943,0.001455591978475198
2019-10,ADYEN.AS,B8DGF3-R,Finance,NL,0.025924942435540468,0.06151699673395283,0.001594824599135058
2019-10,MONC.MI,VK44PN-R,Consumer Cyclicals,IT,0.021578821766295504,0.07671126998180933,0.001655338822403638
2019-10,INRN.SW,TLX4L7-R,Industrials,CH,0.018124591532451485,0.10469852520386502,0.0018976180033701304
2019-10,OCDO.L,LHPBFK-R,Industrials,GB,0.03878758730331557,0.05466219391562066,0.0021202146186929016
2019-10,SMDS.L,QCZ86Y-R,Non-Energy Materials,GB,0.0339755391682426,0.07338274264230837,0.0024932182469168144
2019-10,AM3D.DE,VJ2Q9P-R,Industrials,DE,0.01911079011313568,0.13480501790637156,0.002576230403406164
2019-10,GWPH,D2DFTS-R,Healthcare,GB,0.015907424436100395,0.16334899999999997,0.002598461874212563
2019-10,UMI.BR,L1YNFY-R,Non-Energy Materials,BE,0.03199341124516428,0.08823230437977858,0.002822852399130765
2019-10,TSM,N28HXY-R,Technology,TW,0.02571075676918878,0.11080000000000001,0.0028487518500261173
2019-10,ZOO.L,DP2M95-R,Consumer Services,GB,0.02360979642777798,0.12120926997370907,0.002861726189238853
2019-10,STM,TZ751N-R,Technology,CH,0.026745161140066212,0.17269899999999994,0.004618862583728293
2019-10,FDEV.L,WD63JS-R,Technology,GB,0.04097645740198372,0.12579413318156574,0.005154597939733895
2019-10,IQE.L,WC6J51-R,Technology,GB,0.023605648393267342,0.2573929100074708,0.006075926532556258
2019-10,ASC.L,PP8053-R,Consumer Cyclicals,GB,0.031122243929518498,0.4962631706625593,0.015444823450596439
2019-11,IQE.L,WC6J51-R,Technology,GB,0.02672103876077656,-0.35277355430614066,-0.0094264758183913
2019-11,GWPH,D2DFTS-R,Healthcare,GB,0.02379850576845482,-0.23696000000000006,-0.005639293926893056
2019-11,ASC.L,PP8053-R,Consumer Cyclicals,GB,0.041922340811351655,-0.0924166085387047,-0.00387432055978885
2019-11,BZUN,GXXP1J-R,Business Services,CN,0.020638887481555398,-0.12752799999999997,-0.002632036042747796
2019-11,ZOO.L,DP2M95-R,Consumer Services,GB,0.023831207902203683,-0.05732477607207931,-0.001366118656520993
2019-11,SEDG,CQY5QT-R,Technology,IL,0.032736728006704255,-0.03943030000000003,-0.0012908190063227517
2019-11,RKUNY,SSMH3Y-R,Consumer Non-Cyclicals,JP,0.0113841106156879,-0.09747970000000006,-0.0011097196875840725
2019-11,BCART.BR,VHJB07-R,Healthcare,BE,0.01704992316055765,-0.06200208707993227,-0.0010571308205070493
2019-11,MTLS,CRHQ9D-R,Business Services,BE,0.013579837845458154,-0.07438449999999996,-0.0010101294482154817
2019-11,IBAB.BR,V84K61-R,Healthcare,BE,0.02109847065635745,-0.04662282420099928,-0.0009836702883212953
2019-11,RAY.ST,B3MGHK-R,Healthcare,SE,0.002960987799700264,-0.27529747174045605,-0.0008151524551118185
2019-11,NOK,X699Q2-R,Technology,FI,0.012982296525909445,-0.04109589999999996,-0.0005335191597991215
2019-11,FANUY,GB0DHY-R,Industrials,JP,0.01184471538284003,-0.044592399999999977,-0.0005281842862377554
2019-11,SAX.DE,JCTTTN-R,Business Services,DE,0.01597877485687044,-0.029887043719589834,-0.0004775583427327696
2019-11,AM3D.DE,VJ2Q9P-R,Industrials,DE,0.01902699252557373,-0.01524528177953044,-0.000290071862469391
2019-11,BOOZT.ST,TY2YK8-R,Consumer Non-Cyclicals,SE,0.0016435046850361034,-0.16877846770454852,-0.00027738820240564015
2019-11,ZAL.DE,PM6KP2-R,Consumer Cyclicals,DE,0.028946592746773216,-0.006442873510494329,-0.00018649923562725243
2019-11,ACSO.L,SRS2M0-R,Consumer Services,GB,0.002296029997222282,-0.07678819974891804,-0.0001763080100562123
2019-11,ADE.OL,WY3QLM-R,Technology,NO,0.0011085172355124232,-0.08473362759633296,-9.392868661802619e-05
2019-11,SCHA.OL,G4GNVN-R,Technology,NO,0.001330221070330016,-0.06381171057406032,-8.488368193941572e-05
2019-11,OCDO.L,LHPBFK-R,Industrials,GB,0.03682752942096361,-0.002147282082416324,-7.907909406529518e-05
2019-11,NAS.OL,QTFZXZ-R,Industrials,NO,0.0004338677067656756,-0.11882285287848526,-5.155339868974366e-05
2019-11,3064.T,MR4TNK-R,Industrials,JP,0.00014993071477691398,-0.0742312069665293,-1.1129537919244773e-05
2019-11,4921.T,GFG621-R,Consumer Non-Cyclicals,JP,0.00015499645925233808,-0.05602957203530157,-8.68438527889556e-06
2019-11,4755.T,TTK7NN-R,Consumer Non-Cyclicals,JP,5.232077343830175e-05,-0.09177769589025009,-4.801880033363132e-06
2019-11,6146.T,J4TH5K-R,Technology,JP,0.00022869914719172727,-0.017417779649890885,-3.983431351903467e-06
2019-11,6481.T,LLWRYR-R,Industrials,JP,7.951444009755101e-05,-0.031791156553629296,-2.527856013415423e-06
2019-11,2678.T,JZY038-R,Consumer Non-Cyclicals,JP,9.03062092339314e-05,-0.015584463566715834,-1.407373827654421e-06
2019-11,ETO.L,KDMMVP-R,Consumer Services,CA,0.011015005978053449,-3.425563735448556e-05,-3.7732605024168944e-07
2019-11,6594.T,D79WDP-R,Industrials,JP,0.00022701561281039087,-0.00011727594888233384,-2.662347140344309e-08
2019-11,DUST.ST,JTKY01-R,Technology,SE,0.0013737559607511123,0.00016226043688183367,2.2290624236049863e-07
2019-11,4751.T,G37DWR-R,Business Services,JP,0.00010675853245259816,0.06375197949579081,6.806067771918756e-06
2019-11,6951.T,KGPLVQ-R,Healthcare,JP,0.00029225020096767217,0.036574297892797425,1.0688845909421557e-05
2019-11,3844.T,FXRN3F-R,Technology,JP,8.339060895181227e-05,0.13702750243547612,1.1426806871240294e-05
2019-11,6861.T,R4NT59-R,Industrials,JP,0.00017344480413722892,0.08087259867968122,1.4026932038066027e-05
2019-11,6857.T,KL74SJ-R,Technology,JP,0.00019940358070738202,0.07475833308210156,1.4907079304286186e-05
2019-11,3990.T,WRR2XC-R,Business Services,JP,0.0001969841063454428,0.11032794330922746,2.1732851317698846e-05
2019-11,AF-B.ST,XJLJJN-R,Industrials,SE,0.0011520865929052358,0.019857171090275072,2.2877180586131353e-05
2019-11,TOBII.ST,SJ6JSD-R,Technology,SE,0.001119012673103055,0.022727981622134186,2.5432899469221483e-05
2019-11,6920.T,Q3WN7R-R,Technology,JP,0.00023710677646199743,0.19739928153208353,4.680470731998663e-05
2019-11,NOD.OL,CSQ76Z-R,Technology,NO,0.0027265314118340186,0.019239175227517613,5.245621559560567e-05
2019-11,UCB.BR,KNHDSG-R,Healthcare,BE,0.013326713167391447,0.004964727751942233,6.616350270432228e-05
2019-11,FAG.ST,BXLTC8-R,Industrials,SE,0.0012772889270873233,0.0841748512525764,0.00010751560544413834
2019-11,MDW.PA,H7LN62-R,Consumer Services,FR,0.0282690166389557,0.005753207927401194,0.00016263753062707617
2019-11,VITB.ST,JKHFMB-R,Technology,SE,0.0017608977012030789,0.12345668196634474,0.00021739458747269605
2019-11,ALK-B.CO,SJKQMD-R,Healthcare,DK,0.0020920829622435425,0.14304939252578341,0.00029927119686248024
2019-11,NTDOY,KRR3VZ-R,Technology,JP,0.013236014467146397,0.0401978999999999,0.0005320599859489028
2019-11,ORP.PA,K01WHX-R,Healthcare,FR,0.02387963918956728,0.02746114222340479,0.0006557621680282977
2019-11,TSM,N28HXY-R,Technology,TW,0.024484966927222088,0.028278100000000084,0.000692388343264681
2019-11,ASML,GL3H8G-R,Technology,NL,0.019567237435271903,0.03681430000000008,0.0007203541491133319
2019-11,CAP.PA,F86QBP-R,Technology,FR,0.01489434362547311,0.049791015308113806,0.0007416044914602389
2019-11,SHOP,VC0Z7G-R,Finance,CA,0.011153037593505274,0.06728420000000002,0.0007504232120489277
2019-11,INRN.SW,TLX4L7-R,Industrials,CH,0.01734658147527611,0.04658497835388076,0.0008080901225395665
2019-11,BHP,CSSFF1-R,Non-Energy Materials,AU,0.01536671165450148,0.05356779999999994,0.0008231609365660035
2019-11,BB,L8N0YK-R,Technology,CA,0.01870873417158457,0.04816369999999992,0.0009010818600199463
2019-11,UMI.BR,L1YNFY-R,Non-Energy Materials,BE,0.03054587337725321,0.04087715165932382,0.0012486282986084811
2019-11,BC.MI,LNW87G-R,Consumer Cyclicals,IT,0.008285946907455911,0.1819729494374518,0.0015078181976318846
2019-11,IFX.DE,P59ZZH-R,Technology,DE,0.01538388378382193,0.1013884393053206,0.0015597479672961356
2019-11,LBIRD.PA,NL6284-R,Healthcare,FR,0.026811301283572477,0.06326023506262235,0.0016960892215335832
2019-11,FDP.L,G22X5F-R,Finance,GB,0.018011959460967904,0.09479241006436046,0.0017073970472867065
2019-11,AMS.SW,C5K9GL-R,Technology,AT,0.021428129414652893,0.08396718499619027,0.0017992597066824657
2019-11,STM,TZ751N-R,Technology,CH,0.02688935937969189,0.07451499999999989,0.002003660614177738
2019-11,SMDS.L,QCZ86Y-R,Non-Energy Materials,GB,0.031851450669575426,0.06859706749204486,0.0021849161113004028
2019-11,ADYEN.AS,B8DGF3-R,Finance,NL,0.02414432982513261,0.09197939391618992,0.0022207808238282854
2019-11,AML.L,N8P36V-R,Consumer Cyclicals,GB,0.006322789124259286,0.37960449421690634,0.0024001591675546024
2019-11,AMP.MI,WJWHT6-R,Healthcare,IT,0.016613207899107783,0.16430495181608262,0.0027296323233734674
2019-11,MONC.MI,VK44PN-R,Consumer Cyclicals,IT,0.020384374432180417,0.1366859335754249,0.0027862572496136022
2019-11,LN,JV8XYP-R,Technology,JP,0.017418803703987358,0.27688500000000005,0.00482300546357854
2019-11,TPE.DE,DKP314-R,Technology,DE,0.010988916898554697,0.44369367656457204,0.004875712940182288
2019-11,FDEV.L,WD63JS-R,Technology,GB,0.04152981468996448,0.11818252787340433,0.004908098482174043
2019-11,BAS1V.HE,BFP734-R,Technology,FI,0.02669030550280243,0.21804342477351857,0.0058196456200825305
2019-11,LTG.L,JF74F9-R,Technology,GB,0.06353669216451314,0.14117340058537775,0.008969690894810646
2019-12,ZOO.L,DP2M95-R,Consumer Services,GB,0.02078113539686605,-0.1976304446093039,-0.0041069850279687806
2019-12,AMS.SW,C5K9GL-R,Technology,AT,0.02122369094827676,-0.16021725588308944,-0.003400401523443667
2019-12,BZUN,GXXP1J-R,Business Services,CN,0.016663606571852594,-0.12773199999999996,-0.002128475794635875
2019-12,WDI.DE,X42QXQ-R,Finance,DE,0.01595879322404826,-0.08714457532697462,-0.0013907222582406858
2019-12,BAS1V.HE,BFP734-R,Technology,FI,0.029732907996208605,-0.02576834950790452,-0.0007661679651326723
2019-12,IBAB.BR,V84K61-R,Healthcare,BE,0.018396575595535543,-0.03941862200974633,-0.0007251676596741395
2019-12,BCART.BR,VHJB07-R,Healthcare,BE,0.014626672482005845,-0.04607005378464668,-0.0006738515879364208
2019-12,OCDO.L,LHPBFK-R,Industrials,GB,0.03399398490253077,-0.019755542445673346,-0.0006715696116395255
2019-12,FEVR.L,WWF124-R,Consumer Non-Cyclicals,GB,0.020048210421997885,-0.02859201337891748,-0.0005732187006091164
2019-12,UCB.BR,KNHDSG-R,Healthcare,BE,0.01959814354897686,-0.019483655440795444,-0.0003818434761875131
2019-12,AML.L,N8P36V-R,Consumer Cyclicals,GB,0.008069125277213245,-0.04095805611765457,-0.0003304956859244851
2019-12,AMP.MI,WJWHT6-R,Healthcare,IT,0.017690549826254776,-0.017935015184011305,-0.000317280279747388
2019-12,FANUY,GB0DHY-R,Industrials,JP,0.010472354801707467,-0.020062800000000047,-0.00021010475991569707
2019-12,RKUNY,SSMH3Y-R,Consumer Non-Cyclicals,JP,0.009507954605719949,-0.0031388999999999445,-2.984451871189382e-05
2019-12,RAY.ST,B3MGHK-R,Healthcare,SE,0.0019986556065903667,-0.013169611696505656,-2.6321518253839103e-05
2019-12,3990.T,WRR2XC-R,Business Services,JP,0.00019980463558194657,-0.12308828353589119,-2.459360963629605e-05
2019-12,6594.T,D79WDP-R,Industrials,JP,0.00020736135126453518,-0.06775371030180677,-1.404950092136851e-05
2019-12,FAG.ST,BXLTC8-R,Industrials,SE,0.0012898228100609711,-0.009808158780542642,-1.2650786919843699e-05
2019-12,3064.T,MR4TNK-R,Industrials,JP,0.000126799117621611,-0.04295470992761208,-5.446619316513465e-06
2019-12,ALK-B.CO,SJKQMD-R,Healthcare,DK,0.00218658088009024,-0.0016477233400947755,-3.6028803511296636e-06
2019-12,6481.T,LLWRYR-R,Industrials,JP,7.032959200186255e-05,-0.026514985323150997,-1.8647880997125835e-06
2019-12,4755.T,TTK7NN-R,Consumer Non-Cyclicals,JP,4.340995979912133e-05,-0.004200079460831008,-1.8232528054778923e-07
2019-12,3844.T,FXRN3F-R,Technology,JP,8.66185859651614e-05,0.0017258378381597161,1.494896331465657e-07
2019-12,4921.T,GFG621-R,Consumer Non-Cyclicals,JP,0.00013366049590352703,0.0024267677133034127,3.2436297600280243e-07
2019-12,4751.T,G37DWR-R,Business Services,JP,0.00010374472850098485,0.015182737876940688,1.575129018944831e-06
2019-12,6861.T,R4NT59-R,Industrials,JP,8.563055989558289e-05,0.034078573712858384,2.9181673474749565e-06
2019-12,TPE.DE,DKP314-R,Technology,DE,0.029018898691756525,0.00030431085415871806,8.830765847633734e-06
2019-12,2678.T,JZY038-R,Consumer Non-Cyclicals,JP,8.069032435247004e-05,0.12903684837997753,1.0412025149200886e-05
2019-12,6146.T,J4TH5K-R,Technology,JP,0.00020528463180790793,0.10296401528394994,2.113692996702947e-05
2019-12,BOOZT.ST,TY2YK8-R,Consumer Non-Cyclicals,SE,0.0012724183769346467,0.02181138582939357,2.775320815573232e-05
2019-12,6951.T,KGPLVQ-R,Healthcare,JP,0.00027674407908466735,0.10562484100967984,2.9231049353688252e-05
2019-12,6857.T,KL74SJ-R,Technology,JP,0.00019577928537451946,0.15815977857203567,3.096440842382538e-05
2019-12,4689.T,JQZ6DN-R,Consumer Non-Cyclicals,JP,0.00020694063850972284,0.22998889628055896,4.7594049046445296e-05
2019-12,6920.T,Q3WN7R-R,Technology,JP,0.00025936179119668483,0.18692562520735767,4.848136497434047e-05
2019-12,TOBII.ST,SJ6JSD-R,Technology,SE,0.0019986556065903667,0.03727670551619866,7.45032964751685e-05
2019-12,AF-B.ST,XJLJJN-R,Industrials,SE,0.001094375082145894,0.07803083519089515,8.53950016719486e-05
2019-12,DUST.ST,JTKY01-R,Technology,SE,0.001919609697209686,0.048648240066816895,9.33856333844465e-05
2019-12,SCHA.OL,G4GNVN-R,Technology,NO,0.0011488852895654939,0.09213353698394777,0.00010585086531649597
2019-12,ETO.L,KDMMVP-R,Consumer Services,CA,0.010189035644086679,0.01732606359276767,0.0001765358795184223
2019-12,ADE.OL,WY3QLM-R,Technology,NO,0.0015699989170773613,0.12606131179597235,0.0001979161230050282
2019-12,NOD.OL,CSQ76Z-R,Technology,NO,0.0025637536069225363,0.0862453107748582,0.00022111172657919779
2019-12,IQE.L,WC6J51-R,Technology,GB,0.0159983157630599,0.02596854364590051,0.0004154529611539191
2019-12,MTLS,CRHQ9D-R,Business Services,BE,0.011632048780272663,0.03621959999999991,0.00042130815400196267
2019-12,VITB.ST,JKHFMB-R,Technology,SE,0.001842604014372816,0.23149934393821514,0.00042656162046522846
2019-12,CAP.PA,F86QBP-R,Technology,FR,0.014300303196205169,0.03199146611025805,0.00045748766506781253
2019-12,SAX.DE,JCTTTN-R,Business Services,DE,0.014177082139321241,0.03307519892609734,0.00046890981194967166
2019-12,MONC.MI,VK44PN-R,Consumer Cyclicals,IT,0.021191356578438354,0.024976785976630778,0.0005292919778141214
2019-12,GWPH,D2DFTS-R,Healthcare,GB,0.022406121504501823,0.023993699999999896,0.0005376057575425631
2019-12,INRN.SW,TLX4L7-R,Industrials,CH,0.01658856979364182,0.040258476031432844,0.00066783053943308
2019-12,SMDS.L,QCZ86Y-R,Non-Energy Materials,GB,0.0314852005503835,0.021883006143692763,0.0006889908370794409
2019-12,FDEV.L,WD63JS-R,Technology,GB,0.042957194182713536,0.017164335133538433,0.0007373316773485827
2019-12,ORP.PA,K01WHX-R,Healthcare,FR,0.022439555360457036,0.03542048911067974,0.0007948200262935637
2019-12,BHP,CSSFF1-R,Non-Energy Materials,AU,0.01498216001854125,0.061711700000000036,0.0009245745644162126
2019-12,LN,JV8XYP-R,Technology,JP,0.020582648096388902,0.04498920000000006,0.0009259968717380609
2019-12,IFX.DE,P59ZZH-R,Technology,DE,0.015496280983599628,0.06568087700151626,0.0010178093252647426
2019-12,ADYEN.AS,B8DGF3-R,Finance,NL,0.024112963049040773,0.06815343178317135,0.0016433811822529317
2019-12,ASML,GL3H8G-R,Technology,NL,0.018705479869627943,0.09356300000000006,0.0017501408130420003
2019-12,AM3D.DE,VJ2Q9P-R,Industrials,DE,0.01713638761689572,0.11599647666813007,0.0019877605863792775
2019-12,SHOP,VC0Z7G-R,Finance,CA,0.01108401931736508,0.18720800000000004,0.0020750170883652823
2019-12,CAPC.L,J2R4L9-R,Finance,GB,0.02221060332090386,0.09635413799583237,0.002140083537353063
2019-12,FDP.L,G22X5F-R,Finance,GB,0.018178998847003566,0.12196351353941237,0.002217174572009481
2019-12,MDW.PA,H7LN62-R,Consumer Services,FR,0.026002982966640543,0.08818056599796376,0.002292957755633774
2019-12,TSM,N28HXY-R,Technology,TW,0.02329920655516603,0.1005720000000001,0.0023432478016661607
2019-12,ASC.L,PP8053-R,Consumer Cyclicals,GB,0.03519615017068578,0.07006559634944853,0.002466039250913844
2019-12,LBIRD.PA,NL6284-R,Healthcare,FR,0.02607224689995939,0.1060804180469801,0.0027657548505717728
2019-12,STM,TZ751N-R,Technology,CH,0.026737693715831425,0.10631900000000005,0.002842724858173483
2019-12,BB,L8N0YK-R,Technology,CA,0.018333478128499923,0.16682599999999992,0.0030585008222651267
2019-12,UMI.BR,L1YNFY-R,Non-Energy Materials,BE,0.02907857223430815,0.13161217843891126,0.0038270942376505347
2019-12,ZAL.DE,PM6KP2-R,Consumer Cyclicals,DE,0.026303366256233734,0.17549252320414932,0.004616044113069337
2019-12,SEDG,CQY5QT-R,Technology,IL,0.02910014504917628,0.165176,0.004806645558642741
2019-12,LTG.L,JF74F9-R,Technology,GB,0.06707170945567847,0.19029850963666672,0.012763646348199141
2020-01,FEVR.L,WWF124-R,Consumer Non-Cyclicals,GB,0.01726700627830684,-0.34377570766417487,-0.005935977302566685
2020-01,AM3D.DE,VJ2Q9P-R,Industrials,DE,0.016822477512557166,-0.33024390352327426,-0.00555552064067938
2020-01,LBIRD.PA,NL6284-R,Healthcare,FR,0.025415913944548226,-0.20329809166623392,-0.005167006802879878
2020-01,FUTR.L,GM88J1-R,Technology,GB,0.03349453292729906,-0.11817087683156657,-0.003958078325082708
2020-01,IBAB.BR,V84K61-R,Healthcare,BE,0.015574413432185564,-0.21629305650000086,-0.0033686374844420844
2020-01,SMDS.L,QCZ86Y-R,Non-Energy Materials,GB,0.028526447582961304,-0.11484697889965567,-0.0032761763236424904
2020-01,ASC.L,PP8053-R,Consumer Cyclicals,GB,0.03339222753020264,-0.09061107158855308,-0.0030257055192404445
2020-01,BZUN,GXXP1J-R,Business Services,CN,0.02516639346434878,-0.0908816,-0.00228716210426956
2020-01,INRN.SW,TLX4L7-R,Industrials,CH,0.015417277717725233,-0.13357168336246816,-0.0020593117376232306
2020-01,OCDO.L,LHPBFK-R,Industrials,GB,0.04009607451727096,-0.045146236702048426,-0.0018101868709796867
2020-01,BB,L8N0YK-R,Technology,CA,0.03048917686464356,-0.05356090000000002,-0.001633027753129488
2020-01,UMI.BR,L1YNFY-R,Non-Energy Materials,BE,0.029000895490410808,-0.05610252314494102,-0.001627023410474788
2020-01,TSM,N28HXY-R,Technology,TW,0.022073784122564374,-0.07160069999999996,-0.0015804983948244941
2020-01,CAPC.L,J2R4L9-R,Finance,GB,0.021589938643270586,-0.07086881475783213,-0.0015300533623429048
2020-01,ZAL.DE,PM6KP2-R,Consumer Cyclicals,DE,0.02719813064166137,-0.05359361573635801,-0.001457646162356464
2020-01,TPE.DE,DKP314-R,Technology,DE,0.02553413026916663,-0.04119813829461172,-0.001051958630061758
2020-01,ASML,GL3H8G-R,Technology,NL,0.017708626825025695,-0.05163209999999996,-0.0009143335910924084
2020-01,BHP,CSSFF1-R,Non-Energy Materials,AU,0.01377061244735614,-0.06580149999999996,-0.0009061269549547044
2020-01,MONC.MI,VK44PN-R,Consumer Cyclicals,IT,0.01910648789526692,-0.041748792422312775,-0.0007976727970589304
2020-01,IFX.DE,P59ZZH-R,Technology,DE,0.014526556545730021,-0.05103951786744676,-0.0007414284423682631
2020-01,RKUNY,SSMH3Y-R,Consumer Non-Cyclicals,JP,0.00817223918203717,-0.08205489999999993,-0.0006705722688581412
2020-01,SAX.DE,JCTTTN-R,Business Services,DE,0.02147214759845338,-0.017508127386122063,-0.0003759370954073367
2020-01,AML.L,N8P36V-R,Consumer Cyclicals,GB,0.006861262037260972,-0.04215852160000777,-0.00028926066380118
2020-01,RAY.ST,B3MGHK-R,Healthcare,SE,0.0017538521221429249,-0.15006725346776195,-0.0002631957709585945
2020-01,MDW.PA,H7LN62-R,Consumer Services,FR,0.024938171201229643,-0.009800023057840335,-0.0002443946527924203
2020-01,AMP.MI,WJWHT6-R,Healthcare,IT,0.015282325349374654,-0.013922407117626379,-0.0002127667552180157
2020-01,BOOZT.ST,TY2YK8-R,Consumer Non-Cyclicals,SE,0.0011561472324116539,-0.15050440084111905,-0.000174005246498234
2020-01,BCART.BR,VHJB07-R,Healthcare,BE,0.012297098213020136,-0.013737204993610863,-0.00016892775897882342
2020-01,MTLS,CRHQ9D-R,Business Services,BE,0.01043470707274063,-0.0070999299999999765,-7.408568978696314e-05
2020-01,DUST.ST,JTKY01-R,Technology,SE,0.0017212946399188618,-0.03909904052498392,-6.730096888162518e-05
2020-01,3990.T,WRR2XC-R,Business Services,JP,0.00015241254776633594,-0.3319575216070064,-5.059449161832236e-05
2020-01,4689.T,JQZ6DN-R,Consumer Non-Cyclicals,JP,0.00022141442788332897,-0.049926374027979836,-1.105441954169425e-05
2020-01,6594.T,D79WDP-R,Industrials,JP,0.00016815809370530042,-0.06434624472271311,-1.0820341849666184e-05
2020-01,6857.T,KL74SJ-R,Technology,JP,0.00019723974717032543,-0.047112877302042944,-9.292532007521514e-06
2020-01,3064.T,MR4TNK-R,Industrials,JP,0.00010529190553618594,-0.0859042534002542,-9.045022534176145e-06
2020-01,3844.T,FXRN3F-R,Technology,JP,7.52456810684008e-05,-0.08684201897801358,-6.534486863355619e-06
2020-01,4755.T,TTK7NN-R,Consumer Non-Cyclicals,JP,3.742270976104351e-05,-0.0845256040058665,-3.163177146088439e-06
2020-01,6481.T,LLWRYR-R,Industrials,JP,5.939606974462369e-05,-0.05124782552191132,-3.0439194189597507e-06
2020-01,6861.T,R4NT59-R,Industrials,JP,7.702676425160474e-05,-0.029134037245182154,-2.2441006185821176e-06
2020-01,6920.T,Q3WN7R-R,Technology,JP,0.00013352104901768357,-0.009029165227850133,-1.2055836129765417e-06
2020-01,4921.T,GFG621-R,Consumer Non-Cyclicals,JP,0.00011655074462266202,-0.006904573214523313,-8.047331494543793e-07
2020-01,6146.T,J4TH5K-R,Technology,JP,0.0001969595736844119,-0.002353090284252124,-4.6346365922722996e-07
2020-01,TOBII.ST,SJ6JSD-R,Technology,SE,0.0018435101425636504,0.0033488902483880256,6.173713139235828e-06
2020-01,2678.T,JZY038-R,Consumer Non-Cyclicals,JP,7.924812204960912e-05,0.08783886907031135,6.96106541678367e-06
2020-01,SCHA.OL,G4GNVN-R,Technology,NO,0.0011394771432110629,0.006747427801048866,7.688539754762066e-06
2020-01,4751.T,G37DWR-R,Business Services,JP,9.161562804033759e-05,0.15723152189791323,1.4404864626415413e-05
2020-01,FANUY,GB0DHY-R,Industrials,JP,0.008884128218175812,0.0021916600000000397,1.9470988450647553e-05
2020-01,6951.T,KGPLVQ-R,Healthcare,JP,0.00026616162732263454,0.07965966930140267,2.1202347213244248e-05
2020-01,NOD.OL,CSQ76Z-R,Technology,NO,0.0025267452178420343,0.011047348298147686,2.791383448218e-05
2020-01,AMS.SW,C5K9GL-R,Technology,AT,0.01589324606896849,0.0031888015260626013,5.068040731881516e-05
2020-01,ADE.OL,WY3QLM-R,Technology,NO,0.001605515187500571,0.0350183977253129,5.62225693899253e-05
2020-01,AF-B.ST,XJLJJN-R,Industrials,SE,0.001049082694160446,0.08723010463231584,9.15115931795675e-05
2020-01,LN,JV8XYP-R,Technology,JP,0.018620243715092598,0.00652933,0.00012157771589626555
2020-01,ALK-B.CO,SJKQMD-R,Healthcare,DK,0.0019205187578179943,0.08375948306465708,0.00016086165837081256
2020-01,FDP.L,G22X5F-R,Finance,GB,0.01808374311962622,0.009096383777078332,0.00016449666754221986
2020-01,CAP.PA,F86QBP-R,Technology,FR,0.01300654618684822,0.015732390119182815,0.00020462405871466587
2020-01,VITB.ST,JKHFMB-R,Technology,SE,0.0020178030005448583,0.110747857891208,0.00022346735995679506
2020-01,ORP.PA,K01WHX-R,Healthcare,FR,0.020477248335492446,0.012966615802112003,0.00026552061185076807
2020-01,IQE.L,WC6J51-R,Technology,GB,0.014552849324440328,0.037890622825615505,0.0005514165247903819
2020-01,SEDG,CQY5QT-R,Technology,IL,0.029353431280970742,0.029130300000000053,0.0008550742592440635
2020-01,STM,TZ751N-R,Technology,CH,0.02555961836222923,0.0349313,0.0008928306968965378
2020-01,SHOP,VC0Z7G-R,Finance,CA,0.01132886629705139,0.17045700000000008,0.0019310845623964899
2020-01,ZOO.L,DP2M95-R,Consumer Services,GB,0.01478378999560684,0.13073717355611492,0.001932790918472807
2020-01,GWPH,D2DFTS-R,Healthcare,GB,0.01986260643593228,0.10491600000000001,0.0020839052168322714
2020-01,BAS1V.HE,BFP734-R,Technology,FI,0.025480477311857416,0.09232332858388848,0.0023524424793369275
2020-01,UCB.BR,KNHDSG-R,Healthcare,BE,0.016935980250643502,0.15367700867676315,0.0026026707839276308
2020-01,ADYEN.AS,B8DGF3-R,Finance,NL,0.022699946448782118,0.11922592833255719,0.002706422188455383
2020-01,WDI.DE,X42QXQ-R,Finance,DE,0.012814744711578526,0.21991598428483972,0.002818167196605736
2020-01,FDEV.L,WD63JS-R,Technology,GB,0.03874064985304073,0.1533656318493346,0.005941484242965423
2020-01,LTG.L,JF74F9-R,Technology,GB,0.08258121794730622,0.08611798621553057,0.007111728188847843
2020-02,LTG.L,JF74F9-R,Technology,GB,0.09165381386627088,-0.12919893920000558,-0.01184157552515696
2020-02,ZOO.L,DP2M95-R,Consumer Services,GB,0.02928358580243103,-0.36842529271129576,-0.010788813670896997
2020-02,FDEV.L,WD63JS-R,Technology,GB,0.045658866393915774,-0.20776530884375222,-0.00948632847778753
2020-02,OCDO.L,LHPBFK-R,Industrials,GB,0.039122841523115647,-0.14365749089427693,-0.005620289249865225
2020-02,BB,L8N0YK-R,Technology,CA,0.029749840493107922,-0.15288100000000004,-0.004548185364426834
2020-02,TPE.DE,DKP314-R,Technology,DE,0.024869005746528193,-0.17688457742888142,-0.004398943572551063
2020-02,CAPC.L,J2R4L9-R,Finance,GB,0.02049843345924854,-0.1996168027298726,-0.004091831748106236
2020-02,FUTR.L,GM88J1-R,Technology,GB,0.030158569663657587,-0.11068041279787622,-0.0033379629397671286
2020-02,AM3D.DE,VJ2Q9P-R,Industrials,DE,0.011444988263023523,-0.28457520360946287,-0.0032569598652578318
2020-02,MDW.PA,H7LN62-R,Consumer Services,FR,0.025035911825363955,-0.128242671028436,-0.0032106722041170804
2020-02,CAP.PA,F86QBP-R,Technology,FR,0.026788425653139433,-0.11942125893970146,-0.0031991075165105055
2020-02,LBIRD.PA,NL6284-R,Healthcare,FR,0.020529447696798445,-0.14232482350150022,-0.0029218500200301188
2020-02,AMS.SW,C5K9GL-R,Technology,AT,0.016471180286862622,-0.16309925622151888,-0.002686437253877838
2020-02,UMI.BR,L1YNFY-R,Non-Energy Materials,BE,0.027753140379049007,-0.09403998137922542,-0.0026099048044607976
2020-02,GWPH,D2DFTS-R,Healthcare,GB,0.022537698833893498,-0.114429,-0.0025789663398635993
2020-02,ZAL.DE,PM6KP2-R,Consumer Cyclicals,DE,0.02614721043692891,-0.09243224487511381,-0.0024168453579073448
2020-02,SMDS.L,QCZ86Y-R,Non-Energy Materials,GB,0.02580225326328006,-0.09187838731294473,-0.0023706694188703374
2020-02,AML.L,N8P36V-R,Consumer Cyclicals,GB,0.006715665574846655,-0.33273237414817836,-0.0022345193507039185
2020-02,WDI.DE,X42QXQ-R,Finance,DE,0.01587992121494514,-0.13950799416379533,-0.002215375956176096
2020-02,FANUY,GB0DHY-R,Industrials,JP,0.018286885559501226,-0.11137200000000003,-0.002036647018532771
2020-02,IBAB.BR,V84K61-R,Healthcare,BE,0.01237489786253902,-0.14842413148689526,-0.0018367334674863906
2020-02,BCART.BR,VHJB07-R,Healthcare,BE,0.012296217010746605,-0.1351436536288806,-0.0016617556926458886
2020-02,SAX.DE,JCTTTN-R,Business Services,DE,0.021429548336234144,-0.0715388494973197,-0.0015330452332213923
2020-02,MTLS,CRHQ9D-R,Business Services,BE,0.015959570168794488,-0.09020899999999998,-0.0014396968653567817
2020-02,ASC.L,PP8053-R,Consumer Cyclicals,GB,0.03103034388209582,-0.03963971783392717,-0.0012300340757760064
2020-02,BOSS.DE,QVQPN7-R,Consumer Cyclicals,DE,0.015307671801793961,-0.07837422240911951,-0.001199726874359607
2020-02,TOM2.AS,BYRC4M-R,Technology,NL,0.016395186232577644,-0.07313551810562657,-0.0011990704395578018
2020-02,INRN.SW,TLX4L7-R,Industrials,CH,0.013773278399425722,-0.0863344964468522,-0.001189109055036726
2020-02,IQE.L,WC6J51-R,Technology,GB,0.01586305304522128,-0.07230119517993527,-0.0011469176943722105
2020-02,ADYEN.AS,B8DGF3-R,Finance,NL,0.0257583764297629,-0.04344852994476922,-0.001119163589637191
2020-02,BAS1V.HE,BFP734-R,Technology,FI,0.028272697568500295,-0.01613665239715556,-0.00045622669299279445
2020-02,NOD.OL,CSQ76Z-R,Technology,NO,0.002500951127232451,-0.17713201933264755,-0.00044299852341894523
2020-02,STM,TZ751N-R,Technology,CH,0.027165018286329695,-0.016158000000000006,-0.00043893236547051535
2020-02,IFX.DE,P59ZZH-R,Technology,DE,0.014002941074299759,-0.028971123967469148,-0.00040568094177270394
2020-02,DUST.ST,JTKY01-R,Technology,SE,0.0024242286045688777,-0.1574851226155728,-0.0003817799390387086
2020-02,FDP.L,G22X5F-R,Finance,GB,0.018647151332216855,-0.01706374743822514,-0.0003181902807753119
2020-02,VITB.ST,JKHFMB-R,Technology,SE,0.002225314182655587,-0.1339049444164906,-0.0002979805719377246
2020-02,ORP.PA,K01WHX-R,Healthcare,FR,0.021030165933305724,-0.012218856588116056,-0.0002569645815633465
2020-02,ASML,GL3H8G-R,Technology,NL,0.017246694579217285,-0.014074000000000031,-0.0002427299795079046
2020-02,ADE.OL,WY3QLM-R,Technology,NO,0.0016253207393351061,-0.13969328591009245,-0.00022704639473554181
2020-02,SCHA.OL,G4GNVN-R,Technology,NO,0.0011220258305576739,-0.1659061752263682,-0.00018615101405301276
2020-02,RAY.ST,B3MGHK-R,Healthcare,SE,0.0014800434945198594,-0.12153707608811903,-0.00017988015880718574
2020-02,AF-B.ST,XJLJJN-R,Industrials,SE,0.0011324751818974003,-0.11931576941561972,-0.0001351221476721822
2020-02,ALK-B.CO,SJKQMD-R,Healthcare,DK,0.0021135969496258516,-0.044394518725269116,-9.383211935783655e-05
2020-02,6951.T,KGPLVQ-R,Healthcare,JP,0.00029673847474026924,-0.21428554888165885,-6.358676693402486e-05
2020-02,TSM,N28HXY-R,Technology,TW,0.021045329786206445,-0.0018538799999999744,-3.9015515984051864e-05
2020-02,6857.T,KL74SJ-R,Technology,JP,0.00019407857627833683,-0.1686705936742262,-3.273534868031567e-05
2020-02,6146.T,J4TH5K-R,Technology,JP,0.00020290632206685413,-0.15929700483341536,-3.2322369367014195e-05
2020-02,3990.T,WRR2XC-R,Business Services,JP,0.00010513965168387183,-0.27533748738502695,-2.894888751917419e-05
2020-02,4689.T,JQZ6DN-R,Consumer Non-Cyclicals,JP,0.00021722253355195,-0.10914666631650027,-2.370911538601947e-05
2020-02,3064.T,MR4TNK-R,Industrials,JP,0.000187730522344147,-0.10820940671839352,-2.0314208445794265e-05
2020-02,6594.T,D79WDP-R,Industrials,JP,0.00016247053634193994,-0.09624306394273541,-1.5636662217967844e-05
2020-02,6920.T,Q3WN7R-R,Technology,JP,0.00013663196036666807,-0.11255316809733085,-1.5378360002617436e-05
2020-02,6481.T,LLWRYR-R,Industrials,JP,0.00011638098879348106,-0.1280745444714857,-1.4905442124866168e-05
2020-02,4751.T,G37DWR-R,Business Services,JP,0.00018246526185139594,-0.07910292904235894,-1.4433536660926416e-05
2020-02,2678.T,JZY038-R,Consumer Non-Cyclicals,JP,8.902154242208075e-05,-0.15924934756571496,-1.4176622550009976e-05
2020-02,4921.T,GFG621-R,Consumer Non-Cyclicals,JP,0.00011952198027593783,-0.08747541740353948,-1.0455235113535273e-05
2020-02,6861.T,R4NT59-R,Industrials,JP,7.722227293188206e-05,-0.08578259154043366,-6.6243266967395255e-06
2020-02,3844.T,FXRN3F-R,Technology,JP,0.00014190549876797658,-0.02148261167133858,-3.048500724060056e-06
2020-02,4755.T,TTK7NN-R,Consumer Non-Cyclicals,JP,3.537717417093699e-05,0.0473741972777042,1.6759652283016704e-06
2020-02,AMP.MI,WJWHT6-R,Healthcare,IT,0.015307673953366378,0.00021401987279801027,3.276146432332887e-06
2020-02,UCB.BR,KNHDSG-R,Healthcare,BE,0.019809368045878843,0.002868500129878049,5.682317481240553e-05
2020-02,TOBII.ST,SJ6JSD-R,Technology,SE,0.0018365141646531403,0.04563022149966489,8.380054812039483e-05
2020-02,BOOZT.ST,TY2YK8-R,Consumer Non-Cyclicals,SE,0.0019502992237617912,0.12571650975427473,0.00024518481138780364
2020-02,RKUNY,SSMH3Y-R,Consumer Non-Cyclicals,JP,0.007703745580805455,0.060015200000000046,0.0004623418317811559
2020-02,BZUN,GXXP1J-R,Business Services,CN,0.02349554615731094,0.053470600000000035,0.0012563209503591113
2020-02,SEDG,CQY5QT-R,Technology,IL,0.031022255802067245,0.2744740000000001,0.008514802639016609
2020-03,ASC.L,PP8053-R,Consumer Cyclicals,GB,0.029479764947312963,-0.6172705518932092,-0.018196990778709957
2020-03,SEDG,CQY5QT-R,Technology,IL,0.04036416442742808,-0.34348899999999993,-0.013864646475012841
2020-03,AMS.SW,C5K9GL-R,Technology,AT,0.014022238557268392,-0.5684914581248077,-0.007971522843595409
2020-03,TPE.DE,DKP314-R,Technology,DE,0.020714447693527715,-0.3835083352103772,-0.007944163349747251
2020-03,BAS1V.HE,BFP734-R,Technology,FI,0.02814854219795001,-0.2708799538524277,-0.007624875811593812
2020-03,IQE.L,WC6J51-R,Technology,GB,0.014557814017852487,-0.46687388551927245,-0.006796663195181722
2020-03,TOM2.AS,BYRC4M-R,Technology,NL,0.030755058440596773,-0.21788225671209038,-0.006700981538349448
2020-03,SMDS.L,QCZ86Y-R,Non-Energy Materials,GB,0.03863259190659367,-0.1586655848565467,-0.006129662789383977
2020-03,STM,TZ751N-R,Technology,CH,0.027285195275855562,-0.21821200000000007,-0.005953957031534996
2020-03,BOSS.DE,QVQPN7-R,Consumer Cyclicals,DE,0.014276362539737401,-0.41405839122121013,-0.005911247705694418
2020-03,SAX.DE,JCTTTN-R,Business Services,DE,0.02013402465769292,-0.2892703694069165,-0.005824176750378798
2020-03,BB,L8N0YK-R,Technology,CA,0.025741689703681254,-0.21477000000000002,-0.005528542697659624
2020-03,BCART.BR,VHJB07-R,Healthcare,BE,0.017935685181248228,-0.3027279208383089,-0.005429632683729744
2020-03,LTG.L,JF74F9-R,Technology,GB,0.0789534890196995,-0.06803672743543032,-0.005371737012509536
2020-03,CAP.PA,F86QBP-R,Technology,FR,0.02387092634620763,-0.22160146374105383,-0.005289832219174497
2020-03,MDW.PA,H7LN62-R,Consumer Services,FR,0.022085777072776782,-0.22424242169878328,-0.00495256813589893
2020-03,LBIRD.PA,NL6284-R,Healthcare,FR,0.017817785092310502,-0.2595839156754627,-0.004625210422925846
2020-03,FUTR.L,GM88J1-R,Technology,GB,0.02653212062027776,-0.1696656537632404,-0.004501589590764577
2020-03,AMP.MI,WJWHT6-R,Healthcare,IT,0.01549372640529502,-0.2710956036666744,-0.004200281112889747
2020-03,UMI.BR,L1YNFY-R,Non-Energy Materials,BE,0.02544339726340334,-0.1541893318075035,-0.003923100422957024
2020-03,IFX.DE,P59ZZH-R,Technology,DE,0.013564710769391218,-0.28325022901105923,-0.0038422074318988438
2020-03,ORP.PA,K01WHX-R,Healthcare,FR,0.021021187783266924,-0.17993190149422056,-0.0037823822895102967
2020-03,FDP.L,G22X5F-R,Finance,GB,0.0181318126456476,-0.2085008883091326,-0.003780499043272288
2020-03,CAPC.L,J2R4L9-R,Finance,GB,0.016230075575982855,-0.195748103361983,-0.0031770065114202876
2020-03,BZUN,GXXP1J-R,Business Services,CN,0.025269675741609883,-0.11916799999999994,-0.003011336718776165
2020-03,FANUY,GB0DHY-R,Industrials,JP,0.016590195375757434,-0.17815199999999998,-0.002955576486581938
2020-03,GWPH,D2DFTS-R,Healthcare,GB,0.020376265172794034,-0.14407199999999998,-0.0029356492759747815
2020-03,ZAL.DE,PM6KP2-R,Consumer Cyclicals,DE,0.024013654500827736,-0.11217372683548354,-0.0026937011202975304
2020-03,AM3D.DE,VJ2Q9P-R,Industrials,DE,0.015535822628764889,-0.17288466616911347,-0.0026859055088365768
2020-03,WDI.DE,X42QXQ-R,Finance,DE,0.027655341792466547,-0.08685252685558076,-0.0024019363157304656
2020-03,TSM,N28HXY-R,Technology,TW,0.02144576516280385,-0.10626999999999998,-0.0022790414638511644
2020-03,AML.L,N8P36V-R,Consumer Cyclicals,GB,0.0044329447583510645,-0.4368598231594638,-0.0019365754632089181
2020-03,ASML,GL3H8G-R,Technology,NL,0.025901756210565962,-0.05446119999999999,-0.0014106407253348747
2020-03,TOBII.ST,SJ6JSD-R,Technology,SE,0.0030318887834278304,-0.3898100813268063,-0.0011818608132418344
2020-03,IBAB.BR,V84K61-R,Healthcare,BE,0.01066396776940583,-0.10842442913476469,-0.001156234617709357
2020-03,UCB.BR,KNHDSG-R,Healthcare,BE,0.020103351579566817,-0.05171404461101092,-0.0010396256204165553
2020-03,RAY.ST,B3MGHK-R,Healthcare,SE,0.00263926967678878,-0.3293108190628439,-0.0008691400589910404
2020-03,INRN.SW,TLX4L7-R,Industrials,CH,0.012800974654681645,-0.06237896627712369,-0.0007985115662987015
2020-03,RKUNY,SSMH3Y-R,Consumer Non-Cyclicals,JP,0.008336921709834407,-0.09268989999999999,-0.0007727484395923802
2020-03,ADYEN.AS,B8DGF3-R,Finance,NL,0.024933353725244006,-0.03044535600088194,-0.0007591048304609697
2020-03,AF-B.ST,XJLJJN-R,Industrials,SE,0.002300655899707089,-0.32187619982016225,-0.0007405263780915542
2020-03,BOOZT.ST,TY2YK8-R,Consumer Non-Cyclicals,SE,0.002228361218729445,-0.26447854970526563,-0.0005893537433490218
2020-03,DUST.ST,JTKY01-R,Technology,SE,0.002073034799469718,-0.2800309329603361,-0.0005805138689547484
2020-03,NOD.OL,CSQ76Z-R,Technology,NO,0.002044666150670308,-0.16585598314557337,-0.00033912011462389896
2020-03,ADE.OL,WY3QLM-R,Technology,NO,0.0013892452887148202,-0.15849047286623574,-0.00022018214273560204
2020-03,ALK-B.CO,SJKQMD-R,Healthcare,DK,0.002043893085438221,-0.10286002298012942,-0.000210234889737103
2020-03,VITB.ST,JKHFMB-R,Technology,SE,0.001956195797036137,-0.0626501240483569,-0.0001225559093471884
2020-03,6594.T,D79WDP-R,Industrials,JP,0.0002797382983819189,-0.10457104977616327,-2.9252527524394857e-05
2020-03,6857.T,KL74SJ-R,Technology,JP,0.00016551267239696147,-0.09523977388583982,-1.576338949432769e-05
2020-03,4689.T,JQZ6DN-R,Consumer Non-Cyclicals,JP,0.000198513994945593,-0.0783010669702573,-1.5543857612768196e-05
2020-03,6951.T,KGPLVQ-R,Healthcare,JP,0.0002391767526291363,-0.05355689444590628,-1.280956409447329e-05
2020-03,6481.T,LLWRYR-R,Industrials,JP,0.0001040978819572202,-0.09208604015460575,-9.58596173792199e-06
2020-03,3990.T,WRR2XC-R,Business Services,JP,7.815970032352374e-05,-0.10085092292551223,-7.882477913208826e-06
2020-03,4755.T,TTK7NN-R,Consumer Non-Cyclicals,JP,3.801068472392912e-05,-0.07825691266793722,-2.9745988348890162e-06
2020-03,6146.T,J4TH5K-R,Technology,JP,0.00017499217596576015,0.007015713197715101,1.2276949184198667e-06
2020-03,6861.T,R4NT59-R,Industrials,JP,7.242231211068648e-05,0.030380637272971134,2.2002359947046705e-06
2020-03,2678.T,JZY038-R,Consumer Non-Cyclicals,JP,7.677902414846584e-05,0.06846468731345512,5.256651880556933e-06
2020-03,6920.T,Q3WN7R-R,Technology,JP,0.00012438707099940148,0.042864936365525796,5.331843883083484e-06
2020-03,4751.T,G37DWR-R,Business Services,JP,0.00017237393611975422,0.03858948034707366,6.651820620240985e-06
2020-03,3844.T,FXRN3F-R,Technology,JP,0.00014244525871718293,0.05931449481471596,8.44906855956122e-06
2020-03,3064.T,MR4TNK-R,Industrials,JP,0.0001717425012037799,0.21297451201310968,3.657677538578593e-05
2020-03,FDEV.L,WD63JS-R,Technology,GB,0.03578345016685393,0.046051648668684386,0.0016478868752373328
2020-03,ZOO.L,DP2M95-R,Consumer Services,GB,0.018295611878166283,0.14564661810179258,0.0026646939961579045
2020-03,MTLS,CRHQ9D-R,Business Services,BE,0.023058977438237642,0.12273299999999998,0.00283009747792722
2020-03,OCDO.L,LHPBFK-R,Industrials,GB,0.041863818628457845,0.10059816836977231,0.0042114234749872125
2020-04,WDI.DE,X42QXQ-R,Finance,DE,0.0264974436068705,-0.14816685696462972,-0.003926042936827524
2020-04,LTG.L,JF74F9-R,Technology,GB,0.07503095797034114,-0.031921589549923635,-0.002395107443866801
2020-04,AM3D.DE,VJ2Q9P-R,Industrials,DE,0.01348294013848279,-0.06389017194978164,-0.0008614273638362781
2020-04,IBAB.BR,V84K61-R,Healthcare,BE,0.009976103295951635,-0.052683922330911015,-0.0005255802512090614
2020-04,DSY.PA,VMHPTJ-R,Technology,FR,0.017091041064373303,-0.024481874238676093,-0.00041842071794603603
2020-04,ADE.OL,WY3QLM-R,Technology,NO,0.0011076393377851788,-0.06959029281391882,-7.708094584868572e-05
2020-04,TOM2.AS,BYRC4M-R,Technology,NL,0.025239034937575094,-0.002810337854448952,-7.093021529482693e-05
2020-04,2678.T,JZY038-R,Consumer Non-Cyclicals,JP,8.609922377928989e-05,-0.030968323947081045,-2.6663486535892728e-06
2020-04,3844.T,FXRN3F-R,Technology,JP,0.00015784856724657118,0.0055359023827508125,8.738342595340952e-07
2020-04,4755.T,TTK7NN-R,Consumer Non-Cyclicals,JP,3.677155619686331e-05,0.13200431002715018,4.85400390439152e-06
2020-04,6861.T,R4NT59-R,Industrials,JP,7.809468752164339e-05,0.12799948578269404,9.996079845130526e-06
2020-04,3990.T,WRR2XC-R,Business Services,JP,7.37583267109625e-05,0.18143936597788435,1.3382664034026689e-05
2020-04,6594.T,D79WDP-R,Industrials,JP,0.00013074706048720022,0.136084123389544,1.779259911216033e-05
2020-04,4751.T,G37DWR-R,Business Services,JP,0.00018789363036010497,0.09801518831195466,1.8416429562362492e-05
2020-04,6481.T,LLWRYR-R,Industrials,JP,9.919348714346597e-05,0.1943243204992049,1.9275706987100642e-05
2020-04,6544.T,KGQVSF-R,Business Services,JP,0.00015582165270382932,0.12727796886415832,1.9832663461199678e-05
2020-04,6146.T,J4TH5K-R,Technology,JP,0.00018199223748278118,0.1552185088611584,2.8248563726383114e-05
2020-04,6857.T,KL74SJ-R,Technology,JP,0.0001556961142461507,0.23051670356872656,3.5890555014482503e-05
2020-04,4689.T,JQZ6DN-R,Consumer Non-Cyclicals,JP,0.0001872660833036157,0.22011652360393597,4.1220359245716964e-05
2020-04,3064.T,MR4TNK-R,Industrials,JP,0.00021863817873316315,0.2260741050141477,4.942843057902312e-05
2020-04,6951.T,KGPLVQ-R,Healthcare,JP,0.00023650376519842342,0.2354842259488692,5.569290608174385e-05
2020-04,6920.T,Q3WN7R-R,Technology,JP,0.00013614439505944383,0.44394688025043694,6.044087945022309e-05
2020-04,VITB.ST,JKHFMB-R,Technology,SE,0.001884743735141782,0.053058193084022154,0.00010000109701305378
2020-04,TOBII.ST,SJ6JSD-R,Technology,SE,0.001901593674372729,0.08999135987680207,0.0001711270006899266
2020-04,DUST.ST,JTKY01-R,Technology,SE,0.0022764353444286564,0.07526991466833155,0.0001713470941231189
2020-04,CAPC.L,J2R4L9-R,Finance,GB,0.013310177313159923,0.016576041077712267,0.00022063004589457276
2020-04,AF-B.ST,XJLJJN-R,Industrials,SE,0.0016036109699443214,0.1941862161111363,0.00031139914636779686
2020-04,ALK-B.CO,SJKQMD-R,Healthcare,DK,0.0035031965734909493,0.11034387045635974,0.00038655626888844865
2020-04,FDP.L,G22X5F-R,Finance,GB,0.003658488336822295,0.14513123468564126,0.0005309609294060378
2020-04,NOD.OL,CSQ76Z-R,Technology,NO,0.0016159360472516348,0.33680289294495624,0.0005442519355283881
2020-04,RAY.ST,B3MGHK-R,Healthcare,SE,0.0018194616959395663,0.32493006876234953,0.0005911978139721044
2020-04,IQE.L,WC6J51-R,Technology,GB,0.0012833565970437537,0.5502933661893568,0.0007062226218085251
2020-04,BOSS.DE,QVQPN7-R,Consumer Cyclicals,DE,0.008777199361645765,0.08297115061323734,0.0007282543301975215
2020-04,UCB.BR,KNHDSG-R,Healthcare,BE,0.020002846710156823,0.042779881773984174,0.0008557194174036372
2020-04,BOOZT.ST,TY2YK8-R,Consumer Non-Cyclicals,SE,0.001684685132727398,0.538546560134447,0.0009072813831399846
2020-04,RKUNY,SSMH3Y-R,Consumer Non-Cyclicals,JP,0.00794548119576879,0.127699,0.001014630003218479
2020-04,AMS.SW,C5K9GL-R,Technology,AT,0.004297334822497717,0.2988042631275738,0.0012840619650488936
2020-04,ORP.PA,K01WHX-R,Healthcare,FR,0.027132027805072248,0.050815098323856445,0.0013787166606403533
2020-04,FUTR.L,GM88J1-R,Technology,GB,0.03851040354549785,0.04032722811218492,0.0015530178284715865
2020-04,INRN.SW,TLX4L7-R,Industrials,CH,0.012612717071002661,0.12989001799468847,0.00163826604731445
2020-04,CAP.PA,F86QBP-R,Technology,FR,0.019496445527621212,0.09803910455822784,0.0019114140615962495
2020-04,AMP.MI,WJWHT6-R,Healthcare,IT,0.01895966027413346,0.10147175253943952,0.0019238699555687124
2020-04,MDW.PA,H7LN62-R,Consumer Services,FR,0.017977253517977056,0.12777622967210944,0.002297065674386774
2020-04,BB,L8N0YK-R,Technology,CA,0.04320015447409835,0.05495929999999993,0.0023742502497883103
2020-04,IFX.DE,P59ZZH-R,Technology,DE,0.010201453552874386,0.2445690942508969,0.0024949602554690826
2020-04,GWPH,D2DFTS-R,Healthcare,GB,0.018319794321049843,0.14354200000000006,0.0026296599164321375
2020-04,MTLS,CRHQ9D-R,Business Services,BE,0.027194131138440894,0.101777,0.002767737084877099
2020-04,SAX.DE,JCTTTN-R,Business Services,DE,0.015014795062181008,0.2024967224846228,0.0030404467888699525
2020-04,FANUY,GB0DHY-R,Industrials,JP,0.014199566512975426,0.2282869999999999,0.00324157644054762
2020-04,BZUN,GXXP1J-R,Business Services,CN,0.023380383845158507,0.13958500000000007,0.003263550879026452
2020-04,ASML,GL3H8G-R,Technology,NL,0.03393603301837248,0.10712799999999989,0.0036354993451922033
2020-04,ADYEN.AS,B8DGF3-R,Finance,NL,0.025365128832026462,0.15323363854397476,0.0038867909830680955
2020-04,STM,TZ751N-R,Technology,CH,0.0223532034167429,0.19653699999999996,0.004393231539916398
2020-04,TSM,N28HXY-R,Technology,TW,0.03999100014173676,0.11173900000000003,0.004468554364837525
2020-04,LBIRD.PA,NL6284-R,Healthcare,FR,0.013842472286324119,0.32575550858389457,0.004509261599689979
2020-04,SMDS.L,QCZ86Y-R,Non-Energy Materials,GB,0.03314299372838545,0.14167254954463204,0.004695452421042117
2020-04,UMI.BR,L1YNFY-R,Non-Energy Materials,BE,0.02258042711394833,0.22017569778113666,0.004971661296009671
2020-04,ZAL.DE,PM6KP2-R,Consumer Cyclicals,DE,0.022370210395030805,0.25384444240122095,0.005678553584124591
2020-04,BAS1V.HE,BFP734-R,Technology,FI,0.021534715479410278,0.27307259608856604,0.005880540661991194
2020-04,ZOO.L,DP2M95-R,Consumer Services,GB,0.021373204087185165,0.37133690423292887,0.007936659439273921
2020-04,BCART.BR,VHJB07-R,Healthcare,BE,0.019683187453785233,0.427076311449033,0.008406223095322482
2020-04,SEDG,CQY5QT-R,Technology,IL,0.02783533439976347,0.36284800000000006,0.010099995416285376
2020-04,SHOP,VC0Z7G-R,Finance,CA,0.019625056131231527,0.5342829999999998,0.010485333864962771
2020-04,OCDO.L,LHPBFK-R,Industrials,GB,0.04698269232550736,0.32577621241332855,0.015305843554784546
2020-04,FDEV.L,WD63JS-R,Technology,GB,0.07789840918437027,0.2376941571623945,0.01851599671537022
2020-04,ASC.L,PP8053-R,Consumer Cyclicals,GB,0.019174968530151076,1.0195152658818536,0.01954917313929315
2020-05,ZOO.L,DP2M95-R,Consumer Services,GB,0.02404933504853705,-0.16905443034673961,-0.00406564663684831
2020-05,TSM,N28HXY-R,Technology,TW,0.026895664295018083,-0.05270090000000005,-0.00141742571444532
2020-05,STM,TZ751N-R,Technology,CH,0.021573565971002334,-0.028158000000000016,-0.000607468470611484
2020-05,CAPC.L,J2R4L9-R,Finance,GB,0.011035848897191483,-0.028660433259872775,-0.00031629221078399705
2020-05,IQE.L,WC6J51-R,Technology,GB,0.0016324756411120911,-0.09540115230648494,-0.00015574005727436125
2020-05,6146.T,J4TH5K-R,Technology,JP,0.00017119692240155442,-0.021391920619190596,-3.6622309742637845e-06
2020-05,6951.T,KGPLVQ-R,Healthcare,JP,0.0002379328034386908,-0.008056236696319607,-1.916842982320981e-06
2020-05,6857.T,KL74SJ-R,Technology,JP,0.00015600695241771223,-0.0001999303575946909,-3.119052578413114e-08
2020-05,4755.T,TTK7NN-R,Consumer Non-Cyclicals,JP,3.3895246557801173e-05,0.05527709513799217,1.8736307687012772e-06
2020-05,2678.T,JZY038-R,Consumer Non-Cyclicals,JP,6.793850770741541e-05,0.05804864025825007,3.943737993590108e-06
2020-05,BCART.BR,VHJB07-R,Healthcare,BE,0.022616528415449318,0.00022337496198998608,5.0519661751464316e-06
2020-05,6594.T,D79WDP-R,Industrials,JP,0.00012095423697513942,0.04334263406965966,5.242475232388366e-06
2020-05,6481.T,LLWRYR-R,Industrials,JP,9.646827081720091e-05,0.06372454360647994,6.147396530332436e-06
2020-05,4689.T,JQZ6DN-R,Consumer Non-Cyclicals,JP,0.00018605393829761172,0.04004181732552192,7.449937810006896e-06
2020-05,6861.T,R4NT59-R,Industrials,JP,7.173138063338151e-05,0.1329483001844789,9.53656512509392e-06
2020-05,3990.T,WRR2XC-R,Business Services,JP,7.095801962551045e-05,0.1432821701761786,1.016701904334701e-05
2020-05,3064.T,MR4TNK-R,Industrials,JP,0.00021828394749348585,0.11741481188183234,2.5629768631771408e-05
2020-05,6544.T,KGQVSF-R,Business Services,JP,0.00014303350470539657,0.19271716986620047,2.7565012222867895e-05
2020-05,4751.T,G37DWR-R,Business Services,JP,0.0001679961264406212,0.18455723553022074,3.100490067566647e-05
2020-05,6920.T,Q3WN7R-R,Technology,JP,0.00016007736556349533,0.21568264594129416,3.452590976004648e-05
2020-05,3844.T,FXRN3F-R,Technology,JP,0.00012924599652298203,0.3460960060042628,4.4731523188644917e-05
2020-05,FDP.L,G22X5F-R,Finance,GB,0.0034375120964559133,0.018490832405853697,6.356246006866108e-05
2020-05,ALK-B.CO,SJKQMD-R,Healthcare,DK,0.003132919700605378,0.04908832722481149,0.00015378978743237523
2020-05,NOD.OL,CSQ76Z-R,Technology,NO,0.0017903825073558506,0.11171516569611817,0.00020001287846869035
2020-05,IBAB.BR,V84K61-R,Healthcare,BE,0.0061353015240697825,0.03470368571512816,0.00021291757585886455
2020-05,DUST.ST,JTKY01-R,Technology,SE,0.002002769797764349,0.11758619328797804,0.00023549807655124343
2020-05,ADE.OL,WY3QLM-R,Technology,NO,0.0008541371778958263,0.28360372893940977,0.00024223648867704032
2020-05,VITB.ST,JKHFMB-R,Technology,SE,0.0016239155777865273,0.15437295268339124,0.0002506886426514615
2020-05,AF-B.ST,XJLJJN-R,Industrials,SE,0.0015668584704599709,0.1645431201211347,0.00025781578151771236
2020-05,RAY.ST,B3MGHK-R,Healthcare,SE,0.0019723977551127383,0.1405024741726102,0.0002771267646458418
2020-05,LBIRD.PA,NL6284-R,Healthcare,FR,0.014776131898093556,0.020497711311158184,0.0003028768859427175
2020-05,TOBII.ST,SJ6JSD-R,Technology,SE,0.0016958915540024808,0.19156014820163247,0.00032486523741861203
2020-05,BOOZT.ST,TY2YK8-R,Consumer Non-Cyclicals,SE,0.002120744519447814,0.1882848868354201,0.0003993041418510691
2020-05,RKUNY,SSMH3Y-R,Consumer Non-Cyclicals,JP,0.0072271867855927254,0.05755320000000008,0.00041594772650857585
2020-05,WDI.DE,X42QXQ-R,Finance,DE,0.009086818527807194,0.06542908420015192,0.0005945422145673974
2020-05,ORP.PA,K01WHX-R,Healthcare,FR,0.010202567262969357,0.059701327886977795,0.0006091068134554792
2020-05,LTG.L,JF74F9-R,Technology,GB,0.05959896091842071,0.010305663862036019,0.0006142068577518653
2020-05,UMI.BR,L1YNFY-R,Non-Energy Materials,BE,0.022183897814567685,0.029670993048166228,0.0006582182778372678
2020-05,FANUY,GB0DHY-R,Industrials,JP,0.014067956159581264,0.0696292999999999,0.0009795419398223302
2020-05,TOM2.AS,BYRC4M-R,Technology,NL,0.020264409460242588,0.07868072114322122,0.001594418349873401
2020-05,RYAAY,Q630MX-R,Industrials,IE,0.012316506585893202,0.13077000000000005,0.0016106295662372547
2020-05,CAP.PA,F86QBP-R,Technology,FR,0.01723680982260632,0.09411176559479051,0.0016221866056271084
2020-05,MDW.PA,H7LN62-R,Consumer Services,FR,0.01632411496251335,0.10385549046641374,0.0016953489658619472
2020-05,UCB.BR,KNHDSG-R,Healthcare,BE,0.016794531044704204,0.10790374729799423,0.0018121928338360816
2020-05,INRN.SW,TLX4L7-R,Industrials,CH,0.01152336684895677,0.16919129038623204,0.0019496533067689245
2020-05,SAX.DE,JCTTTN-R,Business Services,DE,0.014537400728780108,0.1470882659204633,0.0021382810641871457
2020-05,SMDS.L,QCZ86Y-R,Non-Energy Materials,GB,0.031047104531959465,0.07413284703141287,0.0023016102510360365
2020-05,AMS.SW,C5K9GL-R,Technology,AT,0.014667651096700774,0.1613677611271156,0.002366886018468286
2020-05,MTLS,CRHQ9D-R,Business Services,BE,0.012083559320950154,0.23264899999999988,0.002811227992459731
2020-05,BB,L8N0YK-R,Technology,CA,0.036110622743797414,0.08270280000000008,0.0029864496106557317
2020-05,ASML,GL3H8G-R,Technology,NL,0.02287491519372402,0.14242599999999994,0.003257982671381336
2020-05,AMP.MI,WJWHT6-R,Healthcare,IT,0.01681463279007734,0.21535199037700603,0.0036210646388016255
2020-05,IFX.DE,P59ZZH-R,Technology,DE,0.027260462925183953,0.13309226714759936,0.003628156814205811
2020-05,GWPH,D2DFTS-R,Healthcare,GB,0.016897746549363893,0.22578399999999998,0.003815240806901577
2020-05,AM3D.DE,VJ2Q9P-R,Industrials,DE,0.010162357348181005,0.44623045874485845,0.004534753381407993
2020-05,SHOP,VC0Z7G-R,Finance,CA,0.02400601295468236,0.1895070000000001,0.004549307497002992
2020-05,BAS1V.HE,BFP734-R,Technology,FI,0.022073731733478534,0.27319689004294934,0.006030474861228697
2020-05,SEDG,CQY5QT-R,Technology,IL,0.023537292009231037,0.27161900000000005,0.006393175718255327
2020-05,DSY.PA,VMHPTJ-R,Technology,FR,0.04027249688852964,0.16651725046251875,0.006706065451138297
2020-05,DIA.MI,KXDF6J-R,Healthcare,IT,0.031220861003726924,0.236304736957065,0.007377637347058779
2020-05,ADYEN.AS,B8DGF3-R,Finance,NL,0.023552550899529436,0.3370543347024315,0.007938489373986049
2020-05,ZAL.DE,PM6KP2-R,Consumer Cyclicals,DE,0.022583811228021215,0.3928753605919624,0.008872622979749644
2020-05,FUTR.L,GM88J1-R,Technology,GB,0.03287270253070009,0.3211279745208031,0.010556344380708599
2020-05,OCDO.L,LHPBFK-R,Industrials,GB,0.051108776511352316,0.34911234336539043,0.01784270473441623
2020-05,ASC.L,PP8053-R,Consumer Cyclicals,GB,0.07943441593587018,0.23641215191473686,0.018779261207489337
2020-05,FDEV.L,WD63JS-R,Technology,GB,0.07910961481534631,0.34221529556648256,0.027072520216184327
2020-06,FDEV.L,WD63JS-R,Technology,GB,0.09372589864418512,-0.10491003829579604,-0.00983278761606936
2020-06,OCDO.L,LHPBFK-R,Industrials,GB,0.06086281970639757,-0.07521558038180454,-0.0045778323078898234
2020-06,AM3D.DE,VJ2Q9P-R,Industrials,DE,0.013441900425271668,-0.31048879009454355,-0.004173559399613931
2020-06,LTG.L,JF74F9-R,Technology,GB,0.05314979027545476,-0.06256949877717877,-0.0033255557376473746
2020-06,FUTR.L,GM88J1-R,Technology,GB,0.038334413736668266,-0.07618182322347178,-0.00292038553066229
2020-06,DIA.MI,KXDF6J-R,Healthcare,IT,0.03530195989653047,-0.07718947453137459,-0.002724939734340846
2020-06,CAPC.L,J2R4L9-R,Finance,GB,0.018924139781330535,-0.10721399444602298,-0.0020289326174113345
2020-06,MTLS,CRHQ9D-R,Business Services,BE,0.013413880592379381,-0.10547200000000001,-0.0014147888138394383
2020-06,TOM2.AS,BYRC4M-R,Technology,NL,0.01999196119086267,-0.06271291255239653,-0.0012537541139134756
2020-06,SAX.DE,JCTTTN-R,Business Services,DE,0.015251477920673906,-0.06663350850215977,-0.0010162594836977267
2020-06,SMDS.L,QCZ86Y-R,Non-Energy Materials,GB,0.029436570347988047,-0.03300172847803928,-0.0009714577019490038
2020-06,RYAAY,Q630MX-R,Industrials,IE,0.01254244184470747,-0.07565829999999996,-0.0009489398278194306
2020-06,INRN.SW,TLX4L7-R,Industrials,CH,0.01206045931386988,-0.07712631071587295,-0.0009301787324176722
2020-06,BCART.BR,VHJB07-R,Healthcare,BE,0.020689575584469818,-0.04478679463419122,-0.0009266197727702264
2020-06,AMP.MI,WJWHT6-R,Healthcare,IT,0.018690372394148336,-0.03528112600777933,-0.0006594173835702676
2020-06,SEDG,CQY5QT-R,Technology,IL,0.026954651297986777,-0.021987300000000043,-0.0005926600044842259
2020-06,AMS.SW,C5K9GL-R,Technology,AT,0.015411958550193625,-0.014091325766305673,-0.00021717492862757847
2020-06,RKUNY,SSMH3Y-R,Consumer Non-Cyclicals,JP,0.006883218776841782,-0.03002539999999998,-0.0002066713970621851
2020-06,BAS1V.HE,BFP734-R,Technology,FI,0.025703950102537714,-0.00646241088041577,-0.00016610948681230377
2020-06,FDP.L,G22X5F-R,Finance,GB,0.0030903648755103955,-0.043919343413154066,-0.00013572679623949016
2020-06,ORP.PA,K01WHX-R,Healthcare,FR,0.009888294101268144,-0.010783796908109156,-0.00010663335535572941
2020-06,DUST.ST,JTKY01-R,Technology,SE,0.0020903915327033784,-0.03458903768247923,-7.230463149581266e-05
2020-06,ADE.OL,WY3QLM-R,Technology,NO,0.0010380959042779817,-0.05032677707363076,-5.2244021155647116e-05
2020-06,6951.T,KGPLVQ-R,Healthcare,JP,0.0002109718726853469,-0.07190331662684835,-1.5169577361053637e-05
2020-06,3844.T,FXRN3F-R,Technology,JP,0.00015551643522613252,-0.05691683746913789,-8.851503667545497e-06
2020-06,3990.T,WRR2XC-R,Business Services,JP,7.251667145953311e-05,-0.10581171270334,-7.673113206678612e-06
2020-06,GWPH,D2DFTS-R,Healthcare,GB,0.01865360646555533,-0.00024437899999996127,-4.558549694445223e-06
2020-06,4751.T,G37DWR-R,Business Services,JP,0.000177884684942977,-0.02530277109232537,-4.500975463942564e-06
2020-06,6481.T,LLWRYR-R,Industrials,JP,9.172691651257037e-05,-0.04542277793582539,-4.166491359488478e-06
2020-06,4755.T,TTK7NN-R,Consumer Non-Cyclicals,JP,9.592018025850624e-05,-0.028210102626555655,-2.705918129050179e-06
2020-06,6861.T,R4NT59-R,Industrials,JP,7.264443416467226e-05,0.015832783548007656,1.1501636020967482e-06
2020-06,6544.T,KGQVSF-R,Business Services,JP,0.0001524960048785221,0.04412311335788166,6.728598509879106e-06
2020-06,6920.T,Q3WN7R-R,Technology,JP,5.798451079551339e-05,0.15164005337458475,8.792774311930835e-06
2020-06,6594.T,D79WDP-R,Industrials,JP,0.00011280574265687258,0.08721613182929011,9.838480522662774e-06
2020-06,6146.T,J4TH5K-R,Technology,JP,0.00014975727541363928,0.08490649459236832,1.2715365295075977e-05
2020-06,FANUY,GB0DHY-R,Industrials,JP,0.013551408200129504,0.0009531970000000722,1.2917161642139822e-05
2020-06,6857.T,KL74SJ-R,Technology,JP,0.000139424884864255,0.15094271001130366,2.1045169964424644e-05
2020-06,ALK-B.CO,SJKQMD-R,Healthcare,DK,0.0030084987814718287,0.007415092804495815,2.2308297666826186e-05
2020-06,3064.T,MR4TNK-R,Industrials,JP,0.00021803160566048754,0.10616366135940547,2.314703354898743e-05
2020-06,4689.T,JQZ6DN-R,Consumer Non-Cyclicals,JP,0.0001729709383620382,0.1960439172901407,3.3909900333845445e-05
2020-06,VITB.ST,JKHFMB-R,Technology,SE,0.001750752851370524,0.04208212862427452,7.367540668068975e-05
2020-06,RAY.ST,B3MGHK-R,Healthcare,SE,0.0028012039233858165,0.06882114339754763,0.00019278205689710832
2020-06,NOD.OL,CSQ76Z-R,Technology,NO,0.0018845970689446206,0.1654311556650092,0.00031177107107839764
2020-06,TOBII.ST,SJ6JSD-R,Technology,SE,0.0026960770488855435,0.15093860360025468,0.00040694210495747954
2020-06,IQE.L,WC6J51-R,Technology,GB,0.0013035173295935856,0.3586777109449415,0.00046754261195569016
2020-06,DSY.PA,VMHPTJ-R,Technology,FR,0.03279008937525096,0.024173879128981834,0.0007926636571858281
2020-06,BOOZT.ST,TY2YK8-R,Consumer Non-Cyclicals,SE,0.0023535535150438817,0.35005768859279085,0.0008238795034556995
2020-06,ASR,DP1CY0-R,Industrials,MX,0.01575412938724335,0.08314850000000007,0.0013099322273552047
2020-06,LBIRD.PA,NL6284-R,Healthcare,FR,0.013791171461432694,0.09623172217522424,0.0013271481805474724
2020-06,ZAL.DE,PM6KP2-R,Consumer Cyclicals,DE,0.028769881871356796,0.04754313846548874,0.0013678104774456706
2020-06,UMI.BR,L1YNFY-R,Non-Energy Materials,BE,0.0208912667428347,0.06791856292123777,0.0014189048147775804
2020-06,BB,L8N0YK-R,Technology,CA,0.03525569613041822,0.04971600000000009,0.0017527721888198756
2020-06,ZOO.L,DP2M95-R,Consumer Services,GB,0.017639374796448157,0.10925197762503691,0.001927136580581194
2020-06,STM,TZ751N-R,Technology,CH,0.01888155277674338,0.10445499999999996,0.001972272595294729
2020-06,UCB.BR,KNHDSG-R,Healthcare,BE,0.01685504676352524,0.16293687566725712,0.002746308658874317
2020-06,ASML,GL3H8G-R,Technology,NL,0.023534651219866514,0.11690099999999992,0.0027512242622536134
2020-06,TSM,N28HXY-R,Technology,TW,0.022945075684188996,0.13460899999999998,0.003088613692772996
2020-06,ADYEN.AS,B8DGF3-R,Finance,NL,0.02880153000953189,0.11171249272838835,0.00321749071175629
2020-06,SHOP,VC0Z7G-R,Finance,CA,0.013243224787403262,0.2525710000000001,0.0033448545277792304
2020-06,IFX.DE,P59ZZH-R,Technology,DE,0.028250554447004174,0.12387202513829854,0.0034994533906301723
2020-06,MDW.PA,H7LN62-R,Consumer Services,FR,0.016480490168780233,0.37971172189529656,0.006257835299666049
2020-06,ASC.L,PP8053-R,Consumer Cyclicals,GB,0.06935381023945197,0.14151036106925918,0.009814282728513734
2020-07,SMDS.L,QCZ86Y-R,Non-Energy Materials,GB,0.03284392027086487,-0.1519548628686216,-0.004990793400827212
2020-07,ASR,DP1CY0-R,Industrials,MX,0.02332915118370137,-0.11096300000000003,-0.002588672602797056
2020-07,ZOO.L,DP2M95-R,Consumer Services,GB,0.017823544605596948,-0.0704553400047413,-0.0012557638952770055
2020-07,AGL.MI,HD34QG-R,Consumer Services,IT,0.01227723846340304,-0.09064513240122751,-0.0011128719060366115
2020-07,BB,L8N0YK-R,Technology,CA,0.03386456178594108,-0.02467330000000001,-0.0008355504923130603
2020-07,FANUY,GB0DHY-R,Industrials,JP,0.0123629888957591,-0.06195379999999995,-0.0007659341414500795
2020-07,ASML,GL3H8G-R,Technology,NL,0.01376301497751154,-0.03888270000000005,-0.0005351431824660885
2020-07,ACSO.L,SRS2M0-R,Consumer Services,GB,0.015010929520822674,-0.009201123802385025,-0.00013811742090996554
2020-07,MTLS,CRHQ9D-R,Business Services,BE,0.01093638363442907,-0.006648899999999958,-7.271492114695497e-05
2020-07,3990.T,WRR2XC-R,Business Services,JP,5.9018452030129754e-05,-0.20330185894004638,-1.1998561009489333e-05
2020-07,6481.T,LLWRYR-R,Industrials,JP,0.00015894170145501995,-0.05209096250301293,-8.279426210658519e-06
2020-07,6857.T,KL74SJ-R,Technology,JP,0.00014605453577631872,-0.04276374871078714,-6.245839466009164e-06
2020-07,6920.T,Q3WN7R-R,Technology,JP,6.061740440360555e-05,-0.06934258749303046,-4.203367668457428e-06
2020-07,6146.T,J4TH5K-R,Technology,JP,0.00014787723566238303,-0.008472219248338297,-1.2528483623699001e-06
2020-07,6861.T,R4NT59-R,Industrials,JP,6.716539890825377e-05,0.009281985028570805,6.234282271043974e-07
2020-07,6951.T,KGPLVQ-R,Healthcare,JP,0.00017821279444011473,0.004716119012178499,8.404727480724838e-07
2020-07,3844.T,FXRN3F-R,Technology,JP,0.0001331196353724979,0.0237159388157564,3.1570571276699614e-06
2020-07,4755.T,TTK7NN-R,Consumer Non-Cyclicals,JP,8.484046018216015e-05,0.046199979455541884,3.919627517414519e-06
2020-07,6544.T,KGQVSF-R,Business Services,JP,0.00014492095191571042,0.03813599715926386,5.526705010575346e-06
2020-07,3064.T,MR4TNK-R,Industrials,JP,0.0002190818165379207,0.07178270403562714,1.5726285196129125e-05
2020-07,4689.T,JQZ6DN-R,Consumer Non-Cyclicals,JP,0.00018829572524623305,0.08834150960377629,1.663432862019012e-05
2020-07,6594.T,D79WDP-R,Industrials,JP,0.00011162670849426322,0.19616028596151258,2.189672705917708e-05
2020-07,4751.T,G37DWR-R,Business Services,JP,0.0001578080982842478,0.15599813709880883,2.4617769351448385e-05
2020-07,UMI.BR,L1YNFY-R,Non-Energy Materials,BE,0.02786442907789554,0.005956253570729375,0.00016596760519155073
2020-07,ALK-B.CO,SJKQMD-R,Healthcare,DK,0.002789334673907563,0.06218257830626195,0.0001734480217826287
2020-07,BCART.BR,VHJB07-R,Healthcare,BE,0.018187504003923185,0.009878238912871318,0.0001796605097795569
2020-07,TOBII.ST,SJ6JSD-R,Technology,SE,0.0028590656238533206,0.0673707553479388,0.00019261741066832407
2020-07,DUST.ST,JTKY01-R,Technology,SE,0.0018594305005898094,0.12479761364264097,0.00023205248920794952
2020-07,RKUNY,SSMH3Y-R,Consumer Non-Cyclicals,JP,0.006085233219081069,0.038693499999999936,0.00023545897156251294
2020-07,TOM2.AS,BYRC4M-R,Technology,NL,0.0172444669343309,0.014340678163014431,0.0002472973503979836
2020-07,BOOZT.ST,TY2YK8-R,Consumer Non-Cyclicals,SE,0.002927635302854507,0.08916804112921928,0.00026105150509628505
2020-07,FDP.L,G22X5F-R,Finance,GB,0.0026914333281194344,0.12604914800075617,0.00033925287791029433
2020-07,STM,TZ751N-R,Technology,CH,0.0189821602976001,0.01933600000000002,0.0003670390515143959
2020-07,RAY.ST,B3MGHK-R,Healthcare,SE,0.002758608875130289,0.13727960037337006,0.000378700723964318
2020-07,SAX.DE,JCTTTN-R,Business Services,DE,0.01834060943868946,0.022972740424863636,0.0004213340598688169
2020-07,CAPC.L,J2R4L9-R,Finance,GB,0.023085209044218277,0.020356572119171412,0.00046993572279477753
2020-07,SHOP,VC0Z7G-R,Finance,CA,0.006573464631332366,0.07987389999999994,0.0005250482566165779
2020-07,ADE.OL,WY3QLM-R,Technology,NO,0.0009053520642005865,0.6180413892536187,0.0005595450475221619
2020-07,NOD.OL,CSQ76Z-R,Technology,NO,0.002017022954759841,0.29794461166269537,0.0006009611209706632
2020-07,VITB.ST,JKHFMB-R,Technology,SE,0.001678287313204841,0.36987183908605203,0.0006207512150498636
2020-07,GWPH,D2DFTS-R,Healthcare,GB,0.016997378414604043,0.040009699999999926,0.0006800600111547821
2020-07,ZAL.DE,PM6KP2-R,Consumer Cyclicals,DE,0.027735217224321547,0.029680702328307218,0.000823200726446027
2020-07,DIA.MI,KXDF6J-R,Healthcare,IT,0.02981387661421442,0.028317428456856142,0.0008442523180445532
2020-07,LBIRD.PA,NL6284-R,Healthcare,FR,0.015992158402248036,0.0853085041703423,0.0013642671117509513
2020-07,IQE.L,WC6J51-R,Technology,GB,0.01769380957828197,0.09584209000042176,0.001695811690052025
2020-07,AMS.SW,C5K9GL-R,Technology,AT,0.014041235203402716,0.12913714092466622,0.0018132449692182008
2020-07,DSY.PA,VMHPTJ-R,Technology,FR,0.030905654169019362,0.05901019645461281,0.0018237487240721558
2020-07,ORP.PA,K01WHX-R,Healthcare,FR,0.01800380303008826,0.10994285774959334,0.0019793895554886913
2020-07,IFX.DE,P59ZZH-R,Technology,DE,0.029219003467840753,0.06846840373813556,0.0020005785262621036
2020-07,UCB.BR,KNHDSG-R,Healthcare,BE,0.01803879584301574,0.11444456435398931,0.00206444213172449
2020-07,RYAAY,Q630MX-R,Industrials,IE,0.019755158740656694,0.13053999999999988,0.0025788384220053226
2020-07,AM3D.DE,VJ2Q9P-R,Industrials,DE,0.014215839988025957,0.21959441112390166,0.003121719010802173
2020-07,ASC.L,PP8053-R,Consumer Cyclicals,GB,0.07211566902388117,0.045341667856199086,0.003269844712108405
2020-07,INRN.SW,TLX4L7-R,Industrials,CH,0.022039932948867046,0.1771422889177483,0.0039042041701560066
2020-07,OCDO.L,LHPBFK-R,Industrials,GB,0.05127101894394561,0.07871188852612998,0.004035638727736946
2020-07,ADYEN.AS,B8DGF3-R,Finance,NL,0.029466573857220894,0.15457231700640928,0.00455471659535112
2020-07,AMP.MI,WJWHT6-R,Healthcare,IT,0.016593594071128804,0.2888601239932391,0.004793227640879744
2020-07,FUTR.L,GM88J1-R,Technology,GB,0.032259285773555156,0.15242556645892003,0.004917139907594324
2020-07,BAS1V.HE,BFP734-R,Technology,FI,0.023502049734942472,0.23769117244961402,0.005586229756467617
2020-07,SEDG,CQY5QT-R,Technology,IL,0.02402721822419684,0.26170899999999997,0.006288139254236331
2020-07,LTG.L,JF74F9-R,Technology,GB,0.045385569660973554,0.15127239999739484,0.006865584047864419
2020-07,FDEV.L,WD63JS-R,Technology,GB,0.07641974680172979,0.119718880029972,0.009148886499277125
2020-07,TSM,N28HXY-R,Technology,TW,0.023588848743409507,0.38964200000000004,0.009191206202079569
2020-08,GWPH,D2DFTS-R,Healthcare,GB,0.013803013765753044,-0.18553600000000003,-0.0025609559620427573
2020-08,DIA.MI,KXDF6J-R,Healthcare,IT,0.02520365748831335,-0.08381432498062824,-0.0021124275394259397
2020-08,ZOO.L,DP2M95-R,Consumer Services,GB,0.013741712721181734,-0.14736848902844957,-0.002025095440383576
2020-08,UCB.BR,KNHDSG-R,Healthcare,BE,0.016526615366225857,-0.08217289155887386,-0.0013580397723240959
2020-08,CAPC.L,J2R4L9-R,Finance,GB,0.019537218221164384,-0.05822745385145878,-0.0011376024723587287
2020-08,ORP.PA,K01WHX-R,Healthcare,FR,0.016427925698928474,-0.0661749640340974,-0.001087117392281416
2020-08,AML.L,N8P36V-R,Consumer Cyclicals,GB,0.10580104008420771,-0.009065707230564324,-0.0009591612540926277
2020-08,UMI.BR,L1YNFY-R,Non-Energy Materials,BE,0.023043431922811768,-0.028173034726692414,-0.0006492034077835485
2020-08,AMP.MI,WJWHT6-R,Healthcare,IT,0.017581826864775336,-0.0318429951592345,-0.0005598580277455401
2020-08,RKUNY,SSMH3Y-R,Consumer Non-Cyclicals,JP,0.004935364202774741,-0.03604689999999999,-0.00017790457988100077
2020-08,PCELL.ST,VBY93Y-R,Industrials,SE,0.0009082782398378432,-0.06353320277830932,-5.770582559074355e-05
2020-08,TOM2.AS,BYRC4M-R,Technology,NL,0.014379745640585164,-0.0020622671109504775,-2.965487649841229e-05
2020-08,3844.T,FXRN3F-R,Technology,JP,0.00010857727506549261,-0.20160205106034712,-2.1889401351746796e-05
2020-08,3064.T,MR4TNK-R,Industrials,JP,0.00018708133644819238,-0.07743096246656744,-1.448588794071526e-05
2020-08,6857.T,KL74SJ-R,Technology,JP,0.0001113913944620199,-0.11770686245782225,-1.3111531546925999e-05
2020-08,4751.T,G37DWR-R,Business Services,JP,0.00014534621813413657,-0.05808630596434117,-8.44262489729933e-06
2020-08,6920.T,Q3WN7R-R,Technology,JP,4.494739943614243e-05,-0.13745513399282738,-6.178250812124092e-06
2020-08,6146.T,J4TH5K-R,Technology,JP,0.0001168217156699149,-0.025413029268080867,-2.9687936794669687e-06
2020-08,4755.T,TTK7NN-R,Consumer Non-Cyclicals,JP,7.071885948614656e-05,-0.040966045409537966,-2.8970720090202146e-06
2020-08,6861.T,R4NT59-R,Industrials,JP,5.401016503860742e-05,-0.020186269149571667,-1.0902637282821152e-06
2020-08,6481.T,LLWRYR-R,Industrials,JP,0.0001200388862255331,0.00363455642839261,4.3628810558810043e-07
2020-08,6544.T,KGQVSF-R,Business Services,JP,0.00011986788648159115,0.0386223952221858,4.6295848861401155e-06
2020-08,6594.T,D79WDP-R,Industrials,JP,0.0001063836599355579,0.0554101618989169,5.894735820428583e-06
2020-08,3990.T,WRR2XC-R,Business Services,JP,3.746268423620348e-05,0.1849310095398482,6.928012015873666e-06
2020-08,6951.T,KGPLVQ-R,Healthcare,JP,0.00014265916047339602,0.056470035731613244,8.055967889374622e-06
2020-08,ADYEN.AS,B8DGF3-R,Finance,NL,0.027968468438419974,0.0010396013557358863,2.907605770643775e-05
2020-08,4689.T,JQZ6DN-R,Consumer Non-Cyclicals,JP,0.0001632764483537225,0.2554907336531167,4.171561957816778e-05
2020-08,AM3D.DE,VJ2Q9P-R,Industrials,DE,0.014252964669461942,0.005210143266938472,7.425998790650906e-05
2020-08,NOD.OL,CSQ76Z-R,Technology,NO,0.0021721158441118838,0.03813633940667227,8.283654706166123e-05
2020-08,TSM,N28HXY-R,Technology,TW,0.02559554389987286,0.004563330000000088,0.00011680091334460906
2020-08,DUST.ST,JTKY01-R,Technology,SE,0.0017400473815183933,0.07020946540806472,0.00012216779644110923
2020-08,ACSO.L,SRS2M0-R,Consumer Services,GB,0.018503746736284445,0.008585874128383297,0.00015887084038122148
2020-08,RAY.ST,B3MGHK-R,Healthcare,SE,0.0026101412727970352,0.06589032660116523,0.00017198306093977776
2020-08,ADE.OL,WY3QLM-R,Technology,NO,0.001215411281400206,0.1456348752772938,0.00017700627037733484
2020-08,SMDS.L,QCZ86Y-R,Non-Energy Materials,GB,0.023102019198583828,0.008446117165510358,0.00019512236091110872
2020-08,LBIRD.PA,NL6284-R,Healthcare,FR,0.014268501791970981,0.014187110626951105,0.0002024288134035424
2020-08,VITB.ST,JKHFMB-R,Technology,SE,0.0019127274539323194,0.12579935927018027,0.000240619888163169
2020-08,FANUY,GB0DHY-R,Industrials,JP,0.00905528749201992,0.04765320000000006,0.00043151342591472424
2020-08,ALK-B.CO,SJKQMD-R,Healthcare,DK,0.0024373055299728675,0.19027200637211594,0.00046375101332979087
2020-08,FDP.L,G22X5F-R,Finance,GB,0.0025137201513732704,0.20674527205799031,0.0005196997565733194
2020-08,ASML,GL3H8G-R,Technology,NL,0.010328673101073297,0.05784239999999996,0.0005974352409815216
2020-08,AGL.MI,HD34QG-R,Consumer Services,IT,0.00917806972435969,0.0686395135948592,0.0006299782416197526
2020-08,DSY.PA,VMHPTJ-R,Technology,FR,0.026906424032107946,0.02830247433555977,0.0007615183756304238
2020-08,AMS.SW,C5K9GL-R,Technology,AT,0.01289467612485203,0.06080066737339296,0.00078400491395476
2020-08,BOOZT.ST,TY2YK8-R,Consumer Non-Cyclicals,SE,0.002652884481708645,0.4026188154766799,0.0010681012076220004
2020-08,BAS1V.HE,BFP734-R,Technology,FI,0.0239131099797252,0.04689661928761346,0.0011214440147020027
2020-08,BCART.BR,VHJB07-R,Healthcare,BE,0.015099420872912198,0.07541646224850695,0.0011387449042363008
2020-08,TOBII.ST,SJ6JSD-R,Technology,SE,0.0025389042523370044,0.4729365635884506,0.0012007406523803672
2020-08,STM,TZ751N-R,Technology,CH,0.015108368119373975,0.08267709999999995,0.0012491160618422932
2020-08,RYAAY,Q630MX-R,Industrials,IE,0.017438971791331807,0.07866670000000009,0.0013718663622171634
2020-08,SAX.DE,JCTTTN-R,Business Services,DE,0.015423954813450356,0.12838483914621812,0.0019802019577233607
2020-08,ASR,DP1CY0-R,Industrials,MX,0.016194721431894456,0.13653199999999988,0.002211097706539412
2020-08,IFX.DE,P59ZZH-R,Technology,DE,0.025665214616334107,0.10031754232105117,0.002574671253452958
2020-08,BB,L8N0YK-R,Technology,CA,0.02563123295842256,0.10090599999999994,0.0025863451929025853
2020-08,INRN.SW,TLX4L7-R,Industrials,CH,0.021100741763373326,0.13168489071844092,0.0027786488731878587
2020-08,IQE.L,WC6J51-R,Technology,GB,0.016082234401113442,0.19952629444783554,0.0032088286364956708
2020-08,FUTR.L,GM88J1-R,Technology,GB,0.03854370898772348,0.09640039926019983,0.0037156289353854964
2020-08,ZAL.DE,PM6KP2-R,Consumer Cyclicals,DE,0.023477511804919925,0.1989430860310737,0.004670688650801733
2020-08,SEDG,CQY5QT-R,Technology,IL,0.02367103845474573,0.26299300000000003,0.006225317416328945
2020-08,MTLS,CRHQ9D-R,Business Services,BE,0.008482640325290607,0.8143689999999999,0.006907999319066585
2020-08,LTG.L,JF74F9-R,Technology,GB,0.04952945518888418,0.16364726299132948,0.008105359779112599
2020-08,OCDO.L,LHPBFK-R,Industrials,GB,0.04587259122810353,0.2383947360966432,0.01093578427989293
2020-08,FDEV.L,WD63JS-R,Technology,GB,0.07097257585148503,0.18893812122244813,0.013409425139697274
2020-08,ASC.L,PP8053-R,Consumer Cyclicals,GB,0.06252646124675142,0.48847580066122953,0.03054266322002024
2020-09,AML.L,N8P36V-R,Consumer Cyclicals,GB,0.09639647612520465,-0.12899691059479224,-0.012434847612376048
2020-09,LTG.L,JF74F9-R,Technology,GB,0.052992532615803715,-0.16977250349943696,-0.008996674928960563
2020-09,IQE.L,WC6J51-R,Technology,GB,0.017737217388484005,-0.20567149413181507,-0.0036480400020303164
2020-09,BB,L8N0YK-R,Technology,CA,0.02555213220634948,-0.12353400000000003,-0.0031565570999791777
2020-09,CAPC.L,J2R4L9-R,Finance,GB,0.01691752037044675,-0.16696154298139698,-0.0028245753044690044
2020-09,LBIRD.PA,NL6284-R,Healthcare,FR,0.013248717886041003,-0.14002300374474463,-0.0018551252741701846
2020-09,UMI.BR,L1YNFY-R,Non-Energy Materials,BE,0.020410017030061227,-0.09003753849403051,-0.001837667694007956
2020-09,MTLS,CRHQ9D-R,Business Services,BE,0.013932275610289636,-0.09222819999999998,-0.0012849487014409144
2020-09,INRN.SW,TLX4L7-R,Industrials,CH,0.021838734693764402,-0.05580780502282423,-0.0012187718477347908
2020-09,AGL.MI,HD34QG-R,Consumer Services,IT,0.008979677697843578,-0.11353446576382997,-0.0010195029101560493
2020-09,BCART.BR,VHJB07-R,Healthcare,BE,0.014866682588951819,-0.06368003434304459,-0.0009467108578315948
2020-09,TOM2.AS,BYRC4M-R,Technology,NL,0.013138081111748044,-0.06019837681233142,-0.0007908911573559829
2020-09,ORP.PA,K01WHX-R,Healthcare,FR,0.014045123718124266,-0.04992394524245236,-0.0007011879874271047
2020-09,GWPH,D2DFTS-R,Healthcare,GB,0.010176797482184018,-0.06349209999999994,-0.0006461462434185752
2020-09,UCB.BR,KNHDSG-R,Healthcare,BE,0.01388743800400863,-0.03973039996909322,-0.0005517534664452485
2020-09,PUB.PA,LZ645K-R,Business Services,FR,0.010246033077180276,-0.03625209217538572,-0.00037144013554599035
2020-09,RAY.ST,B3MGHK-R,Healthcare,SE,0.0025532501601803737,-0.131261471175523,-0.00033514337230441564
2020-09,BOOZT.ST,TY2YK8-R,Consumer Non-Cyclicals,SE,0.0034148716680149297,-0.0746237651929732,-0.00025483058151808287
2020-09,ASML,GL3H8G-R,Technology,NL,0.009890789823074328,-0.013121999999999967,-0.000129786944058381
2020-09,ADE.OL,WY3QLM-R,Technology,NO,0.0013187006820490055,-0.08293143491012445,-0.00010936173977928381
2020-09,VITB.ST,JKHFMB-R,Technology,SE,0.001976199397500267,-0.04915446969666848,-9.713903339900138e-05
2020-09,TOBII.ST,SJ6JSD-R,Technology,SE,0.003431996967046104,-0.023354409121023267,-8.015226127050572e-05
2020-09,DSY.PA,VMHPTJ-R,Technology,FR,0.025331111657835234,-0.002924376445608723,-7.407770627325788e-05
2020-09,DUST.ST,JTKY01-R,Technology,SE,0.0017090176884817063,-0.04073616208875763,-6.961882157054468e-05
2020-09,ALK-B.CO,SJKQMD-R,Healthcare,DK,0.00265738397168182,-0.020912680748435664,-5.5573022625791904e-05
2020-09,PCELL.ST,VBY93Y-R,Industrials,SE,0.0007805987648533759,-0.05119642994388196,-3.9963869979096646e-05
2020-09,FDP.L,G22X5F-R,Finance,GB,0.0027890834168563714,-0.0020632585136811654,-5.7546001051958634e-06
2020-09,NOD.OL,CSQ76Z-R,Technology,NO,0.0021355707366310503,-0.002546486909007717,-5.4382029240909365e-06
2020-09,4689.T,JQZ6DN-R,Consumer Non-Cyclicals,JP,0.00018501639610537908,-0.009721084438586769,-1.7985600090634063e-06
2020-09,3990.T,WRR2XC-R,Business Services,JP,4.006503008871862e-05,-0.0177944662093662,-7.129358240909436e-07
2020-09,6544.T,KGQVSF-R,Business Services,JP,0.00011236576981955321,-0.0053030446822839306,-5.958806981123218e-07
2020-09,6857.T,KL74SJ-R,Technology,JP,8.870290694707279e-05,0.010205009564300926,9.052140137761729e-07
2020-09,6920.T,Q3WN7R-R,Technology,JP,3.499128542299449e-05,0.0749360876876497,2.6221100327610936e-06
2020-09,6146.T,J4TH5K-R,Technology,JP,0.00010275847496661008,0.03092738026489772,3.1780504307333227e-06
2020-09,6861.T,R4NT59-R,Industrials,JP,4.7763105970690004e-05,0.12225424990859302,5.839242693751347e-06
2020-09,6481.T,LLWRYR-R,Industrials,JP,0.00010873543126805951,0.056231151043750316,6.114318459441585e-06
2020-09,6594.T,D79WDP-R,Industrials,JP,0.00010133738401146433,0.10234458582314288,1.0371332595054097e-05
2020-09,4755.T,TTK7NN-R,Consumer Non-Cyclicals,JP,6.121286940497994e-05,0.21180878590527175,1.2965423550446755e-05
2020-09,3844.T,FXRN3F-R,Technology,JP,7.824052249912053e-05,0.1786802794313933,1.3980038423001072e-05
2020-09,4751.T,G37DWR-R,Business Services,JP,0.0001235629837523671,0.14974464793648123,1.8502895499979363e-05
2020-09,6951.T,KGPLVQ-R,Healthcare,JP,0.00013602861413877882,0.16481422813720714,2.2419451043856812e-05
2020-09,3064.T,MR4TNK-R,Industrials,JP,0.00015577683997952639,0.24430206882349914,3.805660428178547e-05
2020-09,SAX.DE,JCTTTN-R,Business Services,DE,0.01593420278540063,0.0025807192798974476,4.112170433807902e-05
2020-09,RYAAY,Q630MX-R,Industrials,IE,0.01702839124640382,0.010630700000000104,0.00018102371882314688
2020-09,STM,TZ751N-R,Technology,CH,0.014807509564024364,0.015725599999999895,0.00023285697240001997
2020-09,ASR,DP1CY0-R,Industrials,MX,0.016661752414554094,0.022651200000000093,0.00037740868629254924
2020-09,FNAC.PA,X9KJT3-R,Consumer Cyclicals,FR,0.011491465576278313,0.03367012103813383,0.00038691903685883906
2020-09,BAS1V.HE,BFP734-R,Technology,FI,0.02292013363338283,0.023005937715474545,0.0005272991667999587
2020-09,TSM,N28HXY-R,Technology,TW,0.023275936521301107,0.027301800000000043,0.0006354749637172596
2020-09,IFX.DE,P59ZZH-R,Technology,DE,0.02585474909817168,0.025842081220855073,0.000668140526139782
2020-09,ASC.L,PP8053-R,Consumer Cyclicals,GB,0.08557256689103623,0.010610146755453354,0.0009079374929547432
2020-09,RKUNY,SSMH3Y-R,Consumer Non-Cyclicals,JP,0.0043066601370012015,0.21925400000000006,0.0009442524616780617
2020-09,AMP.MI,WJWHT6-R,Healthcare,IT,0.015584295346938113,0.07802182125365253,0.0012159151059229344
2020-09,DIA.MI,KXDF6J-R,Healthcare,IT,0.010570473507971533,0.11787915962429496,0.0012460385339505575
2020-09,ZOO.L,DP2M95-R,Consumer Services,GB,0.010772889617298451,0.13166399770086867,0.0014184017138036953
2020-09,ADYEN.AS,B8DGF3-R,Finance,NL,0.015774076497391824,0.09642803496988561,0.0015210632001081495
2020-09,ACSO.L,SRS2M0-R,Consumer Services,GB,0.01715941218678448,0.09175953282791105,0.0015745396458609073
2020-09,ZAL.DE,PM6KP2-R,Consumer Cyclicals,DE,0.025770814239747256,0.07627591862194905,0.0019656925297723274
2020-09,SMDS.L,QCZ86Y-R,Non-Energy Materials,GB,0.021420598299087466,0.09736989405377305,0.002085721386950578
2020-09,SEDG,CQY5QT-R,Technology,IL,0.02706347719077676,0.07777539999999994,0.0021048727639035375
2020-09,OCDO.L,LHPBFK-R,Industrials,GB,0.05223254870523956,0.058607731093869964,0.003061231168864146
2020-09,AM3D.DE,VJ2Q9P-R,Industrials,DE,0.013117149772163156,0.23545098765711647,0.0030884458691021353
2020-09,AMS.SW,C5K9GL-R,Technology,AT,0.012509744218314064,0.28599069768887797,0.0035776704769050465
2020-09,FUTR.L,GM88J1-R,Technology,GB,0.03885542619675043,0.2589249850746562,0.01006064064806301
2020-09,FDEV.L,WD63JS-R,Technology,GB,0.0775851361989172,0.15428365634517882,0.011970118490807634
2020-10,ASC.L,PP8053-R,Consumer Cyclicals,GB,0.08343209780574085,-0.13972798274956022,-0.011657798722960178
2020-10,OCDO.L,LHPBFK-R,Industrials,GB,0.053344698284681816,-0.1663385406376886,-0.008873279263431783
2020-10,FDEV.L,WD63JS-R,Technology,GB,0.08639845719149275,-0.0355644736945524,-0.0030727156580367555
2020-10,BCART.BR,VHJB07-R,Healthcare,BE,0.013578129820842163,-0.17558332246694552,-0.0023840931468309787
2020-10,DSY.PA,VMHPTJ-R,Technology,FR,0.024636784576895703,-0.08757883209512018,-0.0021576608198235953
2020-10,UCB.BR,KNHDSG-R,Healthcare,BE,0.013008195956377118,-0.1315153836579409,-0.0017107778819006123
2020-10,ORP.PA,K01WHX-R,Healthcare,FR,0.013016241233907667,-0.12139528350713802,-0.0015801102947875212
2020-10,ADYEN.AS,B8DGF3-R,Finance,NL,0.01687042261472874,-0.08445796229136693,-0.0014248415170341837
2020-10,UMI.BR,L1YNFY-R,Non-Energy Materials,BE,0.01811625644945093,-0.07561931049774284,-0.0013699388215077661
2020-10,AGL.MI,HD34QG-R,Consumer Services,IT,0.007764687755351556,-0.17133437231026438,-0.0013303579027483545
2020-10,LTG.L,JF74F9-R,Technology,GB,0.04244511735823455,-0.030977881314030897,-0.0013148598078835025
2020-10,ACSO.L,SRS2M0-R,Consumer Services,GB,0.018073579439714486,-0.07093231330496752,-0.0012820007993600473
2020-10,TOM2.AS,BYRC4M-R,Technology,NL,0.012043980594512345,-0.10539906034002622,-0.0012694242374151116
2020-10,SAX.DE,JCTTTN-R,Business Services,DE,0.015583014125062074,-0.07055418793971047,-0.0010994469072467925
2020-10,LBIRD.PA,NL6284-R,Healthcare,FR,0.011113795709057482,-0.09423402876726428,-0.001047297744560821
2020-10,ZOO.L,DP2M95-R,Consumer Services,GB,0.011761435579481061,-0.08628886463133567,-0.0010148809225880163
2020-10,MTLS,CRHQ9D-R,Business Services,BE,0.012581866378972802,-0.07965310000000003,-0.0010021846608709588
2020-10,AMS.SW,C5K9GL-R,Technology,AT,0.015685370750050647,-0.05692010696060312,-0.0008928129808095985
2020-10,CAPC.L,J2R4L9-R,Finance,GB,0.013596161785853943,-0.06048609135473049,-0.0008223786838528572
2020-10,SMDS.L,QCZ86Y-R,Non-Energy Materials,GB,0.022677725682249794,-0.034479788920686705,-0.0007819231947252088
2020-10,GWPH,D2DFTS-R,Healthcare,GB,0.009481322847025601,-0.07539799999999997,-0.0007148727800200359
2020-10,BAS1V.HE,BFP734-R,Technology,FI,0.02287162958713831,-0.02638997142116306,-0.0006035816511600075
2020-10,FNAC.PA,X9KJT3-R,Consumer Cyclicals,FR,0.011586681759082298,-0.044765288402596304,-0.000518681150574421
2020-10,RKUNY,SSMH3Y-R,Consumer Non-Cyclicals,JP,0.0052237365269668014,-0.09490080000000001,-0.000495736775398371
2020-10,BB,L8N0YK-R,Technology,CA,0.022351962952155885,-0.019514800000000054,-0.0004361940866187329
2020-10,IFX.DE,P59ZZH-R,Technology,DE,0.025871554045057872,-0.014263057896967246,-0.0003690074732291776
2020-10,TOBII.ST,SJ6JSD-R,Technology,SE,0.002249376285991166,-0.13194164547009224,-0.0002967864084550792
2020-10,FDP.L,G22X5F-R,Finance,GB,0.002685217516757581,-0.10861465634130729,-0.0002916539777842832
2020-10,RAY.ST,B3MGHK-R,Healthcare,SE,0.002126484931752389,-0.13430218873278887,-0.000285591580641641
2020-10,RYAAY,Q630MX-R,Industrials,IE,0.017120337497088325,-0.014187999999999978,-0.00024290334840868877
2020-10,ASML,GL3H8G-R,Technology,NL,0.009710481599226592,-0.021826899999999982,-0.00021194971081815874
2020-10,WMH.L,RH0YNP-R,Consumer Services,GB,0.02251854114136821,-0.007933154264227915,-0.00017864306067983695
2020-10,VITB.ST,JKHFMB-R,Technology,SE,0.0017993799059409627,-0.06037635032982769,-0.00010863999157754395
2020-10,ADE.OL,WY3QLM-R,Technology,NO,0.0011158245330713285,-0.09114763294545469,-0.00010170476497191882
2020-10,ASR,DP1CY0-R,Industrials,MX,0.016950969028357174,-0.005860569999999954,-9.934234055851842e-05
2020-10,STM,TZ751N-R,Technology,CH,0.014945136013108151,-0.0048875800000000025,-7.304554787494718e-05
2020-10,ZAL.DE,PM6KP2-R,Consumer Cyclicals,DE,0.02705536983154825,-0.001910070784144402,-5.1677671469462165e-05
2020-10,6951.T,KGPLVQ-R,Healthcare,JP,0.00015787315043832087,-0.07464994776972644,-1.1785222434462818e-05
2020-10,3990.T,WRR2XC-R,Business Services,JP,3.933945214354328e-05,-0.18908336462205066,-7.438435973689307e-06
2020-10,4755.T,TTK7NN-R,Consumer Non-Cyclicals,JP,7.41545465269076e-05,-0.09383781527971069,-6.958500639142667e-06
2020-10,6861.T,R4NT59-R,Industrials,JP,5.3475984143286374e-05,-0.02507900772673588,-1.3411246195242844e-06
2020-10,6920.T,Q3WN7R-R,Technology,JP,3.760132321606794e-05,0.06108857810005941,2.2970113699503433e-06
2020-10,3844.T,FXRN3F-R,Technology,JP,9.19201761232546e-05,0.025213007168562562,2.3175840595311514e-06
2020-10,4751.T,G37DWR-R,Business Services,JP,0.00014127791650562664,0.023112440832862458,3.265277486226378e-06
2020-10,6481.T,LLWRYR-R,Industrials,JP,0.00011481288579236551,0.05674585806102317,6.515155720750037e-06
2020-10,4689.T,JQZ6DN-R,Consumer Non-Cyclicals,JP,0.00018315909813849338,0.04835187977328803,8.856086692576296e-06
2020-10,6594.T,D79WDP-R,Industrials,JP,0.00011133224140203391,0.08225119019506066,9.157209362401099e-06
2020-10,6146.T,J4TH5K-R,Technology,JP,0.00010542127552023311,0.1148201250939489,1.210448404279682e-05
2020-10,6544.T,KGQVSF-R,Business Services,JP,0.0001117340154135194,0.10877481948563017,1.2153847357010192e-05
2020-10,DUST.ST,JTKY01-R,Technology,SE,0.0015716803504258567,0.011129745161334803,1.7492401775317166e-05
2020-10,6857.T,KL74SJ-R,Technology,JP,8.891556069088628e-05,0.19725307881251908,1.7538868100618717e-05
2020-10,3064.T,MR4TNK-R,Industrials,JP,0.0001937712992106251,0.1229070780976882,2.3815864205170806e-05
2020-10,ALK-B.CO,SJKQMD-R,Healthcare,DK,0.0025381494559480475,0.010802134351101556,2.7417431426326127e-05
2020-10,NOD.OL,CSQ76Z-R,Technology,NO,0.0019654176797742153,0.03299295879214337,6.484494451814072e-05
2020-10,AMP.MI,WJWHT6-R,Healthcare,IT,0.016387645946383443,0.016091772231035417,0.0002637062659720532
2020-10,BOOZT.ST,TY2YK8-R,Consumer Non-Cyclicals,SE,0.0030295117378218643,0.15889297451326412,0.000481368131345364
2020-10,PUB.PA,LZ645K-R,Business Services,FR,0.009681136170370598,0.07466323186746404,0.0007228249146288728
2020-10,TSM,N28HXY-R,Technology,TW,0.023687237078840233,0.034538200000000074,0.0008181145316764015
2020-10,DIA.MI,KXDF6J-R,Healthcare,IT,0.01152633360054825,0.09065129927818893,0.0010448771168035443
2020-10,IQE.L,WC6J51-R,Technology,GB,0.013592612301417435,0.07997063654651337,0.0010870098580743205
2020-10,AM3D.DE,VJ2Q9P-R,Industrials,DE,0.01580764090401182,0.07581806707975858,0.0011985047784331038
2020-10,INRN.SW,TLX4L7-R,Industrials,CH,0.02010464776441052,0.06283852062375317,0.0012633463231772036
2020-10,FUTR.L,GM88J1-R,Technology,GB,0.04719177530597145,0.02681937398725398,0.0012656538710533055
2020-10,SEDG,CQY5QT-R,Technology,IL,0.029017376740993223,0.08114109999999997,0.002354501867878604
2020-10,AML.L,N8P36V-R,Consumer Cyclicals,GB,0.08100202094352255,0.07018083381960105,0.0056847893708891995
2020-11,FUTR.L,GM88J1-R,Technology,GB,0.05218836240906381,-0.12287851551803697,-0.006412828500143085
2020-11,FDEV.L,WD63JS-R,Technology,GB,0.08974130876274469,-0.02041891249674821,-0.0018324199309701472
2020-11,DIA.MI,KXDF6J-R,Healthcare,IT,0.013312508798437976,-0.03964427339233212,-0.0005277647383431018
2020-11,4689.T,JQZ6DN-R,Consumer Non-Cyclicals,JP,0.00020872521843256893,-0.08980893963038017,-1.8745390541548497e-05
2020-11,OCDO.L,LHPBFK-R,Industrials,GB,0.04789544872702792,-0.00032402367894202033,-1.551925950111049e-05
2020-11,3990.T,WRR2XC-R,Business Services,JP,3.467719690615343e-05,0.031218840659721803,1.0825818847390019e-06
2020-11,6861.T,R4NT59-R,Industrials,JP,5.6671883995613736e-05,0.13294568682274743,7.534282541335936e-06
2020-11,6920.T,Q3WN7R-R,Technology,JP,4.337048494292047e-05,0.2223322226162736,9.642656313305137e-06
2020-11,4755.T,TTK7NN-R,Consumer Non-Cyclicals,JP,7.304374543351084e-05,0.15694704101079138,1.1463999710135031e-05
2020-11,4751.T,G37DWR-R,Business Services,JP,0.00015712204264630843,0.09655339370240013,1.517066644295432e-05
2020-11,3844.T,FXRN3F-R,Technology,JP,0.00010243878989211177,0.2156791874684305,2.209391496917994e-05
2020-11,6481.T,LLWRYR-R,Industrials,JP,0.00013188654653877534,0.17847422555227999,2.3538349254272662e-05
2020-11,6857.T,KL74SJ-R,Technology,JP,0.00011571858998782202,0.20944002073081114,2.4236103885989678e-05
2020-11,3064.T,MR4TNK-R,Industrials,JP,0.00023652267734289835,0.10325655514555909,2.4422516876232263e-05
2020-11,6146.T,J4TH5K-R,Technology,JP,0.0001277534187300372,0.1916085203670237,2.447864353469124e-05
2020-11,6544.T,KGQVSF-R,Business Services,JP,0.0001346691783092575,0.2187189103066267,2.945469593168961e-05
2020-11,6594.T,D79WDP-R,Industrials,JP,0.00013097501789205787,0.2728894634370189,3.574170235621763e-05
2020-11,6951.T,KGPLVQ-R,Healthcare,JP,0.00015880120920799834,0.24277049124348427,3.8552247569485074e-05
2020-11,FDP.L,G22X5F-R,Finance,GB,0.0025778525786735156,0.023916977197983247,6.165444134389679e-05
2020-11,ADE.OL,WY3QLM-R,Technology,NO,0.0010689264762112132,0.07452747984070363,7.966439640702556e-05
2020-11,RAY.ST,B3MGHK-R,Healthcare,SE,0.0019932031466657098,0.051909658672914416,0.00010346649500919596
2020-11,ALK-B.CO,SJKQMD-R,Healthcare,DK,0.0027437831574756277,0.062009846612186115,0.00017014157273216338
2020-11,DUST.ST,JTKY01-R,Technology,SE,0.0017206571195607153,0.1065879138032928,0.00018340125274475958
2020-11,VITB.ST,JKHFMB-R,Technology,SE,0.001830626339801927,0.1513882517623264,0.0002771353212126802
2020-11,TOBII.ST,SJ6JSD-R,Technology,SE,0.0021141432174398944,0.2580341960102155,0.0005455212453625533
2020-11,BOOZT.ST,TY2YK8-R,Consumer Non-Cyclicals,SE,0.003801359884766388,0.1819095540733855,0.0006915036815103097
2020-11,RKUNY,SSMH3Y-R,Consumer Non-Cyclicals,JP,0.005091239225859056,0.1547019999999999,0.0007876248907188472
2020-11,NOD.OL,CSQ76Z-R,Technology,NO,0.002139984836441882,0.37214598722371495,0.0007963867696014444
2020-11,DSY.PA,VMHPTJ-R,Technology,FR,0.010454402180113303,0.08452296583295582,0.0008836370782736955
2020-11,UCB.BR,KNHDSG-R,Healthcare,BE,0.012084446873981324,0.08388568087855242,0.0010137120540646175
2020-11,ROSE.SW,NB7GLC-R,Consumer Non-Cyclicals,CH,0.015970389490976136,0.0815859345651262,0.001302959151990358
2020-11,INRN.SW,TLX4L7-R,Industrials,CH,0.023064867924280898,0.06368919056022349,0.0014689827684759124
2020-11,BAS1V.HE,BFP734-R,Technology,FI,0.02381933966881267,0.06375016199831585,0.0015184867625797187
2020-11,GVC.L,TY565Q-R,Consumer Services,GB,0.016943686795876732,0.10487280175667868,0.0017769319063712346
2020-11,AMP.MI,WJWHT6-R,Healthcare,IT,0.01781136167107298,0.10258067129421855,0.0018271014368827806
2020-11,SEDG,CQY5QT-R,Technology,IL,0.02364746640431904,0.07873810000000003,0.0018619565744899137
2020-11,ASML,GL3H8G-R,Technology,NL,0.010228278105028086,0.21512799999999999,0.002200389012178482
2020-11,ADYEN.AS,B8DGF3-R,Finance,NL,0.016521593046468587,0.13447997634982856,0.0022218234421505874
2020-11,MTLS,CRHQ9D-R,Business Services,BE,0.00792692156180681,0.282308,0.0022378333722705567
2020-11,ZAL.DE,PM6KP2-R,Consumer Cyclicals,DE,0.02888489621048255,0.08413313236317999,0.0024301767961732446
2020-11,TOM2.AS,BYRC4M-R,Technology,NL,0.011525158387624525,0.21604671013106325,0.002489972553385708
2020-11,ZOO.L,DP2M95-R,Consumer Services,GB,0.011574031985881087,0.2464882626518632,0.002852863036076923
2020-11,UMI.BR,L1YNFY-R,Non-Energy Materials,BE,0.017912947267597824,0.16561232531265313,0.002966604850189812
2020-11,FNAC.PA,X9KJT3-R,Consumer Cyclicals,FR,0.011839048376259655,0.2529850458748777,0.002995102196582945
2020-11,LBIRD.PA,NL6284-R,Healthcare,FR,0.010767777968447117,0.28297444369702385,0.0030470059804743924
2020-11,ORP.PA,K01WHX-R,Healthcare,FR,0.012232826834017082,0.2529409679385106,0.003094183060020467
2020-11,AMS.SW,C5K9GL-R,Technology,AT,0.01596726258876837,0.19512930188836108,0.0031156808020145173
2020-11,PUB.PA,LZ645K-R,Business Services,FR,0.01112874775763681,0.3102299843961296,0.0034524712432001297
2020-11,BCART.BR,VHJB07-R,Healthcare,BE,0.011973872913718101,0.3191224517910951,0.003821131681660704
2020-11,TSM,N28HXY-R,Technology,TW,0.026388025576648412,0.15678999999999998,0.004137378530162704
2020-11,SAX.DE,JCTTTN-R,Business Services,DE,0.015492559185842551,0.2720431154780132,0.004214644067644119
2020-11,IQE.L,WC6J51-R,Technology,GB,0.015809726294683784,0.27455327179854594,0.004340612080444935
2020-11,CAPC.L,J2R4L9-R,Finance,GB,0.013757335636174201,0.32759359268851673,0.004506815006876067
2020-11,STM,TZ751N-R,Technology,CH,0.016014671537515252,0.29829700000000003,0.004777128475626188
2020-11,SMDS.L,QCZ86Y-R,Non-Energy Materials,GB,0.023581632434257958,0.2090026145755115,0.004928622834718597
2020-11,GWPH,D2DFTS-R,Healthcare,GB,0.009439951441334301,0.5562719999999999,0.005251180668173913
2020-11,ASR,DP1CY0-R,Industrials,MX,0.018146290391477252,0.2960560000000001,0.005372318148139191
2020-11,LTG.L,JF74F9-R,Technology,GB,0.044121504342530454,0.12845048161148442,0.005667428482221238
2020-11,ASC.L,PP8053-R,Consumer Cyclicals,GB,0.07730050453600582,0.08425399428007863,0.006512876267023826
2020-11,IFX.DE,P59ZZH-R,Technology,DE,0.027279179931312722,0.2661100202293607,0.007259263123361999
2020-11,ACSO.L,SRS2M0-R,Consumer Services,GB,0.0180844249779392,0.4058133494745526,0.007338901073618769
2020-11,BB,L8N0YK-R,Technology,CA,0.02354481833773526,0.316233,0.007445648537397034
2020-11,AM3D.DE,VJ2Q9P-R,Industrials,DE,0.02546722146033308,0.6280493317629228,0.015994671420020555
2020-11,AML.L,N8P36V-R,Consumer Cyclicals,GB,0.0933610492226117,0.3777411238174182,0.03526630765412264
2020-12,GWPH,D2DFTS-R,Healthcare,GB,0.02157130980979386,-0.176114,-0.003799009655842036
2020-12,AMS.SW,C5K9GL-R,Technology,AT,0.014184054252271766,-0.14758791910983116,-0.002093395051633742
2020-12,STM,TZ751N-R,Technology,CH,0.015264535157737125,-0.06290790000000002,-0.0009602598512494115
2020-12,ZOO.L,DP2M95-R,Consumer Services,GB,0.019548351551850963,-0.03908953686021832,-0.0007641360085425842
2020-12,RKUNY,SSMH3Y-R,Consumer Non-Cyclicals,JP,0.004316032879026252,-0.13816000000000006,-0.0005963031025662673
2020-12,UCB.BR,KNHDSG-R,Healthcare,BE,0.009874961298517415,-0.03084294834144552,-0.00030457292120394643
2020-12,DIA.MI,KXDF6J-R,Healthcare,IT,0.009638672943407783,-0.010381171210983808,-0.00010006071407219345
2020-12,BCART.BR,VHJB07-R,Healthcare,BE,0.011908171506809756,-0.004672331898306403,-5.563892958177065e-05
2020-12,3064.T,MR4TNK-R,Industrials,JP,0.00019206266621093432,-0.16663850237473177,-3.200503505948809e-05
2020-12,4755.T,TTK7NN-R,Consumer Non-Cyclicals,JP,6.219999062105394e-05,-0.1378910749307829,-8.576823567421742e-06
2020-12,3844.T,FXRN3F-R,Technology,JP,9.1659431223023e-05,-0.08481633130632493,-7.774216685961223e-06
2020-12,4689.T,JQZ6DN-R,Consumer Non-Cyclicals,JP,0.00013983033088147383,-0.04076268019673668,-5.69985905952539e-06
2020-12,3990.T,WRR2XC-R,Business Services,JP,2.6320159255695618e-05,-0.13214905840355085,-3.4781842626716796e-06
2020-12,6594.T,D79WDP-R,Industrials,JP,0.00012270797945871824,-0.015335408028992914,-1.8817769334127253e-06
2020-12,4751.T,G37DWR-R,Business Services,JP,0.0001268120830233019,0.0036725641961086186,4.6572551574533215e-07
2020-12,6920.T,Q3WN7R-R,Technology,JP,3.901910161513133e-05,0.11300345562050951,4.409293317717644e-06
2020-12,6861.T,R4NT59-R,Industrials,JP,4.72574533124279e-05,0.09852709414307359,4.656139551475488e-06
2020-12,6481.T,LLWRYR-R,Industrials,JP,0.0001143969299635562,0.04452791512798582,5.093856788319369e-06
2020-12,6146.T,J4TH5K-R,Technology,JP,0.00011204689867682319,0.05485224050275428,6.146023433808846e-06
2020-12,6857.T,KL74SJ-R,Technology,JP,0.00010301042619259995,0.07466073400896733,7.690834030116066e-06
2020-12,6544.T,KGQVSF-R,Business Services,JP,0.00012079959591692364,0.08877838346780975,1.0724392849069113e-05
2020-12,ADE.OL,WY3QLM-R,Technology,NO,0.0009101128850214217,0.014253964118039919,1.2972716406461136e-05
2020-12,6951.T,KGPLVQ-R,Healthcare,JP,0.00014525748128894902,0.19910544259336738,2.8921555102033976e-05
2020-12,TOBII.ST,SJ6JSD-R,Technology,SE,0.002032873709869672,0.07169714375742475,0.00014575123861721524
2020-12,RAY.ST,B3MGHK-R,Healthcare,SE,0.0016025577210758777,0.13506283412876918,0.00021644598766344962
2020-12,DUST.ST,JTKY01-R,Technology,SE,0.0014553391912503948,0.15058731724495256,0.00021915562449183589
2020-12,FDP.L,G22X5F-R,Finance,GB,0.0020008438584662204,0.12044794381403223,0.00024099752864519078
2020-12,VITB.ST,JKHFMB-R,Technology,SE,0.0016110377734339747,0.16506412057859676,0.00026592453329077966
2020-12,NOD.OL,CSQ76Z-R,Technology,NO,0.002326702252722001,0.11824947232258354,0.000275131313636143
2020-12,ALK-B.CO,SJKQMD-R,Healthcare,DK,0.0021973750923374442,0.16353888907955927,0.0003593562814919596
2020-12,BOOZT.ST,TY2YK8-R,Consumer Non-Cyclicals,SE,0.002558369704838345,0.19645923514755315,0.0005026153554372125
2020-12,AMP.MI,WJWHT6-R,Healthcare,IT,0.014805825098651922,0.041819714067110825,0.0006191753721532763
2020-12,ORP.PA,K01WHX-R,Healthcare,FR,0.011555336795496874,0.05439520908823581,0.0006285549610760372
2020-12,ROSE.SW,NB7GLC-R,Consumer Non-Cyclicals,CH,0.01283901142805579,0.06326370588546637,0.000812243442844663
2020-12,DSY.PA,VMHPTJ-R,Technology,FR,0.008547972185790984,0.10098876562238313,0.0008632491596174957
2020-12,ASML,GL3H8G-R,Technology,NL,0.009099980545477898,0.11420300000000005,0.0010392450782352129
2020-12,PUB.PA,LZ645K-R,Business Services,FR,0.01099307035687015,0.09945511353793379,0.0010933170604730152
2020-12,UMI.BR,L1YNFY-R,Non-Energy Materials,BE,0.01574149872245551,0.07447221184633457,0.0011723042276375118
2020-12,INRN.SW,TLX4L7-R,Industrials,CH,0.018235629173081257,0.06933908821349144,0.0012644418998607992
2020-12,SAX.DE,JCTTTN-R,Business Services,DE,0.014471736206192411,0.10962969867030647,0.0015865320795210383
2020-12,IQE.L,WC6J51-R,Technology,GB,0.01527484755643564,0.10842687058974998,0.001656203919279806
2020-12,MTLS,CRHQ9D-R,Business Services,BE,0.0074625675259674135,0.2444900000000001,0.0018245231344237737
2020-12,FUTR.L,GM88J1-R,Technology,GB,0.03469955993434576,0.052693426562504087,0.0018284387131516572
2020-12,OCDO.L,LHPBFK-R,Industrials,GB,0.03629475510483935,0.05946933837159851,0.002158425072443994
2020-12,BAS1V.HE,BFP734-R,Technology,FI,0.019102691792173977,0.12083808880527314,0.0023083327672024814
2020-12,LBIRD.PA,NL6284-R,Healthcare,FR,0.01041524552829608,0.22872070608009687,0.002382182311229451
2020-12,IFX.DE,P59ZZH-R,Technology,DE,0.026039198745260908,0.09251972243426332,0.002409139440322157
2020-12,ZAL.DE,PM6KP2-R,Consumer Cyclicals,DE,0.02360905262072319,0.10328087015457177,0.002438363498193364
2020-12,GVC.L,TY565Q-R,Consumer Services,GB,0.021286370581832463,0.11916993286533928,0.002536695353183708
2020-12,BB,L8N0YK-R,Technology,CA,0.02259844170893239,0.12223300000000004,0.0027622753254079335
2020-12,SEDG,CQY5QT-R,Technology,IL,0.01872802546156013,0.14799600000000002,0.002771672856209053
2020-12,CAPC.L,J2R4L9-R,Finance,GB,0.027689724199327522,0.10058847159835027,0.0027852670361902085
2020-12,TOM2.AS,BYRC4M-R,Technology,NL,0.010566298285810969,0.26684470570867136,0.0028195607565072666
2020-12,TSM,N28HXY-R,Technology,TW,0.02241057050699101,0.12752699999999995,0.0028579528250450414
2020-12,ADYEN.AS,B8DGF3-R,Finance,NL,0.014131030261821654,0.22176291689547156,0.0031337384895997493
2020-12,AM3D.DE,VJ2Q9P-R,Industrials,DE,0.03125895020537561,0.10480959055147143,0.003276237772094252
2020-12,SMDS.L,QCZ86Y-R,Non-Energy Materials,GB,0.02161187405710633,0.15359709404210675,0.0033195210519755282
2020-12,ASC.L,PP8053-R,Consumer Cyclicals,GB,0.06353364676431547,0.0548278070876973,0.0034834105283717922
2020-12,FNAC.PA,X9KJT3-R,Consumer Cyclicals,FR,0.022367517139457727,0.20110531067189275,0.004498226483289532
2020-12,ACSO.L,SRS2M0-R,Consumer Services,GB,0.019271836171249848,0.2950514354784828,0.0056861829266334155
2020-12,LTG.L,JF74F9-R,Technology,GB,0.037741866069866147,0.3513319704326454,0.013259924174131077
2020-12,FDEV.L,WD63JS-R,Technology,GB,0.059137269986667344,0.2697652220520228,0.01595317876950374
2020-12,AML.L,N8P36V-R,Consumer Cyclicals,GB,0.19403391716349946,0.4165647164802122,0.08082768369075813
2021-01,LTG.L,JF74F9-R,Technology,GB,0.045524641515843796,-0.09045105415744248,-0.004117751815247741
2021-01,ASC.L,PP8053-R,Consumer Cyclicals,GB,0.05981985655020433,-0.058129374705859105,-0.0034772908562575675
2021-01,FNAC.PA,X9KJT3-R,Consumer Cyclicals,FR,0.023956408047940147,-0.13204530795168512,-0.0031633312781064846
2021-01,ACSO.L,SRS2M0-R,Consumer Services,GB,0.022277665901942613,-0.10966986439400517,-0.0024431885984809994
2021-01,SEDG,CQY5QT-R,Technology,IL,0.018742928042022263,-0.09648409999999996,-0.0018083945434992795
2021-01,ADYEN.AS,B8DGF3-R,Finance,NL,0.015395135887422029,-0.11057423521578658,-0.0017023053767948005
2021-01,BAS1V.HE,BFP734-R,Technology,FI,0.019193818656190346,-0.08148767508724886,-0.0015640596583392143
2021-01,SAX.DE,JCTTTN-R,Business Services,DE,0.014395363992142758,-0.09430467290228894,-0.0013575500925884112
2021-01,CAPC.L,J2R4L9-R,Finance,GB,0.027202247358881267,-0.027799889612286077,-0.0007562194737829997
2021-01,AMP.MI,WJWHT6-R,Healthcare,IT,0.01382767313965136,-0.05254429026027674,-0.0007265652710740732
2021-01,SMDS.L,QCZ86Y-R,Non-Energy Materials,GB,0.022253891200698782,-0.02157107268094771,-0.00048004030452417616
2021-01,BCART.BR,VHJB07-R,Healthcare,BE,0.010569007375095238,-0.04534965745331332,-0.0004793008640821112
2021-01,BOOZT.ST,TY2YK8-R,Consumer Non-Cyclicals,SE,0.0027872583977499314,-0.12469759655066481,-0.00034756442316507337
2021-01,VITB.ST,JKHFMB-R,Technology,SE,0.0017017786059946843,-0.13800973283211915,-0.00023486201075274254
2021-01,DSY.PA,VMHPTJ-R,Technology,FR,0.008392066277389075,-0.02292569544093115,-0.00019239395559553075
2021-01,TOBII.ST,SJ6JSD-R,Technology,SE,0.0019838036678691477,-0.07058784532141316,-0.0001400324264555995
2021-01,ALK-B.CO,SJKQMD-R,Healthcare,DK,0.0022933401615518826,-0.050292942514461036,-0.00011533882491103362
2021-01,NOD.OL,CSQ76Z-R,Technology,NO,0.002353008860178134,-0.04738175202570416,-0.00011148968232724515
2021-01,FDP.L,G22X5F-R,Finance,GB,0.0020010823392112125,-0.05286438311669284,-0.00010578598342810943
2021-01,ADE.OL,WY3QLM-R,Technology,NO,0.0008348063204308947,-0.11945718289272012,-9.97236112997121e-05
2021-01,UCB.BR,KNHDSG-R,Healthcare,BE,0.008533996679038208,-0.002492352955121513,-2.1269731841998053e-05
2021-01,6951.T,KGPLVQ-R,Healthcare,JP,0.0001533600040556441,-0.13214853716082076,-2.0266300194930907e-05
2021-01,4751.T,G37DWR-R,Business Services,JP,0.0001120646998530507,-0.08631594814227539,-9.67297082109558e-06
2021-01,6544.T,KGQVSF-R,Business Services,JP,5.790166147384405e-05,-0.06849553636719385,-3.966005359202633e-06
2021-01,6146.T,J4TH5K-R,Technology,JP,0.0001040657073204385,-0.03113650736712048,-3.2402426626474367e-06
2021-01,3844.T,FXRN3F-R,Technology,JP,0.00016574229114696157,-0.016634693187287164,-2.757072161387727e-06
2021-01,3064.T,MR4TNK-R,Industrials,JP,0.00014067193382674746,-0.011218593594631399,-1.5781412557731611e-06
2021-01,6481.T,LLWRYR-R,Industrials,JP,0.00010497200474626093,-0.0141879041580667,-1.4893327426200729e-06
2021-01,4755.T,TTK7NN-R,Consumer Non-Cyclicals,JP,4.700095184388459e-05,0.023597685140730018,1.1091136629266025e-06
2021-01,3990.T,WRR2XC-R,Business Services,JP,2.011175213268828e-05,0.09106886533519121,1.8315544466265334e-06
2021-01,4689.T,JQZ6DN-R,Consumer Non-Cyclicals,JP,0.00011809821637996381,0.029954165289947543,3.5375334938934265e-06
2021-01,6920.T,Q3WN7R-R,Technology,JP,3.817450273350289e-05,0.14718221014869592,5.6186076836443895e-06
2021-01,6594.T,D79WDP-R,Industrials,JP,0.00010638423048526502,0.055055567829235486,5.85704421744253e-06
2021-01,6857.T,KL74SJ-R,Technology,JP,9.746948980546774e-05,0.06041367539240561,5.888490117770915e-06
2021-01,ASML,GL3H8G-R,Technology,NL,0.0004910629694868978,0.0952185000000001,4.6758279360088226e-05
2021-01,RAY.ST,B3MGHK-R,Healthcare,SE,0.0016563399939752191,0.03008778610044649,4.983560344834122e-05
2021-01,RKUNY,SSMH3Y-R,Consumer Non-Cyclicals,JP,0.0032313310029114055,0.020876600000000023,6.745920481538032e-05
2021-01,FUTR.L,GM88J1-R,Technology,GB,0.03260513399211353,0.007848611434309705,0.0002559050274677023
2021-01,DUST.ST,JTKY01-R,Technology,SE,0.0014740826579339808,0.21758840122230838,0.00032074328880938576
2021-01,PUB.PA,LZ645K-R,Business Services,FR,0.010777534511735586,0.03372735244550218,0.00036349770497086934
2021-01,DIA.MI,KXDF6J-R,Healthcare,IT,0.008550846415672152,0.046202917074083194,0.00039507404785652195
2021-01,ZAL.DE,PM6KP2-R,Consumer Cyclicals,DE,0.023350092206621795,0.024982721363502325,0.0005833488474101194
2021-01,LBIRD.PA,NL6284-R,Healthcare,FR,0.011411575937581325,0.07240478556233487,0.0008262527086888763
2021-01,STM,TZ751N-R,Technology,CH,0.012458143625682528,0.07623920000000006,0.0009497989035071361
2021-01,IFX.DE,P59ZZH-R,Technology,DE,0.025502390493962458,0.03984122358173425,0.0010160464415386525
2021-01,IQE.L,WC6J51-R,Technology,GB,0.015112635678000962,0.08711886269830682,0.0013165956326412988
2021-01,INRN.SW,TLX4L7-R,Industrials,CH,0.017430994580497173,0.08043917212640506,0.0014021347733950457
2021-01,AM3D.DE,VJ2Q9P-R,Industrials,DE,0.030958917165438846,0.04873100071962333,0.0015086590146677595
2021-01,AMS.SW,C5K9GL-R,Technology,AT,0.010852277276546108,0.15054153390468628,0.0016337184675702223
2021-01,MTLS,CRHQ9D-R,Business Services,BE,0.008096266294368836,0.20439000000000007,0.001654795867906047
2021-01,FDEV.L,WD63JS-R,Technology,GB,0.06702625295187957,0.031440730828742325,0.002107354377519241
2021-01,GVC.L,TY565Q-R,Consumer Services,GB,0.021264628946990164,0.10241702235524563,0.002177859978239895
2021-01,TSM,N28HXY-R,Technology,TW,0.021957478140265455,0.11445299999999992,0.0025130992455878
2021-01,UMI.BR,L1YNFY-R,Non-Energy Materials,BE,0.015082181717168531,0.17297228012713073,0.0026087993609103647
2021-01,AML.L,N8P36V-R,Consumer Cyclicals,GB,0.23436593325793212,0.017446937394379747,0.004088967764926524
2021-01,GWPH,D2DFTS-R,Healthcare,GB,0.015493473662069187,0.32111599999999996,0.004975202288469008
2021-01,ROSE.SW,NB7GLC-R,Consumer Non-Cyclicals,CH,0.012202774118455214,0.43555011135834687,0.005314919626173921
2021-01,OCDO.L,LHPBFK-R,Industrials,GB,0.03432356866606595,0.22265957047563067,0.007642471056377061
2021-01,ZOO.L,DP2M95-R,Consumer Services,GB,0.016766807723340566,0.5627423015578925,0.009435391968011318
2021-01,BB,L8N0YK-R,Technology,CA,0.022251479590052574,1.12222,0.0249710554255488
2021-02,FDEV.L,WD63JS-R,Technology,GB,0.07056319408362759,-0.20096529785018657,-0.014180753316276742
2021-02,OCDO.L,LHPBFK-R,Industrials,GB,0.04283382060261371,-0.19143465723334552,-0.00819987776505597
2021-02,BB,L8N0YK-R,Technology,CA,0.011515368029232084,-0.2769269999999999,-0.0031889163222311523
2021-02,ZAL.DE,PM6KP2-R,Consumer Cyclicals,DE,0.024017663048360147,-0.099416266382375,-0.002387746387497897
2021-02,BAS1V.HE,BFP734-R,Technology,FI,0.017691798897900762,-0.11711905528107336,-0.002072046773144872
2021-02,AM3D.DE,VJ2Q9P-R,Industrials,DE,0.018571645261653016,-0.06485569475197461,-0.0012044769561317238
2021-02,DIA.MI,KXDF6J-R,Healthcare,IT,0.00897740117438577,-0.09777882864248189,-0.0008777997710850817
2021-02,IQE.L,WC6J51-R,Technology,GB,0.014168326751208207,-0.05530612290560899,-0.0007835952206691489
2021-02,INRN.SW,TLX4L7-R,Industrials,CH,0.012660645251260724,-0.030431316031078737,-0.00038528009679849137
2021-02,STM,TZ751N-R,Technology,CH,0.013622912769446445,-0.027284100000000033,-0.0003716889142928542
2021-02,UCB.BR,KNHDSG-R,Healthcare,BE,0.008588065910724137,-0.03280295132675981,-0.00028171390806048906
2021-02,BCART.BR,VHJB07-R,Healthcare,BE,0.010178988521840416,-0.01782591433245362,-0.00018144977738135596
2021-02,ADE.OL,WY3QLM-R,Technology,NO,0.0007455147962775595,-0.0416133357137336,-3.1023357497053795e-05
2021-02,FDP.L,G22X5F-R,Finance,GB,0.0019344883526578771,-0.014973590837940143,-2.896623707345991e-05
2021-02,3844.T,FXRN3F-R,Technology,JP,0.00016330487166520905,-0.08374867833570376,-1.3676567167742976e-05
2021-02,6951.T,KGPLVQ-R,Healthcare,JP,0.00013335470187292469,-0.0862105886690655,-1.149658735025257e-05
2021-02,6544.T,KGQVSF-R,Business Services,JP,5.4041437136008706e-05,-0.16041720523720693,-8.669176312360725e-06
2021-02,6594.T,D79WDP-R,Industrials,JP,0.00011246141807394023,-0.0429869646297274,-4.834375000953454e-06
2021-02,4751.T,G37DWR-R,Business Services,JP,0.00010259254091649523,-0.04201080816312652,-4.309995555410589e-06
2021-02,6920.T,Q3WN7R-R,Technology,JP,4.3879003424392454e-05,-0.09498756566870215,-4.167959719251685e-06
2021-02,6146.T,J4TH5K-R,Technology,JP,0.00010102320767078512,-0.03834274607636601,-3.873507199540905e-06
2021-02,4689.T,JQZ6DN-R,Consumer Non-Cyclicals,JP,0.00012187430251599865,-0.022491933645876205,-2.7411887253272853e-06
2021-02,3990.T,WRR2XC-R,Business Services,JP,4.946929442603176e-05,0.007109459744509827,3.516999573111772e-07
2021-02,6481.T,LLWRYR-R,Industrials,JP,0.00010368561411937324,0.014330684311838704,1.4858858036238638e-06
2021-02,6857.T,KL74SJ-R,Technology,JP,0.0001035606989411894,0.034771539935295914,3.6009649789607244e-06
2021-02,4755.T,TTK7NN-R,Consumer Non-Cyclicals,JP,4.820444486986439e-05,0.1347159624021228,6.493908182703853e-06
2021-02,3064.T,MR4TNK-R,Industrials,JP,0.00013936658323577872,0.14283344311263368,1.9906208938409728e-05
2021-02,SAX.DE,JCTTTN-R,Business Services,DE,0.013083694503641843,0.0019842830241179055,2.5961752896321254e-05
2021-02,ASML,GL3H8G-R,Technology,NL,0.000546444186602817,0.0616483000000001,3.36873551489465e-05
2021-02,DUST.ST,JTKY01-R,Technology,SE,0.001791838985650031,0.05786804392974365,0.0001036902171366233
2021-02,RAY.ST,B3MGHK-R,Healthcare,SE,0.001703336744033864,0.0776448831865375,0.0001322553825178465
2021-02,BOOZT.ST,TY2YK8-R,Consumer Non-Cyclicals,SE,0.0024356342566760037,0.06261665956888951,0.00015251128108460658
2021-02,AMP.MI,WJWHT6-R,Healthcare,IT,0.013147212958560636,0.011608714639800288,0.0001526222435446149
2021-02,ALK-B.CO,SJKQMD-R,Healthcare,DK,0.002186045975895044,0.08251358586229873,0.00018037849233094836
2021-02,TOBII.ST,SJ6JSD-R,Technology,SE,0.0018407029137101467,0.1546803033559072,0.0002847204850807878
2021-02,DSY.PA,VMHPTJ-R,Technology,FR,0.008272239633422551,0.04687565202855826,0.00038776662655316384
2021-02,VITB.ST,JKHFMB-R,Technology,SE,0.0014693242766163216,0.30496354425397376,0.0004480903390553196
2021-02,RKUNY,SSMH3Y-R,Consumer Non-Cyclicals,JP,0.003351679840072318,0.13734899999999994,0.0004603498743540926
2021-02,ROSE.SW,NB7GLC-R,Consumer Non-Cyclicals,CH,0.017664511689633292,0.02799754278542177,0.0004945629218140911
2021-02,NOD.OL,CSQ76Z-R,Technology,NO,0.002273329741509014,0.24651599305679972,0.0005604121387736524
2021-02,SEDG,CQY5QT-R,Technology,IL,0.017206045726972125,0.03461310000000006,0.0005955545813522599
2021-02,LTG.L,JF74F9-R,Technology,GB,0.04226309268802278,0.015042303435179871,0.0006357342643223704
2021-02,UMI.BR,L1YNFY-R,Non-Energy Materials,BE,0.017847550188052386,0.04387709416737873,0.0007830986402581925
2021-02,LBIRD.PA,NL6284-R,Healthcare,FR,0.01234613450206029,0.06768174664385573,0.0008356079473994106
2021-02,TSM,N28HXY-R,Technology,TW,0.024862924051210995,0.036372700000000036,0.0009043316776374831
2021-02,ASM.AS,GM7H09-R,Technology,NL,0.01590680091291527,0.062239674155387004,0.0009900341056744589
2021-02,ZOO.L,DP2M95-R,Consumer Services,GB,0.0267440604912111,0.05219558403411284,0.0013959218567824061
2021-02,PUB.PA,LZ645K-R,Business Services,FR,0.011239630178868053,0.1389553379336963,0.0015618066097543818
2021-02,ADYEN.AS,B8DGF3-R,Finance,NL,0.01381401240532861,0.117989713538593,0.0016299113665232928
2021-02,FNAC.PA,X9KJT3-R,Consumer Cyclicals,FR,0.02097709444783285,0.08611445953506158,0.001806431150991067
2021-02,AML.L,N8P36V-R,Consumer Cyclicals,GB,0.24338584419448556,0.009568778348689078,0.002328905196305607
2021-02,SMDS.L,QCZ86Y-R,Non-Energy Materials,GB,0.022224130897362294,0.11428090005239144,0.0025397936818327247
2021-02,IFX.DE,P59ZZH-R,Technology,DE,0.026611754924625315,0.09707726573675846,0.002583396404539342
2021-02,CAPC.L,J2R4L9-R,Finance,GB,0.01349643036738054,0.23714920852639887,0.0032006677795559497
2021-02,FUTR.L,GM88J1-R,Technology,GB,0.03350971415698315,0.14512514763789475,0.004863102214335831
2021-02,GVC.L,TY565Q-R,Consumer Services,GB,0.031902986895673974,0.16208699347332844,0.0051710592287387905
2021-02,ACSO.L,SRS2M0-R,Consumer Services,GB,0.02024464555107081,0.3365391543294185,0.006813115893456194
2021-02,GWPH,D2DFTS-R,Healthcare,GB,0.020796851163529407,0.40519400000000005,0.008426759310355136
2021-02,ASC.L,PP8053-R,Consumer Cyclicals,GB,0.05750764898033424,0.2774977644811618,0.015958244032610116
2021-03,ROSE.SW,NB7GLC-R,Consumer Non-Cyclicals,CH,0.027226754693523033,-0.20423436513005133,-0.005560638959383322
2021-03,AML.L,N8P36V-R,Consumer Cyclicals,GB,0.1940528285990476,-0.023066366282660455,-0.00447609362265196
2021-03,OCDO.L,LHPBFK-R,Industrials,GB,0.038110427674468254,-0.09226785162655782,-0.0035163672860925
2021-03,LTG.L,JF74F9-R,Technology,GB,0.033321098311340884,-0.09849499229760494,-0.0032819613215232576
2021-03,UMI.BR,L1YNFY-R,Non-Energy Materials,BE,0.02354298046295294,-0.10387819508623741,-0.0024456023174421015
2021-03,BB,L8N0YK-R,Technology,CA,0.012797993527018652,-0.17507899999999998,-0.0022406599087168985
2021-03,IQE.L,WC6J51-R,Technology,GB,0.010396448992369004,-0.21520128048173393,-0.002237329135620842
2021-03,AMP.MI,WJWHT6-R,Healthcare,IT,0.02534327796074645,-0.07273141026866259,-0.0018432523469158045
2021-03,MOON.L,CQZMC1-R,Consumer Cyclicals,GB,0.024073766144634027,-0.07405874473018659,-0.0017828729015996595
2021-03,ASC.L,PP8053-R,Consumer Cyclicals,GB,0.05706374197246583,-0.030233632873127303,-0.001725244225162397
2021-03,FUTR.L,GM88J1-R,Technology,GB,0.03974082030225299,-0.03678490752104746,-0.0014618623996289417
2021-03,RIO,M9L7HV-R,Non-Energy Materials,GB,0.018189658599934832,-0.07620139999999997,-0.0013860774508370737
2021-03,DIA.MI,KXDF6J-R,Healthcare,IT,0.00617362188485924,-0.1878937146447862,-0.0011599847487585493
2021-03,TSM,N28HXY-R,Technology,TW,0.01965794282673735,-0.05806359999999999,-0.0011414109291145466
2021-03,BHP,CSSFF1-R,Non-Energy Materials,AU,0.017773159123125683,-0.05928080000000002,-0.0010536070913461893
2021-03,SAX.DE,JCTTTN-R,Business Services,DE,0.00999235420690942,-0.09880993613347833,-0.0009873438810078133
2021-03,ZAL.DE,PM6KP2-R,Consumer Cyclicals,DE,0.016486607731942528,-0.051569493752590456,-0.0008502060144338196
2021-03,IFX.DE,P59ZZH-R,Technology,DE,0.022117769856651447,-0.03177032198075069,-0.0007026886698419585
2021-03,ADYEN.AS,B8DGF3-R,Finance,NL,0.011771567965692837,-0.04221082359028705,-0.0004968875787809345
2021-03,SEDG,CQY5QT-R,Technology,IL,0.013580913686579633,-0.03643859999999999,-0.0004948694814598005
2021-03,UCB.BR,KNHDSG-R,Healthcare,BE,0.009496817242388019,-0.05135768562797394,-0.00048773455440088623
2021-03,BCART.BR,VHJB07-R,Healthcare,BE,0.01439383529252199,-0.021711393141546353,-0.0003125102168506098
2021-03,JAZZ,C5GQP9-R,Healthcare,IE,0.013114660602687567,-0.02183999999999997,-0.0002864241875626961
2021-03,CAPC.L,J2R4L9-R,Finance,GB,0.02161547893586337,-0.012885203253221955,-0.0002785198395043373
2021-03,RAY.ST,B3MGHK-R,Healthcare,SE,0.0030883127248260036,-0.08424784341887126,-0.0002601836868696488
2021-03,ALK-B.CO,SJKQMD-R,Healthcare,DK,0.001804102370541546,-0.10582088779859977,-0.0001909117145302648
2021-03,FDP.L,G22X5F-R,Finance,GB,0.0014800906252000839,-0.10311991212686888,-0.00015262681521043507
2021-03,NOD.OL,CSQ76Z-R,Technology,NO,0.002147049317851248,-0.06600637167214285,-0.00014171893527251025
2021-03,STM,TZ751N-R,Technology,CH,0.010109412660089639,-0.012719900000000006,-0.00012859071809507428
2021-03,VITB.ST,JKHFMB-R,Technology,SE,0.00145069217913766,-0.07963941860418644,-0.00011553228172016352
2021-03,TOBII.ST,SJ6JSD-R,Technology,SE,0.0016080689974022032,-0.0358150875746962,-5.759313196811383e-05
2021-03,BOOZT.ST,TY2YK8-R,Consumer Non-Cyclicals,SE,0.001958158509723304,-0.014975344370995902,-2.932409801610261e-05
2021-03,4689.T,JQZ6DN-R,Consumer Non-Cyclicals,JP,0.00014885548222407565,-0.17291425332967936,-2.57392345628054e-05
2021-03,DMP.DE,K4VMR1-R,Healthcare,DE,0.0180874196704437,-0.0010453023810055306,-1.890682284776107e-05
2021-03,4385.T,RQ314Y-R,Consumer Non-Cyclicals,JP,0.0001410281389430351,-0.054428368575018204,-7.675931525840393e-06
2021-03,3064.T,MR4TNK-R,Industrials,JP,0.00011940564713010058,-0.05639325296333697,-6.733672863858713e-06
2021-03,3844.T,FXRN3F-R,Technology,JP,0.00011217522413433292,-0.048824002148494916,-5.47684338414257e-06
2021-03,6594.T,D79WDP-R,Industrials,JP,8.068718637955917e-05,-0.03951551907509698,-3.188396052497376e-06
2021-03,AM3D.DE,VJ2Q9P-R,Industrials,DE,0.013237482734710341,-0.00021455563097372288,-2.84017646064954e-06
2021-03,3990.T,WRR2XC-R,Business Services,JP,7.88508759300813e-05,-0.019056495513426697,-1.5026213633913592e-06
2021-03,6920.T,Q3WN7R-R,Technology,JP,2.9771074435336774e-05,0.07966124811703534,2.3716009473040908e-06
2021-03,6146.T,J4TH5K-R,Technology,JP,0.00014949808464897736,0.019586938022540634,2.928209718508053e-06
2021-03,6481.T,LLWRYR-R,Industrials,JP,7.884629062209025e-05,0.07530791144830506,5.937749472195698e-06
2021-03,6951.T,KGPLVQ-R,Healthcare,JP,9.135611129565169e-05,0.06666392461582182,6.0901569166079525e-06
2021-03,6544.T,KGQVSF-R,Business Services,JP,6.803046124175511e-05,0.08968530246678807,6.101332493421911e-06
2021-03,4755.T,TTK7NN-R,Consumer Non-Cyclicals,JP,9.568290573593078e-05,0.06805556502631727,6.5117542132186225e-06
2021-03,6857.T,KL74SJ-R,Technology,JP,0.00015866812985198208,0.07462607515570574,1.1840779783149291e-05
2021-03,DUST.ST,JTKY01-R,Technology,SE,0.0014341338715809272,0.016396580427868068,2.351489136970649e-05
2021-03,4751.T,G37DWR-R,Business Services,JP,0.0001326270476891853,0.19754852496955166,2.620027764206494e-05
2021-03,ASML,GL3H8G-R,Technology,NL,0.0004425846751474704,0.08864549999999993,3.923313982078506e-05
2021-03,ADE.OL,WY3QLM-R,Technology,NO,0.0018323307189387955,0.03435484097242858,6.294943045803805e-05
2021-03,FNAC.PA,X9KJT3-R,Consumer Cyclicals,FR,0.01736590523901149,0.004368675249438736,7.586600040176797e-05
2021-03,DSY.PA,VMHPTJ-R,Technology,FR,0.006600771308888764,0.022966720456430556,0.00015159806944807546
2021-03,SMDS.L,QCZ86Y-R,Non-Energy Materials,GB,0.025309300791038377,0.006766707093037061,0.00017126062518252788
2021-03,RKUNY,SSMH3Y-R,Consumer Non-Cyclicals,JP,0.0029082121494375212,0.06780579999999992,0.00019719365136233044
2021-03,WOSG.L,F5L9LT-R,Consumer Cyclicals,GB,0.0195035761829329,0.01670926904728054,0.0003258905018247586
2021-03,BAS1V.HE,BFP734-R,Technology,FI,0.017196950052606512,0.02564560637300639,0.0004410262118653982
2021-03,LBIRD.PA,NL6284-R,Healthcare,FR,0.016290964843358933,0.03285691621429487,0.0005352708669082678
2021-03,PUB.PA,LZ645K-R,Business Services,FR,0.01907684080623905,0.033594243723200856,0.0006408720395134982
2021-03,INRN.SW,TLX4L7-R,Industrials,CH,0.009202516208724976,0.10754771573252242,0.0009897095972398837
2021-03,ASM.AS,GM7H09-R,Technology,NL,0.017171990131000126,0.06928203276730494,0.0011897103829357878
2021-03,ZOO.L,DP2M95-R,Consumer Services,GB,0.02185745116623914,0.05983861647926236,0.0013079196375507898
2021-03,GVC.L,TY565Q-R,Consumer Services,GB,0.02879680541518996,0.054254738968495086,0.001562363160927677
2021-03,ACSO.L,SRS2M0-R,Consumer Services,GB,0.02101677996753764,0.13299201431763863,0.0027950639023534263
2021-03,FDEV.L,WD63JS-R,Technology,GB,0.03750208742522607,0.08065757596871359,0.0030248274654855107
2021-04,ROSE.SW,NB7GLC-R,Consumer Non-Cyclicals,CH,0.025696997413649298,-0.11286577247440088,-0.0029003114633642095
2021-04,AML.L,N8P36V-R,Consumer Cyclicals,GB,0.1845394063027712,-0.015211934583847397,-0.0028072013768197916
2021-04,ASC.L,PP8053-R,Consumer Cyclicals,GB,0.05386808297895918,-0.04259194716206227,-0.0022943465439614155
2021-04,SEDG,CQY5QT-R,Technology,IL,0.012908212389089839,-0.0831478,-0.001073289462085564
2021-04,IFX.DE,P59ZZH-R,Technology,DE,0.020454038400154077,-0.03968478156346367,-0.0008117140460008124
2021-04,INRN.SW,TLX4L7-R,Industrials,CH,0.009670757299287616,-0.032274400894652944,-0.00031211789803209974
2021-04,STM,TZ751N-R,Technology,CH,0.009836026020313577,-0.027132799999999957,-0.0002668789268039638
2021-04,TPE.DE,DKP314-R,Technology,DE,0.011095416319225122,-0.022940988884873503,-0.00025453982245238763
2021-04,TSM,N28HXY-R,Technology,TW,0.018211403459682075,-0.013020000000000032,-0.00023711247304506117
2021-04,BCART.BR,VHJB07-R,Healthcare,BE,0.013449399857021881,-0.010658428518256935,-0.00014334946698952276
2021-04,RAY.ST,B3MGHK-R,Healthcare,SE,0.0031660475490143483,-0.029024868021059747,-9.189411225854115e-05
2021-04,4689.T,JQZ6DN-R,Consumer Non-Cyclicals,JP,0.00011592043150709683,-0.07101961075329322,-8.232623923987804e-06
2021-04,3990.T,WRR2XC-R,Business Services,JP,7.356286095682212e-05,-0.10775347184588979,-7.926653667014037e-06
2021-04,6544.T,KGQVSF-R,Business Services,JP,7.015010823366099e-05,-0.0654409555976625,-4.5906901180902275e-06
2021-04,6594.T,D79WDP-R,Industrials,JP,7.35418246558221e-05,-0.04593966744187439,-3.3784869677571053e-06
2021-04,3064.T,MR4TNK-R,Industrials,JP,5.357893334442626e-05,-0.05614832885180243,-3.0083675689516487e-06
2021-04,6481.T,LLWRYR-R,Industrials,JP,8.063472590582072e-05,-0.014903371798541398,-1.2017293000479241e-06
2021-04,3844.T,FXRN3F-R,Technology,JP,0.0001011829234916261,0.0052775180584292425,5.339947059317212e-07
2021-04,JAZZ,C5GQP9-R,Healthcare,IE,0.012653907620341319,0.00018250900000005288,2.3094520258815428e-06
2021-04,6146.T,J4TH5K-R,Technology,JP,0.00014266347775561004,0.0318102433244174,4.538159940913564e-06
2021-04,4755.T,TTK7NN-R,Consumer Non-Cyclicals,JP,9.719326375322671e-05,0.06661773740287136,6.474795322040472e-06
2021-04,6920.T,Q3WN7R-R,Technology,JP,3.056961602871053e-05,0.3490909630838379,1.0671576700565688e-05
2021-04,4385.T,RQ314Y-R,Consumer Non-Cyclicals,JP,0.00012682600318712528,0.0895355188419047,1.135543199800432e-05
2021-04,6857.T,KL74SJ-R,Technology,JP,0.00016099998387741337,0.08610879562709473,1.3863514707665734e-05
2021-04,LBIRD.PA,NL6284-R,Healthcare,FR,0.016071127224483506,0.0011634026534623754,1.869719205709553e-05
2021-04,4751.T,G37DWR-R,Business Services,JP,0.0001624509455818352,0.14245849985171355,2.3142518007080596e-05
2021-04,ASML,GL3H8G-R,Technology,NL,0.0004752702079755379,0.049792599999999965,2.3664939357642753e-05
2021-04,6951.T,KGPLVQ-R,Healthcare,JP,0.00013863701472665058,0.4189330354641916,5.807962540712956e-05
2021-04,IQE.L,WC6J51-R,Technology,GB,0.00794224288757282,0.01327020485283592,0.0001053951901090704
2021-04,VITB.ST,JKHFMB-R,Technology,SE,0.00126809058326734,0.1113674196166834,0.00014122397609869864
2021-04,FDP.L,G22X5F-R,Finance,GB,0.001292191688511965,0.1182196726408693,0.00015276247840513666
2021-04,RKUNY,SSMH3Y-R,Consumer Non-Cyclicals,JP,0.0030632048683663753,0.06458910000000007,0.00019784964556340286
2021-04,BOOZT.ST,TY2YK8-R,Consumer Non-Cyclicals,SE,0.00183360097001497,0.12720614018753107,0.00023324530203971722
2021-04,TOBII.ST,SJ6JSD-R,Technology,SE,0.001473922051903659,0.2032640714927405,0.0002995953973328721
2021-04,DUST.ST,JTKY01-R,Technology,SE,0.0013856800969429279,0.23473853226765584,0.00032527251214888595
2021-04,DIA.MI,KXDF6J-R,Healthcare,IT,0.0047886382007937735,0.06806544010765392,0.0003259407666533522
2021-04,ALK-B.CO,SJKQMD-R,Healthcare,DK,0.0030656896914616587,0.15127234983093807,0.0004637540834798886
2021-04,SAX.DE,JCTTTN-R,Business Services,DE,0.008600893749948947,0.05599803841310447,0.0004816331785966712
2021-04,ADE.OL,WY3QLM-R,Technology,NO,0.0018860925105498483,0.26533202372992637,0.0005004407427660488
2021-04,DSY.PA,VMHPTJ-R,Technology,FR,0.006449344077328988,0.09424725068979822,0.0006078329480407905
2021-04,BHP,CSSFF1-R,Non-Energy Materials,AU,0.01602581948851039,0.048566099999999945,0.0007783115518609435
2021-04,NOD.OL,CSQ76Z-R,Technology,NO,0.001995609989097005,0.403735401610664,0.0008056984004063321
2021-04,BB,L8N0YK-R,Technology,CA,0.01599729680935156,0.053650600000000104,0.0008582645721997985
2021-04,ASM.AS,GM7H09-R,Technology,NL,0.01753769085292776,0.05485469764274087,0.0009620247290892146
2021-04,AM3D.DE,VJ2Q9P-R,Industrials,DE,0.012640717381958606,0.07713251618523098,0.0009750103380568528
2021-04,MOON.L,CQZMC1-R,Consumer Cyclicals,GB,0.021698610755074278,0.051334668642352144,0.0011138909931111165
2021-04,ADYEN.AS,B8DGF3-R,Finance,NL,0.010768707819390417,0.10940993745370364,0.0011782036489767149
2021-04,PUB.PA,LZ645K-R,Business Services,FR,0.018832841634938355,0.07059345106277193,0.0013294752843289544
2021-04,SMDS.L,QCZ86Y-R,Non-Energy Materials,GB,0.024803520237028975,0.05757102744641318,0.00142796414433366
2021-04,ZAL.DE,PM6KP2-R,Consumer Cyclicals,DE,0.020849414623630075,0.07028240196329816,0.0014653469392774357
2021-04,RIO,M9L7HV-R,Non-Energy Materials,GB,0.015940880156062598,0.0954280999999999,0.0015212079056207556
2021-04,OCDO.L,LHPBFK-R,Industrials,GB,0.03367485749386787,0.04592309828335783,0.0015464537903689634
2021-04,CAPC.L,J2R4L9-R,Finance,GB,0.020769989435182254,0.08100096718231109,0.0016823892326161458
2021-04,ACSO.L,SRS2M0-R,Consumer Services,GB,0.023179154759642724,0.07893625557148765,0.0018296756840382223
2021-04,BOSS.DE,QVQPN7-R,Consumer Cyclicals,DE,0.011834405200113056,0.18616355260516282,0.0022031349150220592
2021-04,ZOO.L,DP2M95-R,Consumer Services,GB,0.022549897497654528,0.09958255968026775,0.0022455765133441025
2021-04,BAS1V.HE,BFP734-R,Technology,FI,0.016846439066128878,0.13461256919460451,0.0022677424444719624
2021-04,WOSG.L,F5L9LT-R,Consumer Cyclicals,GB,0.019302573344450808,0.12555913270274321,0.002423614368060333
2021-04,FNAC.PA,X9KJT3-R,Consumer Cyclicals,FR,0.016659037044097,0.1589025350875981,0.00264716321842522
2021-04,UMI.BR,L1YNFY-R,Non-Energy Materials,BE,0.02015059501959187,0.15631442452263844,0.0031498286642762476
2021-04,GVC.L,TY565Q-R,Consumer Services,GB,0.029552498531782132,0.1310086640361965,0.003871633351580435
2021-04,DMP.DE,K4VMR1-R,Healthcare,DE,0.01725765280921724,0.2326192062711654,0.004014461498583462
2021-04,AMP.MI,WJWHT6-R,Healthcare,IT,0.028056768035693447,0.14489756748608373,0.004065357439893288
2021-04,LTG.L,JF74F9-R,Technology,GB,0.03655126578470376,0.22178309796145768,0.00810645296014423
2021-04,FUTR.L,GM88J1-R,Technology,GB,0.03726184168040238,0.25151445795764205,0.009371891912749878
2021-04,FDEV.L,WD63JS-R,Technology,GB,0.05268831801786443,0.20344612029891973,0.010719233885810187
2021-05,FDEV.L,WD63JS-R,Technology,GB,0.05885528749622672,-0.19010563564580774,-0.01118872184058694
2021-05,OCDO.L,LHPBFK-R,Industrials,GB,0.03269263797366339,-0.08449940421564717,-0.002762508431012399
2021-05,ASC.L,PP8053-R,Consumer Cyclicals,GB,0.04787107374533886,-0.05047292373849699,-0.0024161930544284536
2021-05,LTG.L,JF74F9-R,Technology,GB,0.041451640709886106,-0.04440119833670675,-0.0018405025205415607
2021-05,LBIRD.PA,NL6284-R,Healthcare,FR,0.015243244705708757,-0.07231301734660434,-0.001102285018822452
2021-05,DMP.DE,K4VMR1-R,Healthcare,DE,0.020152864592777965,-0.04112610063499822,-0.000828808737326079
2021-05,BCART.BR,VHJB07-R,Healthcare,BE,0.012605927243193161,-0.06291587014749511,-0.0007931128815215119
2021-05,ADYEN.AS,B8DGF3-R,Finance,NL,0.01131831538595625,-0.06920556373308728,-0.0007832903967939776
2021-05,CAPC.L,J2R4L9-R,Finance,GB,0.020840408614983884,-0.03344581090367893,-0.0006970243656921523
2021-05,SAX.DE,JCTTTN-R,Business Services,DE,0.00860464251357841,-0.050769017520497006,-0.0004368492465294757
2021-05,BAS1V.HE,BFP734-R,Technology,FI,0.018108473589419714,-0.02231230549274732,-0.00040404179473447924
2021-05,UMI.BR,L1YNFY-R,Non-Energy Materials,BE,0.022074458725715458,-0.01747159760421324,-0.00038567606018651425
2021-05,FDP.L,G22X5F-R,Finance,GB,0.0013412155110049107,-0.27034310622333824,-0.00036258836735998944
2021-05,GVC.L,TY565Q-R,Consumer Services,GB,0.031024499838502386,-0.008927496097651422,-0.0002769711012398172
2021-05,RKUNY,SSMH3Y-R,Consumer Non-Cyclicals,JP,0.0030163285005717832,-0.08553670000000002,-0.0002580067860548585
2021-05,SEDG,CQY5QT-R,Technology,IL,0.010946770717825021,-0.020983500000000044,-0.00022970156335748183
2021-05,TOBII.ST,SJ6JSD-R,Technology,SE,0.0016909732603855253,-0.10710222803565939,-0.00018110700373601298
2021-05,FNAC.PA,X9KJT3-R,Consumer Cyclicals,FR,0.018290389942929954,-0.009375069616635923,-0.00017147367903038585
2021-05,ACSO.L,SRS2M0-R,Consumer Services,GB,0.023213337740163247,-0.00627716961542113,-0.00014571405833506133
2021-05,TPE.DE,DKP314-R,Technology,DE,0.010270477558178344,-0.01108550601074898,-0.00011385344070444854
2021-05,DSY.PA,VMHPTJ-R,Technology,FR,0.0066858588378318805,-0.016374731012031685,-0.00010947914005391181
2021-05,VITB.ST,JKHFMB-R,Technology,SE,0.0013437191846617015,-0.0786077250255669,-0.00010562670817946598
2021-05,IFX.DE,P59ZZH-R,Technology,DE,0.01860882696454827,-0.0037912627573026825,-7.055095262778177e-05
2021-05,IQE.L,WC6J51-R,Technology,GB,0.0007523679693513289,-0.06520541768705856,-4.905846769591748e-05
2021-05,6951.T,KGPLVQ-R,Healthcare,JP,0.00018394328516301863,-0.0945182364102719,-1.7385994913120256e-05
2021-05,3031.T,R05C6F-R,Consumer Non-Cyclicals,JP,8.932964173355764e-05,-0.16797490460373254,-1.500513804847995e-05
2021-05,3844.T,FXRN3F-R,Technology,JP,9.511214821945645e-05,-0.14523038039983072,-1.3813173466556741e-05
2021-05,4755.T,TTK7NN-R,Consumer Non-Cyclicals,JP,9.693660635544413e-05,-0.10471779900907241,-1.015098806095097e-05
2021-05,6857.T,KL74SJ-R,Technology,JP,0.000163509125845926,-0.05590129626959994,-9.14037208669641e-06
2021-05,6146.T,J4TH5K-R,Technology,JP,0.00013764341788542687,-0.05950926706036619,-8.191058914045451e-06
2021-05,4385.T,RQ314Y-R,Consumer Non-Cyclicals,JP,0.00012920895261740676,-0.047659899076905266,-6.158085641578241e-06
2021-05,4751.T,G37DWR-R,Business Services,JP,0.00017354236646270006,-0.031164916940025766,-5.40843343638556e-06
2021-05,3990.T,WRR2XC-R,Business Services,JP,6.137423178798365e-05,-0.08252400263267456,-5.064847265649942e-06
2021-05,3064.T,MR4TNK-R,Industrials,JP,4.728688906421325e-05,-0.09720360432196462,-4.5964560542144205e-06
2021-05,6594.T,D79WDP-R,Industrials,JP,6.560743375412125e-05,-0.018913254069975016,-1.24085006347075e-06
2021-05,4689.T,JQZ6DN-R,Consumer Non-Cyclicals,JP,0.00010069524755854835,0.009710423460537188,9.77793494257128e-07
2021-05,6920.T,Q3WN7R-R,Technology,JP,3.856328735642966e-05,0.055429453748088164,2.137541952897451e-06
2021-05,6544.T,KGQVSF-R,Business Services,JP,6.130245855369543e-05,0.03599593536571377,2.206639335858168e-06
2021-05,BOOZT.ST,TY2YK8-R,Consumer Non-Cyclicals,SE,0.0019706470179509336,0.0032934033050051603,6.490135401918168e-06
2021-05,STM,TZ751N-R,Technology,CH,0.008851030042990385,0.0013408699999999385,1.1868080653743974e-05
2021-05,ASML,GL3H8G-R,Technology,NL,0.00046149256402751955,0.04468319999999992,2.0620964536954425e-05
2021-05,DUST.ST,JTKY01-R,Technology,SE,0.0016313187492182945,0.013537382588822089,2.2083786032486768e-05
2021-05,ALK-B.CO,SJKQMD-R,Healthcare,DK,0.003364864009658221,0.01945494317712826,6.546323810666464e-05
2021-05,TSM,N28HXY-R,Technology,TW,0.016625410252915487,0.005311010000000005,8.829772010733677e-05
2021-05,ADE.OL,WY3QLM-R,Technology,NO,0.0030670393410125243,0.0344737989134527,0.00010573249750171426
2021-05,DIA.MI,KXDF6J-R,Healthcare,IT,0.004845471731031692,0.03650505460770348,0.00017688421014139542
2021-05,SMDS.L,QCZ86Y-R,Non-Energy Materials,GB,0.024118965851419472,0.010510958530273395,0.00025351344985735023
2021-05,NOD.OL,CSQ76Z-R,Technology,NO,0.002662237293104992,0.10086969058699125,0.00026853905202464966
2021-05,BHP,CSSFF1-R,Non-Energy Materials,AU,0.015543063859886895,0.018554100000000018,0.0002883875611627277
2021-05,ZAL.DE,PM6KP2-R,Consumer Cyclicals,DE,0.02114065496386756,0.015414497340002331,0.0003258725697064436
2021-05,AM3D.DE,VJ2Q9P-R,Industrials,DE,0.012899325943204367,0.02781787521839796,0.00035883183948950265
2021-05,RAY.ST,B3MGHK-R,Healthcare,SE,0.002931068960595474,0.12276805603436602,0.00035984163839497616
2021-05,PETS.L,VZY7HR-R,Consumer Cyclicals,GB,0.014257690620772362,0.027289635016989333,0.00038908717322602986
2021-05,PUB.PA,LZ645K-R,Business Services,FR,0.011197731545484087,0.03580041432075398,0.00040088342878090715
2021-05,RIO,M9L7HV-R,Non-Energy Materials,GB,0.01615164634930034,0.027862700000000018,0.0004500284767366509
2021-05,ASM.AS,GM7H09-R,Technology,NL,0.017526340106808497,0.03023335397665683,0.0005298800443644188
2021-05,JAZZ,C5GQP9-R,Healthcare,IE,0.011706430724598706,0.08351590000000009,0.000977673097752514
2021-05,INRN.SW,TLX4L7-R,Industrials,CH,0.008932510000260532,0.17074475023601066,0.0015251791889751521
2021-05,MOON.L,CQZMC1-R,Consumer Cyclicals,GB,0.021174693369257622,0.0800866020721962,0.0016958092418645067
2021-05,WOSG.L,F5L9LT-R,Consumer Cyclicals,GB,0.020166374637388212,0.08979223627445543,0.0018107838762395478
2021-05,BB,L8N0YK-R,Technology,CA,0.015498879916671484,0.16162300000000007,0.0025049754687721964
2021-05,BOSS.DE,QVQPN7-R,Consumer Cyclicals,DE,0.013298950558570447,0.21890807845655647,0.0029112477122654047
2021-05,ROSE.SW,NB7GLC-R,Consumer Non-Cyclicals,CH,0.02611041391922513,0.11617910443856316,0.0030334845056557698
2021-05,ZOO.L,DP2M95-R,Consumer Services,GB,0.023015207021413974,0.14660310947337285,0.0033741009145126922
2021-05,AMP.MI,WJWHT6-R,Healthcare,IT,0.03043200425876758,0.1207911905690604,0.0036759180258192524
2021-05,FUTR.L,GM88J1-R,Technology,GB,0.04328572185402289,0.22215235393596822,0.009616025001688767
2021-05,AML.L,N8P36V-R,Consumer Cyclicals,GB,0.1686850181218133,0.1035542582704585,0.017468051932943228
2021-06,AML.L,N8P36V-R,Consumer Cyclicals,GB,0.18939110907191023,-0.1297262011826461,-0.024568989117667098
2021-06,FDEV.L,WD63JS-R,Technology,GB,0.04849572723928473,-0.12256779650880689,-0.005944014427811254
2021-06,ACSO.L,SRS2M0-R,Consumer Services,GB,0.02346888302359027,-0.12734527264050854,-0.0029886513072073058
2021-06,MOON.L,CQZMC1-R,Consumer Cyclicals,GB,0.023268327590467517,-0.10442763958911716,-0.002429856527458853
2021-06,CAPC.L,J2R4L9-R,Finance,GB,0.020493765092833547,-0.08930293501328257,-0.001830153372262793
2021-06,FNAC.PA,X9KJT3-R,Consumer Cyclicals,FR,0.018283014457591052,-0.08360417331317838,-0.0015285363093997882
2021-06,DMP.DE,K4VMR1-R,Healthcare,DE,0.01949907143251458,-0.04081341562659835,-0.000795823706707948
2021-06,RIO,M9L7HV-R,Non-Energy Materials,GB,0.016493761466079324,-0.040489600000000014,-0.0006678258042569656
2021-06,ZOO.L,DP2M95-R,Consumer Services,GB,0.026848373488083974,-0.023809535819008465,-0.0006392473102466526
2021-06,SMDS.L,QCZ86Y-R,Non-Energy Materials,GB,0.024796397409077568,-0.024976151757037157,-0.0006193185847169243
2021-06,BOSS.DE,QVQPN7-R,Consumer Cyclicals,DE,0.01634294920821669,-0.03665537954905107,-0.0005990570061780464
2021-06,ASC.L,PP8053-R,Consumer Cyclicals,GB,0.05780694525752226,-0.007196043166251442,-0.00041598127338226426
2021-06,RAY.ST,B3MGHK-R,Healthcare,SE,0.0033340054639197244,-0.08321683645902356,-0.00027744538744449865
2021-06,BHP,CSSFF1-R,Non-Energy Materials,AU,0.015728545636881287,-0.017271600000000054,-0.0002716571488219597
2021-06,STM,TZ751N-R,Technology,CH,0.008805287846611604,-0.024343800000000027,-0.00021435416628034378
2021-06,KAHOT.OL,FR4B9H-R,Technology,NO,0.0011239361278926464,-0.13049165486398906,-0.00014666428529013547
2021-06,NOD.OL,CSQ76Z-R,Technology,NO,0.0017289966250853194,-0.08023521883951057,-0.0001387264225864958
2021-06,IFX.DE,P59ZZH-R,Technology,DE,0.018706175420129933,-0.007347410460415205,-0.00013744194895622445
2021-06,BOOZT.ST,TY2YK8-R,Consumer Non-Cyclicals,SE,0.0020030281831549175,-0.06619851947721056,-0.00013259750019598248
2021-06,IQE.L,WC6J51-R,Technology,GB,0.0007155390901077188,-0.13700370109311533,-9.803150362155762e-05
2021-06,BAS1V.HE,BFP734-R,Technology,FI,0.012230500645821927,-0.0074060898621717275,-9.058018684230654e-05
2021-06,VITB.ST,JKHFMB-R,Technology,SE,0.0012543052696431447,-0.05665584158988313,-7.106372066225765e-05
2021-06,JAZZ,C5GQP9-R,Healthcare,IE,0.0126016544519303,-0.0027508099999999924,-3.4664757082914296e-05
2021-06,BCART.BR,VHJB07-R,Healthcare,BE,0.011919801580201587,-0.0028374932448803625,-3.3822356464136274e-05
2021-06,3031.T,R05C6F-R,Consumer Non-Cyclicals,JP,7.37806020054146e-05,-0.15036978341016505,-1.1094373143425781e-05
2021-06,INRN.SW,TLX4L7-R,Industrials,CH,0.010457776216245466,-0.0007945760526918422,-8.309498545838951e-06
2021-06,ADE.OL,WY3QLM-R,Technology,NO,0.003968028375419033,-0.00018490145025695792,-7.336942012757398e-07
2021-06,4755.T,TTK7NN-R,Consumer Non-Cyclicals,JP,8.615059179147789e-05,-0.006473799444803197,-5.577216533091364e-07
2021-06,6929.T,JK9MJW-R,Technology,JP,1.1006877501416222e-05,0.03506921892656534,3.8600259679505195e-07
2021-06,6146.T,J4TH5K-R,Technology,JP,0.00012850508424075627,0.004675886298723508,6.008751627176625e-07
2021-06,6857.T,KL74SJ-R,Technology,JP,9.504708659526996e-05,0.006383031677358542,6.066885645782486e-07
2021-06,3990.T,WRR2XC-R,Business Services,JP,5.5897363895463645e-05,0.020170748721359377,1.1274916813217832e-06
2021-06,6594.T,D79WDP-R,Industrials,JP,6.389558522659194e-05,0.02169593382025181,1.3862743884823982e-06
2021-06,3844.T,FXRN3F-R,Technology,JP,8.070401509422648e-05,0.03487850864429953,2.814835688093658e-06
2021-06,6840.T,GDGB62-R,Industrials,JP,3.371493014926833e-05,0.09496537256182513,3.2017509025211772e-06
2021-06,3064.T,MR4TNK-R,Industrials,JP,0.00011716280322861922,0.030989331386454877,3.6307969354176864e-06
2021-06,6544.T,KGQVSF-R,Business Services,JP,6.304436745256921e-05,0.11817475425447044,7.450252630835901e-06
2021-06,4689.T,JQZ6DN-R,Consumer Non-Cyclicals,JP,0.00010092896481882376,0.07585805171113913,7.656274632378075e-06
2021-06,TOBII.ST,SJ6JSD-R,Technology,SE,0.0008740782982191935,0.01219257807874019,1.065726789796987e-05
2021-06,ASML,GL3H8G-R,Technology,NL,0.0004778554725562993,0.022754699999999906,1.0873457921376778e-05
2021-06,4751.T,G37DWR-R,Business Services,JP,0.0001669036104876269,0.07891239918279824,1.3170764335849886e-05
2021-06,4385.T,RQ314Y-R,Consumer Non-Cyclicals,JP,0.00012215042728691027,0.13034322367245488,1.5921480465543682e-05
2021-06,6951.T,KGPLVQ-R,Healthcare,JP,0.00016533848928990713,0.1500128316171001,2.480289495367255e-05
2021-06,DUST.ST,JTKY01-R,Technology,SE,0.0010851439016505877,0.036036347097872845,3.9104622291020577e-05
2021-06,PETS.L,VZY7HR-R,Consumer Cyclicals,GB,0.014901563615481322,0.00336731384665101,5.017824149916114e-05
2021-06,FDP.L,G22X5F-R,Finance,GB,0.0009956495828189814,0.055215425113556815,5.497521497948555e-05
2021-06,LBIRD.PA,NL6284-R,Healthcare,FR,0.014269027911368968,0.003971953538325135,5.667591590102208e-05
2021-06,ALK-B.CO,SJKQMD-R,Healthcare,DK,0.003439628392380373,0.07398010336027694,0.0002544640639892432
2021-06,DIA.MI,KXDF6J-R,Healthcare,IT,0.005033048531935041,0.0765981114754195,0.00038552201251035675
2021-06,DSY.PA,VMHPTJ-R,Technology,FR,0.00661625869232667,0.06064375819184287,0.00040123479227213704
2021-06,TSM,N28HXY-R,Technology,TW,0.016605065586689945,0.02685789999999999,0.0004459771910207597
2021-06,UMI.BR,L1YNFY-R,Non-Energy Materials,BE,0.021730217816529142,0.024713315788160717,0.000537025735045401
2021-06,WOSG.L,F5L9LT-R,Consumer Cyclicals,GB,0.014906295273775785,0.03828906341702987,0.0005707480850505736
2021-06,AMP.MI,WJWHT6-R,Healthcare,IT,0.0136894185174124,0.04379310389641078,0.0005995021274144909
2021-06,SEDG,CQY5QT-R,Technology,IL,0.010647406414789647,0.07115999999999989,0.0007576694404764301
2021-06,ROSE.SW,NB7GLC-R,Consumer Non-Cyclicals,CH,0.029363338368774226,0.031240701036553853,0.0009173312754140465
2021-06,ASM.AS,GM7H09-R,Technology,NL,0.01807916948828018,0.051525994576144374,0.0009315471889943193
2021-06,GVC.L,TY565Q-R,Consumer Services,GB,0.03128236733915228,0.0330041634820466,0.001032448365766817
2021-06,OCDO.L,LHPBFK-R,Industrials,GB,0.03045076117267061,0.03510307059908224,0.0010689152192400488
2021-06,ADYEN.AS,B8DGF3-R,Finance,NL,0.019666311653381514,0.06421685534106492,0.0012629086905374999
2021-06,AM3D.DE,VJ2Q9P-R,Industrials,DE,0.01002529225841074,0.15137090057227942,0.0015175375176559348
2021-06,ZAL.DE,PM6KP2-R,Consumer Cyclicals,DE,0.015239472764391755,0.13864303565883063,0.0021128467658953444
2021-06,LTG.L,JF74F9-R,Technology,GB,0.04030018575992375,0.08299741524796223,0.0033448112520864056
2021-06,FUTR.L,GM88J1-R,Technology,GB,0.05382196772138661,0.07731793912735707,0.004161403623996747
2021-06,BB,L8N0YK-R,Technology,CA,0.03537033899641317,0.19197700000000006,0.0067902915695144134
2021-07,ASC.L,PP8053-R,Consumer Cyclicals,GB,0.05638205787138028,-0.2259210253817191,-0.012737892327433659
2021-07,BB,L8N0YK-R,Technology,CA,0.021486773243507687,-0.16846499999999998,-0.003619769254467522
2021-07,OCDO.L,LHPBFK-R,Industrials,GB,0.04007308786927273,-0.06575474328944797,-0.0026349956056595197
2021-07,MOON.L,CQZMC1-R,Consumer Cyclicals,GB,0.020472151629885124,-0.12296053925311068,-0.0025172668040821236
2021-07,ZAL.DE,PM6KP2-R,Consumer Cyclicals,DE,0.023813523686313818,-0.08102361411468761,-0.001929457753870864
2021-07,AM3D.DE,VJ2Q9P-R,Industrials,DE,0.01128888169382924,-0.13931334088633884,-0.001572691823637983
2021-07,ROSE.SW,NB7GLC-R,Consumer Non-Cyclicals,CH,0.029706425052088502,-0.033432474908841714,-0.0009931593101853357
2021-07,IFX.DE,P59ZZH-R,Technology,DE,0.018160208002321702,-0.050535609373720924,-0.0009177371777508503
2021-07,SEDG,CQY5QT-R,Technology,IL,0.011499812610911056,-0.06111370000000005,-0.0007027960979594356
2021-07,KAHOT.OL,FR4B9H-R,Technology,NO,0.0019052909915219828,-0.3456925593512006,-0.0006586449191680209
2021-07,JAZZ,C5GQP9-R,Healthcare,IE,0.012671377680245881,-0.04571040000000004,-0.0005792137423151118
2021-07,TSM,N28HXY-R,Technology,TW,0.01714245374981249,-0.029294299999999995,-0.0005021761828831319
2021-07,BAS1V.HE,BFP734-R,Technology,FI,0.011872834024054051,-0.023374905963966075,-0.00027752637883804036
2021-07,BCART.BR,VHJB07-R,Healthcare,BE,0.011624479743913544,-0.01668942648878069,-0.00019400590015636527
2021-07,RAY.ST,B3MGHK-R,Healthcare,SE,0.0029882701025834364,-0.034711570871730824,-0.0001037275494496993
2021-07,BOOZT.ST,TY2YK8-R,Consumer Non-Cyclicals,SE,0.001828641928275444,-0.018245915653673395,-3.336524638408442e-05
2021-07,4751.T,G37DWR-R,Business Services,JP,0.00017896083246846686,-0.16804490749731948,-3.0073456537806804e-05
2021-07,6146.T,J4TH5K-R,Technology,JP,0.00012830763572435925,-0.07303120681425668,-9.370461480433989e-06
2021-07,3990.T,WRR2XC-R,Business Services,JP,5.667221800265296e-05,-0.11049666591387153,-6.262091139237239e-06
2021-07,3064.T,MR4TNK-R,Industrials,JP,0.00011978481204429321,-0.03350030715614294,-4.0128279961246725e-06
2021-07,6857.T,KL74SJ-R,Technology,JP,9.506229547205815e-05,-0.030079459117072105,-2.859422430226802e-06
2021-07,4385.T,RQ314Y-R,Consumer Non-Cyclicals,JP,0.000137218085833671,-0.020530686157450684,-2.8171814553772287e-06
2021-07,4755.T,TTK7NN-R,Consumer Non-Cyclicals,JP,8.506362443028245e-05,-0.030796665266787593,-2.619675967959144e-06
2021-07,6594.T,D79WDP-R,Industrials,JP,6.487818569836186e-05,-0.039536194493598686,-2.5650365681622476e-06
2021-07,6840.T,GDGB62-R,Industrials,JP,3.7436023874932723e-05,-0.04254443936103436,-1.5926946476653098e-06
2021-07,6544.T,KGQVSF-R,Business Services,JP,7.005875981655521e-05,-0.015532873645790923,-1.0882138640113667e-06
2021-07,4689.T,JQZ6DN-R,Consumer Non-Cyclicals,JP,0.00010791392823273474,-0.008397081624302083,-9.061620637693506e-07
2021-07,6929.T,JK9MJW-R,Technology,JP,1.13224322505222e-05,0.0006074067303079023,6.877321552422432e-09
2021-07,3844.T,FXRN3F-R,Technology,JP,8.271458141463663e-05,0.0034741501280590725,2.8736287361401243e-07
2021-07,AMP.MI,WJWHT6-R,Healthcare,IT,0.006987277172918025,0.00020947112227887033,1.4636327910846708e-06
2021-07,3031.T,R05C6F-R,Consumer Non-Cyclicals,JP,0.00011569734240871903,0.03273290789684791,3.7871104529746752e-06
2021-07,IQE.L,WC6J51-R,Technology,GB,0.0006066519024561697,0.010900561278986087,6.612846237736969e-06
2021-07,6951.T,KGPLVQ-R,Healthcare,JP,0.00018896557719525335,0.10199517982838069,1.9273578027403618e-05
2021-07,ADE.OL,WY3QLM-R,Technology,NO,0.0024819477521239746,0.009112413903541672,2.2616535204318504e-05
2021-07,TOBII.ST,SJ6JSD-R,Technology,SE,0.0008649686315580639,0.02838409718331869,2.4551353698666265e-05
2021-07,DMP.DE,K4VMR1-R,Healthcare,DE,0.018055499760833107,0.002221282333390029,4.0106362639266474e-05
2021-07,FDP.L,G22X5F-R,Finance,GB,0.001032155578829622,0.03989132645504445,4.1174055147487816e-05
2021-07,ASML,GL3H8G-R,Technology,NL,0.0004927884798818433,0.10986600000000002,5.4140699130698606e-05
2021-07,ALK-B.CO,SJKQMD-R,Healthcare,DK,0.002523891467131211,0.03234869822335251,8.164460341872198e-05
2021-07,VITB.ST,JKHFMB-R,Technology,SE,0.00115546753677896,0.2028679685204009,0.0002344073518776192
2021-07,UMI.BR,L1YNFY-R,Non-Energy Materials,BE,0.021777347695654536,0.014383938670176066,0.0003132440336533949
2021-07,DIA.MI,KXDF6J-R,Healthcare,IT,0.005299355968380844,0.07223549449049815,0.00038280159885716297
2021-07,SMDS.L,QCZ86Y-R,Non-Energy Materials,GB,0.019001664371826942,0.021094662224421024,0.00040083369162550466
2021-07,RIO,M9L7HV-R,Non-Energy Materials,GB,0.01595739508512838,0.02884730000000002,0.0004603277632392242
2021-07,NOD.OL,CSQ76Z-R,Technology,NO,0.001550196228950908,0.3010734522624965,0.00046672293033455325
2021-07,PETS.L,VZY7HR-R,Consumer Cyclicals,GB,0.014513828353733407,0.03533051506379903,0.0005127810312849716
2021-07,DSY.PA,VMHPTJ-R,Technology,FR,0.0068631033863414525,0.1365544935224252,0.0009371876069138984
2021-07,LBIRD.PA,NL6284-R,Healthcare,FR,0.01401052996948727,0.06794801421485697,0.0009519876895244006
2021-07,STM,TZ751N-R,Technology,CH,0.008650167379857111,0.13441400000000003,0.0011627035981961141
2021-07,ACSO.L,SRS2M0-R,Consumer Services,GB,0.02012019782496442,0.0600775900511854,0.0012087729966769646
2021-07,ZOO.L,DP2M95-R,Consumer Services,GB,0.025748356205750646,0.04699507946559711,0.001210046045997752
2021-07,BHP,CSSFF1-R,Non-Energy Materials,AU,0.015585280957875043,0.07867629999999992,0.001226192240226063
2021-07,CAPC.L,J2R4L9-R,Finance,GB,0.018335545621425017,0.06757194405943556,0.00123896846303016
2021-07,ASM.AS,GM7H09-R,Technology,NL,0.018592465696815913,0.07825167658096222,0.001454891612549873
2021-07,BOSS.DE,QVQPN7-R,Consumer Cyclicals,DE,0.015397513878093804,0.10074238696668614,0.0015511823014318462
2021-07,FNAC.PA,X9KJT3-R,Consumer Cyclicals,FR,0.01638586968525751,0.09595118496569666,0.0015722436129939452
2021-07,GVC.L,TY565Q-R,Consumer Services,GB,0.03174673646285041,0.049816949741576355,0.0015815255748288883
2021-07,ADYEN.AS,B8DGF3-R,Finance,NL,0.020468760832945167,0.11030420642682359,0.0022577904202184655
2021-07,WOSG.L,F5L9LT-R,Consumer Cyclicals,GB,0.015204965231528379,0.21391869829102084,0.0032526263698887813
2021-07,MUSTI.HE,NQVWVF-R,Consumer Cyclicals,FI,0.029284778622905756,0.11511359477060457,0.0033710761393440365
2021-07,BOKU.L,XJM8M0-R,Finance,US,0.025269625237292384,0.17396481627963922,0.004396025711860904
2021-07,TPE.DE,DKP314-R,Technology,DE,0.012459302988563518,0.38078108922231113,0.004744266962936013
2021-07,LTG.L,JF74F9-R,Technology,GB,0.03848761267655431,0.15090301512167836,0.0058078967977273745
2021-07,FUTR.L,GM88J1-R,Technology,GB,0.0569640609444165,0.11120839048738418,0.006334881533253821
2021-07,FDEV.L,WD63JS-R,Technology,GB,0.04180365180957043,0.15944640316274272,0.006665441920103686
2021-07,AML.L,N8P36V-R,Consumer Cyclicals,GB,0.16192471238653441,0.04881250394248715,0.00790395066175381
2021-08,JAZZ,C5GQP9-R,Healthcare,IE,0.011533127326705344,-0.22304199999999996,-0.002572371785203013
2021-08,BHP,CSSFF1-R,Non-Energy Materials,AU,0.016034258189935792,-0.15809600000000001,-0.002534952082796089
2021-08,RIO,M9L7HV-R,Non-Energy Materials,GB,0.01565871039118984,-0.08672230000000003,-0.0013579593801578832
2021-08,BOKU.L,XJM8M0-R,Finance,US,0.028476477495781,-0.04183468497289555,-0.0011913044651737478
2021-08,BOSS.DE,QVQPN7-R,Consumer Cyclicals,DE,0.016163780348962868,-0.07245456350085866,-0.0011711396497078614
2021-08,TPE.DE,DKP314-R,Technology,DE,0.01640684252499066,-0.05158505701425997,-0.0008463479070756283
2021-08,MUSTI.HE,NQVWVF-R,Consumer Cyclicals,FI,0.031143511748270163,-0.02630100937323232,-0.0008191057944066245
2021-08,LBIRD.PA,NL6284-R,Healthcare,FR,0.014269577838735208,-0.04288403161205001,-0.000611937027126929
2021-08,RAY.ST,B3MGHK-R,Healthcare,SE,0.0027345749202229205,-0.1711851000434469,-0.00046811848129466147
2021-08,FNAC.PA,X9KJT3-R,Consumer Cyclicals,FR,0.016838601538806203,-0.021644439673318305,-0.0003644620951897356
2021-08,ZAL.DE,PM6KP2-R,Consumer Cyclicals,DE,0.020870578667435868,-0.00765652883665191,-0.00015979618740483492
2021-08,BAS1V.HE,BFP734-R,Technology,FI,0.011058307808291219,-0.013186067726362438,-0.00014581559569909057
2021-08,BOOZT.ST,TY2YK8-R,Consumer Non-Cyclicals,SE,0.002273060356753861,-0.05876450347878237,-0.00013357526324194458
2021-08,WOSG.L,F5L9LT-R,Consumer Cyclicals,GB,0.017717694981830234,-0.004804656042454947,-8.512743025282432e-05
2021-08,NOD.OL,CSQ76Z-R,Technology,NO,0.0018736709101520328,-0.016019226283210175,-3.0014758289993772e-05
2021-08,ALK-B.CO,SJKQMD-R,Healthcare,DK,0.0024841476781735324,-0.01201808207941124,-2.9854690693668372e-05
2021-08,TOBII.ST,SJ6JSD-R,Technology,SE,0.0012649110997203067,-0.012089417255462753,-1.5292038075585045e-05
2021-08,FDP.L,G22X5F-R,Finance,GB,0.0010303034100804746,-0.010388662771306123,-1.0703474679452772e-05
2021-08,4385.T,RQ314Y-R,Consumer Non-Cyclicals,JP,0.00012963569666585992,-0.05357899712543723,-6.945750619014162e-06
2021-08,3031.T,R05C6F-R,Consumer Non-Cyclicals,JP,0.00011524812324512938,-0.039634386249361775,-4.567788631211507e-06
2021-08,3064.T,MR4TNK-R,Industrials,JP,0.00011166725864819387,-0.037694472424728565,-4.209238401859376e-06
2021-08,4755.T,TTK7NN-R,Consumer Non-Cyclicals,JP,7.952088131335846e-05,-0.047053904815946956,-3.741767980198984e-06
2021-08,6857.T,KL74SJ-R,Technology,JP,8.893378897440871e-05,-0.01418588935671905,-1.2616048904647626e-06
2021-08,6929.T,JK9MJW-R,Technology,JP,1.0927625108125072e-05,0.03881927547566266,4.2420248936707515e-07
2021-08,3990.T,WRR2XC-R,Business Services,JP,4.862282462428407e-05,0.027448180113019083,1.3346080478910886e-06
2021-08,6594.T,D79WDP-R,Industrials,JP,6.01038263914373e-05,0.026028522237661722,1.5644137817980852e-06
2021-08,6146.T,J4TH5K-R,Technology,JP,0.00011472022843562754,0.023885601118360578,2.740161616620606e-06
2021-08,4751.T,G37DWR-R,Business Services,JP,0.00014360860046687412,0.02401506802540121,3.448770309244646e-06
2021-08,6840.T,GDGB62-R,Industrials,JP,3.457249725016175e-05,0.12659793796251573,4.376806862085222e-06
2021-08,6544.T,KGQVSF-R,Business Services,JP,6.652517536488146e-05,0.14741016620114356,9.806487157097398e-06
2021-08,3844.T,FXRN3F-R,Technology,JP,8.00591142884666e-05,0.26472847984311976,2.1193927623172352e-05
2021-08,6951.T,KGPLVQ-R,Healthcare,JP,0.000200856021368608,0.14110499846087632,2.8341788586075172e-05
2021-08,4689.T,JQZ6DN-R,Consumer Non-Cyclicals,JP,0.0001032137614011368,0.3056006151695476,3.154218897815032e-05
2021-08,ASML,GL3H8G-R,Technology,NL,0.0005216440565407064,0.08647000000000005,4.5106561569074904e-05
2021-08,IQE.L,WC6J51-R,Technology,GB,0.0005886800214086513,0.08136063926026793,4.789538286155608e-05
2021-08,ADE.OL,WY3QLM-R,Technology,NO,0.0023266821392224834,0.037459768222343204,8.715697366233989e-05
2021-08,CAPC.L,J2R4L9-R,Finance,GB,0.018789848404449996,0.006181994508454025,0.0001161587396509935
2021-08,MTLS,CRHQ9D-R,Business Services,BE,0.00987400432210065,0.013320999999999916,0.00013153161157470193
2021-08,VITB.ST,JKHFMB-R,Technology,SE,0.0013176153310895226,0.15736982547866485,0.00020735289470157138
2021-08,DSY.PA,VMHPTJ-R,Technology,FR,0.007445260395305594,0.02998084423077718,0.00022321519216923156
2021-08,ASC.L,PP8053-R,Consumer Cyclicals,GB,0.041894601545538424,0.005594991609366273,0.00023439994412503078
2021-08,TSM,N28HXY-R,Technology,TW,0.015870976538307116,0.020318999999999976,0.00032248237228186193
2021-08,AMP.MI,WJWHT6-R,Healthcare,IT,0.006665080696473548,0.05379625472244043,0.00035855637889311166
2021-08,MOON.L,CQZMC1-R,Consumer Cyclicals,GB,0.017235110827277956,0.022934192067044057,0.0003952733420095832
2021-08,SMDS.L,QCZ86Y-R,Non-Energy Materials,GB,0.01862471390649985,0.03059341220090306,0.0005697935496654413
2021-08,AM3D.DE,VJ2Q9P-R,Industrials,DE,0.009266218448751527,0.06715880942590591,0.0006223081988985173
2021-08,DIA.MI,KXDF6J-R,Healthcare,IT,0.005419007382398889,0.12000395687605647,0.0006503023282284279
2021-08,STM,TZ751N-R,Technology,CH,0.009359213559326915,0.07656900000000011,0.0007166256230241036
2021-08,PETS.L,VZY7HR-R,Consumer Cyclicals,GB,0.014424252174692603,0.053830824095176144,0.0007764693815203394
2021-08,BCART.BR,VHJB07-R,Healthcare,BE,0.01090112013017421,0.07354955333103019,0.0008017725163822148
2021-08,KAHOT.OL,FR4B9H-R,Technology,NO,0.002316210126797994,0.5124382443593785,0.0011869146509437775
2021-08,SEDG,CQY5QT-R,Technology,IL,0.010297856276120084,0.1167720000000001,0.0012025012730750954
2021-08,UMI.BR,L1YNFY-R,Non-Energy Materials,BE,0.02106753919846179,0.060887988681229244,0.0012827600882572947
2021-08,ZOO.L,DP2M95-R,Consumer Services,GB,0.02587779410937766,0.05373090451490525,0.0013904372843473486
2021-08,GVC.L,TY565Q-R,Consumer Services,GB,0.03199224463495607,0.0485980534135817,0.0015547608135899676
2021-08,ASM.AS,GM7H09-R,Technology,NL,0.019118929314154647,0.09048183069634486,0.0017299157252987254
2021-08,IFX.DE,P59ZZH-R,Technology,DE,0.01644394052342416,0.11322914144301555,0.0018619332674073292
2021-08,AML.L,N8P36V-R,Consumer Cyclicals,GB,0.16302082054035638,0.011650571457887615,0.0018992857188288952
2021-08,BB,L8N0YK-R,Technology,CA,0.017038712483538183,0.11857399999999996,0.002020348294023056
2021-08,LTG.L,JF74F9-R,Technology,GB,0.04251981351711398,0.050603835520503404,0.0021516656495825133
2021-08,FDEV.L,WD63JS-R,Technology,GB,0.046526121224981516,0.046639767596295734,0.0021699674810902203
2021-08,OCDO.L,LHPBFK-R,Industrials,GB,0.03593733170057291,0.06933176047991774,0.002491598473751476
2021-08,DMP.DE,K4VMR1-R,Healthcare,DE,0.017257567692953134,0.15589262410634386,0.0026903275133473266
2021-08,ADYEN.AS,B8DGF3-R,Finance,NL,0.021674047434686955,0.1847158432649545,0.004003539948862825
2021-08,ROSE.SW,NB7GLC-R,Consumer Non-Cyclicals,CH,0.027931233837605447,0.15453077746482013,0.004316235280476861
2021-08,ACSO.L,SRS2M0-R,Consumer Services,GB,0.020473978020829935,0.21108837849869033,0.004321818821834816
2021-08,FUTR.L,GM88J1-R,Technology,GB,0.060761476824926414,0.09964946989060142,0.00605484895537398
2021-09,ASC.L,PP8053-R,Consumer Cyclicals,GB,0.04414128668109696,-0.24584744660948799,-0.010852022620605088
2021-09,AML.L,N8P36V-R,Consumer Cyclicals,GB,0.15141746566291403,-0.06736459432997643,-0.01020017614885534
2021-09,FDEV.L,WD63JS-R,Technology,GB,0.055035918679165914,-0.15229590126940673,-0.00838174483743335
2021-09,OCDO.L,LHPBFK-R,Industrials,GB,0.034710764685434166,-0.19416621607904772,-0.006739657836180989
2021-09,ZOO.L,DP2M95-R,Consumer Services,GB,0.024629947936864773,-0.2107613483097145,-0.0051910410359716904
2021-09,ZAL.DE,PM6KP2-R,Consumer Cyclicals,DE,0.026922500204529947,-0.1683707611478057,-0.004532961851438661
2021-09,FUTR.L,GM88J1-R,Technology,GB,0.06035155285536603,-0.06482448921849393,-0.003912258587392042
2021-09,MUSTI.HE,NQVWVF-R,Consumer Cyclicals,FI,0.03247392154490323,-0.11144928511517993,-0.003619195341065904
2021-09,BB,L8N0YK-R,Technology,CA,0.023363558122246532,-0.144725,-0.0033812909492421292
2021-09,LTG.L,JF74F9-R,Technology,GB,0.0403493277165892,-0.08227260031769601,-0.003319644112314677
2021-09,MOON.L,CQZMC1-R,Consumer Cyclicals,GB,0.01592458917413858,-0.19572054613804646,-0.0031167692901864254
2021-09,ADYEN.AS,B8DGF3-R,Finance,NL,0.023325063464616158,-0.1314611034097649,-0.003066338580161234
2021-09,BCART.BR,VHJB07-R,Healthcare,BE,0.01563337337445709,-0.13438783441688995,-0.0021009351924239556
2021-09,SMDS.L,QCZ86Y-R,Non-Energy Materials,GB,0.02253856386593317,-0.08933782565178938,-0.0020135462890964574
2021-09,ROSE.SW,NB7GLC-R,Consumer Non-Cyclicals,CH,0.029112618505501318,-0.06810523367276078,-0.001982721686143107
2021-09,UMI.BR,L1YNFY-R,Non-Energy Materials,BE,0.020239076959803426,-0.09595088727896162,-0.0019419573920003276
2021-09,SEDG,CQY5QT-R,Technology,IL,0.02128797257085403,-0.08475390000000005,-0.0018042386984729064
2021-09,BAS1V.HE,BFP734-R,Technology,FI,0.009912716672018478,-0.17813046494979112,-0.0017657568297021976
2021-09,BHP,CSSFF1-R,Non-Energy Materials,AU,0.012318114618789552,-0.13033000000000006,-0.001605419878266843
2021-09,WOSG.L,F5L9LT-R,Consumer Cyclicals,GB,0.015926541165522393,-0.09150003243819327,-0.0014572790332735195
2021-09,RIO,M9L7HV-R,Non-Energy Materials,GB,0.012427791075261655,-0.10989700000000002,-0.0013657769557980303
2021-09,PETS.L,VZY7HR-R,Consumer Cyclicals,GB,0.019614252969467585,-0.06306994037223423,-0.001237069765230239
2021-09,MTLS,CRHQ9D-R,Business Services,BE,0.013695071489290268,-0.0888485,-0.0012167865592162064
2021-09,TSM,N28HXY-R,Technology,TW,0.019702030316596373,-0.05858260000000004,-0.0011541961612250395
2021-09,CAPC.L,J2R4L9-R,Finance,GB,0.017027743365299764,-0.0675032448644296,-0.0011494279298764965
2021-09,AM3D.DE,VJ2Q9P-R,Industrials,DE,0.008982566063928017,-0.12739947738173185,-0.0011443742220913094
2021-09,AMP.MI,WJWHT6-R,Healthcare,IT,0.012760296754338278,-0.08496118936722774,-0.0010841299889273559
2021-09,FNAC.PA,X9KJT3-R,Consumer Cyclicals,FR,0.02660412477657282,-0.03189511103864506,-0.0008485415138347583
2021-09,DSY.PA,VMHPTJ-R,Technology,FR,0.006965909518586982,-0.07437519544690008,-0.0005180908819103284
2021-09,DIA.MI,KXDF6J-R,Healthcare,IT,0.005513252531066457,-0.07711418688774141,-0.0004251499860399721
2021-09,ADE.OL,WY3QLM-R,Technology,NO,0.0027152972057233344,-0.15252522836945737,-0.00041415132639390103
2021-09,BOOZT.ST,TY2YK8-R,Consumer Non-Cyclicals,SE,0.0019444717825084104,-0.19092654119453722,-0.00037125127188470725
2021-09,BOKU.L,XJM8M0-R,Finance,US,0.024645151258815612,-0.014189626268261035,-0.0003497054856873565
2021-09,RAY.ST,B3MGHK-R,Healthcare,SE,0.002059872031115794,-0.14802284692270662,-0.0003049081223422179
2021-09,ALK-B.CO,SJKQMD-R,Healthcare,DK,0.0019091030669879617,-0.13809871730108259,-0.00026364468474660024
2021-09,TOBII.ST,SJ6JSD-R,Technology,SE,0.0017035733206904066,-0.14295792962805975,-0.00024353931489549922
2021-09,IFX.DE,P59ZZH-R,Technology,DE,0.005134121063881479,-0.03128045818936631,-0.0001605976592778895
2021-09,STM,TZ751N-R,Technology,CH,0.00919419803972751,-0.01685800000000004,-0.00015499579055372673
2021-09,NOD.OL,CSQ76Z-R,Technology,NO,0.0017073613594928703,-0.08255131032685414,-0.0001409449174275755
2021-09,JAZZ,C5GQP9-R,Healthcare,IE,0.010902253646747786,-0.01138870000000003,-0.00012416249610671683
2021-09,VITB.ST,JKHFMB-R,Technology,SE,0.0013859682121376876,-0.05965798900534436,-8.268407636146695e-05
2021-09,IQE.L,WC6J51-R,Technology,GB,0.0005749817712646006,-0.11644737138890404,-6.695511586029882e-05
2021-09,ASML,GL3H8G-R,Technology,NL,0.0005171596715067256,-0.10555300000000001,-5.458775480654941e-05
2021-09,3031.T,R05C6F-R,Consumer Non-Cyclicals,JP,0.00010089461233536453,-0.3174437514596429,-3.2028364241804476e-05
2021-09,FDP.L,G22X5F-R,Finance,GB,0.0009209489653732358,-0.024274915882714132,-2.235595866670791e-05
2021-09,6544.T,KGQVSF-R,Business Services,JP,0.0001192848942598011,-0.1278321885786181,-1.5248449097599416e-05
2021-09,4755.T,TTK7NN-R,Consumer Non-Cyclicals,JP,0.0001282897936392149,-0.07833096604092427,-1.0049063468950525e-05
2021-09,6146.T,J4TH5K-R,Technology,JP,0.0001619856188511906,-0.03314957553743492,-5.3697545080856845e-06
2021-09,3990.T,WRR2XC-R,Business Services,JP,6.950917622715319e-05,-0.06553706955654826,-4.555427717217309e-06
2021-09,4689.T,JQZ6DN-R,Consumer Non-Cyclicals,JP,0.00018426248903143365,-0.016836909143664647,-3.102410786407752e-06
2021-09,6594.T,D79WDP-R,Industrials,JP,9.945888974840689e-05,-0.031026835947083886,-3.085894655702924e-06
2021-09,6951.T,KGPLVQ-R,Healthcare,JP,0.0002785780936724051,-0.00643951611674165,-1.7939081239746177e-06
2021-09,6929.T,JK9MJW-R,Technology,JP,1.0348164112929035e-05,9.204320302269586e-05,9.524781703585027e-10
2021-09,6840.T,GDGB62-R,Industrials,JP,3.550562629079394e-05,0.019925396768670778,7.074636913642177e-07
2021-09,3064.T,MR4TNK-R,Industrials,JP,9.795721088615798e-05,0.01894093355776527,1.8554010228987193e-06
2021-09,3844.T,FXRN3F-R,Technology,JP,9.23008176494565e-05,0.023307027407028835,2.1512576866470536e-06
2021-09,6857.T,KL74SJ-R,Technology,JP,7.992072458772147e-05,0.03998092491109917,3.195304488582329e-06
2021-09,4751.T,G37DWR-R,Business Services,JP,0.00013405537837060552,0.05802008617168797,7.777904604840767e-06
2021-09,4385.T,RQ314Y-R,Consumer Non-Cyclicals,JP,0.00015844343272090634,0.11220180610430086,1.7777639316650973e-05
2021-09,KAHOT.OL,FR4B9H-R,Technology,NO,0.0032441505125042516,0.05391079198069404,0.00017489472343367867
2021-09,DMP.DE,K4VMR1-R,Healthcare,DE,0.01812031313318304,0.04350233792101643,0.0007882759851543606
2021-09,LBIRD.PA,NL6284-R,Healthcare,FR,0.012406361017262163,0.12649148715268788,0.0015692990552266246
2021-09,GVC.L,TY565Q-R,Consumer Services,GB,0.030301182263632015,0.07516513034001493,0.0022775923143024492
2021-09,TPE.DE,DKP314-R,Technology,DE,0.02355813559818235,0.1368255225770394,0.0032233542141620543
2021-09,ACSO.L,SRS2M0-R,Consumer Services,GB,0.022396687835726018,0.17163799658194345,0.003844122630195197
2021-10,AML.L,N8P36V-R,Consumer Cyclicals,GB,0.1429636490624035,-0.08346950648744944,-0.011933105232883734
2021-10,ASC.L,PP8053-R,Consumer Cyclicals,GB,0.039511409470467364,-0.15016949656735867,-0.005933408468846851
2021-10,ROSE.SW,NB7GLC-R,Consumer Non-Cyclicals,CH,0.02752883514938794,-0.10936624954025942,-0.003010725454500626
2021-10,LTG.L,JF74F9-R,Technology,GB,0.037487612811661374,-0.06335158234017157,-0.0023748995897744365
2021-10,ORP.PA,K01WHX-R,Healthcare,FR,0.011580891132024753,-0.09793849143080635,-0.0011342150068949077
2021-10,AM3D.DE,VJ2Q9P-R,Industrials,DE,0.01593019124254293,-0.0691420713103682,-0.0011014464188797064
2021-10,FUTR.L,GM88J1-R,Technology,GB,0.05713724371673397,-0.017249021198224135,-0.000985561528078043
2021-10,RIO,M9L7HV-R,Non-Energy Materials,GB,0.011430529203445635,-0.05312779999999995,-0.0006072788694148184
2021-10,KAHOT.OL,FR4B9H-R,Technology,NO,0.003523274291734864,-0.16027295009790976,-0.0005646855647404702
2021-10,SMDS.L,QCZ86Y-R,Non-Energy Materials,GB,0.020778842092076907,-0.02539597719171116,-0.000527698999840553
2021-10,UMI.BR,L1YNFY-R,Non-Energy Materials,BE,0.018562318342515108,-0.025557051007914278,-0.00047439811670480143
2021-10,GVC.L,TY565Q-R,Consumer Services,GB,0.03298165195079406,-0.011693446829160736,-0.0003856691934244958
2021-10,FNAC.PA,X9KJT3-R,Consumer Cyclicals,FR,0.026128883594067124,-0.006228988648650513,-0.00016275651930935473
2021-10,ACSO.L,SRS2M0-R,Consumer Services,GB,0.026565326297255647,-0.004700180389936914,-0.0001248618257146364
2021-10,BOKU.L,XJM8M0-R,Finance,US,0.02459587672549034,-0.003668705454349608,-9.023502709731699e-05
2021-10,FDP.L,G22X5F-R,Finance,GB,0.000909705203610299,-0.08584493107752622,-7.809358050479308e-05
2021-10,ADE.OL,WY3QLM-R,Technology,NO,0.0032095063120263865,-0.024258598536892717,-7.785812512507125e-05
2021-10,BAS1V.HE,BFP734-R,Technology,FI,0.015694291133819295,-0.003843948211527226,-6.032804233503228e-05
2021-10,4751.T,G37DWR-R,Business Services,JP,0.0001435764371598147,-0.1357777112855948,-1.9494480032099662e-05
2021-10,3990.T,WRR2XC-R,Business Services,JP,6.608599216086155e-05,-0.25461316510527066,-1.6826363633199064e-05
2021-10,6857.T,KL74SJ-R,Technology,JP,8.41453683495586e-05,-0.08354524414621001,-7.029945342536646e-06
2021-10,6146.T,J4TH5K-R,Technology,JP,0.00015834077283236587,-0.03835626457053931,-6.0733605750618884e-06
2021-10,6544.T,KGQVSF-R,Business Services,JP,0.00010584986686783253,-0.056856995682614486,-6.018305423509672e-06
2021-10,4689.T,JQZ6DN-R,Consumer Non-Cyclicals,JP,0.00018431772432143278,-0.030847657765675218,-5.68577008001563e-06
2021-10,6840.T,GDGB62-R,Industrials,JP,3.684429147893695e-05,-0.1479234219504898,-5.450133674905626e-06
2021-10,4385.T,RQ314Y-R,Consumer Non-Cyclicals,JP,0.0001792927927978708,-0.016385996134112846,-2.9378910096602064e-06
2021-10,3844.T,FXRN3F-R,Technology,JP,9.58442653209846e-05,-0.024290274488306007,-2.328083512776744e-06
2021-10,6929.T,JK9MJW-R,Technology,JP,1.052951482016203e-05,-0.05451553754129468,-5.740221604701618e-07
2021-10,6594.T,D79WDP-R,Industrials,JP,9.781661584620415e-05,-0.0028878929016810106,-2.8248391056871123e-07
2021-10,3031.T,R05C6F-R,Consumer Non-Cyclicals,JP,7.006662353958684e-05,0.0014876368034562049,1.0423368787140025e-07
2021-10,3064.T,MR4TNK-R,Industrials,JP,0.00010155247444237606,0.007072318901440999,7.182114844869202e-07
2021-10,NOD.OL,CSQ76Z-R,Technology,NO,0.0016141688751473116,0.0020751566995953485,3.3496533555402314e-06
2021-10,IQE.L,WC6J51-R,Technology,GB,0.0005143108954649477,0.017046209866409923,8.767051460676712e-06
2021-10,6951.T,KGPLVQ-R,Healthcare,JP,0.0002811294501417167,0.032013981068254704,9.000072894565772e-06
2021-10,4755.T,TTK7NN-R,Consumer Non-Cyclicals,JP,0.00012030183125774681,0.13923869509349607,1.6750670001686622e-05
2021-10,ASML,GL3H8G-R,Technology,NL,0.0004779819822721141,0.09095300000000006,4.3473895233595624e-05
2021-10,RAY.ST,B3MGHK-R,Healthcare,SE,0.0017906484199093165,0.028250201531059727,5.058617873371185e-05
2021-10,ALK-B.CO,SJKQMD-R,Healthcare,DK,0.0016694692842424631,0.04015469444518738,6.703702899438178e-05
2021-10,BOOZT.ST,TY2YK8-R,Consumer Non-Cyclicals,SE,0.0024118464918575205,0.03212864075791133,7.7489349500119e-05
2021-10,TOBII.ST,SJ6JSD-R,Technology,SE,0.0014897214850999223,0.07930101236138132,0.00011813642190492427
2021-10,VITB.ST,JKHFMB-R,Technology,SE,0.001328644770161584,0.09777357537489562,0.00012990634958185448
2021-10,JAZZ,C5GQP9-R,Healthcare,IE,0.01113715360356672,0.02173399999999992,0.0002420548964199182
2021-10,BHP,CSSFF1-R,Non-Energy Materials,AU,0.010299792926361295,0.024663700000000066,0.00025403100279789776
2021-10,CAPC.L,J2R4L9-R,Finance,GB,0.0160746917039778,0.02107019556803791,0.0003386968978987288
2021-10,TSM,N28HXY-R,Technology,TW,0.019099350277831568,0.018360900000000013,0.0003506812605162379
2021-10,DIA.MI,KXDF6J-R,Healthcare,IT,0.0051618491161808285,0.08481292839446519,0.00043779153947367806
2021-10,IFX.DE,P59ZZH-R,Technology,DE,0.005045608904305336,0.14512455158855753,0.000732241729728545
2021-10,DSY.PA,VMHPTJ-R,Technology,FR,0.006541272268401324,0.11593769099289553,0.0007583800029543094
2021-10,ZAL.DE,PM6KP2-R,Consumer Cyclicals,DE,0.022714049127136617,0.035762144266295426,0.0008123031017563814
2021-10,STM,TZ751N-R,Technology,CH,0.00932942960839444,0.09190919999999991,0.0008574604117638453
2021-10,AMP.MI,WJWHT6-R,Healthcare,IT,0.011845400573014583,0.07428785360813617,0.0008799693836978395
2021-10,PETS.L,VZY7HR-R,Consumer Cyclicals,GB,0.02790666275093409,0.03172697111705047,0.0008853938830721542
2021-10,MOON.L,CQZMC1-R,Consumer Cyclicals,GB,0.012966215062811535,0.07298792150753175,0.0009463770872542642
2021-10,DMP.DE,K4VMR1-R,Healthcare,DE,0.019182648694940123,0.050539062453179184,0.0009694730804109751
2021-10,TPE.DE,DKP314-R,Technology,DE,0.02716966879004559,0.047031543414858046,0.0012778314572663427
2021-10,FDEV.L,WD63JS-R,Technology,GB,0.04723112025845394,0.03417051314009334,0.001613911615412829
2021-10,ADYEN.AS,B8DGF3-R,Finance,NL,0.020552344866763567,0.08859316159500108,0.0018207972099373757
2021-10,ZOO.L,DP2M95-R,Consumer Services,GB,0.01967919080760086,0.0972699824351293,0.0019141945441928936
2021-10,LBIRD.PA,NL6284-R,Healthcare,FR,0.019612149242595207,0.10031564088233891,0.001967405320351016
2021-10,MTLS,CRHQ9D-R,Business Services,BE,0.012893985913045717,0.20049699999999993,0.0025852054936079264
2021-10,BB,L8N0YK-R,Technology,CA,0.030990117799352557,0.10822899999999991,0.003354029459306125
2021-10,OCDO.L,LHPBFK-R,Industrials,GB,0.0347526817426899,0.11474461715106066,0.0039876831615376085
2021-10,MUSTI.HE,NQVWVF-R,Consumer Cyclicals,FI,0.03815699126835328,0.10744951304739137,0.004099950131138124
2021-10,WOSG.L,F5L9LT-R,Consumer Cyclicals,GB,0.021972285726247133,0.22997552864728177,0.0050530880254828076
2021-10,SEDG,CQY5QT-R,Technology,IL,0.02013281500944585,0.33730499999999997,0.006790899166761131
2021-11,AML.L,N8P36V-R,Consumer Cyclicals,GB,0.11099888339942071,-0.1631358842490478,-0.018107900994021448
2021-11,FDEV.L,WD63JS-R,Technology,GB,0.04701927897973287,-0.30565157904577234,-0.014371516865749043
2021-11,GVC.L,TY565Q-R,Consumer Services,GB,0.032663128693252386,-0.21373815052508527,-0.00698135671725861
2021-11,LTG.L,JF74F9-R,Technology,GB,0.03435053022305057,-0.17365518925987067,-0.005965147827060754
2021-11,MUSTI.HE,NQVWVF-R,Consumer Cyclicals,FI,0.033272748526067875,-0.15457608962423008,-0.005143171358209938
2021-11,BB,L8N0YK-R,Technology,CA,0.03622977199693094,-0.12044199999999994,-0.004363586198854354
2021-11,BOKU.L,XJM8M0-R,Finance,US,0.02720065389604746,-0.10901602335327631,-0.002965307120355896
2021-11,ACSO.L,SRS2M0-R,Consumer Services,GB,0.028261273375536192,-0.10270646644423487,-0.0029026155256158563
2021-11,ASC.L,PP8053-R,Consumer Cyclicals,GB,0.033251325077159714,-0.08611427200296873,-0.002863413652153667
2021-11,SMDS.L,QCZ86Y-R,Non-Energy Materials,GB,0.025682044877113383,-0.09835469855912837,-0.002525949782270494
2021-11,DMP.DE,K4VMR1-R,Healthcare,DE,0.025784854473806736,-0.09783510302627663,-0.002522663893962432
2021-11,UMI.BR,L1YNFY-R,Non-Energy Materials,BE,0.014242269029473885,-0.16148248435896984,-0.002299876985788257
2021-11,AM3D.DE,VJ2Q9P-R,Industrials,DE,0.015574534801208946,-0.1385343083761208,-0.0021576074069653054
2021-11,FNAC.PA,X9KJT3-R,Consumer Cyclicals,FR,0.02555687069061019,-0.07823273456404745,-0.0019993838810261908
2021-11,ORP.PA,K01WHX-R,Healthcare,FR,0.01850764355600027,-0.10626525432642486,-0.001966719449461187
2021-11,OCDO.L,LHPBFK-R,Industrials,GB,0.048309527992663165,-0.03920505073795355,-0.0018939774960789468
2021-11,ADYEN.AS,B8DGF3-R,Finance,NL,0.01761641358040272,-0.09374974580495021,-0.0016515342951576278
2021-11,SEDG,CQY5QT-R,Technology,IL,0.021230633575411516,-0.07589939999999995,-0.0016113923499935878
2021-11,JAZZ,C5GQP9-R,Healthcare,IE,0.01570283900910421,-0.09899269999999993,-0.0015544664311765493
2021-11,PETS.L,VZY7HR-R,Consumer Cyclicals,GB,0.02308110065530654,-0.06599194043393042,-0.0015231666195945415
2021-11,ZOO.L,DP2M95-R,Consumer Services,GB,0.01731035427052135,-0.07713981805913017,-0.0013353175789671038
2021-11,FUTR.L,GM88J1-R,Technology,GB,0.05626734278798557,-0.019877190572305192,-0.0011184366955940114
2021-11,CAPC.L,J2R4L9-R,Finance,GB,0.01842087663127567,-0.052148870792979585,-0.000960627915337812
2021-11,ZAL.DE,PM6KP2-R,Consumer Cyclicals,DE,0.01852444230964952,-0.04903487547455987,-0.0009083437218893324
2021-11,AMP.MI,WJWHT6-R,Healthcare,IT,0.015029766708576489,-0.05164915611830756,-0.0007762747671530086
2021-11,LBIRD.PA,NL6284-R,Healthcare,FR,0.0169915516109015,-0.03573512142417212,-0.0006071951600006525
2021-11,MOON.L,CQZMC1-R,Consumer Cyclicals,GB,0.011152997268181258,-0.050257750023309344,-0.0005605245487149057
2021-11,BAS1V.HE,BFP734-R,Technology,FI,0.015952071458432898,-0.03490743665391849,-0.0005568459239340275
2021-11,ADE.OL,WY3QLM-R,Technology,NO,0.0025482580604290392,-0.13848547097376884,-0.0003528967176612182
2021-11,RAY.ST,B3MGHK-R,Healthcare,SE,0.0019025241898874402,-0.17286762015707402,-0.000328884828997107
2021-11,DIA.MI,KXDF6J-R,Healthcare,IT,0.004409107766554138,-0.06605196145147985,-0.0002912302162318543
2021-11,IFX.DE,P59ZZH-R,Technology,DE,0.004549426010433907,-0.044521602095211166,-0.0002025477345981424
2021-11,RIO,M9L7HV-R,Non-Energy Materials,GB,0.01920296284029338,-0.009167079999999994,-0.00017603509659399653
2021-11,KAHOT.OL,FR4B9H-R,Technology,NO,0.00240743822186066,-0.05820906223904965,-0.00014013472129295417
2021-11,IQE.L,WC6J51-R,Technology,GB,0.00041932754688302215,-0.29000817709718185,-0.00012160841747817831
2021-11,FDP.L,G22X5F-R,Finance,GB,0.0006666596765939936,-0.028267260122394,-1.8844642491393476e-05
2021-11,6544.T,KGQVSF-R,Business Services,JP,0.00010912654594395439,-0.13970461198521478,-1.5245481758386861e-05
2021-11,4755.T,TTK7NN-R,Consumer Non-Cyclicals,JP,0.00014642355164699668,-0.07273443386053635,-1.0650034132893309e-05
2021-11,3064.T,MR4TNK-R,Industrials,JP,7.891253053555935e-05,-0.12702559315449646,-1.002391099860174e-05
2021-11,ASML,GL3H8G-R,Technology,NL,0.00041119288851002803,-0.02410970000000001,-9.913737184110228e-06
2021-11,3990.T,WRR2XC-R,Business Services,JP,3.800895928886857e-05,-0.17713167788638007,-6.732590733552401e-06
2021-11,3031.T,R05C6F-R,Consumer Non-Cyclicals,JP,0.0001158893377379785,-0.03744183585386518,-4.339109560798534e-06
2021-11,6840.T,GDGB62-R,Industrials,JP,2.4223873937092085e-05,-0.16092749248154636,-3.898287290885314e-06
2021-11,6929.T,JK9MJW-R,Technology,JP,7.6817038341569e-06,-0.031761535582909395,-2.4398270966594596e-07
2021-11,6594.T,D79WDP-R,Industrials,JP,0.00014069934069363394,0.032499825077722866,4.572703961094037e-06
2021-11,6920.T,Q3WN7R-R,Technology,JP,3.25776073411519e-05,0.18641073416819443,6.0728157019072864e-06
2021-11,6857.T,KL74SJ-R,Technology,JP,0.00012021957133453316,0.0689705734877113,8.29161277938957e-06
2021-11,6146.T,J4TH5K-R,Technology,JP,0.0001573174376271863,0.06359946157359597,1.0005304329226817e-05
2021-11,4689.T,JQZ6DN-R,Consumer Non-Cyclicals,JP,0.00018377765895839093,0.06339619793312856,1.1650804843013149e-05
2021-11,4385.T,RQ314Y-R,Consumer Non-Cyclicals,JP,0.00013607626411953825,0.11847415523815097,1.612152043952581e-05
2021-11,3844.T,FXRN3F-R,Technology,JP,0.00011224502155466763,0.14583088547431977,1.636879088340129e-05
2021-11,4751.T,G37DWR-R,Business Services,JP,0.00020212242995022118,0.09975912476565929,2.0163556707342345e-05
2021-11,6951.T,KGPLVQ-R,Healthcare,JP,0.0002238653150648667,0.0993438120228578,2.2239633778241956e-05
2021-11,VITB.ST,JKHFMB-R,Technology,SE,0.002343141098489489,0.01714385998185386,4.0170482910231046e-05
2021-11,TOBII.ST,SJ6JSD-R,Technology,SE,0.0012915006568477946,0.07954858647792906,0.00010273705168755898
2021-11,DSY.PA,VMHPTJ-R,Technology,FR,0.005747682762005883,0.020518657447805344,0.0001179347337122544
2021-11,MTLS,CRHQ9D-R,Business Services,BE,0.01830913123661606,0.009117360000000074,0.00016693094077147516
2021-11,BOOZT.ST,TY2YK8-R,Consumer Non-Cyclicals,SE,0.001999540285380197,0.1119274774649559,0.0002238035002321635
2021-11,NOD.OL,CSQ76Z-R,Technology,NO,0.001914463126313441,0.12842613101002143,0.00024586709227378517
2021-11,STM,TZ751N-R,Technology,CH,0.016065699905371628,0.018891699999999956,0.00030350838290230846
2021-11,BHP,CSSFF1-R,Non-Energy Materials,AU,0.01849376538225399,0.024617099999999947,0.00045526287179148374
2021-11,ALK-B.CO,SJKQMD-R,Healthcare,DK,0.003204300349593249,0.1431172121928621,0.0004585905330623993
2021-11,TSM,N28HXY-R,Technology,TW,0.01533728026230692,0.030343100000000067,0.0004653806287272061
2021-11,ROSE.SW,NB7GLC-R,Consumer Non-Cyclicals,CH,0.019737829859748004,0.06066262118676957,0.0011973484958308024
2021-11,TPE.DE,DKP314-R,Technology,DE,0.03135903044166302,0.060068375797152296,0.001883686025204153
2021-11,WOSG.L,F5L9LT-R,Consumer Cyclicals,GB,0.021664840828571313,0.15231494657032396,0.0032998790732584127
2021-12,AML.L,N8P36V-R,Consumer Cyclicals,GB,0.1019961363587847,-0.0741622823245972,-0.007564266260658305
2021-12,ROSE.SW,NB7GLC-R,Consumer Non-Cyclicals,CH,0.02351707754445037,-0.3184427233022974,-0.007488842217366081
2021-12,OCDO.L,LHPBFK-R,Industrials,GB,0.05096521512429539,-0.05257398428921134,-0.002679444419240982
2021-12,UMI.BR,L1YNFY-R,Non-Energy Materials,BE,0.013214686941894834,-0.16647292802647184,-0.002199887628170416
2021-12,ZAL.DE,PM6KP2-R,Consumer Cyclicals,DE,0.019492853113225836,-0.11115161265480089,-0.0021666620587782078
2021-12,SEDG,CQY5QT-R,Technology,IL,0.012260191989702626,-0.14397700000000002,-0.0017651856621014152
2021-12,BOKU.L,XJM8M0-R,Finance,US,0.02661091575386374,-0.04705786803382195,-0.0012522529618044734
2021-12,MRX.DE,GGGVQ0-R,Consumer Non-Cyclicals,DE,0.013606647821762841,-0.08939542512156373,-0.0012163720665058883
2021-12,TPE.DE,DKP314-R,Technology,DE,0.045192115426654245,-0.02512284074120752,-0.001135354318622102
2021-12,ADYEN.AS,B8DGF3-R,Finance,NL,0.017665719933941077,-0.05292509339741436,-0.0009349598774363961
2021-12,BAS1V.HE,BFP734-R,Technology,FI,0.017035376764805984,-0.04907154416127224,-0.0008359522432180879
2021-12,TOBII.ST,SJ6JSD-R,Technology,SE,0.0015011725653460205,-0.48560915322816245,-0.0007289831383070293
2021-12,DIA.MI,KXDF6J-R,Healthcare,IT,0.004556580840357498,-0.11036642241541839,-0.0005028935257968977
2021-12,BB,L8N0YK-R,Technology,CA,0.036331857377294094,-0.013650300000000004,-0.0004959407527572777
2021-12,MTLS,CRHQ9D-R,Business Services,BE,0.02101929706651623,-0.01971250000000002,-0.0004143428934237016
2021-12,KAHOT.OL,FR4B9H-R,Technology,NO,0.0029935041259509625,-0.06909203759126359,-0.00020682729959980656
2021-12,ADE.OL,WY3QLM-R,Technology,NO,0.002318817787967109,-0.07336711501189974,-0.00017012497134142183
2021-12,DSY.PA,VMHPTJ-R,Technology,FR,0.006490518857500345,-0.013793438076461162,-8.952656994503446e-05
2021-12,4751.T,G37DWR-R,Business Services,JP,0.0005212715241084399,-0.09552922404563635,-4.979666421516549e-05
2021-12,4385.T,RQ314Y-R,Consumer Non-Cyclicals,JP,0.00017387986936878447,-0.1587980901042061,-2.7611791163331822e-05
2021-12,4689.T,JQZ6DN-R,Consumer Non-Cyclicals,JP,0.00022326912092722473,-0.12221084924243275,-2.7285908878127548e-05
2021-12,FDP.L,G22X5F-R,Finance,GB,0.0007113140020556596,-0.03198363980116892,-2.2750410827276143e-05
2021-12,3064.T,MR4TNK-R,Industrials,JP,0.00012893798223027062,-0.08865042318411098,-1.1430406689218872e-05
2021-12,6951.T,KGPLVQ-R,Healthcare,JP,0.0002811649225544107,-0.04018538461047516,-1.1298720551823456e-05
2021-12,3031.T,R05C6F-R,Consumer Non-Cyclicals,JP,0.00012744167926696573,-0.08836320068340109,-1.1261154680496528e-05
2021-12,NOD.OL,CSQ76Z-R,Technology,NO,0.002281816150219893,-0.0016953504249266338,-3.868477979879751e-06
2021-12,4755.T,TTK7NN-R,Consumer Non-Cyclicals,JP,0.0001551157272152587,-0.0130715805434648,-2.027607721852369e-06
2021-12,3990.T,WRR2XC-R,Business Services,JP,3.573200640263022e-05,-0.044307581368252524,-1.5831987811354586e-06
2021-12,6929.T,JK9MJW-R,Technology,JP,8.49729792464035e-06,-0.009559484335146418,-8.122978640167158e-08
2021-12,6544.T,KGQVSF-R,Business Services,JP,0.00010725537519304775,-0.0002367305568541367,-2.5390624695049552e-08
2021-12,3844.T,FXRN3F-R,Technology,JP,0.0001469361238828384,0.012630619882143757,1.8558943277197169e-06
2021-12,6840.T,GDGB62-R,Industrials,JP,2.3221175665837132e-05,0.11293279204980156,2.622432202621897e-06
2021-12,ASML,GL3H8G-R,Technology,NL,0.00045549579250152663,0.005849599999999899,2.6644681878168845e-06
2021-12,IQE.L,WC6J51-R,Technology,GB,0.00032690281927850486,0.013768333343629147,4.5009069867986116e-06
2021-12,6594.T,D79WDP-R,Industrials,JP,0.00016596745730526746,0.028620525958163556,4.750075920015809e-06
2021-12,6920.T,Q3WN7R-R,Technology,JP,4.415654798765221e-05,0.17450067581938788,7.705347465696543e-06
2021-12,6857.T,KL74SJ-R,Technology,JP,0.0001468188557796477,0.07915249835405636,1.1621079240443001e-05
2021-12,6146.T,J4TH5K-R,Technology,JP,0.00019115948114965483,0.06642312153368435,1.2697409448719566e-05
2021-12,VITB.ST,JKHFMB-R,Technology,SE,0.002566106232797257,0.01510045511801894,3.8749371996423646e-05
2021-12,RAY.ST,B3MGHK-R,Healthcare,SE,0.0016943358270915783,0.049920991272610404,8.45829240371098e-05
2021-12,IFX.DE,P59ZZH-R,Technology,DE,0.0048099794806388515,0.02364168487286067,0.00011371601912618975
2021-12,STM,TZ751N-R,Technology,CH,0.018622435402394666,0.00805520999999998,0.00015000762787772316
2021-12,BOOZT.ST,TY2YK8-R,Consumer Non-Cyclicals,SE,0.0023938698508717874,0.0728159042023604,0.00017431179773399883
2021-12,ALK-B.CO,SJKQMD-R,Healthcare,DK,0.004054322595391277,0.04333287475581238,0.0001756854532457504
2021-12,ACSO.L,SRS2M0-R,Consumer Services,GB,0.027844310579280922,0.006386599499754286,0.00017783046001663852
2021-12,PETS.L,VZY7HR-R,Consumer Cyclicals,GB,0.02367104315629404,0.01876127417522988,0.0004440989306689314
2021-12,BOSS.DE,QVQPN7-R,Consumer Cyclicals,DE,0.012587368035532186,0.03931911609308458,0.000494924185095472
2021-12,TSM,N28HXY-R,Technology,TW,0.017977901173387188,0.03032529999999989,0.0005451852464533164
2021-12,FDEV.L,WD63JS-R,Technology,GB,0.035847927872149674,0.017197110738347288,0.0006164807853576441
2021-12,GVC.L,TY565Q-R,Consumer Services,GB,0.02819912278933244,0.022271984326648786,0.0006280504207892567
2021-12,ZOO.L,DP2M95-R,Consumer Services,GB,0.017540901915775405,0.04728128415363608,0.0008293563677908365
2021-12,JAZZ,C5GQP9-R,Healthcare,IE,0.016095899589818028,0.0628181000000001,0.0010111138300231495
2021-12,CAPC.L,J2R4L9-R,Finance,GB,0.019171659597689128,0.053168338242196134,0.0010193252821541815
2021-12,ASC.L,PP8053-R,Consumer Cyclicals,GB,0.03336654023324462,0.031016587767137782,0.0010349162236301657
2021-12,ORP.PA,K01WHX-R,Healthcare,FR,0.018303135940887432,0.05930987908426144,0.0010855567795168334
2021-12,MUSTI.HE,NQVWVF-R,Consumer Cyclicals,FI,0.031126399880371962,0.04463674930048933,0.0013893813080869443
2021-12,ASR,DP1CY0-R,Industrials,MX,0.012269648994908003,0.12809800000000005,0.0015717174969497258
2021-12,AMP.MI,WJWHT6-R,Healthcare,IT,0.015772006180046018,0.10349613389641243,0.001632341663425087
2021-12,WOSG.L,F5L9LT-R,Consumer Cyclicals,GB,0.02741177759940859,0.06475662268381366,0.0017750941390975174
2021-12,FNAC.PA,X9KJT3-R,Consumer Cyclicals,FR,0.026067215988287585,0.07878089226564033,0.0020535985344384616
2021-12,AM3D.DE,VJ2Q9P-R,Industrials,DE,0.018562535769337963,0.11728960994073878,0.002177192579896661
2021-12,SMDS.L,QCZ86Y-R,Non-Energy Materials,GB,0.02542584833604391,0.08591771874352849,0.0021845308861518325
2021-12,LTG.L,JF74F9-R,Technology,GB,0.031167704232174284,0.07482415324858249,0.002332097077874702
2021-12,DMP.DE,K4VMR1-R,Healthcare,DE,0.02574045854689468,0.10282997568948815,0.0026468907266134576
2021-12,LBIRD.PA,NL6284-R,Healthcare,FR,0.018129887712493062,0.1707417112559484,0.003095528052909257
2021-12,FUTR.L,GM88J1-R,Technology,GB,0.0605546171821255,0.0833516683381692,0.005047328367709327
2022-01,ORP.PA,K01WHX-R,Healthcare,FR,0.02625625263280177,-0.5663051575958709,-0.014869051285095806
2022-01,FUTR.L,GM88J1-R,Technology,GB,0.06751691567541211,-0.18468085999565853,-0.012469082051189467
2022-01,AML.L,N8P36V-R,Consumer Cyclicals,GB,0.09718843939176293,-0.12776321393899415,-0.012417107374406773
2022-01,TPE.DE,DKP314-R,Technology,DE,0.03421644924391914,-0.2737729350949387,-0.00936753773803474
2022-01,FDEV.L,WD63JS-R,Technology,GB,0.0375288316702277,-0.2279432755334685,-0.008554444817855871
2022-01,DMP.DE,K4VMR1-R,Healthcare,DE,0.02872776441231066,-0.21098300450457375,-0.006061070048408873
2022-01,OCDO.L,LHPBFK-R,Industrials,GB,0.04969527309041752,-0.1100020804099987,-0.005466583426488952
2022-01,MUSTI.HE,NQVWVF-R,Consumer Cyclicals,FI,0.032905700928541504,-0.15328917960106192,-0.005044087899534029
2022-01,ADYEN.AS,B8DGF3-R,Finance,NL,0.01699265324255724,-0.23784317430449842,-0.004041586587065442
2022-01,AMP.MI,WJWHT6-R,Healthcare,IT,0.017613046947385243,-0.22112006961384278,-0.0038945981671177064
2022-01,AM3D.DE,VJ2Q9P-R,Industrials,DE,0.020988441932002395,-0.17531124945132281,-0.0036795099791358758
2022-01,LBIRD.PA,NL6284-R,Healthcare,FR,0.02155765996410812,-0.1687931579457611,-0.0036387855032627126
2022-01,WOSG.L,F5L9LT-R,Consumer Cyclicals,GB,0.03003886041771636,-0.11052835092883173,-0.0033201457057515467
2022-01,MELI,B8366W-R,Consumer Non-Cyclicals,UY,0.01950201391398789,-0.16044199999999997,-0.0031289421163880446
2022-01,BB,L8N0YK-R,Technology,CA,0.025053569852476587,-0.12107800000000002,-0.003033436130598161
2022-01,ASC.L,PP8053-R,Consumer Cyclicals,GB,0.03540566299813976,-0.08095869992046456,-0.0028663964461514927
2022-01,ACSO.L,SRS2M0-R,Consumer Services,GB,0.028840123948241432,-0.08958139413073418,-0.0025835385101866414
2022-01,BAS1V.HE,BFP734-R,Technology,FI,0.01639368302557237,-0.15359937733852247,-0.002518059505013021
2022-01,GVC.L,TY565Q-R,Consumer Services,GB,0.03856925623061964,-0.06131639752745144,-0.0023649278473748068
2022-01,LTG.L,JF74F9-R,Technology,GB,0.03447767134625247,-0.06679328488731506,-0.0023028769244814607
2022-01,MTLS,CRHQ9D-R,Business Services,BE,0.016110904305785805,-0.14076299999999997,-0.002267819222795327
2022-01,FNAC.PA,X9KJT3-R,Consumer Cyclicals,FR,0.02142075094191404,-0.10173244460113251,-0.002179185358512927
2022-01,PETS.L,VZY7HR-R,Consumer Cyclicals,GB,0.024591662939722553,-0.08818220962490819,-0.0021685471763757003
2022-01,SEDG,CQY5QT-R,Technology,IL,0.010550554816081071,-0.15094300000000005,-0.0015925323956037256
2022-01,DSY.PA,VMHPTJ-R,Technology,FR,0.006501189165378429,-0.20086366498030228,-0.0013058526824881438
2022-01,MRX.DE,GGGVQ0-R,Consumer Non-Cyclicals,DE,0.012584223544338658,-0.10095222343481469,-0.0012704053470017319
2022-01,ROSE.SW,NB7GLC-R,Consumer Non-Cyclicals,CH,0.01631851486586341,-0.06038718092731865,-0.000985429109670033
2022-01,ALK-B.CO,SJKQMD-R,Healthcare,DK,0.004281134893181695,-0.2006250299589123,-0.0008589028162027223
2022-01,DIA.MI,KXDF6J-R,Healthcare,IT,0.004102299219723342,-0.19490688366633602,-0.0007995663567831185
2022-01,SMDS.L,QCZ86Y-R,Non-Energy Materials,GB,0.028416343792364615,-0.02721684820414727,-0.0007734033155136503
2022-01,KAHOT.OL,FR4B9H-R,Technology,NO,0.0028984062680595768,-0.26130334837325786,-0.0007573632627900058
2022-01,VITB.ST,JKHFMB-R,Technology,SE,0.0026227437823029155,-0.2820345520010661,-0.0007397043676553843
2022-01,ZAL.DE,PM6KP2-R,Consumer Cyclicals,DE,0.02289783708459136,-0.03130249145032027,-0.0007167593495712474
2022-01,IFX.DE,P59ZZH-R,Technology,DE,0.004982738992070947,-0.12215222004306892,-0.0006086526297766297
2022-01,ADE.OL,WY3QLM-R,Technology,NO,0.002234840220623832,-0.2271120985160523,-0.0005075592523539557
2022-01,BOKU.L,XJM8M0-R,Finance,US,0.022909035607809564,-0.019109204028064042,-0.00043777343551581707
2022-01,RAY.ST,B3MGHK-R,Healthcare,SE,0.0017938209493732465,-0.21572781837684862,-0.0003869770799669779
2022-01,BOOZT.ST,TY2YK8-R,Consumer Non-Cyclicals,SE,0.002589694207404092,-0.09364653889045094,-0.00024251589930804283
2022-01,NOD.OL,CSQ76Z-R,Technology,NO,0.0016288781734275647,-0.14464992740466864,-0.00023561710953734648
2022-01,ASR,DP1CY0-R,Industrials,MX,0.013914637753166323,-0.014551800000000004,-0.00020248302565652575
2022-01,UMI.BR,L1YNFY-R,Non-Energy Materials,BE,0.0022818377329457476,-0.07942656843996321,-0.0001812385408647059
2022-01,4751.T,G37DWR-R,Business Services,JP,0.00046734395271204375,-0.30892817626897406,-0.00014437571500166532
2022-01,FDP.L,G22X5F-R,Finance,GB,0.0007086631261814376,-0.1997014149737495,-0.00014152102903815386
2022-01,TOBII.ST,SJ6JSD-R,Technology,SE,0.0007780643402156784,-0.1585522069508748,-0.0001233638182909721
2022-01,6951.T,KGPLVQ-R,Healthcare,JP,0.00026750164702186633,-0.3319493622088805,-8.87970011187336e-05
2022-01,ASML,GL3H8G-R,Technology,NL,0.0004605853858642041,-0.14939599999999997,-6.880961430656862e-05
2022-01,4385.T,RQ314Y-R,Consumer Non-Cyclicals,JP,0.00014498646365203774,-0.2725890231279796,-3.952171849368929e-05
2022-01,3844.T,FXRN3F-R,Technology,JP,0.00014711134511814444,-0.2334586971892757,-3.4344422973043914e-05
2022-01,IQE.L,WC6J51-R,Technology,GB,0.000341073237972213,-0.08607146765909024,-2.935667417150652e-05
2022-01,6594.T,D79WDP-R,Industrials,JP,0.00011019088159255628,-0.2549864659241129,-2.809718347434831e-05
2022-01,4689.T,JQZ6DN-R,Consumer Non-Cyclicals,JP,0.00019426626725322873,-0.13679387446116253,-2.657443537467682e-05
2022-01,6544.T,KGQVSF-R,Business Services,JP,0.00010629042701784484,-0.24199992553591443,-2.5722275423499e-05
2022-01,6146.T,J4TH5K-R,Technology,JP,0.00020207071234388572,-0.11674754364900075,-2.3591259309552473e-05
2022-01,4755.T,TTK7NN-R,Consumer Non-Cyclicals,JP,0.00015115741517628614,-0.1427306071607256,-2.15747896449572e-05
2022-01,6857.T,KL74SJ-R,Technology,JP,0.00015705170033226493,-0.12353380712497686,-1.9401194457495678e-05
2022-01,6920.T,Q3WN7R-R,Technology,JP,5.1360898926107274e-05,-0.2906857257305824,-1.4929880178510582e-05
2022-01,3064.T,MR4TNK-R,Industrials,JP,0.00011615579859087381,-0.10478024053779145,-1.2170832516211014e-05
2022-01,6840.T,GDGB62-R,Industrials,JP,2.561714939374922e-05,-0.27603506336320605,-7.071231456088282e-06
2022-01,6929.T,JK9MJW-R,Technology,JP,8.19678708313354e-06,-0.13431016991155542,-1.1009118658645084e-06
2022-01,CAPC.L,J2R4L9-R,Finance,GB,0.020780369522994512,0.010063063090421931,0.00020911416955217486
2022-01,TSM,N28HXY-R,Technology,TW,0.018560563978972676,0.01928350000000001,0.00035791263548851977
2022-01,BOSS.DE,QVQPN7-R,Consumer Cyclicals,DE,0.019930611745954802,0.026353715822807322,0.0005252456781275986
2022-01,JAZZ,C5GQP9-R,Healthcare,IE,0.012283973957490642,0.09034539999999991,0.001109800540779074
2022-01,ZOO.L,DP2M95-R,Consumer Services,GB,0.01890647313755829,0.15183736197432962,0.0028707090054453776
2022-02,AML.L,N8P36V-R,Consumer Cyclicals,GB,0.09806997974576591,-0.14118484903122908,-0.013845995284901652
2022-02,FUTR.L,GM88J1-R,Technology,GB,0.052931010376288695,-0.15657818686739988,-0.008287841633778813
2022-02,TPE.DE,DKP314-R,Technology,DE,0.029856273192515204,-0.20345887435835774,-0.0060745237362847555
2022-02,ROSE.SW,NB7GLC-R,Consumer Non-Cyclicals,CH,0.018275728055470238,-0.2843208891974547,-0.005196171251462167
2022-02,OCDO.L,LHPBFK-R,Industrials,GB,0.05320730369501279,-0.08915211446922988,-0.004743543629616858
2022-02,ASC.L,PP8053-R,Consumer Cyclicals,GB,0.03914485435159327,-0.11924525182617585,-0.004667838014854714
2022-02,BB,L8N0YK-R,Technology,CA,0.026782344753758836,-0.16599799999999998,-0.0044458156644344585
2022-02,ZOO.L,DP2M95-R,Consumer Services,GB,0.02619803869774076,-0.16739183707924976,-0.004385337825488102
2022-02,PETS.L,VZY7HR-R,Consumer Cyclicals,GB,0.02697512825345575,-0.14758643417232786,-0.003981162990268749
2022-02,BOKU.L,XJM8M0-R,Finance,US,0.019847013139378818,-0.18644792726158232,-0.0037004344621705703
2022-02,MUSTI.HE,NQVWVF-R,Consumer Cyclicals,FI,0.03319940281213017,-0.10755989375551167,-0.0035709242392191567
2022-02,ZAL.DE,PM6KP2-R,Consumer Cyclicals,DE,0.020407812396000445,-0.14642458156529636,-0.0029882053907474334
2022-02,TSM,N28HXY-R,Technology,TW,0.022976132394825075,-0.12737500000000002,-0.0029265848637908443
2022-02,SMDS.L,QCZ86Y-R,Non-Energy Materials,GB,0.033254531848859015,-0.08556968126332032,-0.0028455796908678
2022-02,FDEV.L,WD63JS-R,Technology,GB,0.03485631010051761,-0.07001321076340739,-0.002440402185502225
2022-02,BAS1V.HE,BFP734-R,Technology,FI,0.016671728896556003,-0.12082191079015192,-0.0020143101414572873
2022-02,WOSG.L,F5L9LT-R,Consumer Cyclicals,GB,0.026785589545111874,-0.04931062809356834,-0.0013208142443259842
2022-02,FNAC.PA,X9KJT3-R,Consumer Cyclicals,FR,0.023035621196637577,-0.056110827050919854,-0.0012925477569750345
2022-02,ORP.PA,K01WHX-R,Healthcare,FR,0.02499295361099439,-0.04290565582561312,-0.0010723390656988399
2022-02,IFX.DE,P59ZZH-R,Technology,DE,0.005255514477996579,-0.1442199266318842,-0.0007579499124294719
2022-02,DMP.DE,K4VMR1-R,Healthcare,DE,0.008633272105203208,-0.08640583365364418,-0.0007459650734088349
2022-02,CAPC.L,J2R4L9-R,Finance,GB,0.01803607719655913,-0.03253460374110473,-0.0005867966246340264
2022-02,KAHOT.OL,FR4B9H-R,Technology,NO,0.002568306687401566,-0.2087437561773302,-0.0005361179849435591
2022-02,BOSS.DE,QVQPN7-R,Consumer Cyclicals,DE,0.024489342849052367,-0.014689280907037694,-0.000359730836338485
2022-02,ALK-B.CO,SJKQMD-R,Healthcare,DK,0.0041095841626994116,-0.08723162130325912,-0.0003584856893944663
2022-02,MRX.DE,GGGVQ0-R,Consumer Non-Cyclicals,DE,0.013544681748413782,-0.024735850328017728,-0.0003350392204693968
2022-02,AM3D.DE,VJ2Q9P-R,Industrials,DE,0.020796883818415643,-0.012939392448294118,-0.0002690990414280575
2022-02,BOOZT.ST,TY2YK8-R,Consumer Non-Cyclicals,SE,0.002300884184379785,-0.11240565642724998,-0.0002586323971082874
2022-02,JAZZ,C5GQP9-R,Healthcare,IE,0.01626648531642518,-0.010726400000000025,-0.00017448082809810343
2022-02,NOD.OL,CSQ76Z-R,Technology,NO,0.0016712989474437492,-0.09346469814805025,-0.00015620745163798412
2022-02,MELI,B8366W-R,Consumer Non-Cyclicals,UY,0.022536090651811162,-0.004778799999999972,-0.00010769547000687456
2022-02,DIA.MI,KXDF6J-R,Healthcare,IT,0.003968275275455596,-0.021229356180856085,-8.424392924633164e-05
2022-02,VITB.ST,JKHFMB-R,Technology,SE,0.0016525976812825395,-0.04835324406350172,-7.990845902183166e-05
2022-02,TOBII.ST,SJ6JSD-R,Technology,SE,0.0007712478424922121,-0.07484319811357798,-5.7722655070314217e-05
2022-02,FDP.L,G22X5F-R,Finance,GB,0.0006822743707192335,-0.06506824565776526,-4.4394396359956286e-05
2022-02,4385.T,RQ314Y-R,Consumer Non-Cyclicals,JP,9.03579699649358e-05,-0.1709412418934917,-1.544590360078095e-05
2022-02,6544.T,KGQVSF-R,Business Services,JP,9.778901958284542e-05,-0.08778008145787275,-8.583928104667684e-06
2022-02,6920.T,Q3WN7R-R,Technology,JP,4.4217916831922374e-05,-0.17121547342421928,-7.570791564210344e-06
2022-02,ASML,GL3H8G-R,Technology,NL,0.0004758043563292692,-0.015785599999999955,-7.51085724727129e-06
2022-02,4689.T,JQZ6DN-R,Consumer Non-Cyclicals,JP,0.00020353460930430748,-0.03648961092062064,-7.426898702394714e-06
2022-02,6857.T,KL74SJ-R,Technology,JP,0.00013332032424837338,-0.05489503405748419,-7.318623740169292e-06
2022-02,6594.T,D79WDP-R,Industrials,JP,9.964064460889305e-05,-0.023252504792682593,-2.316894566314269e-06
2022-02,4755.T,TTK7NN-R,Consumer Non-Cyclicals,JP,0.00010485328540499001,-0.019900896884409436,-2.086674420836259e-06
2022-02,6840.T,GDGB62-R,Industrials,JP,2.2510018187235998e-05,-0.04344791192102193,-9.780132875396314e-07
2022-02,6929.T,JK9MJW-R,Technology,JP,8.612575733980435e-06,0.02538220788044776,2.1860618766599136e-07
2022-02,6146.T,J4TH5K-R,Technology,JP,0.0001617855553031161,0.030873220610622143,4.9948411404851125e-06
2022-02,RAY.ST,B3MGHK-R,Healthcare,SE,0.0004246058323591711,0.014132307286806922,6.0006600986702325e-06
2022-02,3844.T,FXRN3F-R,Technology,JP,0.00013687011017386703,0.05368509570377156,7.347884963669808e-06
2022-02,4751.T,G37DWR-R,Business Services,JP,8.925554301390527e-05,0.11837501743515255,1.0565626460455046e-05
2022-02,6951.T,KGPLVQ-R,Healthcare,JP,0.00021690143549363516,0.06855043908033465,1.4868688640243573e-05
2022-02,3064.T,MR4TNK-R,Industrials,JP,0.00012621106263401716,0.15330413680530564,1.9348678012388365e-05
2022-02,ADE.OL,WY3QLM-R,Technology,NO,0.0020719734194906874,0.02749370282118746,5.696622144887654e-05
2022-02,IQE.L,WC6J51-R,Technology,GB,0.00037499407863186276,0.32876892598111795,0.00012328640048107643
2022-02,MTLS,CRHQ9D-R,Business Services,BE,0.016812175486855967,0.008776190000000073,0.0001475468463859917
2022-02,DSY.PA,VMHPTJ-R,Technology,FR,0.006219756473392462,0.02713399567423358,0.00016876684524381736
2022-02,UMI.BR,L1YNFY-R,Non-Energy Materials,BE,0.0025147959112888254,0.10066891251939802,0.0002531617695976746
2022-02,ACSO.L,SRS2M0-R,Consumer Services,GB,0.03158676072669913,0.008395930356113634,0.0002652002432365912
2022-02,AMP.MI,WJWHT6-R,Healthcare,IT,0.016482876330024942,0.027148332448015955,0.00044748260630705027
2022-02,LBIRD.PA,NL6284-R,Healthcare,FR,0.021452117313822155,0.027265432810099854,0.0005849012632543977
2022-02,ADYEN.AS,B8DGF3-R,Finance,NL,0.01550476573692065,0.04482637657915456,0.0006950224676947779
2022-02,ASR,DP1CY0-R,Industrials,MX,0.01665315247152442,0.0629059999999999,0.0010475832093737136
2022-02,LTG.L,JF74F9-R,Technology,GB,0.03870648503310127,0.053283653796865504,0.0020624229481973244
2022-02,GVC.L,TY565Q-R,Consumer Services,GB,0.0435539500553858,0.056075766617758704,0.002442321138587333
2022-02,SEDG,CQY5QT-R,Technology,IL,0.010879352325323837,0.3408610000000001,0.0037083469129622093
2022-03,ASC.L,PP8053-R,Consumer Cyclicals,GB,0.03777620122167154,-0.1900317635534603,-0.0071786781385046235
2022-03,OCDO.L,LHPBFK-R,Industrials,GB,0.04039494017962781,-0.1620715709799938,-0.0065468714145551525
2022-03,ZAL.DE,PM6KP2-R,Consumer Cyclicals,DE,0.024882356765254163,-0.22925609956619597,-0.005704432060016719
2022-03,AML.L,N8P36V-R,Consumer Cyclicals,GB,0.0922834735411585,-0.0538296966914642,-0.004967591390355324
2022-03,BOKU.L,XJM8M0-R,Finance,US,0.023792293336437176,-0.1806550434325438,-0.00429819778605388
2022-03,LTG.L,JF74F9-R,Technology,GB,0.03654829822912742,-0.09271655842846638,-0.0033886324282219066
2022-03,MRX.DE,GGGVQ0-R,Consumer Non-Cyclicals,DE,0.02452637783623213,-0.13149542804041403,-0.003225106551856268
2022-03,ROSE.SW,NB7GLC-R,Consumer Non-Cyclicals,CH,0.014542519349409234,-0.15442100000000003,-0.002245670380455124
2022-03,WOSG.L,F5L9LT-R,Consumer Cyclicals,GB,0.027901537734638042,-0.07589200697680476,-0.0021175036964207316
2022-03,GVC.L,TY565Q-R,Consumer Services,GB,0.050397728059958416,-0.041155601458454205,-0.002074148810447203
2022-03,SMDS.L,QCZ86Y-R,Non-Energy Materials,GB,0.02538579237917357,-0.08167592242356159,-0.002073408009022021
2022-03,FUTR.L,GM88J1-R,Technology,GB,0.04891517110442153,-0.03750217821435953,-0.0018344254641439056
2022-03,FDEV.L,WD63JS-R,Technology,GB,0.02957840107163808,-0.04951467628376671,-0.0014645649540535781
2022-03,FNAC.PA,X9KJT3-R,Consumer Cyclicals,FR,0.02386867781722339,-0.05872882067395313,-0.0014017792992520755
2022-03,MTLS,CRHQ9D-R,Business Services,BE,0.018581239330552623,-0.06476559999999998,-0.0012034251139868386
2022-03,BOSS.DE,QVQPN7-R,Consumer Cyclicals,DE,0.026488526732512795,-0.041067231148540495,-0.001087810450108397
2022-03,DMP.DE,K4VMR1-R,Healthcare,DE,0.008658371115495713,-0.11655215799712315,-0.0010091518382509838
2022-03,BAS1V.HE,BFP734-R,Technology,FI,0.0160903298881731,-0.06082760689474387,-0.0009787362612445414
2022-03,ADYEN.AS,B8DGF3-R,Finance,NL,0.023791414670411626,-0.03138240689007399,-0.0007466318556773331
2022-03,PETS.L,VZY7HR-R,Consumer Cyclicals,GB,0.02519423922683595,-0.026684013343589275,-0.0006722834157104708
2022-03,ZOO.L,DP2M95-R,Consumer Services,GB,0.02390005202176247,-0.021587013383728926,-0.0005159307428656039
2022-03,TSM,N28HXY-R,Technology,TW,0.021966481207069653,-0.022187399999999968,-0.00048737910513373654
2022-03,BOOZT.ST,TY2YK8-R,Consumer Non-Cyclicals,SE,0.002212832074163127,-0.19773693790132119,-0.000437558638434846
2022-03,ADE.OL,WY3QLM-R,Technology,NO,0.002364954122107991,-0.10748628082160205,-0.0002542001228991049
2022-03,IQE.L,WC6J51-R,Technology,GB,0.0005459666327036996,-0.21587767472497654,-0.0001178620071455
2022-03,AM3D.DE,VJ2Q9P-R,Industrials,DE,0.022534582413681507,-0.001718882805073596,-3.873430623039099e-05
2022-03,4689.T,JQZ6DN-R,Consumer Non-Cyclicals,JP,0.00016121321331771834,-0.07931432003831818,-1.278651639548717e-05
2022-03,4385.T,RQ314Y-R,Consumer Non-Cyclicals,JP,8.210999971659859e-05,-0.13946557770830104,-1.1451518546103857e-05
2022-03,4755.T,TTK7NN-R,Consumer Non-Cyclicals,JP,0.0001126410949936442,-0.05955281041718563,-6.70809377534069e-06
2022-03,6594.T,D79WDP-R,Industrials,JP,0.00010667515417395765,-0.06232975461058843,-6.649036182709468e-06
2022-03,4751.T,G37DWR-R,Business Services,JP,0.00010941262178667052,-0.027246936110561948,-2.98115871551049e-06
2022-03,6920.T,Q3WN7R-R,Technology,JP,4.016836653380113e-05,-0.0552450169718407,-2.2191020908909616e-06
2022-03,6951.T,KGPLVQ-R,Healthcare,JP,0.00025403987653804827,-0.007322754396887565,-1.8602716229037672e-06
2022-03,6929.T,JK9MJW-R,Technology,JP,9.679730166709564e-06,-0.07764298340476006,-7.51563128696386e-07
2022-03,3844.T,FXRN3F-R,Technology,JP,0.00015807527210446245,0.006195615718262326,9.793736405190018e-07
2022-03,ASML,GL3H8G-R,Technology,NL,0.0005130669816836275,0.0021305099999999744,1.093094335146772e-06
2022-03,6544.T,KGQVSF-R,Business Services,JP,9.777643618682352e-05,0.024076568505058127,2.354121064032501e-06
2022-03,6857.T,KL74SJ-R,Technology,JP,0.00013810864158884923,0.017228578295932495,2.379415544958368e-06
2022-03,6840.T,GDGB62-R,Industrials,JP,2.3600922100281894e-05,0.1888049620921446,4.45597120248338e-06
2022-03,6146.T,J4TH5K-R,Technology,JP,0.00018280558652684168,0.03149139607618845,5.75680313025671e-06
2022-03,LBIRD.PA,NL6284-R,Healthcare,FR,0.024191359199587488,0.0006808452413067378,1.6470571791781115e-05
2022-03,NOD.OL,CSQ76Z-R,Technology,NO,0.00168305391975548,0.012328449905397054,2.074944593778759e-05
2022-03,3064.T,MR4TNK-R,Industrials,JP,0.00015954594187650822,0.16049719517010352,2.560667617195193e-05
2022-03,IFX.DE,P59ZZH-R,Technology,DE,0.0048942638937837036,0.006073879286351058,2.9727168086388712e-05
2022-03,RAY.ST,B3MGHK-R,Healthcare,SE,0.0004665732876886136,0.12696502488415162,5.923848908166526e-05
2022-03,TOBII.ST,SJ6JSD-R,Technology,SE,0.0010308327799116426,0.0746349630226737,7.693616641126538e-05
2022-03,KAHOT.OL,FR4B9H-R,Technology,NO,0.0022574742083502656,0.04338192367812055,9.793357381197683e-05
2022-03,FDP.L,G22X5F-R,Finance,GB,0.0006989198791852037,0.24912570504343057,0.00017411890767088319
2022-03,DSY.PA,VMHPTJ-R,Technology,FR,0.007013065923495122,0.026400100735402887,0.00018514564684429252
2022-03,UMI.BR,L1YNFY-R,Non-Energy Materials,BE,0.003038553186087508,0.07092793082732385,0.00021551829019795927
2022-03,DIA.MI,KXDF6J-R,Healthcare,IT,0.004263734122079976,0.05990341330958171,0.00025541222735712336
2022-03,VITB.ST,JKHFMB-R,Technology,SE,0.0017040491546856734,0.25584242252333045,0.00043596806383361614
2022-03,ASR,DP1CY0-R,Industrials,MX,0.01939310208332302,0.026210999999999984,0.0005083125987059793
2022-03,MUSTI.HE,NQVWVF-R,Consumer Cyclicals,FI,0.032524978399383786,0.01782187109534683,0.000579655972412758
2022-03,CAPC.L,J2R4L9-R,Finance,GB,0.01911902712896532,0.03570727151009101,0.0006826882927027606
2022-03,ALK-B.CO,SJKQMD-R,Healthcare,DK,0.004118893994739758,0.17718880075674548,0.0007298218873720984
2022-03,AMP.MI,WJWHT6-R,Healthcare,IT,0.018585471767611626,0.05254398508550895,0.0009765547513645329
2022-03,ORP.PA,K01WHX-R,Healthcare,FR,0.026259089661126507,0.06134712746126891,0.0016109197204580165
2022-03,MELI,B8366W-R,Consumer Non-Cyclicals,UY,0.03035459636312293,0.05576709999999996,0.0016927878108419115
2022-03,BB,L8N0YK-R,Technology,CA,0.024494096828301556,0.08198130000000003,0.0020080579003100394
2022-03,TPE.DE,DKP314-R,Technology,DE,0.02610666658436161,0.07960748600077516,0.0020782860946414717
2022-03,JAZZ,C5GQP9-R,Healthcare,IE,0.01763055933718526,0.13280500000000006,0.0023414264327748895
2022-03,ACSO.L,SRS2M0-R,Consumer Services,GB,0.03489996039653205,0.08875569225452384,0.0030975701446496686
2022-04,AML.L,N8P36V-R,Consumer Cyclicals,GB,0.10777314086559657,-0.1782829701633779,-0.019214115657354678
2022-04,FUTR.L,GM88J1-R,Technology,GB,0.04735168612404994,-0.19137303191987798,-0.009061835740077852
2022-04,OCDO.L,LHPBFK-R,Industrials,GB,0.0345947158984349,-0.2514702558055072,-0.00869954205649827
2022-04,LTG.L,JF74F9-R,Technology,GB,0.03616351798398083,-0.23539392588396146,-0.00851267247202449
2022-04,GVC.L,TY565Q-R,Consumer Services,GB,0.060809098863609294,-0.12352564530184573,-0.007511483177351072
2022-04,ACSO.L,SRS2M0-R,Consumer Services,GB,0.03825206021810068,-0.1620491686676907,-0.006198714558169659
2022-04,BB,L8N0YK-R,Technology,CA,0.027234728916352365,-0.22511099999999995,-0.006130837061088996
2022-04,MELI,B8366W-R,Consumer Non-Cyclicals,UY,0.03287708867626912,-0.18146600000000002,-0.005966073773727853
2022-04,MRX.DE,GGGVQ0-R,Consumer Non-Cyclicals,DE,0.02208203527626049,-0.2687689714855752,-0.005934965909508721
2022-04,ASC.L,PP8053-R,Consumer Cyclicals,GB,0.032622203525432165,-0.17654414248023675,-0.005759258947213178
2022-04,AM3D.DE,VJ2Q9P-R,Industrials,DE,0.022855773322900896,-0.24578963238450047,-0.005617712122899284
2022-04,ORP.PA,K01WHX-R,Healthcare,FR,0.028323016816425725,-0.185574503693278,-0.00525602978880457
2022-04,TPE.DE,DKP314-R,Technology,DE,0.028643071684682473,-0.15781164503078282,-0.004520210261294377
2022-04,ZAL.DE,PM6KP2-R,Consumer Cyclicals,DE,0.01985056400738841,-0.2260626725091327,-0.004487471550323823
2022-04,MUSTI.HE,NQVWVF-R,Consumer Cyclicals,FI,0.037157768926080775,-0.11783391906562934,-0.004378445536295159
2022-04,WOSG.L,F5L9LT-R,Consumer Cyclicals,GB,0.02595675514799689,-0.15039911805303907,-0.003903873081777414
2022-04,PETS.L,VZY7HR-R,Consumer Cyclicals,GB,0.02057185350673559,-0.18419384593732901,-0.0037892088154649565
2022-04,ADYEN.AS,B8DGF3-R,Finance,NL,0.023360210995808938,-0.15567915332781634,-0.003636697869386681
2022-04,MTLS,CRHQ9D-R,Business Services,BE,0.01782772488498637,-0.19379800000000003,-0.0034549774272605886
2022-04,ASML,GL3H8G-R,Technology,NL,0.01604392906270419,-0.15594399999999997,-0.002501954473754342
2022-04,TSM,N28HXY-R,Technology,TW,0.021956070538308496,-0.10867099999999996,-0.0023859881414685217
2022-04,AMP.MI,WJWHT6-R,Healthcare,IT,0.019879986339395462,-0.11277372141035547,-0.0022419400410806562
2022-04,CAPC.L,J2R4L9-R,Finance,GB,0.019934296688615457,-0.10392688496402092,-0.0020717093587964016
2022-04,ZOO.L,DP2M95-R,Consumer Services,GB,0.02839697349818029,-0.06712094010504743,-0.0019060315573359787
2022-04,IFX.DE,P59ZZH-R,Technology,DE,0.006255032162518791,-0.16628326476163202,-0.0010401071691726357
2022-04,DIA.MI,KXDF6J-R,Healthcare,IT,0.005740750564085105,-0.17066776557545404,-0.0009797610714984324
2022-04,FNAC.PA,X9KJT3-R,Consumer Cyclicals,FR,0.02283207428924884,-0.042748283911730356,-0.0009760319940105285
2022-04,DSY.PA,VMHPTJ-R,Technology,FR,0.009144014188841492,-0.10479880473370995,-0.0009582817574586727
2022-04,BOSS.DE,QVQPN7-R,Consumer Cyclicals,DE,0.02581358104525984,-0.03710725047575436,-0.000957871017522642
2022-04,LBIRD.PA,NL6284-R,Healthcare,FR,0.025128197602449668,-0.03183653278784415,-0.0007999946868698156
2022-04,FDEV.L,WD63JS-R,Technology,GB,0.031115314910199914,-0.024011958335073857,-0.0007471396452064226
2022-04,KAHOT.OL,FR4B9H-R,Technology,NO,0.002430108466403008,-0.23753882330111953,-0.0005772451056034587
2022-04,UMI.BR,L1YNFY-R,Non-Energy Materials,BE,0.004133703984241771,-0.11701837744612764,-0.00048371933307856524
2022-04,NOD.OL,CSQ76Z-R,Technology,NO,0.001747851855098417,-0.23356224242397905,-0.00040823219870169796
2022-04,ADE.OL,WY3QLM-R,Technology,NO,0.0023666585835816004,-0.17098302928332798,-0.0004046584539001723
2022-04,BOOZT.ST,TY2YK8-R,Consumer Non-Cyclicals,SE,0.0018425982292769353,-0.1997999018515092,-0.00036815094536129633
2022-04,ASR,DP1CY0-R,Industrials,MX,0.020416660643477927,-0.015252700000000008,-0.0003114091997967759
2022-04,SMDS.L,QCZ86Y-R,Non-Energy Materials,GB,0.023835247763418187,-0.011322310743905994,-0.0002698700818354111
2022-04,TOBII.ST,SJ6JSD-R,Technology,SE,0.0011509334940691522,-0.22167484313792296,-0.0002551330017599609
2022-04,RAY.ST,B3MGHK-R,Healthcare,SE,0.0006828765334034677,-0.21736134281846953,-0.0001484309602797992
2022-04,ALK-B.CO,SJKQMD-R,Healthcare,DK,0.0044400505278745965,-0.02298385190806429,-0.0001020494637969924
2022-04,VITB.ST,JKHFMB-R,Technology,SE,0.002217813062448941,-0.04463910894797962,-9.900119892091061e-05
2022-04,IQE.L,WC6J51-R,Technology,GB,0.0005387192989424342,-0.1566230397273921,-8.43758541601737e-05
2022-04,6951.T,KGPLVQ-R,Healthcare,JP,0.00030526697898575845,-0.19211356284024583,-5.8645926950432514e-05
2022-04,4385.T,RQ314Y-R,Consumer Non-Cyclicals,JP,8.59813269254992e-05,-0.3607766144174216,-3.1020052031299094e-05
2022-04,6146.T,J4TH5K-R,Technology,JP,0.00017960541311821843,-0.1295638450581259,-2.3270367916849546e-05
2022-04,6857.T,KL74SJ-R,Technology,JP,0.00016972532926088314,-0.13279153273029187,-2.253808661570613e-05
2022-04,3844.T,FXRN3F-R,Technology,JP,0.00015152262640890724,-0.1484404356624317,-2.249208467685407e-05
2022-04,3064.T,MR4TNK-R,Industrials,JP,0.00010241108157363044,-0.19999855327224936,-2.04820681537724e-05
2022-04,4689.T,JQZ6DN-R,Consumer Non-Cyclicals,JP,0.00015492627741676293,-0.10510666250321021,-1.628378395332242e-05
2022-04,4755.T,TTK7NN-R,Consumer Non-Cyclicals,JP,0.0001261123015894874,-0.11446343075416732,-1.4435246700236956e-05
2022-04,6594.T,D79WDP-R,Industrials,JP,7.796705587058344e-05,-0.18288720055905017,-1.4259176584002063e-05
2022-04,6840.T,GDGB62-R,Industrials,JP,3.4141184372778665e-05,-0.2827447790207107,-9.653241630986645e-06
2022-04,6920.T,Q3WN7R-R,Technology,JP,4.61788532418718e-05,-0.20497412868503861,-9.465470206926943e-06
2022-04,4751.T,G37DWR-R,Business Services,JP,5.658854824901056e-05,-0.1527745219092338,-8.645288404280198e-06
2022-04,6929.T,JK9MJW-R,Technology,JP,1.0864304817590041e-05,-0.09085015578754396,-9.870237852014196e-07
2022-04,6544.T,KGQVSF-R,Business Services,JP,8.526148687045413e-05,-0.00010905532068494761,-9.298218792732825e-09
2022-04,FDP.L,G22X5F-R,Finance,GB,0.0010986080609323157,0.1624333419621673,0.00017845057884381235
2022-04,BOKU.L,XJM8M0-R,Finance,US,0.01962469664210282,0.017302511526444686,0.00033955653985296433
2022-04,BAS1V.HE,BFP734-R,Technology,FI,0.015339683555127036,0.7395758718261216,0.011344859838819898
2022-05,AML.L,N8P36V-R,Consumer Cyclicals,GB,0.10095354973139083,-0.14629583888347486,-0.014769084246218419
2022-05,MUSTI.HE,NQVWVF-R,Consumer Cyclicals,FI,0.0371548763595497,-0.16797953439134483,-0.006241258831245143
2022-05,MELI,B8366W-R,Consumer Non-Cyclicals,UY,0.03217159105990365,-0.19283499999999998,-0.00620380876203652
2022-05,ORP.PA,K01WHX-R,Healthcare,FR,0.02614607698094383,-0.2217405569817752,-0.005797645672642856
2022-05,FUTR.L,GM88J1-R,Technology,GB,0.04364882667158052,-0.09418512157739134,-0.004111070046773293
2022-05,MRX.DE,GGGVQ0-R,Consumer Non-Cyclicals,DE,0.018302454209442685,-0.1989077377645716,-0.0036404997623399053
2022-05,AMP.MI,WJWHT6-R,Healthcare,IT,0.01999245710259493,-0.13268620306068313,-0.0026527232227969077
2022-05,CRESY,S6KYTP-R,Consumer Non-Cyclicals,AR,0.02470352625596442,-0.10700500000000002,-0.002643400827019473
2022-05,ACSO.L,SRS2M0-R,Consumer Services,GB,0.03653947373488699,-0.06462003163511343,-0.0023611819486787935
2022-05,BOKU.L,XJM8M0-R,Finance,US,0.022758418008778196,-0.08805838836035473,-0.0020040696114842814
2022-05,LBIRD.PA,NL6284-R,Healthcare,FR,0.027575652845474263,-0.0723807705851961,-0.0019959470023452825
2022-05,ADYEN.AS,B8DGF3-R,Finance,NL,0.022356295732020366,-0.08545441086899142,-0.0019104440809927475
2022-05,SMDS.L,QCZ86Y-R,Non-Energy Materials,GB,0.026479426058398522,-0.06043278796280083,-0.0016002255403638607
2022-05,WOSG.L,F5L9LT-R,Consumer Cyclicals,GB,0.025139364713666682,-0.060834911906807454,-0.0015293510377490163
2022-05,GVC.L,TY565Q-R,Consumer Services,GB,0.060757039744776614,-0.023058802112661092,-0.001400984556425889
2022-05,AM3D.DE,VJ2Q9P-R,Industrials,DE,0.01953907097952726,-0.0712556424439117,-0.0013922690554034058
2022-05,MTLS,CRHQ9D-R,Business Services,BE,0.017182325268479712,-0.062179500000000054,-0.0010683883940314353
2022-05,BOSS.DE,QVQPN7-R,Consumer Cyclicals,DE,0.028173568019177832,-0.034914926557297776,-0.0009836780582466273
2022-05,FDEV.L,WD63JS-R,Technology,GB,0.03461844291224825,-0.013753635783824936,-0.0004761294552181982
2022-05,DSY.PA,VMHPTJ-R,Technology,FR,0.00927840225354146,-0.051038002565492846,-0.00047355111801992365
2022-05,ZOO.L,DP2M95-R,Consumer Services,GB,0.030198670050109525,-0.015274055964747069,-0.00046125617640630406
2022-05,ALK-B.CO,SJKQMD-R,Healthcare,DK,0.004916850355475171,-0.08636204370334688,-0.0004246292452823634
2022-05,NTR,TW27V9-R,Non-Energy Materials,CA,0.027053901564553392,-0.010614800000000035,-0.0002871717543274223
2022-05,NOD.OL,CSQ76Z-R,Technology,NO,0.0027914125893978453,-0.03780073211065016,-0.00010551743950212424
2022-05,EBRO.MC,RBH78M-R,Consumer Non-Cyclicals,ES,0.022231276969832167,-0.004524979563784837,-0.00010059607396533105
2022-05,TOBII.ST,SJ6JSD-R,Technology,SE,0.0010190876844954054,-0.07991005909108706,-8.143535708702692e-05
2022-05,BOOZT.ST,TY2YK8-R,Consumer Non-Cyclicals,SE,0.0016773681872615945,-0.031919402598093005,-5.354059047443629e-05
2022-05,FDP.L,G22X5F-R,Finance,GB,0.0014557929571221272,-0.03464459871288039,-5.043536280853359e-05
2022-05,4755.T,TTK7NN-R,Consumer Non-Cyclicals,JP,0.00012368434122791752,-0.19264660357867047,-2.3827368253423636e-05
2022-05,4689.T,JQZ6DN-R,Consumer Non-Cyclicals,JP,0.00015354887917235733,-0.15216484367944572,-2.336474119641585e-05
2022-05,3064.T,MR4TNK-R,Industrials,JP,9.07378081052173e-05,-0.14443394847755064,-1.3105619900834832e-05
2022-05,6840.T,GDGB62-R,Industrials,JP,2.712087429977842e-05,-0.10891400651312277,-2.953843080127651e-06
2022-05,6929.T,JK9MJW-R,Technology,JP,1.0939264579729433e-05,-0.09702386512408501,-1.0613697311403488e-06
2022-05,4385.T,RQ314Y-R,Consumer Non-Cyclicals,JP,6.0870602518341004e-05,-0.01383136608667812,-8.419235873478456e-07
2022-05,4751.T,G37DWR-R,Business Services,JP,5.309797366514721e-05,0.02738141997417598,1.453897916703132e-06
2022-05,6857.T,KL74SJ-R,Technology,JP,0.00016301246626435295,0.013440206162539159,2.190921153656863e-06
2022-05,6594.T,D79WDP-R,Industrials,JP,7.055755286624151e-05,0.04047213294475904,2.855614659859391e-06
2022-05,6920.T,Q3WN7R-R,Technology,JP,4.06607316669521e-05,0.08523117030983118,3.465561745628341e-06
2022-05,3844.T,FXRN3F-R,Technology,JP,0.00014290358752612782,0.026944059319242708,3.85040273923658e-06
2022-05,3990.T,WRR2XC-R,Business Services,JP,0.0001312780493008067,0.1445010938741067,1.896982172562548e-05
2022-05,6146.T,J4TH5K-R,Technology,JP,0.00017314378446625113,0.1193601244034519,2.0666463653576197e-05
2022-05,6951.T,KGPLVQ-R,Healthcare,JP,0.0002731372958606356,0.08390549376236622,2.291771967410414e-05
2022-05,DIA.MI,KXDF6J-R,Healthcare,IT,0.00539651181447677,0.013338198909773169,7.197974800043208e-05
2022-05,IQE.L,WC6J51-R,Technology,GB,0.0005179328934085557,0.18859537636726698,9.767974896537413e-05
2022-05,ADE.OL,WY3QLM-R,Technology,NO,0.002201387165048677,0.0647145068247077,0.00014246168471636654
2022-05,VITB.ST,JKHFMB-R,Technology,SE,0.0024104132904525194,0.06103895595522868,0.00014712911066982917
2022-05,RAY.ST,B3MGHK-R,Healthcare,SE,0.0006079987354254929,0.5667271818707849,0.0003445694099086905
2022-05,ASR,DP1CY0-R,Industrials,MX,0.024035429615946426,0.014703300000000086,0.00035340013227214714
2022-05,KAHOT.OL,FR4B9H-R,Technology,NO,0.0020789354811344596,0.2065059101265787,0.00042931246362610837
2022-05,ASML,GL3H8G-R,Technology,NL,0.01618915303829187,0.028084500000000068,0.0004546642685039091
2022-05,ZAL.DE,PM6KP2-R,Consumer Cyclicals,DE,0.0174138383683119,0.026183094591163636,0.0004559481771927451
2022-05,IFX.DE,P59ZZH-R,Technology,DE,0.005911035512147835,0.08131327197569793,0.0004806456382572858
2022-05,BB,L8N0YK-R,Technology,CA,0.011014075048586786,0.047554000000000096,0.000523763324860497
2022-05,OCDO.L,LHPBFK-R,Industrials,GB,0.024969214905533388,0.022163216462197433,0.0005533981148424631
2022-05,TSM,N28HXY-R,Technology,TW,0.023395655490107248,0.025503000000000053,0.0005966594019642064
2022-05,FNAC.PA,X9KJT3-R,Consumer Cyclicals,FR,0.024773487885756538,0.02434158290078603,0.0006030259091127612
2022-05,UMI.BR,L1YNFY-R,Non-Energy Materials,BE,0.004137201040745376,0.16019890852508212,0.000662775091076243
2022-05,LTG.L,JF74F9-R,Technology,GB,0.03152080742901338,0.023969527183679284,0.0007555388505212561
2022-05,TPE.DE,DKP314-R,Technology,DE,0.027342899224577662,0.050677581406385785,0.0013856720013401373
2022-05,PETS.L,VZY7HR-R,Consumer Cyclicals,GB,0.019131497296821905,0.13288147428912356,0.0025422215661600766
2022-05,ASC.L,PP8053-R,Consumer Cyclicals,GB,0.03062263355209945,0.13082671530195933,0.004006258561516742
2022-06,AML.L,N8P36V-R,Consumer Cyclicals,GB,0.0868299893314661,-0.40947961392456866,-0.035555110508523155
2022-06,ASC.L,PP8053-R,Consumer Cyclicals,GB,0.034888266581570515,-0.4837350830947803,-0.01687667853386886
2022-06,GVC.L,TY565Q-R,Consumer Services,GB,0.059800646707499176,-0.18311885378076753,-0.010950625880425878
2022-06,WOSG.L,F5L9LT-R,Consumer Cyclicals,GB,0.04757367159486844,-0.21939428457228694,-0.01043739164403309
2022-06,ZAL.DE,PM6KP2-R,Consumer Cyclicals,DE,0.024075948615183248,-0.36056739540580907,-0.00868100208410072
2022-06,TPE.DE,DKP314-R,Technology,DE,0.0292790321429333,-0.27176466463380355,-0.007957006351126623
2022-06,MELI,B8366W-R,Consumer Non-Cyclicals,UY,0.0415761166466862,-0.18960900000000003,-0.007883205901261525
2022-06,FUTR.L,GM88J1-R,Technology,GB,0.03983390503208369,-0.1652487723280699,-0.006582503903584756
2022-06,CRESY,S6KYTP-R,Consumer Non-Cyclicals,AR,0.022140676803284715,-0.28102800000000006,-0.006222150120673498
2022-06,LTG.L,JF74F9-R,Technology,GB,0.03251817714499873,-0.18263730453554483,-0.005939032222171927
2022-06,OCDO.L,LHPBFK-R,Industrials,GB,0.02571377640151239,-0.19491297324294576,-0.0050119486117230745
2022-06,NTR,TW27V9-R,Non-Energy Materials,CA,0.026859783611944882,-0.18188099999999996,-0.004885284303124146
2022-06,ACSO.L,SRS2M0-R,Consumer Services,GB,0.03443428305021849,-0.13890841231896456,-0.004783211587847683
2022-06,ZOO.L,DP2M95-R,Consumer Services,GB,0.029959995260609246,-0.14083556856130008,-0.004219432966621759
2022-06,LBIRD.PA,NL6284-R,Healthcare,FR,0.026069823300706108,-0.13031173321692946,-0.003397203858974106
2022-06,FNAC.PA,X9KJT3-R,Consumer Cyclicals,FR,0.025862736575299326,-0.12997720304597515,-0.0033615661631722486
2022-06,TSM,N28HXY-R,Technology,TW,0.02407996004967798,-0.13835600000000003,-0.0033316069526332474
2022-06,SMDS.L,QCZ86Y-R,Non-Energy Materials,GB,0.025065551257768187,-0.13184335585284923,-0.0033047263941257637
2022-06,MUSTI.HE,NQVWVF-R,Consumer Cyclicals,FI,0.031505920588135394,-0.09314581908496822,-0.002934644779207835
2022-06,ASML,GL3H8G-R,Technology,NL,0.016609127966341675,-0.17423500000000003,-0.002893891411215542
2022-06,PETS.L,VZY7HR-R,Consumer Cyclicals,GB,0.021836067723630656,-0.13003006394399563,-0.0028393452823891135
2022-06,ASR,DP1CY0-R,Industrials,MX,0.024020423422325354,-0.09618479999999996,-0.0023103996227916788
2022-06,AMP.MI,WJWHT6-R,Healthcare,IT,0.017529799939457837,-0.11533564166807198,-0.002021810724330299
2022-06,BOKU.L,XJM8M0-R,Finance,US,0.020909777940025246,-0.07226362752459481,-0.0015110164046799738
2022-06,IFX.DE,P59ZZH-R,Technology,DE,0.006514148851006487,-0.2263548604715906,-0.0014745092542607454
2022-06,ADYEN.AS,B8DGF3-R,Finance,NL,0.020837603043884736,-0.07001252445450623,-0.0014588931926832736
2022-06,MTLS,CRHQ9D-R,Business Services,BE,0.01906080127292765,-0.06903619999999999,-0.0013158852888380877
2022-06,BB,L8N0YK-R,Technology,CA,0.011692057923681812,-0.10696099999999997,-0.00125059420757493
2022-06,DSY.PA,VMHPTJ-R,Technology,FR,0.00893479268726564,-0.13106127473040108,-0.0011710053190449007
2022-06,UMI.BR,L1YNFY-R,Non-Energy Materials,BE,0.004846862579975906,-0.21940535978976483,-0.0010634276282111615
2022-06,EBRO.MC,RBH78M-R,Consumer Non-Cyclicals,ES,0.022554720735438266,-0.04480979709694044,-0.001010672459733144
2022-06,KAHOT.OL,FR4B9H-R,Technology,NO,0.002494882197112823,-0.38952449782112797,-0.0009718177349532448
2022-06,AM3D.DE,VJ2Q9P-R,Industrials,DE,0.027753325406214793,-0.02271227575143997,-0.0006303411796453951
2022-06,BOSS.DE,QVQPN7-R,Consumer Cyclicals,DE,0.027328114636338486,-0.022975012838749698,-0.0006278637846287002
2022-06,ALK-B.CO,SJKQMD-R,Healthcare,DK,0.004577671069040954,-0.13585040370399437,-0.0006218784627533091
2022-06,RAY.ST,B3MGHK-R,Healthcare,SE,0.002620532491119127,-0.22438577592050002,-0.0005880102163446462
2022-06,BOOZT.ST,TY2YK8-R,Consumer Non-Cyclicals,SE,0.0016313743732708189,-0.3496585652490961,-0.0005704240227420179
2022-06,NOD.OL,CSQ76Z-R,Technology,NO,0.002671576602965771,-0.21029030655467795,-0.0005618066628219771
2022-06,VITB.ST,JKHFMB-R,Technology,SE,0.0025694301028891,-0.18809810157974727,-0.00048330492449529444
2022-06,TOBII.ST,SJ6JSD-R,Technology,SE,0.0011775118816347448,-0.2892522353153385,-0.00034059794387322024
2022-06,ADE.OL,WY3QLM-R,Technology,NO,0.0023313530842381507,-0.136745464818121,-0.0003188019611593059
2022-06,FDP.L,G22X5F-R,Finance,GB,0.0014158836775984478,-0.16181845340194156,-0.00022911610690603407
2022-06,6951.T,KGPLVQ-R,Healthcare,JP,0.0002262013956600207,-0.2233559918201583,-5.0523437078747975e-05
2022-06,DIA.MI,KXDF6J-R,Healthcare,IT,0.005525905227585383,-0.008975410010644502,-4.959726509754263e-05
2022-06,IQE.L,WC6J51-R,Technology,GB,0.0006202261304629051,-0.06390260884673471,-3.963406781149488e-05
2022-06,4755.T,TTK7NN-R,Consumer Non-Cyclicals,JP,0.00010206812237697445,-0.20918729220492338,-2.1351354140480033e-05
2022-06,3990.T,WRR2XC-R,Business Services,JP,0.0001706387006991131,-0.10791556447437178,-1.841457170711817e-05
2022-06,3844.T,FXRN3F-R,Technology,JP,0.00010854802074503928,-0.12608574061613564,-1.3686357588053934e-05
2022-06,4689.T,JQZ6DN-R,Consumer Non-Cyclicals,JP,0.00010184732570166467,-0.12987644077928973,-1.3227568165021284e-05
2022-06,4385.T,RQ314Y-R,Consumer Non-Cyclicals,JP,6.135789444678477e-05,-0.14312073682306115,-8.781587063135449e-06
2022-06,6920.T,Q3WN7R-R,Technology,JP,4.510338067009427e-05,-0.19224004931750327,-8.670676124405046e-06
2022-06,4751.T,G37DWR-R,Business Services,JP,5.5759816157534804e-05,-0.09136611168773723,-5.0945575907370195e-06
2022-06,6840.T,GDGB62-R,Industrials,JP,2.4702163561750066e-05,-0.13128760396843597,-3.2430878668585727e-06
2022-06,6594.T,D79WDP-R,Industrials,JP,1.2506461804162426e-05,-0.09669361758598183,-1.20929503504537e-06
2022-06,6929.T,JK9MJW-R,Technology,JP,1.0096625446984624e-05,-0.09027761502201748,-9.114992651243829e-07
2022-06,3064.T,MR4TNK-R,Industrials,JP,7.935122861770672e-05,0.002183511033631902,1.7326428321901017e-07
2022-06,7270.T,QH66VR-R,Consumer Cyclicals,JP,0.0001604916463169976,0.012815321526030266,2.0567520497942556e-06
2022-06,MRX.DE,GGGVQ0-R,Consumer Non-Cyclicals,DE,0.01831105988579713,0.028419439116569745,0.0005203900515842741
2022-06,FDEV.L,WD63JS-R,Technology,GB,0.034398035669119274,0.06072156840775178,0.002088702675974712
2022-07,MRX.DE,GGGVQ0-R,Consumer Non-Cyclicals,DE,0.0231677143625804,-0.16371925768802764,-0.0037930009977699196
2022-07,GVC.L,TY565Q-R,Consumer Services,GB,0.059341341349714395,-0.030820715926111353,-0.0018289426244139527
2022-07,ASR,DP1CY0-R,Industrials,MX,0.027368264732956303,-0.043688599999999966,-0.0011956811706122338
2022-07,BOKU.L,XJM8M0-R,Finance,US,0.02356488508020209,-0.05014844049393863,-0.0011817422371910166
2022-07,FNAC.PA,X9KJT3-R,Consumer Cyclicals,FR,0.019783421859178654,-0.05618574003376153,-0.0011115461975580471
2022-07,EBRO.MC,RBH78M-R,Consumer Non-Cyclicals,ES,0.026253955015533036,-0.014643297588173954,-0.00038444447615898237
2022-07,ACSO.L,SRS2M0-R,Consumer Services,GB,0.036019104063609884,-0.0031040609078705206,-0.00011180549286037166
2022-07,3990.T,WRR2XC-R,Business Services,JP,0.00014537100983962633,-0.13744864015063674,-1.998104761978147e-05
2022-07,7270.T,QH66VR-R,Consumer Cyclicals,JP,0.00019403806584094346,-0.023516539891130783,-4.563103915746408e-06
2022-07,FDP.L,G22X5F-R,Finance,GB,0.0014416448692288891,-0.0016709679690427581,-2.4089423992163094e-06
2022-07,6929.T,JK9MJW-R,Technology,JP,1.0964511568687011e-05,0.038187496182037206,4.18707243667138e-07
2022-07,6840.T,GDGB62-R,Industrials,JP,2.5616264579399696e-05,0.02608214764528949,6.681271948807023e-07
2022-07,6594.T,D79WDP-R,Industrials,JP,1.3485707556923801e-05,0.11551526436475523,1.5578050735838304e-06
2022-07,4755.T,TTK7NN-R,Consumer Non-Cyclicals,JP,9.635355179300941e-05,0.08771735921195511,8.45187911397513e-06
2022-07,6920.T,Q3WN7R-R,Technology,JP,4.3316264750399545e-05,0.21674044193085673,9.388386364795589e-06
2022-07,4385.T,RQ314Y-R,Consumer Non-Cyclicals,JP,6.276165433999449e-05,0.19090686055489514,1.1981630393279858e-05
2022-07,3844.T,FXRN3F-R,Technology,JP,0.00011276903452967235,0.14984285900110783,1.6897634540720753e-05
2022-07,3064.T,MR4TNK-R,Industrials,JP,9.462524992834786e-05,0.19224838962434188,1.8191551916525746e-05
2022-07,4689.T,JQZ6DN-R,Consumer Non-Cyclicals,JP,0.00010578782552073748,0.20270215326701635,2.1443420022488915e-05
2022-07,6951.T,KGPLVQ-R,Healthcare,JP,0.00020971109250443864,0.1639959906837718,3.4391778372641525e-05
2022-07,BOOZT.ST,TY2YK8-R,Consumer Non-Cyclicals,SE,0.0012769377016690682,0.058418732985209276,7.459708263255212e-05
2022-07,ADE.OL,WY3QLM-R,Technology,NO,0.0024140619862684366,0.038062422315485955,9.188504681711009e-05
2022-07,VITB.ST,JKHFMB-R,Technology,SE,0.0025079869677846257,0.053698570959383796,0.0001346753161547925
2022-07,UMI.BR,L1YNFY-R,Non-Energy Materials,BE,0.004654636826411652,0.035395042157086776,0.00016475106669676902
2022-07,IQE.L,WC6J51-R,Technology,GB,0.0007052705892016093,0.2824084125876951,0.0001991743475412149
2022-07,NOD.OL,CSQ76Z-R,Technology,NO,0.002530675357471226,0.11699168667392934,0.0002960679784947078
2022-07,DIA.MI,KXDF6J-R,Healthcare,IT,0.0067373212897073155,0.05670610620368999,0.00038204725658252465
2022-07,TOBII.ST,SJ6JSD-R,Technology,SE,0.0010072878408421571,0.4957236210180427,0.00049933637586972
2022-07,KAHOT.OL,FR4B9H-R,Technology,NO,0.0018269199343699755,0.30016445990114504,0.000548376435382799
2022-07,MTLS,CRHQ9D-R,Business Services,BE,0.02236973854297669,0.03083710000000006,0.000689817864423628
2022-07,ALK-B.CO,SJKQMD-R,Healthcare,DK,0.004868726541332243,0.1477841824955899,0.0007195207717053664
2022-07,IFX.DE,P59ZZH-R,Technology,DE,0.006200098767743134,0.12186150850667499,0.0007555533887275551
2022-07,RAY.ST,B3MGHK-R,Healthcare,SE,0.0024462965896677328,0.33630350297483225,0.0008226981124206444
2022-07,ZAL.DE,PM6KP2-R,Consumer Cyclicals,DE,0.0189399008452852,0.06908343545335294,0.0013084334175381648
2022-07,AMP.MI,WJWHT6-R,Healthcare,IT,0.019078965206010573,0.07439463962456339,0.0014193727409107402
2022-07,SMDS.L,QCZ86Y-R,Non-Energy Materials,GB,0.02643430909241366,0.05373125571391113,0.0014203486214650445
2022-07,DSY.PA,VMHPTJ-R,Technology,FR,0.009551530256513327,0.15751215060966062,0.0015044820723166576
2022-07,PETS.L,VZY7HR-R,Consumer Cyclicals,GB,0.022526612446470282,0.07137381494556627,0.0016078102681048598
2022-07,TSM,N28HXY-R,Technology,TW,0.02014015557145754,0.0823240999999999,0.0016580201812802257
2022-07,BB,L8N0YK-R,Technology,CA,0.013131408806230236,0.1416170000000001,0.0018596307209119086
2022-07,OCDO.L,LHPBFK-R,Industrials,GB,0.02514787667008174,0.0781895330766933,0.00196630073470396
2022-07,NTR,TW27V9-R,Non-Energy Materials,CA,0.027763341012389732,0.07653629999999989,0.0021249033967265614
2022-07,FUTR.L,GM88J1-R,Technology,GB,0.040392670206361746,0.06458248023570268,0.0026086588252696137
2022-07,CRESY,S6KYTP-R,Consumer Non-Cyclicals,AR,0.02006736657439639,0.15674600000000005,0.003145479441070338
2022-07,TPE.DE,DKP314-R,Technology,DE,0.026231791044417235,0.13257719001234247,0.0034777371456597675
2022-07,ASML,GL3H8G-R,Technology,NL,0.01728980812489916,0.20711100000000005,0.0035809094505559907
2022-07,BOSS.DE,QVQPN7-R,Consumer Cyclicals,DE,0.03284843520774671,0.11398890229077496,0.003744357071300692
2022-07,LBIRD.PA,NL6284-R,Healthcare,FR,0.027893384184361485,0.14948539000262007,0.004169653413292191
2022-07,AM3D.DE,VJ2Q9P-R,Industrials,DE,0.033368521191000075,0.15288068925052345,0.005101402518950789
2022-07,AML.L,N8P36V-R,Consumer Cyclicals,GB,0.0622870139405766,0.08606868947343549,0.005360961661079034
2022-07,ASC.L,PP8053-R,Consumer Cyclicals,GB,0.021879864146232237,0.2457650472510713,0.0053773058457457865
2022-07,ADYEN.AS,B8DGF3-R,Finance,NL,0.023840989900893485,0.2266055146437913,0.005402499786109399
2022-07,MUSTI.HE,NQVWVF-R,Consumer Cyclicals,FI,0.03515030958873158,0.15773850389285426,0.005544557245897169
2022-07,FDEV.L,WD63JS-R,Technology,GB,0.04432287463214396,0.1270438749578826,0.005630949742540004
2022-07,LTG.L,JF74F9-R,Technology,GB,0.032087158699409785,0.18945238876234427,0.006078988864199619
2022-07,WOSG.L,F5L9LT-R,Consumer Cyclicals,GB,0.045111890367687174,0.1574057498786221,0.007100870931767989
2022-07,ZOO.L,DP2M95-R,Consumer Services,GB,0.03126878981796046,0.24211355465947326,0.007570597852726351
2022-07,MELI,B8366W-R,Consumer Non-Cyclicals,UY,0.045643941965127964,0.2776700000000001,0.012673953365457086
2022-08,WOSG.L,F5L9LT-R,Consumer Cyclicals,GB,0.06082999217143805,-0.15287858202037874,-0.009299602947480189
2022-08,ASC.L,PP8053-R,Consumer Cyclicals,GB,0.025404578598919255,-0.36008398931356855,-0.009147782008728953
2022-08,FUTR.L,GM88J1-R,Technology,GB,0.040078646828858304,-0.1847140462914182,-0.007403089025643133
2022-08,AML.L,N8P36V-R,Consumer Cyclicals,GB,0.0630501175439716,-0.10766528826000588,-0.006788309080198957
2022-08,LTG.L,JF74F9-R,Technology,GB,0.035572248246282925,-0.17902565281690996,-0.006368344964455981
2022-08,TPE.DE,DKP314-R,Technology,DE,0.026952531970668707,-0.22174994394466863,-0.0059767224536626746
2022-08,FDEV.L,WD63JS-R,Technology,GB,0.04655861686944186,-0.09781112113022261,-0.004553950514272604
2022-08,OCDO.L,LHPBFK-R,Industrials,GB,0.02527131296001285,-0.1715921418292592,-0.004336358717646121
2022-08,AMP.MI,WJWHT6-R,Healthcare,IT,0.01859611437171308,-0.2045174643626363,-0.0038032301583003384
2022-08,MTLS,CRHQ9D-R,Business Services,BE,0.02144898902523237,-0.16737899999999994,-0.0035901103340543676
2022-08,ADYEN.AS,B8DGF3-R,Finance,NL,0.02652973000982268,-0.1291430707935548,-0.0034261308007924257
2022-08,ZAL.DE,PM6KP2-R,Consumer Cyclicals,DE,0.01836932134300551,-0.16889383733626362,-0.0031024651708831284
2022-08,SMDS.L,QCZ86Y-R,Non-Energy Materials,GB,0.025961431838929256,-0.11949195539339286,-0.003102182255245944
2022-08,ACSO.L,SRS2M0-R,Consumer Services,GB,0.033466791916758915,-0.08930180553732392,-0.0029886449437084885
2022-08,ASML,GL3H8G-R,Technology,NL,0.019413029432417708,-0.145034,-0.00281554931070127
2022-08,FNAC.PA,X9KJT3-R,Consumer Cyclicals,FR,0.016939153399730338,-0.15519932744924092,-0.002628945215197671
2022-08,MRX.DE,GGGVQ0-R,Consumer Non-Cyclicals,DE,0.01757676673161866,-0.1311633626349643,-0.0023054278287694746
2022-08,ZOO.L,DP2M95-R,Consumer Services,GB,0.036199742986676,-0.05346502242824691,-0.001935420070679406
2022-08,BOSS.DE,QVQPN7-R,Consumer Cyclicals,DE,0.027664200993665955,-0.06943921744712978,-0.0019209804683002739
2022-08,PETS.L,VZY7HR-R,Consumer Cyclicals,GB,0.022494061984346985,-0.07431821890705559,-0.0016717186226615764
2022-08,TSM,N28HXY-R,Technology,TW,0.028467917454934585,-0.057979299999999956,-0.0016505499264948876
2022-08,AM3D.DE,VJ2Q9P-R,Industrials,DE,0.03489994201500727,-0.045674821560512946,-0.0015940486240077056
2022-08,BOKU.L,XJM8M0-R,Finance,US,0.02086192531226819,-0.07166807310732226,-0.0014951339884391335
2022-08,RAY.ST,B3MGHK-R,Healthcare,SE,0.003753583679136531,-0.3412611209357105,-0.0012809521738681208
2022-08,MUSTI.HE,NQVWVF-R,Consumer Cyclicals,FI,0.03691842728654552,-0.029058560497781105,-0.0010727963527890157
2022-08,DSY.PA,VMHPTJ-R,Technology,FR,0.010030027159046561,-0.08924751994750846,-0.0008951550489510596
2022-08,IFX.DE,P59ZZH-R,Technology,DE,0.006310181311693593,-0.09976602089786546,-0.000629541680611743
2022-08,UMI.BR,L1YNFY-R,Non-Energy Materials,BE,0.004372156058481878,-0.11196045917469644,-0.0004895085998910619
2022-08,VITB.ST,JKHFMB-R,Technology,SE,0.0024706866157542216,-0.1829047726909847,-0.00045190037384518417
2022-08,BB,L8N0YK-R,Technology,CA,0.013891173958328614,-0.03027420000000003,-0.0004205441786492325
2022-08,DIA.MI,KXDF6J-R,Healthcare,IT,0.0064587014172267435,-0.050140315698779414,-0.0003238413280639029
2022-08,ALK-B.CO,SJKQMD-R,Healthcare,DK,0.005063755483386417,-0.06251654891380154,-0.0003165685173646577
2022-08,KAHOT.OL,FR4B9H-R,Technology,NO,0.002257901391422931,-0.1393500777748391,-0.00031463873450270286
2022-08,FDP.L,G22X5F-R,Finance,GB,0.001341414630912075,-0.2204381917388346,-0.00029569901561027405
2022-08,LBIRD.PA,NL6284-R,Healthcare,FR,0.02316989538971921,-0.011612996191053937,-0.00026907190690792735
2022-08,NOD.OL,CSQ76Z-R,Technology,NO,0.002687038844480821,-0.09645618173981907,-0.0002591815071251955
2022-08,IQE.L,WC6J51-R,Technology,GB,0.0008429805313177978,-0.25710289997324665,-0.00021673273922279409
2022-08,BOOZT.ST,TY2YK8-R,Consumer Non-Cyclicals,SE,0.0012635815592647154,-0.16013937377474463,-0.0002023491596139669
2022-08,TOBII.ST,SJ6JSD-R,Technology,SE,0.001408578932573133,-0.1334309438727347,-0.00018794801649248225
2022-08,3844.T,FXRN3F-R,Technology,JP,0.00012260010316914892,-0.20730719630661487,-2.5415883654897992e-05
2022-08,6951.T,KGPLVQ-R,Healthcare,JP,0.00023079972093872624,-0.08463076468260611,-1.9532756871576496e-05
2022-08,4689.T,JQZ6DN-R,Consumer Non-Cyclicals,JP,0.0001202971253042762,-0.14298294001899348,-1.7200436651838664e-05
2022-08,3990.T,WRR2XC-R,Business Services,JP,0.00011855635720627436,-0.0792769328332209,-9.398784367193157e-06
2022-08,4385.T,RQ314Y-R,Consumer Non-Cyclicals,JP,7.066991216133236e-05,-0.03338100441611147,-2.359032649943645e-06
2022-08,6920.T,Q3WN7R-R,Technology,JP,4.983235334114225e-05,-0.02775398822526387,-1.3830465478672507e-06
2022-08,6594.T,D79WDP-R,Industrials,JP,1.4223677210611823e-05,-0.017990835168630426,-2.558958321879223e-07
2022-08,4755.T,TTK7NN-R,Consumer Non-Cyclicals,JP,9.909382346472446e-05,-0.00020236896258452042,-2.0053514253089897e-08
2022-08,6929.T,JK9MJW-R,Technology,JP,1.0762863603704917e-05,0.22530636434682205,2.4249416685114904e-06
2022-08,7733.T,QG6F3V-R,Healthcare,JP,7.989154697928454e-05,0.03474236450894552,2.7756212463378488e-06
2022-08,6840.T,GDGB62-R,Industrials,JP,2.485188553061282e-05,0.14403402276173183,3.5795170461882408e-06
2022-08,3064.T,MR4TNK-R,Industrials,JP,0.00010666853705891396,0.03386759337298595,3.6126066388025803e-06
2022-08,7270.T,QH66VR-R,Consumer Cyclicals,JP,0.00017914909060944288,0.06009377452278453,1.0765745057045755e-05
2022-08,ADE.OL,WY3QLM-R,Technology,NO,0.0023820972113086196,0.10744238868367395,0.0002559382144597165
2022-08,GVC.L,TY565Q-R,Consumer Services,GB,0.05360343598957788,0.02072756632534367,0.0011110687747402895
2022-08,CRESY,S6KYTP-R,Consumer Non-Cyclicals,AR,0.021591574897194977,0.07204150000000009,0.0015554894429562738
2022-08,NTR,TW27V9-R,Non-Energy Materials,CA,0.027758876800720526,0.07616420000000002,0.0021142326444254385
2022-08,MELI,B8366W-R,Consumer Non-Cyclicals,UY,0.05424477656479201,0.05118540000000005,0.0027765405863795075
2022-08,ASR,DP1CY0-R,Industrials,MX,0.024344593284815884,0.12597799999999992,0.0030668831728345334
2022-09,AML.L,N8P36V-R,Consumer Cyclicals,GB,0.06341729678077743,-0.3070881141900528,-0.019474698075439844
2022-09,GVC.L,TY565Q-R,Consumer Services,GB,0.06126421990671409,-0.1827724433935779,-0.011197411164951609
2022-09,WOSG.L,F5L9LT-R,Consumer Cyclicals,GB,0.05808419058239698,-0.17698356898500978,-0.01027994735087811
2022-09,OCDO.L,LHPBFK-R,Industrials,GB,0.023597523949994332,-0.37654311172750377,-0.008885485097195162
2022-09,LBIRD.PA,NL6284-R,Healthcare,FR,0.02662253799323229,-0.2908046747671005,-0.007741958502596692
2022-09,FUTR.L,GM88J1-R,Technology,GB,0.036831331024444365,-0.18734568291475995,-0.006900190863434115
2022-09,MRX.DE,GGGVQ0-R,Consumer Non-Cyclicals,DE,0.017753145966757044,-0.34325152323918584,-0.006093794395376963
2022-09,FDEV.L,WD63JS-R,Technology,GB,0.047346955170992286,-0.12210057555823461,-0.005781090477308091
2022-09,CRESY,S6KYTP-R,Consumer Non-Cyclicals,AR,0.04092915179211239,-0.12480000000000002,-0.0051079581436556274
2022-09,PETS.L,VZY7HR-R,Consumer Cyclicals,GB,0.023470595876637773,-0.20221398006772773,-0.004746082606776123
2022-09,MUSTI.HE,NQVWVF-R,Consumer Cyclicals,FI,0.04121176713066329,-0.11486947132413172,-0.004733973902632521
2022-09,ASC.L,PP8053-R,Consumer Cyclicals,GB,0.018324380482956135,-0.21628718111625878,-0.003963328600360371
2022-09,LTG.L,JF74F9-R,Technology,GB,0.03291798460081278,-0.11852053560461884,-0.0039014571659129254
2022-09,ACSO.L,SRS2M0-R,Consumer Services,GB,0.034354455494058335,-0.10481489886364492,-0.0036008587781253152
2022-09,BB,L8N0YK-R,Technology,CA,0.0158675772833733,-0.20453199999999994,-0.003245427316922907
2022-09,BOSS.DE,QVQPN7-R,Consumer Cyclicals,DE,0.023941487485627605,-0.1337729862823962,-0.003202724276995022
2022-09,ADYEN.AS,B8DGF3-R,Finance,NL,0.018358808503778898,-0.17384300603391445,-0.003191550457497915
2022-09,ASML,GL3H8G-R,Technology,NL,0.019518086532253478,-0.15224300000000002,-0.0029714920479298667
2022-09,NTR,TW27V9-R,Non-Energy Materials,CA,0.035056637092980104,-0.08388299999999993,-0.0029406558892704476
2022-09,FNAC.PA,X9KJT3-R,Consumer Cyclicals,FR,0.016635812995528004,-0.17124566631429305,-0.0028488108810991687
2022-09,ZAL.DE,PM6KP2-R,Consumer Cyclicals,DE,0.01774792551442787,-0.1416924702066631,-0.0025147474071831465
2022-09,ASR,DP1CY0-R,Industrials,MX,0.03231307419005123,-0.07235069999999999,-0.002337873536802139
2022-09,MELI,B8366W-R,Consumer Non-Cyclicals,UY,0.06721758581165041,-0.032243800000000045,-0.0021673503933936967
2022-09,SMDS.L,QCZ86Y-R,Non-Energy Materials,GB,0.025766605179582302,-0.08070001719492292,-0.0020793654810470816
2022-09,MTLS,CRHQ9D-R,Business Services,BE,0.021052318515790928,-0.08383229999999997,-0.001764864281511339
2022-09,SAX.DE,JCTTTN-R,Business Services,DE,0.01165167115705281,-0.10375611257816042,-0.0012089321042948761
2022-09,DIA.MI,KXDF6J-R,Healthcare,IT,0.0071318620162049064,-0.14042566653820288,-0.0010014964772840655
2022-09,DSY.PA,VMHPTJ-R,Technology,FR,0.010619416959082228,-0.09168882713788196,-0.0009736818858663825
2022-09,ADE.OL,WY3QLM-R,Technology,NO,0.0030293339694014597,-0.26415965873777747,-0.0008002278275598464
2022-09,ALK-B.CO,SJKQMD-R,Healthcare,DK,0.005524595092201993,-0.14222449031814144,-0.000785732721202534
2022-09,IFX.DE,P59ZZH-R,Technology,DE,0.006603822271734541,-0.08365786056879787,-0.0005524616428298902
2022-09,VITB.ST,JKHFMB-R,Technology,SE,0.0022817266232979944,-0.20666065781802767,-0.0004715431249316705
2022-09,NOD.OL,CSQ76Z-R,Technology,NO,0.0027879812406485485,-0.12636457807042212,-0.0003523020731428058
2022-09,UMI.BR,L1YNFY-R,Non-Energy Materials,BE,0.004488891020527235,-0.06953045037015892,-0.000312114614319821
2022-09,TOBII.ST,SJ6JSD-R,Technology,SE,0.0013796189192608554,-0.2067717819800965,-0.0002852662623890219
2022-09,RAY.ST,B3MGHK-R,Healthcare,SE,0.002794685340761662,-0.0880154975043892,-0.00024597562063536114
2022-09,FDP.L,G22X5F-R,Finance,GB,0.001178713087105265,-0.1431431292436438,-0.00016872467976868332
2022-09,ZOO.L,DP2M95-R,Consumer Services,GB,0.03768930977572521,-0.004039149878201642,-0.00015223277099012445
2022-09,BOOZT.ST,TY2YK8-R,Consumer Non-Cyclicals,SE,0.0011994545205836961,-0.11619332791752612,-0.0001393686124323405
2022-09,KAHOT.OL,FR4B9H-R,Technology,NO,0.002231506527060344,-0.05363325173779376,-0.00011968295132035733
2022-09,6951.T,KGPLVQ-R,Healthcare,JP,0.00024010692683625225,-0.18794060959645764,-4.5125842197937304e-05
2022-09,7270.T,QH66VR-R,Consumer Cyclicals,JP,0.00021583996149611548,-0.16465194128758143,-3.553846866777224e-05
2022-09,IQE.L,WC6J51-R,Technology,GB,0.0007059026955517506,-0.043459554921562615,-3.06782169666104e-05
2022-09,3990.T,WRR2XC-R,Business Services,JP,0.000124058675284183,-0.21257309506203093,-2.637153657445426e-05
2022-09,3064.T,MR4TNK-R,Industrials,JP,0.00012533556627681314,-0.1543759184553124,-1.9348793159099707e-05
2022-09,6920.T,Q3WN7R-R,Technology,JP,5.506310343058935e-05,-0.27259148491327934,-1.5009733128077836e-05
2022-09,4689.T,JQZ6DN-R,Consumer Non-Cyclicals,JP,0.00011717055617846741,-0.11999225768743405,-1.405955957034663e-05
2022-09,4755.T,TTK7NN-R,Consumer Non-Cyclicals,JP,0.00011259840589175839,-0.11759615197093609,-1.3241139250932365e-05
2022-09,3844.T,FXRN3F-R,Technology,JP,0.00011045081388137213,-0.09798141637180569,-1.0822127183515537e-05
2022-09,7733.T,QG6F3V-R,Healthcare,JP,9.395205891978847e-05,-0.11332110362383419,-1.0646751004521923e-05
2022-09,7269.T,CB1FV5-R,Consumer Cyclicals,JP,9.691162170836881e-05,-0.10795716955204937,-1.046230437633444e-05
2022-09,6840.T,GDGB62-R,Industrials,JP,3.231262078340111e-05,-0.13756619705274142,-4.445124357979865e-06
2022-09,6594.T,D79WDP-R,Industrials,JP,1.5874518873838526e-05,-0.15884442268187027,-2.521578785867334e-06
2022-09,6929.T,JK9MJW-R,Technology,JP,1.4988061801066664e-05,-0.11218630334583435,-1.6814552477805772e-06
2022-09,AMP.MI,WJWHT6-R,Healthcare,IT,0.01719694324974163,0.012491459319313725,0.00021481491702069432
2022-09,BOKU.L,XJM8M0-R,Finance,US,0.02182984748861137,0.13027700981257184,0.0028439272554807702
2022-09,AM3D.DE,VJ2Q9P-R,Industrials,DE,0.03871859929649088,0.6402881775655582,0.02479106138144125
2022-10,AML.L,N8P36V-R,Consumer Cyclicals,GB,0.02450164408615878,-0.08257426378270338,-0.0020232052218803896
2022-10,FUTR.L,GM88J1-R,Technology,GB,0.042897902277692926,-0.042038004021471176,-0.0018033421884623326
2022-10,CRESY,S6KYTP-R,Consumer Non-Cyclicals,AR,0.04280398421049337,-0.031076899999999963,-0.0013302151369110797
2022-10,AMP.MI,WJWHT6-R,Healthcare,IT,0.020270014728547926,-0.05350028370076432,-0.0010844515385959853
2022-10,DSY.PA,VMHPTJ-R,Technology,FR,0.011229145718855204,-0.03782626926175059,-0.00042475668954085083
2022-10,BOSS.DE,QVQPN7-R,Consumer Cyclicals,DE,0.024143165891200802,-0.017161261345083445,-0.00041432717955660145
2022-10,MTLS,CRHQ9D-R,Business Services,BE,0.030031259671630887,-0.01120449999999995,-0.0003364852489907868
2022-10,BB,L8N0YK-R,Technology,CA,0.015002587793094388,-0.020521400000000023,-0.0003078741051372075
2022-10,TOBII.ST,SJ6JSD-R,Technology,SE,0.0012529703177271273,-0.061867694868458556,-7.751838529637748e-05
2022-10,FDP.L,G22X5F-R,Finance,GB,0.0011578116382306555,-0.020139663542138364,-2.3317936839137425e-05
2022-10,FTCH,D2X4MC-R,Energy,US,4.7277404863814276e-05,-0.03071670000000004,-1.4522058619803259e-06
2022-10,4689.T,JQZ6DN-R,Consumer Non-Cyclicals,JP,0.00011800138212840838,-0.011565518010937526,-1.3647471103216286e-06
2022-10,6840.T,GDGB62-R,Industrials,JP,3.189192871417679e-05,-0.01994803128928857,-6.361811918661592e-07
2022-10,3064.T,MR4TNK-R,Industrials,JP,0.0001212924003943029,-0.0026450380252924788,-3.208230112219316e-07
2022-10,6594.T,D79WDP-R,Industrials,JP,1.5215751006487514e-05,-0.009893361613466323,-1.5053492692764514e-07
2022-10,6929.T,JK9MJW-R,Technology,JP,1.5228228586880795e-05,0.03516955798409027,5.355700682812852e-07
2022-10,3844.T,FXRN3F-R,Technology,JP,0.00011346993570184612,0.036566457876467284,4.149193624087007e-06
2022-10,4755.T,TTK7NN-R,Consumer Non-Cyclicals,JP,0.00011370536465362294,0.04793268522544447,5.450203452386489e-06
2022-10,3990.T,WRR2XC-R,Business Services,JP,0.00011179435251190928,0.06109819311570819,6.83043293901819e-06
2022-10,7270.T,QH66VR-R,Consumer Cyclicals,JP,0.00020278316595815106,0.04408681345263621,8.940063608931975e-06
2022-10,7269.T,CB1FV5-R,Consumer Cyclicals,JP,9.784183416446309e-05,0.09466101904835633,9.261807727568361e-06
2022-10,7733.T,QG6F3V-R,Healthcare,JP,9.533552729946334e-05,0.10425640023410243,9.939338890662048e-06
2022-10,6920.T,Q3WN7R-R,Technology,JP,4.5837531153989344e-05,0.41565290212419503,1.9052502850363874e-05
2022-10,6951.T,KGPLVQ-R,Healthcare,JP,0.00022173966811550567,0.12200003841658336,2.7052248028572135e-05
2022-10,NOD.OL,CSQ76Z-R,Technology,NO,0.002650577294634343,0.044833067634532764,0.00011883351112089836
2022-10,ALK-B.CO,SJKQMD-R,Healthcare,DK,0.0055181935467160615,0.0331125000000001,0.00018272118381563613
2022-10,IQE.L,WC6J51-R,Technology,GB,0.0007740386306381727,0.27941087212888127,0.00021627480884805683
2022-10,NTR,TW27V9-R,Non-Energy Materials,CA,0.03806059327284668,0.006544110000000103,0.0002490727090427726
2022-10,KAHOT.OL,FR4B9H-R,Technology,NO,0.002298150088460601,0.11918009772308902,0.0002738937521250601
2022-10,AM3D.DE,VJ2Q9P-R,Industrials,DE,0.012271145632482168,0.02616946624635319,0.00032112933143332644
2022-10,ADE.OL,WY3QLM-R,Technology,NO,0.002425780604315446,0.13358670327049116,0.0003240520337880002
2022-10,ASC.L,PP8053-R,Consumer Cyclicals,GB,0.016462940848571556,0.028150200702244943,0.00046343508903647594
2022-10,BOOZT.ST,TY2YK8-R,Consumer Non-Cyclicals,SE,0.001213740189562005,0.4162535739387663,0.0005052236917383003
2022-10,VITB.ST,JKHFMB-R,Technology,SE,0.0020694215402987538,0.2498107914759471,0.0005169638328794053
2022-10,UMI.BR,L1YNFY-R,Non-Energy Materials,BE,0.004862421965284606,0.12099611424489276,0.0005883341636184522
2022-10,OCDO.L,LHPBFK-R,Industrials,GB,0.016865317249775427,0.037965707801240756,0.0006403037066801992
2022-10,RAY.ST,B3MGHK-R,Healthcare,SE,0.0029181328566159725,0.22472483495337792,0.0006557769245750536
2022-10,IFX.DE,P59ZZH-R,Technology,DE,0.007044732545143612,0.09883150931469875,0.0006962415501549224
2022-10,SAX.DE,JCTTTN-R,Business Services,DE,0.012156983623874294,0.07919850609633916,0.0009628149416485036
2022-10,DIA.MI,KXDF6J-R,Healthcare,IT,0.007136702235667729,0.16714667567489405,0.0011928760539734453
2022-10,FDEV.L,WD63JS-R,Technology,GB,0.04764947102320821,0.028874324625504988,0.0013758462945577072
2022-10,MRX.DE,GGGVQ0-R,Consumer Non-Cyclicals,DE,0.013573343762111114,0.13400808319862567,0.001818937780156533
2022-10,FNAC.PA,X9KJT3-R,Consumer Cyclicals,FR,0.016050231665422948,0.11546440702001015,0.0018532304817818505
2022-10,ONWD.BR,X9PJS6-R,Healthcare,NL,0.013312411540678432,0.15607718465183207,0.0020777637141956478
2022-10,ADYEN.AS,B8DGF3-R,Finance,NL,0.01765706441639889,0.13008059132420335,0.0022968413803347173
2022-10,LTG.L,JF74F9-R,Technology,GB,0.03326354668302862,0.06936063728792874,0.002307180796391633
2022-10,ASML,GL3H8G-R,Technology,NL,0.019772095421289985,0.13740200000000002,0.002716725455076087
2022-10,PETS.L,VZY7HR-R,Consumer Cyclicals,GB,0.021465035359058842,0.1317792494735852,0.002828646249540743
2022-10,LBIRD.PA,NL6284-R,Healthcare,FR,0.021979958350764984,0.13374982883349484,0.002939815667182162
2022-10,ZAL.DE,PM6KP2-R,Consumer Cyclicals,DE,0.017733798431827954,0.1679558726856376,0.0029784955916488556
2022-10,SGO.PA,RK87TQ-R,Non-Energy Materials,FR,0.023265298992363983,0.13166961524142073,0.0030633329668011793
2022-10,MUSTI.HE,NQVWVF-R,Consumer Cyclicals,FI,0.042465853884454785,0.08096172511474276,0.003438108788956059
2022-10,SMDS.L,QCZ86Y-R,Non-Energy Materials,GB,0.02715405672393652,0.2139782001373376,0.005810376184215107
2022-10,BOKU.L,XJM8M0-R,Finance,US,0.02828497943635541,0.21975154905595806,0.0062156680461550205
2022-10,ACSO.L,SRS2M0-R,Consumer Services,GB,0.03525474167135908,0.18759168042583663,0.006613496233109017
2022-10,ASR,DP1CY0-R,Industrials,MX,0.03581840528824338,0.189886,0.006801413706563382
2022-10,MELI,B8366W-R,Consumer Non-Cyclicals,UY,0.07773078329015473,0.08920250000000007,0.006933780196440033
2022-10,ZOO.L,DP2M95-R,Consumer Services,GB,0.035042435185451734,0.3076380945256394,0.010780387987990593
2022-10,GVC.L,TY565Q-R,Consumer Services,GB,0.05739462591934097,0.2073919520632992,0.011903183507354951
2022-10,WOSG.L,F5L9LT-R,Consumer Cyclicals,GB,0.0657610900207769,0.19298920623556648,0.012691180564295365
2022-11,MUSTI.HE,NQVWVF-R,Consumer Cyclicals,FI,0.04063552505497443,-0.16790778148649677,-0.006823020861519711
2022-11,FDEV.L,WD63JS-R,Technology,GB,0.044367266928359066,-0.11270070768627705,-0.0050002223809320215
2022-11,MTLS,CRHQ9D-R,Business Services,BE,0.026055282240893065,-0.08876309999999998,-0.0023127476230766146
2022-11,NTR,TW27V9-R,Non-Energy Materials,CA,0.03384434513799382,-0.055026699999999984,-0.001862342626604844
2022-11,PETS.L,VZY7HR-R,Consumer Cyclicals,GB,0.021985506535618444,-0.05708523637263163,-0.0012550478373578164
2022-11,AM3D.DE,VJ2Q9P-R,Industrials,DE,0.011147045686472047,-0.04105793304130345,-0.0004576746554035198
2022-11,VITB.ST,JKHFMB-R,Technology,SE,0.002279053003746153,-0.030237197159977858,-6.891217501231219e-05
2022-11,TOBII.ST,SJ6JSD-R,Technology,SE,0.0010357777848537572,-0.05380608561966138,-5.5731148174784466e-05
2022-11,DIA.MI,KXDF6J-R,Healthcare,IT,0.0073735829274289184,-0.004822630887986734,-3.556006878095035e-05
2022-11,6951.T,KGPLVQ-R,Healthcare,JP,0.00021258587511707258,-0.11025686193806694,-2.343905148276621e-05
2022-11,NEM.DE,FYP7N8-R,Technology,DE,0.03267014696416929,-0.0006279086449223481,-2.0513867709685504e-05
2022-11,7733.T,QG6F3V-R,Healthcare,JP,8.995452342380437e-05,-0.0479701014656706,-4.315127615935938e-06
2022-11,6929.T,JK9MJW-R,Technology,JP,1.3469733108348392e-05,0.09048013754660089,1.2187433043593665e-06
2022-11,6594.T,D79WDP-R,Industrials,JP,1.2872817666895773e-05,0.10362932801296765,1.334001444453867e-06
2022-11,4689.T,JQZ6DN-R,Consumer Non-Cyclicals,JP,9.966289809873694e-05,0.03460284303784267,3.4486196196071024e-06
2022-11,7269.T,CB1FV5-R,Consumer Cyclicals,JP,9.151712075909706e-05,0.04264250776443501,3.902519532548533e-06
2022-11,4755.T,TTK7NN-R,Consumer Non-Cyclicals,JP,0.00010181538387330286,0.0445550243108046,4.536386903688911e-06
2022-11,3064.T,MR4TNK-R,Industrials,JP,0.00010336697754176628,0.09729177318284088,1.0056756533589333e-05
2022-11,6920.T,Q3WN7R-R,Technology,JP,5.544677108469512e-05,0.2577534242204309,1.4291595109046544e-05
2022-11,3844.T,FXRN3F-R,Technology,JP,0.00010050238435477096,0.14577873386686302,1.4651110341839333e-05
2022-11,7270.T,QH66VR-R,Consumer Cyclicals,JP,0.0001809116865999888,0.08191355064764094,1.4819118603058327e-05
2022-11,3990.T,WRR2XC-R,Business Services,JP,0.00010136163223023207,0.150753279745661,1.5280598499080983e-05
2022-11,6840.T,GDGB62-R,Industrials,JP,2.6707101872947795e-05,0.5805342707754739,1.5504387910338043e-05
2022-11,FTCH,D2X4MC-R,Energy,US,6.408396712519541e-05,0.894366,5.731452134189252e-05
2022-11,KAHOT.OL,FR4B9H-R,Technology,NO,0.0023654270880616945,0.036413464303178156,8.613339483290516e-05
2022-11,FDP.L,G22X5F-R,Finance,GB,0.0010267015717185131,0.08392098374200763,8.616180590808302e-05
2022-11,RAY.ST,B3MGHK-R,Healthcare,SE,0.003149235958162624,0.04591406383686181,0.00014459422082041938
2022-11,IQE.L,WC6J51-R,Technology,GB,0.0008962332266863594,0.2761467555564763,0.00024749189777135007
2022-11,ADE.OL,WY3QLM-R,Technology,NO,0.0025289316885210075,0.11842564883010076,0.00029949037606010257
2022-11,UMI.BR,L1YNFY-R,Non-Energy Materials,BE,0.004825168035751727,0.06355001416457462,0.0003066394970184749
2022-11,BB,L8N0YK-R,Technology,CA,0.013051787043774061,0.03635980000000005,0.0004745603665542168
2022-11,NOD.OL,CSQ76Z-R,Technology,NO,0.0025469379367684722,0.2434566078944016,0.0006200688706032182
2022-11,ASC.L,PP8053-R,Consumer Cyclicals,GB,0.0042723781991416,0.15458723570212274,0.0006604551356793133
2022-11,BOOZT.ST,TY2YK8-R,Consumer Non-Cyclicals,SE,0.001514703283724839,0.45118657551446995,0.0006834137875043327
2022-11,DSY.PA,VMHPTJ-R,Technology,FR,0.009564356802915402,0.07178897301616138,0.0006866153524414334
2022-11,ADYEN.AS,B8DGF3-R,Finance,NL,0.017663766193233784,0.04511323190524963,0.0007968695805954641
2022-11,ONWD.BR,X9PJS6-R,Healthcare,NL,0.01362382514681756,0.05940185846176482,0.0008092805330790891
2022-11,SAX.DE,JCTTTN-R,Business Services,DE,0.011614024313116278,0.10096254749479439,0.0011725814813186989
2022-11,LBIRD.PA,NL6284-R,Healthcare,FR,0.022059700138414663,0.05452626909894276,0.0012028331459891827
2022-11,BOKU.L,XJM8M0-R,Finance,US,0.03122276727673881,0.04205836968271437,0.001313178688642438
2022-11,AMP.MI,WJWHT6-R,Healthcare,IT,0.01698361164183715,0.10766055833947208,0.0018284651119809456
2022-11,SMDS.L,QCZ86Y-R,Non-Energy Materials,GB,0.028819479293159613,0.07676880563404076,0.002212437004330833
2022-11,ASR,DP1CY0-R,Industrials,MX,0.03739619901590778,0.05942080000000005,0.0022221120624844547
2022-11,SGO.PA,RK87TQ-R,Non-Energy Materials,FR,0.02330686468026219,0.095861488959337,0.0022342307512237154
2022-11,IFX.DE,P59ZZH-R,Technology,DE,0.006852532352398019,0.32670147418658546,0.0022387324214397032
2022-11,MELI,B8366W-R,Consumer Non-Cyclicals,UY,0.07428778256496689,0.032569199999999965,0.002419493647914917
2022-11,ZOO.L,DP2M95-R,Consumer Services,GB,0.03264595293837137,0.07709158655065473,0.002516728306477058
2022-11,FNAC.PA,X9KJT3-R,Consumer Cyclicals,FR,0.015848669007864823,0.1677508930619913,0.0026586283799132277
2022-11,BOSS.DE,QVQPN7-R,Consumer Cyclicals,DE,0.02100545071229116,0.18699148225581297,0.003927840364142746
2022-11,SEDG,CQY5QT-R,Technology,IL,0.013161816926614911,0.2992219999999999,0.003938305184415566
2022-11,CRESY,S6KYTP-R,Consumer Non-Cyclicals,AR,0.03639053847466454,0.1301859999999999,0.0047375386418626745
2022-11,AML.L,N8P36V-R,Consumer Cyclicals,GB,0.02034273855275384,0.27660728243080257,0.005626949628277557
2022-11,OCDO.L,LHPBFK-R,Industrials,GB,0.015842353042466336,0.35783412649963187,0.005668934562649727
2022-11,ASML,GL3H8G-R,Technology,NL,0.01973251772944457,0.289655,0.005715622422922267
2022-11,MRX.DE,GGGVQ0-R,Consumer Non-Cyclicals,DE,0.013625663112476732,0.42032822224940514,0.005727250753036641
2022-11,ZAL.DE,PM6KP2-R,Consumer Cyclicals,DE,0.01833511994479013,0.322068673845447,0.005905167765415762
2022-11,FUTR.L,GM88J1-R,Technology,GB,0.03719002018330864,0.18843750635730783,0.007007994664720629
2022-11,LTG.L,JF74F9-R,Technology,GB,0.03205686418942553,0.2562297409379579,0.008213922006539804
2022-11,GVC.L,TY565Q-R,Consumer Services,GB,0.06271360447911918,0.14364688921784552,0.009008614195063814
2022-11,ACSO.L,SRS2M0-R,Consumer Services,GB,0.03789018684596769,0.3160755688481842,0.011976162361103226
2022-11,WOSG.L,F5L9LT-R,Consumer Cyclicals,GB,0.07099829927099569,0.36481414791699485,0.025901184052104086
2022-12,WOSG.L,F5L9LT-R,Consumer Cyclicals,GB,0.08696266528209588,-0.19296446094410835,-0.016780703828422557
2022-12,MELI,B8366W-R,Consumer Non-Cyclicals,UY,0.06655496558455734,-0.09102730000000003,-0.006058318818755178
2022-12,FDEV.L,WD63JS-R,Technology,GB,0.03533008281371563,-0.15078347555761962,-0.005327192678390567
2022-12,LTG.L,JF74F9-R,Technology,GB,0.03614120236795423,-0.11236767645939805,-0.004061102934535911
2022-12,BB,L8N0YK-R,Technology,CA,0.011834691589585134,-0.323245,-0.0038255048828754468
2022-12,FUTR.L,GM88J1-R,Technology,GB,0.039665663189611906,-0.0899578043629693,-0.0035682359691385406
2022-12,GVC.L,TY565Q-R,Consumer Services,GB,0.06436737516910922,-0.04878133959597686,-0.003139926787025965
2022-12,NTR,TW27V9-R,Non-Energy Materials,CA,0.027940191355712313,-0.07913170000000003,-0.002210954840302821
2022-12,ASR,DP1CY0-R,Industrials,MX,0.03437477572315472,-0.057826799999999956,-0.001987783280787722
2022-12,MTLS,CRHQ9D-R,Business Services,BE,0.020600181952830178,-0.08808289999999996,-0.0018145237669329446
2022-12,ADYEN.AS,B8DGF3-R,Finance,NL,0.016686660673807484,-0.0911590053733955,-0.0015211393900276438
2022-12,ASC.L,PP8053-R,Consumer Cyclicals,GB,0.004426984947954175,-0.18419988230202844,-0.0008154501063660106
2022-12,MRX.DE,GGGVQ0-R,Consumer Non-Cyclicals,DE,0.01749322661928628,-0.045674362190730844,-0.0007989919684938156
2022-12,SEDG,CQY5QT-R,Technology,IL,0.01483689692353977,-0.05216489999999996,-0.0007739652443267591
2022-12,RYAAY,Q630MX-R,Industrials,IE,0.05636442120772561,-0.012287000000000048,-0.0006925496433793273
2022-12,IFX.DE,P59ZZH-R,Technology,DE,0.0082176399269301,-0.06865727224657081,-0.0005642007416875301
2022-12,AM3D.DE,VJ2Q9P-R,Industrials,DE,0.009662173397451138,-0.05385292438806599,-0.0005203362933973189
2022-12,ADE.OL,WY3QLM-R,Technology,NO,0.0025588479823626647,-0.1398190572525504,-0.0003577757125465385
2022-12,KAHOT.OL,FR4B9H-R,Technology,NO,0.002217902624094829,-0.11679995798756071,-0.0002590509333147767
2022-12,NOD.OL,CSQ76Z-R,Technology,NO,0.0026006864788111618,-0.06308609272093102,-0.00016406714834035256
2022-12,DSY.PA,VMHPTJ-R,Technology,FR,0.009265906439392272,-0.014225939146625732,-0.00013181622114512198
2022-12,ASML,GL3H8G-R,Technology,NL,0.0009057030472940177,-0.10149300000000006,-9.192251937901178e-05
2022-12,IQE.L,WC6J51-R,Technology,GB,0.0010264358309207736,-0.0345870615957109,-3.5501399308101495e-05
2022-12,6951.T,KGPLVQ-R,Healthcare,JP,0.00017480959087147493,-0.17819299997984728,-3.1149845422637844e-05
2022-12,FDP.L,G22X5F-R,Finance,GB,0.000998743324991397,-0.027949293487676274,-2.79141703090422e-05
2022-12,3990.T,WRR2XC-R,Business Services,JP,0.00010780078499453696,-0.1776293184226766,-1.9148579964009103e-05
2022-12,7270.T,QH66VR-R,Consumer Cyclicals,JP,0.00018089456317447588,-0.0999717453750617,-1.8084345209411717e-05
2022-12,3064.T,MR4TNK-R,Industrials,JP,0.00010482627286790078,-0.167061333080462,-1.751241688716777e-05
2022-12,7733.T,QG6F3V-R,Healthcare,JP,7.914793907439609e-05,-0.1250367852839176,-9.896403863709856e-06
2022-12,7269.T,CB1FV5-R,Consumer Cyclicals,JP,8.81868885285794e-05,-0.09254993820564783,-8.161691083868378e-06
2022-12,4689.T,JQZ6DN-R,Consumer Non-Cyclicals,JP,9.529555207917573e-05,-0.07212900801503708,-6.873573639716249e-06
2022-12,6840.T,GDGB62-R,Industrials,JP,3.901191773842882e-05,-0.16197567280909997,-6.31898162325527e-06
2022-12,6920.T,Q3WN7R-R,Technology,JP,6.445225689418775e-05,-0.09477230493753008,-6.108288944287987e-06
2022-12,OCDO.L,LHPBFK-R,Industrials,GB,0.01930535599774499,-0.00023831964461706878,-4.6008455805885835e-06
2022-12,4755.T,TTK7NN-R,Consumer Non-Cyclicals,JP,9.829023313700906e-05,-0.04006920190906105,-3.938411197255498e-06
2022-12,3844.T,FXRN3F-R,Technology,JP,0.00010642489340573299,-0.0334233963500189,-3.557081393808326e-06
2022-12,6594.T,D79WDP-R,Industrials,JP,1.3129951667044806e-05,-0.16347256049980874,-2.1463868182505466e-06
2022-12,4751.T,G37DWR-R,Business Services,JP,0.00020335338090022778,-0.007955846055153759,-1.617848193237257e-06
2022-12,6929.T,JK9MJW-R,Technology,JP,1.3575103705247414e-05,-0.049607111398283,-6.734216817494528e-07
2022-12,FTCH,D2X4MC-R,Energy,US,0.0001068359840040741,0.08736049999999995,9.33324498058791e-06
2022-12,TOBII.ST,SJ6JSD-R,Technology,SE,0.000881166462016913,0.014177974311629926,1.249315546274562e-05
2022-12,BOOZT.ST,TY2YK8-R,Consumer Non-Cyclicals,SE,0.001976345515737571,0.0790498316957533,0.00015622978039171175
2022-12,UMI.BR,L1YNFY-R,Non-Energy Materials,BE,0.004638666531546702,0.03619148003072237,0.00016788020714565265
2022-12,LBIRD.PA,NL6284-R,Healthcare,FR,0.021027113741596694,0.008215491978794454,0.00017274808428128626
2022-12,VITB.ST,JKHFMB-R,Technology,SE,0.0019871555568157532,0.1167954296670477,0.00023209068707355732
2022-12,SAX.DE,JCTTTN-R,Business Services,DE,0.01155787619642669,0.026910661266960956,0.0003110300912875098
2022-12,DIA.MI,KXDF6J-R,Healthcare,IT,0.006632875283502336,0.0606295992235375,0.0004021485701384543
2022-12,ONWD.BR,X9PJS6-R,Healthcare,NL,0.01304615681626978,0.039251785950629614,0.000512084954830569
2022-12,MONC.MI,VK44PN-R,Consumer Cyclicals,IT,0.012943237428586662,0.042041662175882344,0.0005441552154348766
2022-12,RAY.ST,B3MGHK-R,Healthcare,SE,0.002961507434270507,0.18832518353598982,0.0005577264311021915
2022-12,BOSS.DE,QVQPN7-R,Consumer Cyclicals,DE,0.022537332056270933,0.04765661488713868,0.0010740529543892693
2022-12,AMP.MI,WJWHT6-R,Healthcare,IT,0.01700432590747525,0.0698717069935888,0.0011881212774306016
2022-12,ZOO.L,DP2M95-R,Consumer Services,GB,0.02972916931120643,0.041339014848799316,0.0012289745715984314
2022-12,ACSO.L,SRS2M0-R,Consumer Services,GB,0.027970462985421943,0.05503375727879134,0.0015393196709151287
2022-12,NEM.DE,FYP7N8-R,Technology,DE,0.029512166068684044,0.056720811101676594,0.001673953996783137
2022-12,MUSTI.HE,NQVWVF-R,Consumer Cyclicals,FI,0.03056330143943749,0.056251198940053815,0.0017192223495346313
2022-12,SGO.PA,RK87TQ-R,Non-Energy Materials,FR,0.023086726147555966,0.07753470773028592,0.0017900225642999018
2022-12,BOKU.L,XJM8M0-R,Finance,US,0.029199415723661245,0.06247693819215061,0.0018242900914140943
2022-12,SMDS.L,QCZ86Y-R,Non-Energy Materials,GB,0.021422829114156713,0.08968275542831683,0.0019212583440275418
2022-12,PETS.L,VZY7HR-R,Consumer Cyclicals,GB,0.018604588330609136,0.10379569490946339,0.0019310761742800686
2022-12,ZAL.DE,PM6KP2-R,Consumer Cyclicals,DE,0.02191090377588677,0.14957401872663745,0.003277301931692039
2022-12,AML.L,N8P36V-R,Consumer Cyclicals,GB,0.023306455112660766,0.18808934536303168,0.004383695884873247
2022-12,CRESY,S6KYTP-R,Consumer Non-Cyclicals,AR,0.03568480729652809,0.139494,0.00497781650902189
