ticker,fsym_id,month,iso_currency,price_m,ret_price,ret_factset
RAY.ST,B3MGHK-R,2018-01,SEK,157.0,,-8.18713
RAY.ST,B3MGHK-R,2018-02,SEK,136.2,-0.1324840764331211,-13.2484
RAY.ST,B3MGHK-R,2018-03,SEK,123.0,-0.09691629955947134,-9.69163
RAY.ST,B3MGHK-R,2018-04,SEK,130.9,0.06422764227642275,6.42276
RAY.ST,B3MGHK-R,2018-05,SEK,112.0,-0.14438502673796794,-14.4385
RAY.ST,B3MGHK-R,2018-06,SEK,105.0,-0.0625,-6.25
RAY.ST,B3MGHK-R,2018-07,SEK,115.4,0.09904761904761905,9.90477
RAY.ST,B3MGHK-R,2018-08,SEK,147.4,0.2772963604852685,27.7296
RAY.ST,B3MGHK-R,2018-09,SEK,122.3,-0.17028493894165542,-17.0285
RAY.ST,B3MGHK-R,2018-10,SEK,115.3,-0.05723630417007364,-5.72363
RAY.ST,B3MGHK-R,2018-11,SEK,106.0,-0.0806591500433651,-8.06592
RAY.ST,B3MGHK-R,2018-12,SEK,96.5,-0.089622641509434,-8.96226
RAY.ST,B3MGHK-R,2019-01,SEK,101.6,0.0528497409326425,5.28498
RAY.ST,B3MGHK-R,2019-02,SEK,102.6,0.009842519685039353,0.984251
RAY.ST,B3MGHK-R,2019-03,SEK,103.7,0.01072124756335291,1.07212
RAY.ST,B3MGHK-R,2019-04,SEK,120.7,0.16393442622950816,16.3934
RAY.ST,B3MGHK-R,2019-05,SEK,120.0,-0.0057995028997515075,-0.579947
RAY.ST,B3MGHK-R,2019-06,SEK,132.6,0.10499999999999998,10.5
RAY.ST,B3MGHK-R,2019-07,SEK,138.7,0.046003016591251944,4.6003
RAY.ST,B3MGHK-R,2019-08,SEK,170.6,0.2299927901946648,22.9993
RAY.ST,B3MGHK-R,2019-09,SEK,160.7,-0.05803048065650651,-5.80306
RAY.ST,B3MGHK-R,2019-10,SEK,154.7,-0.03733665214685755,-3.73366
RAY.ST,B3MGHK-R,2019-11,SEK,111.0,-0.28248222365869424,-28.2482
RAY.ST,B3MGHK-R,2019-12,SEK,107.2,-0.03423423423423422,-3.42343
RAY.ST,B3MGHK-R,2020-01,SEK,94.0,-0.12313432835820903,-12.3134
RAY.ST,B3MGHK-R,2020-02,SEK,82.75,-0.11968085106382975,-11.9681
RAY.ST,B3MGHK-R,2020-03,SEK,57.6,-0.3039274924471299,-30.3927
RAY.ST,B3MGHK-R,2020-04,SEK,74.9,0.3003472222222223,30.0347
RAY.ST,B3MGHK-R,2020-05,SEK,82.6,0.10280373831775691,10.2804
RAY.ST,B3MGHK-R,2020-06,SEK,86.5,0.0472154963680389,4.72155
RAY.ST,B3MGHK-R,2020-07,SEK,91.6,0.05895953757225425,5.89595
RAY.ST,B3MGHK-R,2020-08,SEK,96.9,0.05786026200873384,5.78603
RAY.ST,B3MGHK-R,2020-09,SEK,87.6,-0.09597523219814252,-9.59753
RAY.ST,B3MGHK-R,2020-10,SEK,75.4,-0.13926940639269392,-13.9269
RAY.ST,B3MGHK-R,2020-11,SEK,75.6,0.0026525198938991412,0.265253
RAY.ST,B3MGHK-R,2020-12,SEK,82.7,0.09391534391534395,9.39153
RAY.ST,B3MGHK-R,2021-01,SEK,86.8,0.049576783555018045,4.95769
RAY.ST,B3MGHK-R,2021-02,SEK,93.1,0.07258064516129026,7.25806
RAY.ST,B3MGHK-R,2021-03,SEK,89.5,-0.03866809881847466,-3.86681
RAY.ST,B3MGHK-R,2021-04,SEK,83.4,-0.06815642458100557,-6.81564
RAY.ST,B3MGHK-R,2021-05,SEK,93.0,0.1151079136690647,11.5108
RAY.ST,B3MGHK-R,2021-06,SEK,87.4,-0.06021505376344083,-6.02151
RAY.ST,B3MGHK-R,2021-07,SEK,84.7,-0.03089244851258588,-3.08925
RAY.ST,B3MGHK-R,2021-08,SEK,70.8,-0.16410861865407322,-16.4109
RAY.ST,B3MGHK-R,2021-09,SEK,61.5,-0.1313559322033898,-13.1356
RAY.ST,B3MGHK-R,2021-10,SEK,61.1,-0.006504065040650375,-0.650412
RAY.ST,B3MGHK-R,2021-11,SEK,53.9,-0.11783960720130937,-11.784
RAY.ST,B3MGHK-R,2021-12,SEK,56.5,0.04823747680890533,4.82374
RAY.ST,B3MGHK-R,2022-01,SEK,46.15,-0.18318584070796462,-18.3186
RAY.ST,B3MGHK-R,2022-02,SEK,47.35,0.02600216684723744,2.6002
RAY.ST,B3MGHK-R,2022-03,SEK,51.7,0.09186906019007401,9.18691
RAY.ST,B3MGHK-R,2022-04,SEK,43.3,-0.1624758220502902,-16.2476
RAY.ST,B3MGHK-R,2022-05,SEK,66.9,0.5450346420323329,54.5035
RAY.ST,B3MGHK-R,2022-06,SEK,54.4,-0.18684603886397622,-18.6846
RAY.ST,B3MGHK-R,2022-07,SEK,72.6,0.3345588235294117,33.4559
RAY.ST,B3MGHK-R,2022-08,SEK,50.0,-0.3112947658402203,-31.1295
RAY.ST,B3MGHK-R,2022-09,SEK,47.6,-0.04799999999999993,-4.8
RAY.ST,B3MGHK-R,2022-10,SEK,57.4,0.2058823529411764,20.5882
RAY.ST,B3MGHK-R,2022-11,SEK,58.0,0.010452961672473782,1.0453
RAY.ST,B3MGHK-R,2022-12,SEK,68.0,0.17241379310344818,17.2414
RAY.ST,B3MGHK-R,2023-01,SEK,77.4,0.13823529411764723,13.8235
RAY.ST,B3MGHK-R,2023-02,SEK,84.9,0.0968992248062015,9.68993
RAY.ST,B3MGHK-R,2023-03,SEK,77.1,-0.09187279151943473,-9.18728
MELI,B8366W-R,2018-01,USD,387.1,,23.0217
MELI,B8366W-R,2018-02,USD,387.97,0.002247481270989393,0.224745
MELI,B8366W-R,2018-03,USD,356.39,-0.0813980462406888,-8.13975
MELI,B8366W-R,2018-04,USD,339.61,-0.0470832514941496,-4.70838
MELI,B8366W-R,2018-05,USD,290.83,-0.14363534642678377,-14.3635
MELI,B8366W-R,2018-06,USD,298.93,0.027851322078190188,2.78512
MELI,B8366W-R,2018-07,USD,342.91,0.14712474492356065,14.7125
MELI,B8366W-R,2018-08,USD,342.41,-0.0014581085415998896,-0.145811
MELI,B8366W-R,2018-09,USD,340.47,-0.005665722379603388,-0.566572
MELI,B8366W-R,2018-10,USD,324.5,-0.0469057479366759,-4.69058
MELI,B8366W-R,2018-11,USD,351.97,0.0846533127889062,8.46533
MELI,B8366W-R,2018-12,USD,292.85,-0.1679688609824701,-16.7969
MELI,B8366W-R,2019-01,USD,364.0,0.2429571452962267,24.2957
MELI,B8366W-R,2019-02,USD,458.79,0.2604120879120879,26.0412
MELI,B8366W-R,2019-03,USD,507.73,0.10667189781817399,10.6672
MELI,B8366W-R,2019-04,USD,484.14,-0.046461702085754286,-4.64616
MELI,B8366W-R,2019-05,USD,570.52,0.17841946544387977,17.8419
MELI,B8366W-R,2019-06,USD,611.77,0.07230246091285153,7.23025
MELI,B8366W-R,2019-07,USD,621.42,0.015773901956617653,1.57739
MELI,B8366W-R,2019-08,USD,594.6,-0.04315921598918593,-4.31593
MELI,B8366W-R,2019-09,USD,551.23,-0.07293979145644136,-7.29398
MELI,B8366W-R,2019-10,USD,521.52,-0.0538976470801662,-5.38976
MELI,B8366W-R,2019-11,USD,580.58,0.11324589660990969,11.3246
MELI,B8366W-R,2019-12,USD,571.94,-0.014881670054083806,-1.48817
MELI,B8366W-R,2020-01,USD,663.0,0.1592125048081965,15.9212
MELI,B8366W-R,2020-02,USD,616.03,-0.07084464555052794,-7.08447
MELI,B8366W-R,2020-03,USD,488.58,-0.20688927487297692,-20.6889
MELI,B8366W-R,2020-04,USD,583.51,0.19429776085799677,19.4298
MELI,B8366W-R,2020-05,USD,851.67,0.45956367500128525,45.9564
MELI,B8366W-R,2020-06,USD,985.77,0.15745535242523512,15.7455
MELI,B8366W-R,2020-07,USD,1124.62,0.1408543575073291,14.0854
MELI,B8366W-R,2020-08,USD,1168.59,0.03909765076203531,3.90977
MELI,B8366W-R,2020-09,USD,1082.48,-0.07368709299240961,-7.3687
MELI,B8366W-R,2020-10,USD,1214.05,0.12154497080777471,12.1545
MELI,B8366W-R,2020-11,USD,1553.33,0.2794613071949261,27.9461
MELI,B8366W-R,2020-12,USD,1675.22,0.07847012547237231,7.84701
MELI,B8366W-R,2021-01,USD,1779.51,0.06225450985542191,6.22544
MELI,B8366W-R,2021-02,USD,1638.11,-0.07946007608836148,-7.946
MELI,B8366W-R,2021-03,USD,1472.14,-0.10131798230888023,-10.1318
MELI,B8366W-R,2021-04,USD,1570.98,0.06714035349898784,6.71405
MELI,B8366W-R,2021-05,USD,1356.94,-0.13624616481431973,-13.6247
MELI,B8366W-R,2021-06,USD,1557.79,0.14801686146771398,14.8017
MELI,B8366W-R,2021-07,USD,1568.7,0.0070035113847182195,0.700343
MELI,B8366W-R,2021-08,USD,1867.45,0.19044431695034114,19.0444
MELI,B8366W-R,2021-09,USD,1679.4,-0.10069881389059943,-10.0699
MELI,B8366W-R,2021-10,USD,1481.02,-0.11812552101941176,-11.8125
MELI,B8366W-R,2021-11,USD,1188.41,-0.19757329408110624,-19.7573
MELI,B8366W-R,2021-12,USD,1348.4,0.13462525559360827,13.4625
MELI,B8366W-R,2022-01,USD,1132.06,-0.1604420053396619,-16.0442
MELI,B8366W-R,2022-02,USD,1126.65,-0.004778898644948071,-0.47788
MELI,B8366W-R,2022-03,USD,1189.48,0.055767097146407485,5.57671
MELI,B8366W-R,2022-04,USD,973.63,-0.18146585062380205,-18.1466
MELI,B8366W-R,2022-05,USD,785.88,-0.19283506054661426,-19.2835
MELI,B8366W-R,2022-06,USD,636.87,-0.18960910062604974,-18.9609
MELI,B8366W-R,2022-07,USD,813.71,0.2776704822020193,27.767
MELI,B8366W-R,2022-08,USD,855.36,0.05118531172039176,5.11854
MELI,B8366W-R,2022-09,USD,827.78,-0.03224373363262256,-3.22438
MELI,B8366W-R,2022-10,USD,901.62,0.08920244509410713,8.92025
MELI,B8366W-R,2022-11,USD,930.985,0.03256915330183441,3.25692
MELI,B8366W-R,2022-12,USD,846.24,-0.09102724533692808,-9.10273
MELI,B8366W-R,2023-01,USD,1181.69,0.3964005483078088,39.64
MELI,B8366W-R,2023-02,USD,1220.0,0.03241967013345293,3.24197
MELI,B8366W-R,2023-03,USD,1318.06,0.08037704918032773,8.0377
ADYEN.AS,B8DGF3-R,2018-01,EUR,,,
ADYEN.AS,B8DGF3-R,2018-02,EUR,,,
ADYEN.AS,B8DGF3-R,2018-03,EUR,,,
ADYEN.AS,B8DGF3-R,2018-04,EUR,,,
ADYEN.AS,B8DGF3-R,2018-05,EUR,,,
ADYEN.AS,B8DGF3-R,2018-06,EUR,471.75,,
ADYEN.AS,B8DGF3-R,2018-07,EUR,546.4,0.1582405935347111,15.8241
ADYEN.AS,B8DGF3-R,2018-08,EUR,604.0,0.1054172767203514,10.5417
ADYEN.AS,B8DGF3-R,2018-09,EUR,703.0,0.16390728476821192,16.3907
ADYEN.AS,B8DGF3-R,2018-10,EUR,571.1,-0.18762446657183496,-18.7625
ADYEN.AS,B8DGF3-R,2018-11,EUR,457.05,-0.19970232883908245,-19.9702
ADYEN.AS,B8DGF3-R,2018-12,EUR,475.05,0.03938299967180825,3.93831
ADYEN.AS,B8DGF3-R,2019-01,EUR,647.7,0.36343542784970007,36.3436
ADYEN.AS,B8DGF3-R,2019-02,EUR,660.0,0.01899027327466407,1.89903
ADYEN.AS,B8DGF3-R,2019-03,EUR,698.0,0.05757575757575761,5.75757
ADYEN.AS,B8DGF3-R,2019-04,EUR,725.6,0.03954154727793702,3.95415
ADYEN.AS,B8DGF3-R,2019-05,EUR,720.8,-0.006615214994487362,-0.661522
ADYEN.AS,B8DGF3-R,2019-06,EUR,678.6,-0.058546059933407224,-5.85461
ADYEN.AS,B8DGF3-R,2019-07,EUR,687.0,0.012378426171529622,1.23785
ADYEN.AS,B8DGF3-R,2019-08,EUR,658.8,-0.041048034934497935,-4.10481
ADYEN.AS,B8DGF3-R,2019-09,EUR,604.4,-0.08257437765634479,-8.25743
ADYEN.AS,B8DGF3-R,2019-10,EUR,629.4,0.04136333553937788,4.13634
ADYEN.AS,B8DGF3-R,2019-11,EUR,696.2,0.10613282491261522,10.6133
ADYEN.AS,B8DGF3-R,2019-12,EUR,731.0,0.049985636311404624,4.99856
ADYEN.AS,B8DGF3-R,2020-01,EUR,831.0,0.13679890560875507,13.6799
ADYEN.AS,B8DGF3-R,2020-02,EUR,797.2,-0.040673886883273114,-4.06739
ADYEN.AS,B8DGF3-R,2020-03,EUR,770.6,-0.03336678374310087,-3.33669
ADYEN.AS,B8DGF3-R,2020-04,EUR,901.2,0.16947832857513623,16.9478
ADYEN.AS,B8DGF3-R,2020-05,EUR,1183.0,0.31269418553040373,31.2694
ADYEN.AS,B8DGF3-R,2020-06,EUR,1295.5,0.09509721048182596,9.50972
ADYEN.AS,B8DGF3-R,2020-07,EUR,1417.0,0.09378618294094943,9.37862
ADYEN.AS,B8DGF3-R,2020-08,EUR,1413.0,-0.0028228652081863093,-0.282288
ADYEN.AS,B8DGF3-R,2020-09,EUR,1572.5,0.11288039631988678,11.288
ADYEN.AS,B8DGF3-R,2020-10,EUR,1447.5,-0.07949125596184414,-7.94913
ADYEN.AS,B8DGF3-R,2020-11,EUR,1602.0,0.10673575129533686,10.6736
ADYEN.AS,B8DGF3-R,2020-12,EUR,1905.0,0.18913857677902612,18.9139
ADYEN.AS,B8DGF3-R,2021-01,EUR,1719.5,-0.09737532808398952,-9.73753
ADYEN.AS,B8DGF3-R,2021-02,EUR,1916.0,0.11427740622273919,11.4277
ADYEN.AS,B8DGF3-R,2021-03,EUR,1903.5,-0.006524008350730637,-0.652403
ADYEN.AS,B8DGF3-R,2021-04,EUR,2041.5,0.07249802994483856,7.24981
ADYEN.AS,B8DGF3-R,2021-05,EUR,1890.4,-0.07401420524124414,-7.40142
ADYEN.AS,B8DGF3-R,2021-06,EUR,2060.5,0.0899809564113414,8.9981
ADYEN.AS,B8DGF3-R,2021-07,EUR,2289.5,0.1111380732831837,11.1138
ADYEN.AS,B8DGF3-R,2021-08,EUR,2734.5,0.19436558200480447,19.4366
ADYEN.AS,B8DGF3-R,2021-09,EUR,2415.0,-0.1168403730115195,-11.684
ADYEN.AS,B8DGF3-R,2021-10,EUR,2610.5,0.08095238095238089,8.09524
ADYEN.AS,B8DGF3-R,2021-11,EUR,2447.5,-0.06244014556598354,-6.24402
ADYEN.AS,B8DGF3-R,2021-12,EUR,2311.5,-0.0555669050051073,-5.55669
ADYEN.AS,B8DGF3-R,2022-01,EUR,1789.0,-0.22604369457062512,-22.6044
ADYEN.AS,B8DGF3-R,2022-02,EUR,1864.4,0.04214645053102295,4.21464
ADYEN.AS,B8DGF3-R,2022-03,EUR,1809.0,-0.02971465350783098,-2.97146
ADYEN.AS,B8DGF3-R,2022-04,EUR,1623.0,-0.10281923714759533,-10.2819
ADYEN.AS,B8DGF3-R,2022-05,EUR,1447.2,-0.10831792975970422,-10.8318
ADYEN.AS,B8DGF3-R,2022-06,EUR,1388.0,-0.04090657822001109,-4.09066
ADYEN.AS,B8DGF3-R,2022-07,EUR,1745.0,0.25720461095100866,25.7205
ADYEN.AS,B8DGF3-R,2022-08,EUR,1545.0,-0.1146131805157593,-11.4613
ADYEN.AS,B8DGF3-R,2022-09,EUR,1301.8,-0.15741100323624602,-15.7411
ADYEN.AS,B8DGF3-R,2022-10,EUR,1452.6,0.11583960669841753,11.584
ADYEN.AS,B8DGF3-R,2022-11,EUR,1463.8,0.007710312543026232,0.771034
ADYEN.AS,B8DGF3-R,2022-12,EUR,1288.4,-0.11982511272031693,-11.9825
ADYEN.AS,B8DGF3-R,2023-01,EUR,1377.6,0.06923315740453262,6.92331
ADYEN.AS,B8DGF3-R,2023-02,EUR,1345.2,-0.023519163763066064,-2.35192
ADYEN.AS,B8DGF3-R,2023-03,EUR,1459.2,0.0847457627118644,8.47458
BAS1V.HE,BFP734-R,2018-01,EUR,44.7,,-5.89473
BAS1V.HE,BFP734-R,2018-02,EUR,44.4,-0.006711409395973256,-0.671136
BAS1V.HE,BFP734-R,2018-03,EUR,43.7,-0.015765765765765716,-1.57658
BAS1V.HE,BFP734-R,2018-04,EUR,41.0,-0.06178489702517165,-6.17849
BAS1V.HE,BFP734-R,2018-05,EUR,38.8,-0.0536585365853659,-5.36585
BAS1V.HE,BFP734-R,2018-06,EUR,36.0,-0.07216494845360821,-7.2165
BAS1V.HE,BFP734-R,2018-07,EUR,36.0,0.0,0.0
BAS1V.HE,BFP734-R,2018-08,EUR,33.6,-0.06666666666666665,-6.66667
BAS1V.HE,BFP734-R,2018-09,EUR,35.6,0.059523809523809534,5.95238
BAS1V.HE,BFP734-R,2018-10,EUR,19.95,-0.4396067415730337,-43.9607
BAS1V.HE,BFP734-R,2018-11,EUR,29.2,0.4636591478696741,46.3659
BAS1V.HE,BFP734-R,2018-12,EUR,39.5,0.3527397260273972,35.274
BAS1V.HE,BFP734-R,2019-01,EUR,36.5,-0.07594936708860756,-7.59494
BAS1V.HE,BFP734-R,2019-02,EUR,30.3,-0.1698630136986301,-16.9863
BAS1V.HE,BFP734-R,2019-03,EUR,22.1,-0.27062706270627057,-27.0627
BAS1V.HE,BFP734-R,2019-04,EUR,20.5,-0.07239819004524894,-7.23982
BAS1V.HE,BFP734-R,2019-05,EUR,19.5,-0.04878048780487809,-4.87805
BAS1V.HE,BFP734-R,2019-06,EUR,18.16,-0.06871794871794867,-6.8718
BAS1V.HE,BFP734-R,2019-07,EUR,17.8,-0.01982378854625544,-1.98238
BAS1V.HE,BFP734-R,2019-08,EUR,18.86,0.059550561797752755,5.95506
BAS1V.HE,BFP734-R,2019-09,EUR,22.0,0.16648992576882304,16.649
BAS1V.HE,BFP734-R,2019-10,EUR,20.1,-0.08636363636363631,-8.63636
BAS1V.HE,BFP734-R,2019-11,EUR,24.8,0.2338308457711442,23.3831
BAS1V.HE,BFP734-R,2019-12,EUR,23.75,-0.04233870967741937,-4.23387
BAS1V.HE,BFP734-R,2020-01,EUR,26.35,0.10947368421052639,10.9474
BAS1V.HE,BFP734-R,2020-02,EUR,26.0,-0.013282732447817858,-1.32828
BAS1V.HE,BFP734-R,2020-03,EUR,18.9,-0.2730769230769231,-27.3077
BAS1V.HE,BFP734-R,2020-04,EUR,24.4,0.29100529100529093,29.1005
BAS1V.HE,BFP734-R,2020-05,EUR,30.5,0.25,25.0
BAS1V.HE,BFP734-R,2020-06,EUR,29.85,-0.021311475409836023,-2.13115
BAS1V.HE,BFP734-R,2020-07,EUR,35.0,0.17252931323283072,17.2529
BAS1V.HE,BFP734-R,2020-08,EUR,36.5,0.04285714285714293,4.28572
BAS1V.HE,BFP734-R,2020-09,EUR,37.9,0.03835616438356171,3.83562
BAS1V.HE,BFP734-R,2020-10,EUR,37.1,-0.02110817941952503,-2.11083
BAS1V.HE,BFP734-R,2020-11,EUR,38.5,0.037735849056603765,3.77359
BAS1V.HE,BFP734-R,2020-12,EUR,42.0,0.09090909090909083,9.09091
BAS1V.HE,BFP734-R,2021-01,EUR,39.15,-0.06785714285714284,-6.78571
BAS1V.HE,BFP734-R,2021-02,EUR,34.45,-0.12005108556832689,-12.0051
BAS1V.HE,BFP734-R,2021-03,EUR,36.65,0.06386066763425235,6.38607
BAS1V.HE,BFP734-R,2021-04,EUR,40.2,0.09686221009549811,9.68622
BAS1V.HE,BFP734-R,2021-05,EUR,39.1,-0.027363184079602032,-2.73632
BAS1V.HE,BFP734-R,2021-06,EUR,39.75,0.01662404092071612,1.66241
BAS1V.HE,BFP734-R,2021-07,EUR,38.85,-0.02264150943396226,-2.26415
BAS1V.HE,BFP734-R,2021-08,EUR,38.65,-0.005148005148005175,-0.514793
BAS1V.HE,BFP734-R,2021-09,EUR,32.3,-0.16429495472186295,-16.4295
BAS1V.HE,BFP734-R,2021-10,EUR,31.95,-0.010835913312693402,-1.08359
BAS1V.HE,BFP734-R,2021-11,EUR,31.9,-0.0015649452269170805,-0.156498
BAS1V.HE,BFP734-R,2021-12,EUR,30.25,-0.051724137931034475,-5.17241
BAS1V.HE,BFP734-R,2022-01,EUR,26.0,-0.14049586776859502,-14.0496
BAS1V.HE,BFP734-R,2022-02,EUR,22.8,-0.12307692307692308,-12.3077
BAS1V.HE,BFP734-R,2022-03,EUR,21.45,-0.05921052631578949,-5.92105
BAS1V.HE,BFP734-R,2022-04,EUR,39.65,0.8484848484848484,84.8485
BAS1V.HE,BFP734-R,2022-05,EUR,39.75,0.0025220680958386588,0.252199
BAS1V.HE,BFP734-R,2022-06,EUR,39.7,-0.0012578616352200145,-0.125784
BAS1V.HE,BFP734-R,2022-07,EUR,39.55,-0.0037783375314862644,-0.37784
BAS1V.HE,BFP734-R,2022-08,EUR,39.55,0.0,0.0
BAS1V.HE,BFP734-R,2022-09,EUR,39.65,0.0025284450063212116,0.252855
BAS1V.HE,BFP734-R,2022-10,EUR,39.65,0.0,0.0
BAS1V.HE,BFP734-R,2022-11,EUR,40.1,0.011349306431273742,1.13492
BAS1V.HE,BFP734-R,2022-12,EUR,,,
BAS1V.HE,BFP734-R,2023-01,EUR,,,
BAS1V.HE,BFP734-R,2023-02,EUR,,,
BAS1V.HE,BFP734-R,2023-03,EUR,,,
FAG.ST,BXLTC8-R,2018-01,SEK,85.5257,,-2.38805
FAG.ST,BXLTC8-R,2018-02,SEK,87.7053,0.025484737336262553,2.54841
FAG.ST,BXLTC8-R,2018-03,SEK,88.9258,0.013915920702625817,1.39165
FAG.ST,BXLTC8-R,2018-04,SEK,78.0281,-0.12254823684465022,-10.2941
FAG.ST,BXLTC8-R,2018-05,SEK,74.8023,-0.04134151671000563,-4.13408
FAG.ST,BXLTC8-R,2018-06,SEK,66.8687,-0.10606090989180816,-10.6061
FAG.ST,BXLTC8-R,2018-07,SEK,72.3612,0.08213857903623056,8.21383
FAG.ST,BXLTC8-R,2018-08,SEK,72.4484,0.0012050656981918983,0.120485
FAG.ST,BXLTC8-R,2018-09,SEK,70.6176,-0.025270399346293493,-2.52708
FAG.ST,BXLTC8-R,2018-10,SEK,70.0945,-0.00740750181257932,-0.740743
FAG.ST,BXLTC8-R,2018-11,SEK,68.438,-0.023632381998587526,-2.36319
FAG.ST,BXLTC8-R,2018-12,SEK,66.3457,-0.03057219673280942,-3.05732
FAG.ST,BXLTC8-R,2019-01,SEK,64.1661,-0.032852166756850765,-3.28516
FAG.ST,BXLTC8-R,2019-02,SEK,66.7816,0.040761398931834725,4.07609
FAG.ST,BXLTC8-R,2019-03,SEK,62.2481,-0.06788546545755114,-6.7885
FAG.ST,BXLTC8-R,2019-04,SEK,70.6176,0.13445390301069415,13.4454
FAG.ST,BXLTC8-R,2019-05,SEK,61.0,-0.13619267717962658,-10.7871
FAG.ST,BXLTC8-R,2019-06,SEK,61.5,0.008196721311475308,0.819671
FAG.ST,BXLTC8-R,2019-07,SEK,60.0,-0.024390243902439046,-2.43902
FAG.ST,BXLTC8-R,2019-08,SEK,53.8,-0.10333333333333339,-10.3333
FAG.ST,BXLTC8-R,2019-09,SEK,53.3,-0.009293680297397744,-0.929368
FAG.ST,BXLTC8-R,2019-10,SEK,57.2,0.07317073170731714,7.31708
FAG.ST,BXLTC8-R,2019-11,SEK,61.4,0.07342657342657333,7.34266
FAG.ST,BXLTC8-R,2019-12,SEK,59.5,-0.030944625407166138,-3.09446
FAG.ST,BXLTC8-R,2020-01,SEK,59.5,0.0,0.0
FAG.ST,BXLTC8-R,2020-02,SEK,51.6,-0.13277310924369745,-13.2773
FAG.ST,BXLTC8-R,2020-03,SEK,39.1,-0.24224806201550386,-24.2248
FAG.ST,BXLTC8-R,2020-04,SEK,38.0,-0.02813299232736577,-2.8133
FAG.ST,BXLTC8-R,2020-05,SEK,34.85,-0.08289473684210524,-8.28948
FAG.ST,BXLTC8-R,2020-06,SEK,34.45,-0.011477761836441891,-1.14777
FAG.ST,BXLTC8-R,2020-07,SEK,34.45,0.0,0.0
FAG.ST,BXLTC8-R,2020-08,SEK,42.45,0.23222060957910018,23.2221
FAG.ST,BXLTC8-R,2020-09,SEK,43.55,0.025912838633686652,2.59128
FAG.ST,BXLTC8-R,2020-10,SEK,40.25,-0.07577497129735933,-7.5775
FAG.ST,BXLTC8-R,2020-11,SEK,44.0,0.0931677018633541,9.31677
FAG.ST,BXLTC8-R,2020-12,SEK,45.5,0.03409090909090917,3.40909
FAG.ST,BXLTC8-R,2021-01,SEK,50.5,0.10989010989010994,10.989
FAG.ST,BXLTC8-R,2021-02,SEK,46.5,-0.07920792079207917,-7.92079
FAG.ST,BXLTC8-R,2021-03,SEK,50.3,0.08172043010752672,8.17205
FAG.ST,BXLTC8-R,2021-04,SEK,58.2,0.15705765407554684,16.6998
FAG.ST,BXLTC8-R,2021-05,SEK,68.7,0.18041237113402064,18.0412
FAG.ST,BXLTC8-R,2021-06,SEK,68.6,-0.0014556040756915634,-0.145561
FAG.ST,BXLTC8-R,2021-07,SEK,79.2,0.1545189504373179,15.4519
FAG.ST,BXLTC8-R,2021-08,SEK,79.8,0.007575757575757569,0.757587
FAG.ST,BXLTC8-R,2021-09,SEK,66.9,-0.16165413533834572,-16.1654
FAG.ST,BXLTC8-R,2021-10,SEK,68.9,0.029895366218236186,2.98954
FAG.ST,BXLTC8-R,2021-11,SEK,64.0,-0.0711175616835995,-7.11176
FAG.ST,BXLTC8-R,2021-12,SEK,60.9,-0.04843750000000002,-4.84375
FAG.ST,BXLTC8-R,2022-01,SEK,57.8,-0.05090311986863716,-5.09031
FAG.ST,BXLTC8-R,2022-02,SEK,56.4,-0.02422145328719716,-2.42214
FAG.ST,BXLTC8-R,2022-03,SEK,50.3,-0.10815602836879434,-10.8156
FAG.ST,BXLTC8-R,2022-04,SEK,49.65,-0.012922465208747513,1.29225
FAG.ST,BXLTC8-R,2022-05,SEK,53.4,0.07552870090634434,7.55287
FAG.ST,BXLTC8-R,2022-06,SEK,45.45,-0.148876404494382,-14.8876
FAG.ST,BXLTC8-R,2022-07,SEK,55.2,0.21452145214521456,21.4521
FAG.ST,BXLTC8-R,2022-08,SEK,45.65,-0.17300724637681164,-17.3007
FAG.ST,BXLTC8-R,2022-09,SEK,37.4,-0.1807228915662651,-18.0723
FAG.ST,BXLTC8-R,2022-10,SEK,44.0,0.17647058823529416,17.6471
FAG.ST,BXLTC8-R,2022-11,SEK,42.2,-0.040909090909090895,-4.09091
FAG.ST,BXLTC8-R,2022-12,SEK,40.45,-0.041469194312796165,-4.14692
FAG.ST,BXLTC8-R,2023-01,SEK,48.8,0.20642768850432613,20.6428
FAG.ST,BXLTC8-R,2023-02,SEK,55.8,0.14344262295081966,14.3443
FAG.ST,BXLTC8-R,2023-03,SEK,62.0,0.11111111111111116,11.1111
TOM2.AS,BYRC4M-R,2018-01,EUR,15.5947,,6.26286
TOM2.AS,BYRC4M-R,2018-02,EUR,14.0195,-0.10100867602454677,-10.1003
TOM2.AS,BYRC4M-R,2018-03,EUR,13.3049,-0.05097186062270409,-5.09764
TOM2.AS,BYRC4M-R,2018-04,EUR,14.5529,0.09380002856090619,9.38001
TOM2.AS,BYRC4M-R,2018-05,EUR,14.6702,0.008060249159961286,0.80626
TOM2.AS,BYRC4M-R,2018-06,EUR,13.792,-0.05986285122220558,-5.98643
TOM2.AS,BYRC4M-R,2018-07,EUR,15.5733,0.1291545823665894,12.9157
TOM2.AS,BYRC4M-R,2018-08,EUR,15.5164,-0.003653689327245968,-0.365293
TOM2.AS,BYRC4M-R,2018-09,EUR,12.544,-0.1915650537495811,-19.1567
TOM2.AS,BYRC4M-R,2018-10,EUR,13.1484,0.048182397959183776,4.81859
TOM2.AS,BYRC4M-R,2018-11,EUR,14.2222,0.08166773143500361,8.16658
TOM2.AS,BYRC4M-R,2018-12,EUR,14.0444,-0.01250158203372198,-1.25
TOM2.AS,BYRC4M-R,2019-01,EUR,13.9378,-0.0075902138930820096,-0.759494
TOM2.AS,BYRC4M-R,2019-02,EUR,12.9102,-0.073727561021108,-7.37245
TOM2.AS,BYRC4M-R,2019-03,EUR,13.3191,0.031672630942975344,3.16718
TOM2.AS,BYRC4M-R,2019-04,EUR,13.6675,0.02615792358342528,2.61612
TOM2.AS,BYRC4M-R,2019-05,EUR,7.775,-0.43113224803365646,-43.1134
TOM2.AS,BYRC4M-R,2019-06,EUR,10.124,0.30212218649517686,30.2122
TOM2.AS,BYRC4M-R,2019-07,EUR,10.706,0.057487159225602324,5.74873
TOM2.AS,BYRC4M-R,2019-08,EUR,11.086,0.03549411544928094,3.54941
TOM2.AS,BYRC4M-R,2019-09,EUR,10.3,-0.0709002345300378,-7.09003
TOM2.AS,BYRC4M-R,2019-10,EUR,10.13,-0.01650485436893201,-1.65049
TOM2.AS,BYRC4M-R,2019-11,EUR,9.527,-0.05952615992102683,-5.95261
TOM2.AS,BYRC4M-R,2019-12,EUR,9.42,-0.011231237535425542,-1.12313
TOM2.AS,BYRC4M-R,2020-01,EUR,9.823,0.042781316348195375,4.27814
TOM2.AS,BYRC4M-R,2020-02,EUR,9.131,-0.07044691031253181,-7.0447
TOM2.AS,BYRC4M-R,2020-03,EUR,7.12,-0.220238747125178,-22.0239
TOM2.AS,BYRC4M-R,2020-04,EUR,7.2,0.011235955056179803,1.1236
TOM2.AS,BYRC4M-R,2020-05,EUR,7.625,0.05902777777777768,5.90278
TOM2.AS,BYRC4M-R,2020-06,EUR,7.04,-0.07672131147540984,-7.67213
TOM2.AS,BYRC4M-R,2020-07,EUR,6.765,-0.0390625,-3.90625
TOM2.AS,BYRC4M-R,2020-08,EUR,6.725,-0.00591278640059123,-0.591278
TOM2.AS,BYRC4M-R,2020-09,EUR,6.415,-0.04609665427509291,-4.60966
TOM2.AS,BYRC4M-R,2020-10,EUR,5.77,-0.10054559625876858,-10.0546
TOM2.AS,BYRC4M-R,2020-11,EUR,6.845,0.18630849220103984,18.6308
TOM2.AS,BYRC4M-R,2020-12,EUR,8.44,0.23301680058436802,23.3017
TOM2.AS,BYRC4M-R,2021-01,EUR,9.58,0.13507109004739348,13.5071
TOM2.AS,BYRC4M-R,2021-02,EUR,7.78,-0.18789144050104378,-18.7891
TOM2.AS,BYRC4M-R,2021-03,EUR,7.875,0.012210796915167021,1.22107
TOM2.AS,BYRC4M-R,2021-04,EUR,7.305,-0.07238095238095243,-7.2381
TOM2.AS,BYRC4M-R,2021-05,EUR,7.405,0.013689253935660561,1.36893
TOM2.AS,BYRC4M-R,2021-06,EUR,7.065,-0.04591492234976369,-4.59149
TOM2.AS,BYRC4M-R,2021-07,EUR,7.08,0.002123142250530785,0.212312
TOM2.AS,BYRC4M-R,2021-08,EUR,6.785,-0.04166666666666663,-4.16667
TOM2.AS,BYRC4M-R,2021-09,EUR,6.855,0.010316875460574915,1.03168
TOM2.AS,BYRC4M-R,2021-10,EUR,7.445,0.086068563092633,8.60686
TOM2.AS,BYRC4M-R,2021-11,EUR,7.605,0.02149093351242448,2.14909
TOM2.AS,BYRC4M-R,2021-12,EUR,9.11,0.19789612097304388,19.7896
TOM2.AS,BYRC4M-R,2022-01,EUR,8.47,-0.07025246981339173,-7.02524
TOM2.AS,BYRC4M-R,2022-02,EUR,7.455,-0.1198347107438017,-11.9835
TOM2.AS,BYRC4M-R,2022-03,EUR,8.42,0.12944332662642521,12.9443
TOM2.AS,BYRC4M-R,2022-04,EUR,8.3,-0.014251781472684022,-1.42518
TOM2.AS,BYRC4M-R,2022-05,EUR,7.72,-0.06987951807228932,-6.98796
TOM2.AS,BYRC4M-R,2022-06,EUR,7.06,-0.08549222797927458,-8.54922
TOM2.AS,BYRC4M-R,2022-07,EUR,8.795,0.24575070821529743,24.5751
TOM2.AS,BYRC4M-R,2022-08,EUR,8.025,-0.08754974417282546,-8.75498
TOM2.AS,BYRC4M-R,2022-09,EUR,7.365,-0.0822429906542056,-8.2243
TOM2.AS,BYRC4M-R,2022-10,EUR,7.925,0.07603530210454856,7.60354
TOM2.AS,BYRC4M-R,2022-11,EUR,7.685,-0.030283911671924346,-3.02839
TOM2.AS,BYRC4M-R,2022-12,EUR,6.485,-0.15614834092387764,-15.6148
TOM2.AS,BYRC4M-R,2023-01,EUR,6.515,0.004626060138781751,0.462604
TOM2.AS,BYRC4M-R,2023-02,EUR,7.3,0.12049117421335387,12.0491
TOM2.AS,BYRC4M-R,2023-03,EUR,7.545,0.03356164383561655,3.35616
JAZZ,C5GQP9-R,2018-01,USD,145.74,,8.23618
JAZZ,C5GQP9-R,2018-02,USD,144.8,-0.006449842184712451,-0.644988
JAZZ,C5GQP9-R,2018-03,USD,150.99,0.04274861878453029,4.27487
JAZZ,C5GQP9-R,2018-04,USD,152.04,0.006954102920723182,0.695407
JAZZ,C5GQP9-R,2018-05,USD,169.0,0.11154959221257577,11.155
JAZZ,C5GQP9-R,2018-06,USD,172.3,0.019526627218934944,1.95266
JAZZ,C5GQP9-R,2018-07,USD,173.08,0.004526987811955818,0.452697
JAZZ,C5GQP9-R,2018-08,USD,170.92,-0.012479778137277742,-1.24798
JAZZ,C5GQP9-R,2018-09,USD,168.13,-0.01632342616428739,-1.63234
JAZZ,C5GQP9-R,2018-10,USD,158.82,-0.05537381787902218,-5.53738
JAZZ,C5GQP9-R,2018-11,USD,151.2,-0.047978843974310625,-4.79789
JAZZ,C5GQP9-R,2018-12,USD,123.96,-0.18015873015873018,-18.0159
JAZZ,C5GQP9-R,2019-01,USD,125.89,0.015569538560826102,1.55696
JAZZ,C5GQP9-R,2019-02,USD,140.03,0.11232027960918267,11.232
JAZZ,C5GQP9-R,2019-03,USD,142.95,0.020852674426908413,2.08527
JAZZ,C5GQP9-R,2019-04,USD,129.77,-0.09220006995452945,-9.22
JAZZ,C5GQP9-R,2019-05,USD,125.55,-0.032519072204669874,-3.25191
JAZZ,C5GQP9-R,2019-06,USD,142.56,0.13548387096774195,13.5484
JAZZ,C5GQP9-R,2019-07,USD,139.38,-0.022306397306397385,-2.23063
JAZZ,C5GQP9-R,2019-08,USD,128.15,-0.08057110058831962,-8.05712
JAZZ,C5GQP9-R,2019-09,USD,128.14,-7.80335544285915e-05,-0.00779629
JAZZ,C5GQP9-R,2019-10,USD,125.63,-0.01958795067894481,-1.9588
JAZZ,C5GQP9-R,2019-11,USD,151.12,0.20289739711852262,20.2897
JAZZ,C5GQP9-R,2019-12,USD,149.28,-0.012175754367390157,-1.21757
JAZZ,C5GQP9-R,2020-01,USD,143.35,-0.03972400857449099,-3.97239
JAZZ,C5GQP9-R,2020-02,USD,114.58,-0.20069759330310422,-20.0698
JAZZ,C5GQP9-R,2020-03,USD,99.74,-0.12951649502530982,-12.9517
JAZZ,C5GQP9-R,2020-04,USD,110.25,0.1053739723280529,10.5374
JAZZ,C5GQP9-R,2020-05,USD,119.32,0.08226757369614512,8.22675
JAZZ,C5GQP9-R,2020-06,USD,110.34,-0.07525980556486755,-7.52598
JAZZ,C5GQP9-R,2020-07,USD,108.25,-0.018941453688598897,-1.89414
JAZZ,C5GQP9-R,2020-08,USD,134.39,0.2414780600461892,24.1478
JAZZ,C5GQP9-R,2020-09,USD,142.59,0.06101644467594336,6.10164
JAZZ,C5GQP9-R,2020-10,USD,144.1,0.010589802931481707,1.05898
JAZZ,C5GQP9-R,2020-11,USD,140.71,-0.023525329632199776,-2.35253
JAZZ,C5GQP9-R,2020-12,USD,165.05,0.1729798877123161,17.298
JAZZ,C5GQP9-R,2021-01,USD,155.5,-0.05786125416540444,-5.78613
JAZZ,C5GQP9-R,2021-02,USD,168.04,0.08064308681672028,8.06431
JAZZ,C5GQP9-R,2021-03,USD,164.37,-0.021840038086169855,-2.184
JAZZ,C5GQP9-R,2021-04,USD,164.4,0.00018251505749233843,0.0182509
JAZZ,C5GQP9-R,2021-05,USD,178.13,0.08351581508515804,8.35159
JAZZ,C5GQP9-R,2021-06,USD,177.64,-0.0027507999775445713,-0.275081
JAZZ,C5GQP9-R,2021-07,USD,169.52,-0.04571042557982419,-4.57104
JAZZ,C5GQP9-R,2021-08,USD,131.71,-0.22304152902312413,-22.3042
JAZZ,C5GQP9-R,2021-09,USD,130.21,-0.011388656897729832,-1.13887
JAZZ,C5GQP9-R,2021-10,USD,133.04,0.021734121803240747,2.1734
JAZZ,C5GQP9-R,2021-11,USD,119.87,-0.09899278412507506,-9.89927
JAZZ,C5GQP9-R,2021-12,USD,127.4,0.06281805289063147,6.28181
JAZZ,C5GQP9-R,2022-01,USD,138.91,0.09034536891679745,9.03454
JAZZ,C5GQP9-R,2022-02,USD,137.42,-0.01072636959182216,-1.07264
JAZZ,C5GQP9-R,2022-03,USD,155.67,0.13280454082375193,13.2805
JAZZ,C5GQP9-R,2022-04,USD,160.22,0.029228496177812202,2.92286
JAZZ,C5GQP9-R,2022-05,USD,149.68,-0.06578454624890773,-6.57846
JAZZ,C5GQP9-R,2022-06,USD,156.01,0.04229021913415276,4.22902
JAZZ,C5GQP9-R,2022-07,USD,156.06,0.00032049227613617504,0.0320554
JAZZ,C5GQP9-R,2022-08,USD,155.22,-0.005382545174932751,-0.538254
JAZZ,C5GQP9-R,2022-09,USD,133.29,-0.1412833397758021,-14.1283
JAZZ,C5GQP9-R,2022-10,USD,143.79,0.07877560207067291,7.87756
JAZZ,C5GQP9-R,2022-11,USD,156.91,0.09124417553376452,9.12442
JAZZ,C5GQP9-R,2022-12,USD,159.31,0.015295392263080743,1.52954
JAZZ,C5GQP9-R,2023-01,USD,156.66,-0.016634235139037168,-1.66342
JAZZ,C5GQP9-R,2023-02,USD,140.4,-0.10379165070854068,-10.3792
JAZZ,C5GQP9-R,2023-03,USD,146.33,0.042236467236467234,4.22366
AMS.SW,C5K9GL-R,2018-01,CHF,311.828,,-2.9056
AMS.SW,C5K9GL-R,2018-02,CHF,406.125,0.3024006824274923,30.2399
AMS.SW,C5K9GL-R,2018-03,CHF,362.592,-0.10719113573407202,-10.719
AMS.SW,C5K9GL-R,2018-04,CHF,299.12,-0.17505074574177026,-17.5052
AMS.SW,C5K9GL-R,2018-05,CHF,309.069,0.033260898635999014,3.32606
AMS.SW,C5K9GL-R,2018-06,CHF,267.893,-0.13322591395448924,-12.8725
AMS.SW,C5K9GL-R,2018-07,CHF,259.469,-0.0314453905103903,-3.14448
AMS.SW,C5K9GL-R,2018-08,CHF,278.786,0.07444819997764673,7.44474
AMS.SW,C5K9GL-R,2018-09,CHF,199.195,-0.28549138048539024,-28.5491
AMS.SW,C5K9GL-R,2018-10,CHF,142.262,-0.28581540701322816,-28.5819
AMS.SW,C5K9GL-R,2018-11,CHF,100.941,-0.29045704404549355,-29.0454
AMS.SW,C5K9GL-R,2018-12,CHF,85.6493,-0.15149146531141955,-15.1492
AMS.SW,C5K9GL-R,2019-01,CHF,96.8744,0.13105886446240667,13.1059
AMS.SW,C5K9GL-R,2019-02,CHF,112.56,0.16191687380773456,16.1919
AMS.SW,C5K9GL-R,2019-03,CHF,97.528,-0.133546552949538,-13.3548
AMS.SW,C5K9GL-R,2019-04,CHF,156.096,0.6005249774423755,60.0521
AMS.SW,C5K9GL-R,2019-05,CHF,120.694,-0.2267963304633046,-22.6797
AMS.SW,C5K9GL-R,2019-06,CHF,138.957,0.15131655260410626,15.1324
AMS.SW,C5K9GL-R,2019-07,CHF,190.554,0.3713163064833007,37.1309
AMS.SW,C5K9GL-R,2019-08,CHF,143.896,-0.24485447694616758,-24.4855
AMS.SW,C5K9GL-R,2019-09,CHF,161.106,0.11960026685939851,11.9606
AMS.SW,C5K9GL-R,2019-10,CHF,160.126,-0.006082951597085051,-0.608516
AMS.SW,C5K9GL-R,2019-11,CHF,175.195,0.0941071406267564,9.41043
AMS.SW,C5K9GL-R,2019-12,CHF,142.744,-0.18522788892377062,-18.5225
AMS.SW,C5K9GL-R,2020-01,CHF,143.315,0.004000168133161397,0.399661
AMS.SW,C5K9GL-R,2020-02,CHF,119.859,-0.16366744583609538,-16.3669
AMS.SW,C5K9GL-R,2020-03,CHF,51.2528,-0.5723908926321761,-57.2389
AMS.SW,C5K9GL-R,2020-04,CHF,67.5312,0.31760996472387837,31.761
AMS.SW,C5K9GL-R,2020-05,CHF,77.6313,0.14956198024024459,14.9562
AMS.SW,C5K9GL-R,2020-06,CHF,75.5092,-0.027335623646647544,-2.73356
AMS.SW,C5K9GL-R,2020-07,CHF,81.4457,0.07861955894116202,7.86196
AMS.SW,C5K9GL-R,2020-08,CHF,85.9317,0.05507964201916127,5.50791
AMS.SW,C5K9GL-R,2020-09,CHF,112.445,0.30853922359269026,30.8534
AMS.SW,C5K9GL-R,2020-10,CHF,105.568,-0.06115878874116232,-6.11562
AMS.SW,C5K9GL-R,2020-11,CHF,124.64,0.18066080630494086,18.0662
AMS.SW,C5K9GL-R,2020-12,CHF,103.583,-0.16894255455712448,-16.894
AMS.SW,C5K9GL-R,2021-01,CHF,120.127,0.15971732813299466,15.9715
AMS.SW,C5K9GL-R,2021-02,CHF,114.862,-0.04382861471609212,-4.38283
AMS.SW,C5K9GL-R,2021-03,CHF,101.216,-0.11880343368564017,-11.8803
AMS.SW,C5K9GL-R,2021-04,CHF,85.0452,-0.15976525450521661,-15.9766
AMS.SW,C5K9GL-R,2021-05,CHF,95.1454,0.11876272852553704,11.8762
AMS.SW,C5K9GL-R,2021-06,CHF,99.7119,0.04799496349797261,4.79956
AMS.SW,C5K9GL-R,2021-07,CHF,93.1039,-0.06627092653935995,-6.62716
AMS.SW,C5K9GL-R,2021-08,CHF,100.088,0.07501404345038165,7.50144
AMS.SW,C5K9GL-R,2021-09,CHF,91.6265,-0.08454060426824395,-8.4541
AMS.SW,C5K9GL-R,2021-10,CHF,97.1869,0.06068550037380027,6.06861
AMS.SW,C5K9GL-R,2021-11,CHF,87.9463,-0.09508071561084885,-9.50802
AMS.SW,C5K9GL-R,2021-12,CHF,89.2231,0.014517950158221549,1.45178
AMS.SW,C5K9GL-R,2022-01,CHF,82.5202,-0.07512516377485201,-7.51253
AMS.SW,C5K9GL-R,2022-02,CHF,77.0404,-0.06640555888134059,-6.64063
AMS.SW,C5K9GL-R,2022-03,CHF,76.6374,-0.005231021645785927,-0.523025
AMS.SW,C5K9GL-R,2022-04,CHF,65.2211,-0.14896512668749196,-14.8966
AMS.SW,C5K9GL-R,2022-05,CHF,63.0721,-0.03294945960739715,-3.29489
AMS.SW,C5K9GL-R,2022-06,CHF,46.192,-0.2676318055051282,-26.7632
AMS.SW,C5K9GL-R,2022-07,CHF,41.9155,-0.09258096640110836,-9.25796
AMS.SW,C5K9GL-R,2022-08,CHF,38.5632,-0.07997757392849902,-7.99797
AMS.SW,C5K9GL-R,2022-09,CHF,33.5561,-0.1298414032030537,-12.9841
AMS.SW,C5K9GL-R,2022-10,CHF,30.4938,-0.09125911533223474,-9.12584
AMS.SW,C5K9GL-R,2022-11,CHF,41.2923,0.35412116561399354,35.4123
AMS.SW,C5K9GL-R,2022-12,CHF,36.2638,-0.1217781523431728,-12.178
AMS.SW,C5K9GL-R,2023-01,CHF,45.601,0.2574799110959136,25.7482
AMS.SW,C5K9GL-R,2023-02,CHF,39.4227,-0.13548606390210738,-13.5485
AMS.SW,C5K9GL-R,2023-03,CHF,38.0474,-0.03488599208070464,-3.48868
PNDORA.CO,C6RB2B-R,2018-01,DKK,568.4,,-15.8549
PNDORA.CO,C6RB2B-R,2018-02,DKK,640.0,0.12596762843068277,12.5968
PNDORA.CO,C6RB2B-R,2018-03,DKK,649.8,0.01531249999999984,2.9375
PNDORA.CO,C6RB2B-R,2018-04,DKK,687.4,0.057863958140966565,5.78641
PNDORA.CO,C6RB2B-R,2018-05,DKK,501.2,-0.27087576374745415,-27.0876
PNDORA.CO,C6RB2B-R,2018-06,DKK,445.8,-0.11053471667996806,-11.0535
PNDORA.CO,C6RB2B-R,2018-07,DKK,453.0,0.016150740242261152,1.61507
PNDORA.CO,C6RB2B-R,2018-08,DKK,383.7,-0.15298013245033115,-13.3113
PNDORA.CO,C6RB2B-R,2018-09,DKK,401.1,0.04534792806880383,4.53479
PNDORA.CO,C6RB2B-R,2018-10,DKK,412.1,0.027424582398404285,2.74246
PNDORA.CO,C6RB2B-R,2018-11,DKK,356.1,-0.13588934724581414,-13.5889
PNDORA.CO,C6RB2B-R,2018-12,DKK,265.3,-0.2549845549003089,-25.4985
PNDORA.CO,C6RB2B-R,2019-01,DKK,282.4,0.06445533358462097,6.44554
PNDORA.CO,C6RB2B-R,2019-02,DKK,344.2,0.2188385269121813,21.8839
PNDORA.CO,C6RB2B-R,2019-03,DKK,311.6,-0.09471237652527587,-6.85648
PNDORA.CO,C6RB2B-R,2019-04,DKK,279.2,-0.10397946084724019,-10.3979
PNDORA.CO,C6RB2B-R,2019-05,DKK,248.3,-0.11067335243553,-11.0673
PNDORA.CO,C6RB2B-R,2019-06,DKK,233.5,-0.05960531614981879,-5.96053
PNDORA.CO,C6RB2B-R,2019-07,DKK,259.8,0.11263383297644536,11.2634
PNDORA.CO,C6RB2B-R,2019-08,DKK,289.0,0.1123941493456504,11.2394
PNDORA.CO,C6RB2B-R,2019-09,DKK,274.9,-0.04878892733564022,-4.8789
PNDORA.CO,C6RB2B-R,2019-10,DKK,329.4,0.19825391051291374,19.8254
PNDORA.CO,C6RB2B-R,2019-11,DKK,273.0,-0.17122040072859734,-17.122
PNDORA.CO,C6RB2B-R,2019-12,DKK,289.8,0.06153846153846154,6.15385
PNDORA.CO,C6RB2B-R,2020-01,DKK,349.4,0.2056590752242924,20.5659
PNDORA.CO,C6RB2B-R,2020-02,DKK,303.7,-0.13079564968517454,-13.0796
PNDORA.CO,C6RB2B-R,2020-03,DKK,220.9,-0.272637471188673,-24.3003
PNDORA.CO,C6RB2B-R,2020-04,DKK,241.9,0.09506564056133993,9.50656
PNDORA.CO,C6RB2B-R,2020-05,DKK,333.7,0.37949565936337315,37.9496
PNDORA.CO,C6RB2B-R,2020-06,DKK,360.3,0.07971231645190291,7.97123
PNDORA.CO,C6RB2B-R,2020-07,DKK,400.1,0.11046350263669158,11.0464
PNDORA.CO,C6RB2B-R,2020-08,DKK,455.6,0.13871532116970764,13.8715
PNDORA.CO,C6RB2B-R,2020-09,DKK,457.7,0.00460930640913082,0.460935
PNDORA.CO,C6RB2B-R,2020-10,DKK,506.2,0.10596460563688015,10.5965
PNDORA.CO,C6RB2B-R,2020-11,DKK,625.0,0.23468984591070718,23.469
PNDORA.CO,C6RB2B-R,2020-12,DKK,681.0,0.0895999999999999,8.96
PNDORA.CO,C6RB2B-R,2021-01,DKK,593.2,-0.12892804698972093,-12.8928
PNDORA.CO,C6RB2B-R,2021-02,DKK,599.6,0.010788941335131419,1.07889
PNDORA.CO,C6RB2B-R,2021-03,DKK,679.6,0.13342228152101399,13.3422
PNDORA.CO,C6RB2B-R,2021-04,DKK,702.0,0.03296056503825784,3.29607
PNDORA.CO,C6RB2B-R,2021-05,DKK,823.6,0.1732193732193732,17.3219
PNDORA.CO,C6RB2B-R,2021-06,DKK,843.0,0.02355512384652747,2.35552
PNDORA.CO,C6RB2B-R,2021-07,DKK,812.0,-0.03677342823250296,-3.67734
PNDORA.CO,C6RB2B-R,2021-08,DKK,754.0,-0.0714285714285714,-7.14286
PNDORA.CO,C6RB2B-R,2021-09,DKK,780.0,0.034482758620689724,3.44827
PNDORA.CO,C6RB2B-R,2021-10,DKK,898.6,0.15205128205128204,15.2051
PNDORA.CO,C6RB2B-R,2021-11,DKK,814.0,-0.09414645003338529,-9.41464
PNDORA.CO,C6RB2B-R,2021-12,DKK,815.4,0.001719901719901662,0.171995
PNDORA.CO,C6RB2B-R,2022-01,DKK,714.0,-0.1243561442236939,-12.4356
PNDORA.CO,C6RB2B-R,2022-02,DKK,685.6,-0.03977591036414563,-3.9776
PNDORA.CO,C6RB2B-R,2022-03,DKK,647.6,-0.055425904317386254,-3.20887
PNDORA.CO,C6RB2B-R,2022-04,DKK,629.0,-0.02872143298332308,-2.87214
PNDORA.CO,C6RB2B-R,2022-05,DKK,559.6,-0.11033386327503969,-11.0334
PNDORA.CO,C6RB2B-R,2022-06,DKK,446.5,-0.202108649035025,-20.2109
PNDORA.CO,C6RB2B-R,2022-07,DKK,537.6,0.20403135498320268,20.4031
PNDORA.CO,C6RB2B-R,2022-08,DKK,447.1,-0.16834077380952384,-16.8341
PNDORA.CO,C6RB2B-R,2022-09,DKK,359.1,-0.19682397673898455,-19.6824
PNDORA.CO,C6RB2B-R,2022-10,DKK,397.1,0.10582010582010581,10.582
PNDORA.CO,C6RB2B-R,2022-11,DKK,527.6,0.3286325862503148,32.8632
PNDORA.CO,C6RB2B-R,2022-12,DKK,488.1,-0.07486732373009852,-7.48673
PNDORA.CO,C6RB2B-R,2023-01,DKK,566.0,0.15959844294202008,15.9598
PNDORA.CO,C6RB2B-R,2023-02,DKK,667.4,0.17915194346289742,17.9152
PNDORA.CO,C6RB2B-R,2023-03,DKK,655.4,-0.017980221756068282,0.599337
7269.T,CB1FV5-R,2018-01,JPY,1557.0,,-4.6832
7269.T,CB1FV5-R,2018-02,JPY,1536.5,-0.013166345536287705,-1.31664
7269.T,CB1FV5-R,2018-03,JPY,1432.5,-0.0676863000325415,-6.05271
7269.T,CB1FV5-R,2018-04,JPY,1472.75,0.028097731239092427,2.80977
7269.T,CB1FV5-R,2018-05,JPY,1565.5,0.06297742318791366,6.29774
7269.T,CB1FV5-R,2018-06,JPY,1529.5,-0.022995847971893912,-2.29958
7269.T,CB1FV5-R,2018-07,JPY,1637.75,0.07077476299444263,7.07748
7269.T,CB1FV5-R,2018-08,JPY,1807.5,0.1036482979697757,10.3648
7269.T,CB1FV5-R,2018-09,JPY,1627.0,-0.09986168741355461,-9.47442
7269.T,CB1FV5-R,2018-10,JPY,1412.5,-0.13183773816840816,-13.1838
7269.T,CB1FV5-R,2018-11,JPY,1413.75,0.0008849557522123686,0.088501
7269.T,CB1FV5-R,2018-12,JPY,1391.75,-0.015561450044208613,-1.55615
7269.T,CB1FV5-R,2019-01,JPY,1418.5,0.01922040596371466,1.92204
7269.T,CB1FV5-R,2019-02,JPY,1425.25,0.004758547761720022,0.47586
7269.T,CB1FV5-R,2019-03,JPY,1224.5,-0.1408524820206981,-13.4362
7269.T,CB1FV5-R,2019-04,JPY,1266.25,0.03409554920375668,3.40955
7269.T,CB1FV5-R,2019-05,JPY,1289.5,0.018361303060217216,1.83613
7269.T,CB1FV5-R,2019-06,JPY,1266.0,-0.01822411787514544,-1.82241
7269.T,CB1FV5-R,2019-07,JPY,1067.25,-0.1569905213270142,-15.6991
7269.T,CB1FV5-R,2019-08,JPY,1024.5,-0.04005621925509484,-4.00562
7269.T,CB1FV5-R,2019-09,JPY,1146.75,0.11932650073206452,12.8355
7269.T,CB1FV5-R,2019-10,JPY,1284.25,0.11990407673860903,11.9904
7269.T,CB1FV5-R,2019-11,JPY,1214.0,-0.054701187463500056,-5.47012
7269.T,CB1FV5-R,2019-12,JPY,1141.75,-0.05951400329489287,-5.9514
7269.T,CB1FV5-R,2020-01,JPY,1258.0,0.10181738559229259,10.1817
7269.T,CB1FV5-R,2020-02,JPY,1084.25,-0.13811605723370435,-13.8116
7269.T,CB1FV5-R,2020-03,JPY,646.125,-0.4040811620936131,-39.555
7269.T,CB1FV5-R,2020-04,JPY,867.25,0.3422325401431612,34.2233
7269.T,CB1FV5-R,2020-05,JPY,936.5,0.0798501008936292,7.98501
7269.T,CB1FV5-R,2020-06,JPY,914.25,-0.023758675920982353,-2.37587
7269.T,CB1FV5-R,2020-07,JPY,868.0,-0.05058791359037462,-5.05879
7269.T,CB1FV5-R,2020-08,JPY,1087.25,0.25259216589861744,25.2592
7269.T,CB1FV5-R,2020-09,JPY,1120.75,0.030811680846171585,3.93194
7269.T,CB1FV5-R,2020-10,JPY,1114.25,-0.0057996877091233134,-0.579971
7269.T,CB1FV5-R,2020-11,JPY,1401.0,0.2573479919228181,25.7348
7269.T,CB1FV5-R,2020-12,JPY,1195.5,-0.14668094218415417,-14.6681
7269.T,CB1FV5-R,2021-01,JPY,1177.0,-0.015474696779590125,-1.54747
7269.T,CB1FV5-R,2021-02,JPY,1149.75,-0.02315208156329651,-2.31521
7269.T,CB1FV5-R,2021-03,JPY,1256.25,0.09262883235485986,10.4153
7269.T,CB1FV5-R,2021-04,JPY,1036.75,-0.17472636815920395,-17.4726
7269.T,CB1FV5-R,2021-05,JPY,1185.75,0.14371835061490223,14.3718
7269.T,CB1FV5-R,2021-06,JPY,1175.25,-0.008855154965211942,-0.885516
7269.T,CB1FV5-R,2021-07,JPY,1107.5,-0.05764730908317384,-5.76473
7269.T,CB1FV5-R,2021-08,JPY,1189.0,0.07358916478555311,7.35892
7269.T,CB1FV5-R,2021-09,JPY,1248.75,0.05025231286795617,5.97141
7269.T,CB1FV5-R,2021-10,JPY,1268.75,0.0160160160160161,1.6016
7269.T,CB1FV5-R,2021-11,JPY,1146.25,-0.096551724137931,-9.65517
7269.T,CB1FV5-R,2021-12,JPY,1107.25,-0.03402399127589972,-3.4024
7269.T,CB1FV5-R,2022-01,JPY,1216.0,0.09821630164822759,9.82163
7269.T,CB1FV5-R,2022-02,JPY,1143.25,-0.05982730263157898,-5.98273
7269.T,CB1FV5-R,2022-03,JPY,1053.25,-0.07872293898972227,-6.86639
7269.T,CB1FV5-R,2022-04,JPY,977.0,-0.0723949679563256,-7.2395
7269.T,CB1FV5-R,2022-05,JPY,954.5,-0.023029682702149445,-2.30297
7269.T,CB1FV5-R,2022-06,JPY,1066.0,0.11681508643268734,11.6815
7269.T,CB1FV5-R,2022-07,JPY,1080.75,0.013836772983114365,1.38367
7269.T,CB1FV5-R,2022-08,JPY,1219.75,0.12861438815637283,12.8614
7269.T,CB1FV5-R,2022-09,JPY,1120.25,-0.08157409305185492,-7.13261
7269.T,CB1FV5-R,2022-10,JPY,1255.0,0.12028565052443652,12.0286
7269.T,CB1FV5-R,2022-11,JPY,1228.25,-0.02131474103585662,-2.13147
7269.T,CB1FV5-R,2022-12,JPY,1067.75,-0.13067372277630773,-13.0674
7269.T,CB1FV5-R,2023-01,JPY,1209.75,0.13298993210021082,13.299
7269.T,CB1FV5-R,2023-02,JPY,1195.75,-0.011572638974994831,-1.15727
7269.T,CB1FV5-R,2023-03,JPY,1201.0,0.0043905498641019225,1.48443
SODA,CBC387-R,2018-01,USD,78.63,,11.7856
SODA,CBC387-R,2018-02,USD,80.92,0.02912374411802121,2.91238
SODA,CBC387-R,2018-03,USD,91.8304,0.13482946119624306,13.4829
SODA,CBC387-R,2018-04,USD,94.49,0.02896208662926436,2.89624
SODA,CBC387-R,2018-05,USD,83.26,-0.11884855540268802,-11.8849
SODA,CBC387-R,2018-06,USD,85.3,0.02450156137400894,2.45014
SODA,CBC387-R,2018-07,USD,87.3,0.023446658851113744,2.34468
SODA,CBC387-R,2018-08,USD,142.75,0.6351660939289805,63.5166
SODA,CBC387-R,2018-09,USD,143.08,0.002311733800350435,0.231171
SODA,CBC387-R,2018-10,USD,143.39,0.0021666200726864204,0.216663
SODA,CBC387-R,2018-11,USD,143.65,0.0018132366273799772,0.181317
SODA,CBC387-R,2018-12,USD,142.291,-0.009460494256874452,-0.946265
SODA,CBC387-R,2019-01,USD,,,
SODA,CBC387-R,2019-02,USD,,,
SODA,CBC387-R,2019-03,USD,,,
SODA,CBC387-R,2019-04,USD,,,
SODA,CBC387-R,2019-05,USD,,,
SODA,CBC387-R,2019-06,USD,,,
SODA,CBC387-R,2019-07,USD,,,
SODA,CBC387-R,2019-08,USD,,,
SODA,CBC387-R,2019-09,USD,,,
SODA,CBC387-R,2019-10,USD,,,
SODA,CBC387-R,2019-11,USD,,,
SODA,CBC387-R,2019-12,USD,,,
SODA,CBC387-R,2020-01,USD,,,
SODA,CBC387-R,2020-02,USD,,,
SODA,CBC387-R,2020-03,USD,,,
SODA,CBC387-R,2020-04,USD,,,
SODA,CBC387-R,2020-05,USD,,,
SODA,CBC387-R,2020-06,USD,,,
SODA,CBC387-R,2020-07,USD,,,
SODA,CBC387-R,2020-08,USD,,,
SODA,CBC387-R,2020-09,USD,,,
SODA,CBC387-R,2020-10,USD,,,
SODA,CBC387-R,2020-11,USD,,,
SODA,CBC387-R,2020-12,USD,,,
SODA,CBC387-R,2021-01,USD,,,
SODA,CBC387-R,2021-02,USD,,,
SODA,CBC387-R,2021-03,USD,,,
SODA,CBC387-R,2021-04,USD,,,
SODA,CBC387-R,2021-05,USD,,,
SODA,CBC387-R,2021-06,USD,,,
SODA,CBC387-R,2021-07,USD,,,
SODA,CBC387-R,2021-08,USD,,,
SODA,CBC387-R,2021-09,USD,,,
SODA,CBC387-R,2021-10,USD,,,
SODA,CBC387-R,2021-11,USD,,,
SODA,CBC387-R,2021-12,USD,,,
SODA,CBC387-R,2022-01,USD,,,
SODA,CBC387-R,2022-02,USD,,,
SODA,CBC387-R,2022-03,USD,,,
SODA,CBC387-R,2022-04,USD,,,
SODA,CBC387-R,2022-05,USD,,,
SODA,CBC387-R,2022-06,USD,,,
SODA,CBC387-R,2022-07,USD,,,
SODA,CBC387-R,2022-08,USD,,,
SODA,CBC387-R,2022-09,USD,,,
SODA,CBC387-R,2022-10,USD,,,
SODA,CBC387-R,2022-11,USD,,,
SODA,CBC387-R,2022-12,USD,,,
SODA,CBC387-R,2023-01,USD,,,
SODA,CBC387-R,2023-02,USD,,,
SODA,CBC387-R,2023-03,USD,,,
SEDG,CQY5QT-R,2018-01,USD,35.9,,-4.39414
SEDG,CQY5QT-R,2018-02,USD,50.05,0.3941504178272981,39.415
SEDG,CQY5QT-R,2018-03,USD,52.6,0.05094905094905111,5.0949
SEDG,CQY5QT-R,2018-04,USD,52.65,0.000950570342205248,0.0950575
SEDG,CQY5QT-R,2018-05,USD,55.85,0.06077872744539414,6.07786
SEDG,CQY5QT-R,2018-06,USD,47.85,-0.1432408236347359,-14.3241
SEDG,CQY5QT-R,2018-07,USD,53.25,0.11285266457680243,11.2853
SEDG,CQY5QT-R,2018-08,USD,47.95,-0.09953051643192479,-9.95305
SEDG,CQY5QT-R,2018-09,USD,37.65,-0.21480709071949955,-21.4807
SEDG,CQY5QT-R,2018-10,USD,38.73,0.028685258964143312,2.86852
SEDG,CQY5QT-R,2018-11,USD,38.93,0.005163955589982061,0.516403
SEDG,CQY5QT-R,2018-12,USD,35.1,-0.09838171076290769,-9.83818
SEDG,CQY5QT-R,2019-01,USD,43.79,0.2475783475783475,24.7578
SEDG,CQY5QT-R,2019-02,USD,42.26,-0.03493948390043389,-3.49395
SEDG,CQY5QT-R,2019-03,USD,37.68,-0.10837671557027917,-10.8377
SEDG,CQY5QT-R,2019-04,USD,44.3,0.17569002123142252,17.569
SEDG,CQY5QT-R,2019-05,USD,53.58,0.20948081264108365,20.9481
SEDG,CQY5QT-R,2019-06,USD,62.46,0.1657334826427772,16.5733
SEDG,CQY5QT-R,2019-07,USD,65.23,0.04434838296509769,4.43485
SEDG,CQY5QT-R,2019-08,USD,81.92,0.25586386631917835,25.5864
SEDG,CQY5QT-R,2019-09,USD,83.72,0.02197265625,2.19727
SEDG,CQY5QT-R,2019-10,USD,84.96,0.01481127568084073,1.48113
SEDG,CQY5QT-R,2019-11,USD,81.61,-0.03943032015065906,-3.94303
SEDG,CQY5QT-R,2019-12,USD,95.09,0.1651758362945719,16.5176
SEDG,CQY5QT-R,2020-01,USD,97.86,0.029130297612787848,2.91303
SEDG,CQY5QT-R,2020-02,USD,124.72,0.2744737379930513,27.4474
SEDG,CQY5QT-R,2020-03,USD,81.88,-0.3434894162924952,-34.3489
SEDG,CQY5QT-R,2020-04,USD,111.59,0.36284807034684907,36.2848
SEDG,CQY5QT-R,2020-05,USD,141.9,0.2716193207276638,27.1619
SEDG,CQY5QT-R,2020-06,USD,138.78,-0.02198731501057083,-2.19873
SEDG,CQY5QT-R,2020-07,USD,175.1,0.2617091799971176,26.1709
SEDG,CQY5QT-R,2020-08,USD,221.15,0.26299257567104517,26.2993
SEDG,CQY5QT-R,2020-09,USD,238.35,0.07777526565679405,7.77754
SEDG,CQY5QT-R,2020-10,USD,257.69,0.08114117893853567,8.11411
SEDG,CQY5QT-R,2020-11,USD,277.98,0.07873801854941997,7.87381
SEDG,CQY5QT-R,2020-12,USD,319.12,0.1479962587236492,14.7996
SEDG,CQY5QT-R,2021-01,USD,288.33,-0.09648408122336427,-9.64841
SEDG,CQY5QT-R,2021-02,USD,298.31,0.034613116914646413,3.46131
SEDG,CQY5QT-R,2021-03,USD,287.44,-0.036438604136636354,-3.64386
SEDG,CQY5QT-R,2021-04,USD,263.54,-0.08314778736431938,-8.31478
SEDG,CQY5QT-R,2021-05,USD,258.01,-0.020983531911664355,-2.09835
SEDG,CQY5QT-R,2021-06,USD,276.37,0.07116003255687775,7.116
SEDG,CQY5QT-R,2021-07,USD,259.48,-0.06111372435503126,-6.11137
SEDG,CQY5QT-R,2021-08,USD,289.78,0.11677200554956046,11.6772
SEDG,CQY5QT-R,2021-09,USD,265.22,-0.08475395127337959,-8.47539
SEDG,CQY5QT-R,2021-10,USD,354.68,0.33730487896840344,33.7305
SEDG,CQY5QT-R,2021-11,USD,327.76,-0.07589940227810987,-7.58994
SEDG,CQY5QT-R,2021-12,USD,280.57,-0.143977300463754,-14.3977
SEDG,CQY5QT-R,2022-01,USD,238.22,-0.15094272374095585,-15.0943
SEDG,CQY5QT-R,2022-02,USD,319.42,0.3408613886323568,34.0861
SEDG,CQY5QT-R,2022-03,USD,322.37,0.009235489324400437,0.923538
SEDG,CQY5QT-R,2022-04,USD,250.41,-0.22322176381176906,-22.3222
SEDG,CQY5QT-R,2022-05,USD,272.79,0.08937342757877098,8.93735
SEDG,CQY5QT-R,2022-06,USD,273.68,0.003262582939257186,0.326252
SEDG,CQY5QT-R,2022-07,USD,360.13,0.3158798596901491,31.588
SEDG,CQY5QT-R,2022-08,USD,275.97,-0.23369338849859767,-23.3693
SEDG,CQY5QT-R,2022-09,USD,231.46,-0.16128564699061498,-16.1286
SEDG,CQY5QT-R,2022-10,USD,230.03,-0.006178173334485448,-0.61782
SEDG,CQY5QT-R,2022-11,USD,298.86,0.2992218406294831,29.9222
SEDG,CQY5QT-R,2022-12,USD,283.27,-0.052164893261058776,-5.21649
SEDG,CQY5QT-R,2023-01,USD,319.13,0.12659300314187893,12.6593
SEDG,CQY5QT-R,2023-02,USD,317.92,-0.003791558299125697,-0.379151
SEDG,CQY5QT-R,2023-03,USD,303.95,-0.04394187216909928,-4.39419
MOON.L,CQZMC1-R,2018-01,GBP,,,
MOON.L,CQZMC1-R,2018-02,GBP,,,
MOON.L,CQZMC1-R,2018-03,GBP,,,
MOON.L,CQZMC1-R,2018-04,GBP,,,
MOON.L,CQZMC1-R,2018-05,GBP,,,
MOON.L,CQZMC1-R,2018-06,GBP,,,
MOON.L,CQZMC1-R,2018-07,GBP,,,
MOON.L,CQZMC1-R,2018-08,GBP,,,
MOON.L,CQZMC1-R,2018-09,GBP,,,
MOON.L,CQZMC1-R,2018-10,GBP,,,
MOON.L,CQZMC1-R,2018-11,GBP,,,
MOON.L,CQZMC1-R,2018-12,GBP,,,
MOON.L,CQZMC1-R,2019-01,GBP,,,
MOON.L,CQZMC1-R,2019-02,GBP,,,
MOON.L,CQZMC1-R,2019-03,GBP,,,
MOON.L,CQZMC1-R,2019-04,GBP,,,
MOON.L,CQZMC1-R,2019-05,GBP,,,
MOON.L,CQZMC1-R,2019-06,GBP,,,
MOON.L,CQZMC1-R,2019-07,GBP,,,
MOON.L,CQZMC1-R,2019-08,GBP,,,
MOON.L,CQZMC1-R,2019-09,GBP,,,
MOON.L,CQZMC1-R,2019-10,GBP,,,
MOON.L,CQZMC1-R,2019-11,GBP,,,
MOON.L,CQZMC1-R,2019-12,GBP,,,
MOON.L,CQZMC1-R,2020-01,GBP,,,
MOON.L,CQZMC1-R,2020-02,GBP,,,
MOON.L,CQZMC1-R,2020-03,GBP,,,
MOON.L,CQZMC1-R,2020-04,GBP,,,
MOON.L,CQZMC1-R,2020-05,GBP,,,
MOON.L,CQZMC1-R,2020-06,GBP,,,
MOON.L,CQZMC1-R,2020-07,GBP,,,
MOON.L,CQZMC1-R,2020-08,GBP,,,
MOON.L,CQZMC1-R,2020-09,GBP,,,
MOON.L,CQZMC1-R,2020-10,GBP,,,
MOON.L,CQZMC1-R,2020-11,GBP,,,
MOON.L,CQZMC1-R,2020-12,GBP,,,
MOON.L,CQZMC1-R,2021-01,GBP,,,
MOON.L,CQZMC1-R,2021-02,GBP,4.5,,
MOON.L,CQZMC1-R,2021-03,GBP,4.246,-0.0564444444444443,-5.64445
MOON.L,CQZMC1-R,2021-04,GBP,4.398,0.035798398492698835,3.57984
MOON.L,CQZMC1-R,2021-05,GBP,4.674,0.06275579809004106,6.27558
MOON.L,CQZMC1-R,2021-06,GBP,4.288,-0.08258451005562684,-8.25844
MOON.L,CQZMC1-R,2021-07,GBP,3.728,-0.13059701492537312,-13.0597
MOON.L,CQZMC1-R,2021-08,GBP,3.87,0.03809012875536477,3.80901
MOON.L,CQZMC1-R,2021-09,GBP,3.19,-0.1757105943152455,-17.5711
MOON.L,CQZMC1-R,2021-10,GBP,3.33,0.043887147335423204,4.38871
MOON.L,CQZMC1-R,2021-11,GBP,3.278,-0.015615615615615641,-1.56156
MOON.L,CQZMC1-R,2021-12,GBP,3.75,0.14399023794996957,14.399
MOON.L,CQZMC1-R,2022-01,GBP,3.122,-0.16746666666666665,-16.7467
MOON.L,CQZMC1-R,2022-02,GBP,2.664,-0.14670083279948742,-14.6701
MOON.L,CQZMC1-R,2022-03,GBP,2.24,-0.15915915915915912,-15.9159
MOON.L,CQZMC1-R,2022-04,GBP,1.934,-0.13660714285714293,-13.6607
MOON.L,CQZMC1-R,2022-05,GBP,2.586,0.33712512926577043,33.7125
MOON.L,CQZMC1-R,2022-06,GBP,2.256,-0.12761020881670537,-12.761
MOON.L,CQZMC1-R,2022-07,GBP,2.076,-0.07978723404255306,-7.97873
MOON.L,CQZMC1-R,2022-08,GBP,1.959,-0.05635838150289019,-5.63584
MOON.L,CQZMC1-R,2022-09,GBP,1.595,-0.18580908626850434,-18.5809
MOON.L,CQZMC1-R,2022-10,GBP,1.377,-0.1366771159874608,-13.6677
MOON.L,CQZMC1-R,2022-11,GBP,1.598,0.16049382716049387,16.0494
MOON.L,CQZMC1-R,2022-12,GBP,1.103,-0.3097622027534419,-30.9762
MOON.L,CQZMC1-R,2023-01,GBP,1.205,0.0924750679963735,9.24751
MOON.L,CQZMC1-R,2023-02,GBP,1.174,-0.025726141078838305,-2.57261
MOON.L,CQZMC1-R,2023-03,GBP,1.234,0.05110732538330498,5.11073
MTLS,CRHQ9D-R,2018-01,USD,12.84,,1.02282
MTLS,CRHQ9D-R,2018-02,USD,11.62,-0.0950155763239876,-9.50156
MTLS,CRHQ9D-R,2018-03,USD,11.69,0.006024096385542244,0.602412
MTLS,CRHQ9D-R,2018-04,USD,11.99,0.02566295979469646,2.5663
MTLS,CRHQ9D-R,2018-05,USD,12.08,0.007506255212677226,0.750625
MTLS,CRHQ9D-R,2018-06,USD,12.98,0.07450331125827825,7.45033
MTLS,CRHQ9D-R,2018-07,USD,12.59,-0.03004622496147924,-3.00462
MTLS,CRHQ9D-R,2018-08,USD,15.15,0.20333598093725191,20.3336
MTLS,CRHQ9D-R,2018-09,USD,13.8,-0.08910891089108908,-8.91089
MTLS,CRHQ9D-R,2018-10,USD,14.75,0.06884057971014479,6.88406
MTLS,CRHQ9D-R,2018-11,USD,14.08,-0.04542372881355927,-4.54237
MTLS,CRHQ9D-R,2018-12,USD,20.03,0.4225852272727273,42.2585
MTLS,CRHQ9D-R,2019-01,USD,16.53,-0.17473789316025956,-17.4738
MTLS,CRHQ9D-R,2019-02,USD,19.2,0.16152450090744086,16.1525
MTLS,CRHQ9D-R,2019-03,USD,15.74,-0.1802083333333333,-18.0208
MTLS,CRHQ9D-R,2019-04,USD,16.66,0.05844980940279543,5.84499
MTLS,CRHQ9D-R,2019-05,USD,14.81,-0.11104441776710683,-11.1044
MTLS,CRHQ9D-R,2019-06,USD,19.52,0.31802835921674544,31.8028
MTLS,CRHQ9D-R,2019-07,USD,19.39,-0.006659836065573743,-0.665987
MTLS,CRHQ9D-R,2019-08,USD,19.66,0.01392470345538932,1.39247
MTLS,CRHQ9D-R,2019-09,USD,18.48,-0.0600203458799593,-6.00204
MTLS,CRHQ9D-R,2019-10,USD,19.09,0.03300865800865793,3.30087
MTLS,CRHQ9D-R,2019-11,USD,17.67,-0.07438449449973794,-7.43845
MTLS,CRHQ9D-R,2019-12,USD,18.31,0.036219581211092144,3.62196
MTLS,CRHQ9D-R,2020-01,USD,18.18,-0.007099945385035444,-0.709993
MTLS,CRHQ9D-R,2020-02,USD,16.54,-0.09020902090209026,-9.0209
MTLS,CRHQ9D-R,2020-03,USD,18.57,0.12273276904474018,12.2733
MTLS,CRHQ9D-R,2020-04,USD,20.46,0.10177705977382878,10.1777
MTLS,CRHQ9D-R,2020-05,USD,25.22,0.23264907135874857,23.2649
MTLS,CRHQ9D-R,2020-06,USD,22.56,-0.10547184773988894,-10.5472
MTLS,CRHQ9D-R,2020-07,USD,22.41,-0.0066489361702126715,-0.66489
MTLS,CRHQ9D-R,2020-08,USD,40.66,0.8143685854529226,81.4369
MTLS,CRHQ9D-R,2020-09,USD,36.91,-0.09222823413674375,-9.22282
MTLS,CRHQ9D-R,2020-10,USD,33.97,-0.07965321051205632,-7.96531
MTLS,CRHQ9D-R,2020-11,USD,43.56,0.28230791875184,28.2308
MTLS,CRHQ9D-R,2020-12,USD,54.21,0.2444903581267217,24.449
MTLS,CRHQ9D-R,2021-01,USD,65.29,0.20439033388673677,20.439
MTLS,CRHQ9D-R,2021-02,USD,45.51,-0.30295604227293627,-30.2956
MTLS,CRHQ9D-R,2021-03,USD,35.95,-0.21006372225884407,-21.0064
MTLS,CRHQ9D-R,2021-04,USD,29.92,-0.1677329624478442,-16.7733
MTLS,CRHQ9D-R,2021-05,USD,26.99,-0.0979278074866311,-9.79278
MTLS,CRHQ9D-R,2021-06,USD,24.09,-0.10744720266765462,-10.7447
MTLS,CRHQ9D-R,2021-07,USD,21.77,-0.09630552096305522,-9.63055
MTLS,CRHQ9D-R,2021-08,USD,22.06,0.013321084060633925,1.3321
MTLS,CRHQ9D-R,2021-09,USD,20.1,-0.08884859474161366,-8.88485
MTLS,CRHQ9D-R,2021-10,USD,24.13,0.20049751243781078,20.0497
MTLS,CRHQ9D-R,2021-11,USD,24.35,0.009117281392457599,0.911736
MTLS,CRHQ9D-R,2021-12,USD,23.87,-0.019712525667351155,-1.97125
MTLS,CRHQ9D-R,2022-01,USD,20.51,-0.1407624633431085,-14.0763
MTLS,CRHQ9D-R,2022-02,USD,20.69,0.008776206728425162,0.877619
MTLS,CRHQ9D-R,2022-03,USD,19.35,-0.06476558724021264,-6.47656
MTLS,CRHQ9D-R,2022-04,USD,15.6,-0.19379844961240322,-19.3798
MTLS,CRHQ9D-R,2022-05,USD,14.63,-0.06217948717948707,-6.21795
MTLS,CRHQ9D-R,2022-06,USD,13.62,-0.0690362269309639,-6.90362
MTLS,CRHQ9D-R,2022-07,USD,14.04,0.03083700440528636,3.08371
MTLS,CRHQ9D-R,2022-08,USD,11.69,-0.1673789173789174,-16.7379
MTLS,CRHQ9D-R,2022-09,USD,10.71,-0.0838323353293412,-8.38323
MTLS,CRHQ9D-R,2022-10,USD,10.59,-0.011204481792717158,-1.12045
MTLS,CRHQ9D-R,2022-11,USD,9.65,-0.0887629839471199,-8.87631
MTLS,CRHQ9D-R,2022-12,USD,8.8,-0.08808290155440412,-8.80829
MTLS,CRHQ9D-R,2023-01,USD,10.54,0.19772727272727253,19.7727
MTLS,CRHQ9D-R,2023-02,USD,8.6,-0.18406072106261862,-18.4061
MTLS,CRHQ9D-R,2023-03,USD,8.3,-0.0348837209302324,-3.48837
NOD.OL,CSQ76Z-R,2018-01,NOK,45.8,,9.04762
NOD.OL,CSQ76Z-R,2018-02,NOK,46.0,0.004366812227074357,0.436687
NOD.OL,CSQ76Z-R,2018-03,NOK,46.65,0.014130434782608559,1.41305
NOD.OL,CSQ76Z-R,2018-04,NOK,50.7,0.08681672025723475,8.68167
NOD.OL,CSQ76Z-R,2018-05,NOK,54.5,0.07495069033530566,7.49507
NOD.OL,CSQ76Z-R,2018-06,NOK,52.2,-0.04220183486238527,-4.22018
NOD.OL,CSQ76Z-R,2018-07,NOK,49.1,-0.059386973180076685,-5.9387
NOD.OL,CSQ76Z-R,2018-08,NOK,51.3,0.044806517311608784,4.48065
NOD.OL,CSQ76Z-R,2018-09,NOK,47.0,-0.08382066276803113,-8.38206
NOD.OL,CSQ76Z-R,2018-10,NOK,36.0,-0.23404255319148937,-23.4043
NOD.OL,CSQ76Z-R,2018-11,NOK,38.2,0.061111111111111116,6.11111
NOD.OL,CSQ76Z-R,2018-12,NOK,28.9,-0.24345549738219907,-24.3456
NOD.OL,CSQ76Z-R,2019-01,NOK,29.25,0.01211072664359869,1.21107
NOD.OL,CSQ76Z-R,2019-02,NOK,36.4,0.24444444444444446,24.4444
NOD.OL,CSQ76Z-R,2019-03,NOK,36.1,-0.008241758241758212,-0.824183
NOD.OL,CSQ76Z-R,2019-04,NOK,41.0,0.1357340720221607,13.5734
NOD.OL,CSQ76Z-R,2019-05,NOK,35.76,-0.1278048780487805,-12.7805
NOD.OL,CSQ76Z-R,2019-06,NOK,35.8,0.0011185682326622093,0.111854
NOD.OL,CSQ76Z-R,2019-07,NOK,44.24,0.23575418994413422,23.5754
NOD.OL,CSQ76Z-R,2019-08,NOK,41.28,-0.06690777576853524,-6.69078
NOD.OL,CSQ76Z-R,2019-09,NOK,51.0,0.23546511627906974,23.5465
NOD.OL,CSQ76Z-R,2019-10,NOK,52.35,0.026470588235294246,2.64705
NOD.OL,CSQ76Z-R,2019-11,NOK,53.3,0.018147086914995114,1.81471
NOD.OL,CSQ76Z-R,2019-12,NOK,55.7,0.04502814258911836,4.50282
NOD.OL,CSQ76Z-R,2020-01,NOK,58.7,0.05385996409335725,5.386
NOD.OL,CSQ76Z-R,2020-02,NOK,49.34,-0.1594548551959114,-15.9455
NOD.OL,CSQ76Z-R,2020-03,NOK,46.18,-0.0640453992703689,-6.40454
NOD.OL,CSQ76Z-R,2020-04,NOK,60.4,0.30792550887830217,30.7926
NOD.OL,CSQ76Z-R,2020-05,NOK,63.7,0.054635761589403975,5.46358
NOD.OL,CSQ76Z-R,2020-06,NOK,73.4,0.152276295133438,15.2276
NOD.OL,CSQ76Z-R,2020-07,NOK,89.2,0.21525885558583102,21.5259
NOD.OL,CSQ76Z-R,2020-08,NOK,89.75,0.006165919282511201,0.616598
NOD.OL,CSQ76Z-R,2020-09,NOK,96.0,0.0696378830083566,6.96379
NOD.OL,CSQ76Z-R,2020-10,NOK,100.4,0.04583333333333339,4.58334
NOD.OL,CSQ76Z-R,2020-11,NOK,127.6,0.27091633466135456,27.0916
NOD.OL,CSQ76Z-R,2020-12,NOK,138.0,0.08150470219435735,8.15047
NOD.OL,CSQ76Z-R,2021-01,NOK,132.5,-0.03985507246376807,-3.98551
NOD.OL,CSQ76Z-R,2021-02,NOK,163.3,0.23245283018867924,23.2453
NOD.OL,CSQ76Z-R,2021-03,NOK,153.3,-0.061236987140232735,-6.1237
NOD.OL,CSQ76Z-R,2021-04,NOK,206.0,0.3437703848662752,34.377
NOD.OL,CSQ76Z-R,2021-05,NOK,231.8,0.12524271844660206,12.5243
NOD.OL,CSQ76Z-R,2021-06,NOK,218.2,-0.05867126833477143,-5.86713
NOD.OL,CSQ76Z-R,2021-07,NOK,289.6,0.327222731439047,32.7223
NOD.OL,CSQ76Z-R,2021-08,NOK,283.0,-0.02279005524861888,-2.27901
NOD.OL,CSQ76Z-R,2021-09,NOK,262.6,-0.07208480565371012,-7.20848
NOD.OL,CSQ76Z-R,2021-10,NOK,250.0,-0.04798172124904809,-4.79817
NOD.OL,CSQ76Z-R,2021-11,NOK,305.2,0.22079999999999989,22.08
NOD.OL,CSQ76Z-R,2021-12,NOK,297.6,-0.024901703800786268,-2.49017
NOD.OL,CSQ76Z-R,2022-01,NOK,260.0,-0.1263440860215055,-12.6344
NOD.OL,CSQ76Z-R,2022-02,NOK,234.0,-0.09999999999999998,-10.0
NOD.OL,CSQ76Z-R,2022-03,NOK,227.2,-0.029059829059829068,-2.90598
NOD.OL,CSQ76Z-R,2022-04,NOK,191.45,-0.15735035211267612,-15.735
NOD.OL,CSQ76Z-R,2022-05,NOK,184.05,-0.03865238965787399,-3.86524
NOD.OL,CSQ76Z-R,2022-06,NOK,152.8,-0.1697908177125781,-16.9791
NOD.OL,CSQ76Z-R,2022-07,NOK,168.0,0.09947643979057585,9.94765
NOD.OL,CSQ76Z-R,2022-08,NOK,153.0,-0.0892857142857143,-8.92857
NOD.OL,CSQ76Z-R,2022-09,NOK,145.5,-0.0490196078431373,-4.90196
NOD.OL,CSQ76Z-R,2022-10,NOK,146.9,0.009621993127147732,0.962198
NOD.OL,CSQ76Z-R,2022-11,NOK,177.2,0.2062627637848875,20.6263
NOD.OL,CSQ76Z-R,2022-12,NOK,163.9,-0.07505643340857782,-7.50564
NOD.OL,CSQ76Z-R,2023-01,NOK,157.4,-0.03965832824893223,-3.96583
NOD.OL,CSQ76Z-R,2023-02,NOK,149.35,-0.051143583227446054,-5.11435
NOD.OL,CSQ76Z-R,2023-03,NOK,159.5,0.06796116504854366,6.79611
BHP,CSSFF1-R,2018-01,USD,49.02,,6.58839
BHP,CSSFF1-R,2018-02,USD,46.5,-0.05140758873929019,-5.14076
BHP,CSSFF1-R,2018-03,USD,44.43,-0.0445161290322581,-2.08603
BHP,CSSFF1-R,2018-04,USD,46.75,0.05221697051541763,5.2217
BHP,CSSFF1-R,2018-05,USD,49.78,0.06481283422459905,6.48128
BHP,CSSFF1-R,2018-06,USD,50.01,0.004620329449578131,0.462031
BHP,CSSFF1-R,2018-07,USD,52.26,0.044991001799639996,4.4991
BHP,CSSFF1-R,2018-08,USD,48.04,-0.08075009567546876,-8.07501
BHP,CSSFF1-R,2018-09,USD,49.84,0.03746877601998344,6.36969
BHP,CSSFF1-R,2018-10,USD,46.18,-0.07343499197431791,-7.3435
BHP,CSSFF1-R,2018-11,USD,44.36,-0.03941100043308787,-3.9411
BHP,CSSFF1-R,2018-12,USD,48.29,0.08859332732191172,8.85934
BHP,CSSFF1-R,2019-01,USD,51.19,0.060053841375025785,6.00538
BHP,CSSFF1-R,2019-02,USD,52.9,0.033404961906622344,3.34051
BHP,CSSFF1-R,2019-03,USD,54.67,0.03345935727788296,5.42532
BHP,CSSFF1-R,2019-04,USD,52.95,-0.03146149625022865,-3.14615
BHP,CSSFF1-R,2019-05,USD,51.91,-0.019641170915958517,-1.96412
BHP,CSSFF1-R,2019-06,USD,58.11,0.1194374879599307,11.9437
BHP,CSSFF1-R,2019-07,USD,54.93,-0.05472379969024266,-5.47238
BHP,CSSFF1-R,2019-08,USD,49.16,-0.10504278172219195,-10.5043
BHP,CSSFF1-R,2019-09,USD,49.38,0.004475183075671296,3.62084
BHP,CSSFF1-R,2019-10,USD,48.91,-0.00951802349129216,-0.951803
BHP,CSSFF1-R,2019-11,USD,51.53,0.05356777755060316,5.35678
BHP,CSSFF1-R,2019-12,USD,54.71,0.061711624296526324,6.17117
BHP,CSSFF1-R,2020-01,USD,51.11,-0.06580149881191744,-6.58015
BHP,CSSFF1-R,2020-02,USD,43.31,-0.15261201330463703,-15.2612
BHP,CSSFF1-R,2020-03,USD,36.69,-0.15285153544216123,-12.2835
BHP,CSSFF1-R,2020-04,USD,40.68,0.10874897792313987,10.8749
BHP,CSSFF1-R,2020-05,USD,47.1,0.15781710914454283,15.7817
BHP,CSSFF1-R,2020-06,USD,49.73,0.05583864118895954,5.58387
BHP,CSSFF1-R,2020-07,USD,52.84,0.062537703599437,6.25377
BHP,CSSFF1-R,2020-08,USD,55.06,0.042013626040878105,4.20136
BHP,CSSFF1-R,2020-09,USD,51.71,-0.06084271703596078,-4.08646
BHP,CSSFF1-R,2020-10,USD,48.11,-0.06961902920131502,-6.9619
BHP,CSSFF1-R,2020-11,USD,55.79,0.15963417168987726,15.9634
BHP,CSSFF1-R,2020-12,USD,65.34,0.17117763039971323,17.1178
BHP,CSSFF1-R,2021-01,USD,66.78,0.02203856749311295,2.20386
BHP,CSSFF1-R,2021-02,USD,75.91,0.13671758011380652,13.6718
BHP,CSSFF1-R,2021-03,USD,69.39,-0.08589118693189302,-5.92808
BHP,CSSFF1-R,2021-04,USD,72.76,0.048566075803429865,4.85661
BHP,CSSFF1-R,2021-05,USD,74.11,0.018554150632215327,1.85541
BHP,CSSFF1-R,2021-06,USD,72.83,-0.017271623262717584,-1.72716
BHP,CSSFF1-R,2021-07,USD,78.56,0.0786763696279007,7.86763
BHP,CSSFF1-R,2021-08,USD,66.14,-0.15809572301425667,-15.8096
BHP,CSSFF1-R,2021-09,USD,53.52,-0.19080737828847893,-13.033
BHP,CSSFF1-R,2021-10,USD,54.84,0.024663677130044803,2.46637
BHP,CSSFF1-R,2021-11,USD,56.19,0.02461706783369788,2.46171
BHP,CSSFF1-R,2021-12,USD,60.35,0.07403452571631974,7.40346
BHP,CSSFF1-R,2022-01,USD,63.6,0.05385252692626352,5.38526
BHP,CSSFF1-R,2022-02,USD,67.79,0.0658805031446541,11.305
BHP,CSSFF1-R,2022-03,USD,77.25,0.1395486059890838,13.9549
BHP,CSSFF1-R,2022-04,USD,66.98,-0.13294498381877018,-13.2945
BHP,CSSFF1-R,2022-05,USD,70.66,0.05494177366378006,5.49418
BHP,CSSFF1-R,2022-06,USD,56.18,-0.20492499292386068,-20.4925
BHP,CSSFF1-R,2022-07,USD,55.04,-0.02029191883232473,-2.02919
BHP,CSSFF1-R,2022-08,USD,54.89,-0.002725290697674354,-0.27253
BHP,CSSFF1-R,2022-09,USD,50.04,-0.08835853525232285,-2.48679
BHP,CSSFF1-R,2022-10,USD,47.82,-0.04436450839328532,-4.43645
BHP,CSSFF1-R,2022-11,USD,62.8,0.31325805102467585,31.3258
BHP,CSSFF1-R,2022-12,USD,62.05,-0.011942675159235638,-1.19427
BHP,CSSFF1-R,2023-01,USD,70.15,0.1305398871877519,13.054
BHP,CSSFF1-R,2023-02,USD,60.97,-0.13086243763364225,-13.0862
BHP,CSSFF1-R,2023-03,USD,63.41,0.04001968181072657,6.92964
GWPH,D2DFTS-R,2018-01,USD,138.13,,4.63603
GWPH,D2DFTS-R,2018-02,USD,113.64,-0.17729674943893425,-17.7297
GWPH,D2DFTS-R,2018-03,USD,112.67,-0.008535726856740533,-0.853574
GWPH,D2DFTS-R,2018-04,USD,132.91,0.1796396556314901,17.964
GWPH,D2DFTS-R,2018-05,USD,160.99,0.21127078474155447,21.1271
GWPH,D2DFTS-R,2018-06,USD,139.54,-0.1332380893223183,-13.3238
GWPH,D2DFTS-R,2018-07,USD,135.07,-0.032033825426400986,-3.20337
GWPH,D2DFTS-R,2018-08,USD,146.78,0.08669578736951222,8.66957
GWPH,D2DFTS-R,2018-09,USD,172.74,0.1768633328791389,17.6863
GWPH,D2DFTS-R,2018-10,USD,137.49,-0.20406391108023614,-20.4064
GWPH,D2DFTS-R,2018-11,USD,123.02,-0.1052440177467453,-10.5244
GWPH,D2DFTS-R,2018-12,USD,97.39,-0.20834010729962604,-20.834
GWPH,D2DFTS-R,2019-01,USD,142.75,0.46575623780675635,46.5756
GWPH,D2DFTS-R,2019-02,USD,172.01,0.20497373029772326,20.4974
GWPH,D2DFTS-R,2019-03,USD,168.57,-0.019998837276902548,-1.99988
GWPH,D2DFTS-R,2019-04,USD,169.31,0.004389867710743456,0.438976
GWPH,D2DFTS-R,2019-05,USD,173.24,0.023211859901955068,2.3212
GWPH,D2DFTS-R,2019-06,USD,172.39,-0.004906488108981866,-0.490654
GWPH,D2DFTS-R,2019-07,USD,162.3,-0.05853007715064662,-5.853
GWPH,D2DFTS-R,2019-08,USD,142.41,-0.1225508317929761,-12.2551
GWPH,D2DFTS-R,2019-09,USD,115.03,-0.19226177936942623,-19.2262
GWPH,D2DFTS-R,2019-10,USD,133.82,0.16334869164565768,16.3349
GWPH,D2DFTS-R,2019-11,USD,102.11,-0.23696009565087428,-23.696
GWPH,D2DFTS-R,2019-12,USD,104.56,0.023993732249534938,2.39937
GWPH,D2DFTS-R,2020-01,USD,115.53,0.1049158377964805,10.4916
GWPH,D2DFTS-R,2020-02,USD,102.31,-0.11442915260105602,-11.4429
GWPH,D2DFTS-R,2020-03,USD,87.57,-0.1440719382269574,-14.4072
GWPH,D2DFTS-R,2020-04,USD,100.14,0.14354230900993503,14.3542
GWPH,D2DFTS-R,2020-05,USD,122.75,0.22578390253644898,22.5784
GWPH,D2DFTS-R,2020-06,USD,122.72,-0.00024439918533603056,-0.0244379
GWPH,D2DFTS-R,2020-07,USD,127.63,0.04000977835723596,4.00097
GWPH,D2DFTS-R,2020-08,USD,103.95,-0.18553631591318653,-18.5536
GWPH,D2DFTS-R,2020-09,USD,97.35,-0.0634920634920636,-6.34921
GWPH,D2DFTS-R,2020-10,USD,90.01,-0.0753980482794041,-7.5398
GWPH,D2DFTS-R,2020-11,USD,140.08,0.5562715253860682,55.6272
GWPH,D2DFTS-R,2020-12,USD,115.41,-0.17611364934323248,-17.6114
GWPH,D2DFTS-R,2021-01,USD,152.47,0.32111602114201543,32.1116
GWPH,D2DFTS-R,2021-02,USD,214.25,0.40519446448481666,40.5194
GWPH,D2DFTS-R,2021-03,USD,216.9,0.01236872812135359,1.23687
GWPH,D2DFTS-R,2021-04,USD,219.0,0.009681881051175623,0.968194
GWPH,D2DFTS-R,2021-05,USD,218.96,-0.00018264840182646847,-0.0182629
GWPH,D2DFTS-R,2021-06,USD,,,
GWPH,D2DFTS-R,2021-07,USD,,,
GWPH,D2DFTS-R,2021-08,USD,,,
GWPH,D2DFTS-R,2021-09,USD,,,
GWPH,D2DFTS-R,2021-10,USD,,,
GWPH,D2DFTS-R,2021-11,USD,,,
GWPH,D2DFTS-R,2021-12,USD,,,
GWPH,D2DFTS-R,2022-01,USD,,,
GWPH,D2DFTS-R,2022-02,USD,,,
GWPH,D2DFTS-R,2022-03,USD,,,
GWPH,D2DFTS-R,2022-04,USD,,,
GWPH,D2DFTS-R,2022-05,USD,,,
GWPH,D2DFTS-R,2022-06,USD,,,
GWPH,D2DFTS-R,2022-07,USD,,,
GWPH,D2DFTS-R,2022-08,USD,,,
GWPH,D2DFTS-R,2022-09,USD,,,
GWPH,D2DFTS-R,2022-10,USD,,,
GWPH,D2DFTS-R,2022-11,USD,,,
GWPH,D2DFTS-R,2022-12,USD,,,
GWPH,D2DFTS-R,2023-01,USD,,,
GWPH,D2DFTS-R,2023-02,USD,,,
GWPH,D2DFTS-R,2023-03,USD,,,
FTCH,D2X4MC-R,2018-01,USD,0.0012,,20.0
FTCH,D2X4MC-R,2018-02,USD,0.0012,0.0,0.0
FTCH,D2X4MC-R,2018-03,USD,0.0016,0.3333333333333335,33.3333
FTCH,D2X4MC-R,2018-04,USD,0.0014,-0.125,-12.5
FTCH,D2X4MC-R,2018-05,USD,0.0014,0.0,0.0
FTCH,D2X4MC-R,2018-06,USD,0.0045,2.214285714285714,221.429
FTCH,D2X4MC-R,2018-07,USD,0.002,-0.5555555555555556,-55.5556
FTCH,D2X4MC-R,2018-08,USD,0.0052,1.5999999999999996,160.0
FTCH,D2X4MC-R,2018-09,USD,0.001,-0.8076923076923077,-80.7692
FTCH,D2X4MC-R,2018-10,USD,0.0045,3.5,350.0
FTCH,D2X4MC-R,2018-11,USD,0.0011,-0.7555555555555555,-75.5555
FTCH,D2X4MC-R,2018-12,USD,0.002,0.8181818181818181,81.8182
FTCH,D2X4MC-R,2019-01,USD,0.0023,0.1499999999999999,15.0
FTCH,D2X4MC-R,2019-02,USD,0.0017,-0.26086956521739135,-26.087
FTCH,D2X4MC-R,2019-03,USD,0.008,3.7058823529411766,370.588
FTCH,D2X4MC-R,2019-04,USD,0.011,0.375,37.5
FTCH,D2X4MC-R,2019-05,USD,0.0065,-0.40909090909090906,-40.9091
FTCH,D2X4MC-R,2019-06,USD,0.0029,-0.5538461538461539,-55.3846
FTCH,D2X4MC-R,2019-07,USD,0.002,-0.31034482758620685,-31.0345
FTCH,D2X4MC-R,2019-08,USD,0.0049,1.4499999999999997,145.0
FTCH,D2X4MC-R,2019-09,USD,0.002,-0.5918367346938775,-59.1837
FTCH,D2X4MC-R,2019-10,USD,0.006,2.0,200.0
FTCH,D2X4MC-R,2019-11,USD,0.01,0.6666666666666667,66.6667
FTCH,D2X4MC-R,2019-12,USD,0.0138,0.3799999999999999,38.0
FTCH,D2X4MC-R,2020-01,USD,0.0499,2.6159420289855073,261.594
FTCH,D2X4MC-R,2020-02,USD,0.0432,-0.1342685370741482,-13.4269
FTCH,D2X4MC-R,2020-03,USD,0.01795,-0.5844907407407407,-58.4491
FTCH,D2X4MC-R,2020-04,USD,0.02,0.11420612813370479,11.4206
FTCH,D2X4MC-R,2020-05,USD,0.035,0.7500000000000002,75.0
FTCH,D2X4MC-R,2020-06,USD,0.035,0.0,0.0
FTCH,D2X4MC-R,2020-07,USD,0.0385,0.09999999999999987,10.0
FTCH,D2X4MC-R,2020-08,USD,0.07668,0.9916883116883117,99.1688
FTCH,D2X4MC-R,2020-09,USD,0.0947,0.23500260824204489,23.5003
FTCH,D2X4MC-R,2020-10,USD,0.09365,-0.011087645195353879,-1.10877
FTCH,D2X4MC-R,2020-11,USD,0.0864,-0.07741591030432449,-7.74159
FTCH,D2X4MC-R,2020-12,USD,0.12,0.38888888888888884,38.8889
FTCH,D2X4MC-R,2021-01,USD,0.1311,0.09250000000000003,9.25
FTCH,D2X4MC-R,2021-02,USD,0.1415,0.0793287566742944,7.93288
FTCH,D2X4MC-R,2021-03,USD,0.133,-0.060070671378091745,-6.00706
FTCH,D2X4MC-R,2021-04,USD,0.1271,-0.04436090225563927,-4.43609
FTCH,D2X4MC-R,2021-05,USD,0.1085,-0.14634146341463405,-14.6342
FTCH,D2X4MC-R,2021-06,USD,0.116,0.06912442396313367,6.91245
FTCH,D2X4MC-R,2021-07,USD,0.1,-0.13793103448275856,-13.7931
FTCH,D2X4MC-R,2021-08,USD,0.07955,-0.20450000000000013,-20.45
FTCH,D2X4MC-R,2021-09,USD,0.074,-0.06976744186046513,-6.97674
FTCH,D2X4MC-R,2021-10,USD,0.075,0.013513513513513598,1.35136
FTCH,D2X4MC-R,2021-11,USD,0.06,-0.19999999999999996,-20.0
FTCH,D2X4MC-R,2021-12,USD,0.092,0.5333333333333334,53.3333
FTCH,D2X4MC-R,2022-01,USD,0.078,-0.15217391304347827,-15.2174
FTCH,D2X4MC-R,2022-02,USD,0.063,-0.1923076923076923,-19.2308
FTCH,D2X4MC-R,2022-03,USD,0.075,0.19047619047619047,19.0476
FTCH,D2X4MC-R,2022-04,USD,0.063,-0.15999999999999992,-16.0
FTCH,D2X4MC-R,2022-05,USD,0.05,-0.20634920634920628,-20.6349
FTCH,D2X4MC-R,2022-06,USD,0.062,0.24,24.0
FTCH,D2X4MC-R,2022-07,USD,0.038,-0.3870967741935484,-38.7097
FTCH,D2X4MC-R,2022-08,USD,0.032,-0.1578947368421052,-15.7895
FTCH,D2X4MC-R,2022-09,USD,0.0293,-0.08437499999999998,-8.4375
FTCH,D2X4MC-R,2022-10,USD,0.0284,-0.030716723549487956,-3.07167
FTCH,D2X4MC-R,2022-11,USD,0.0538,0.8943661971830985,89.4366
FTCH,D2X4MC-R,2022-12,USD,0.0585,0.08736059479553915,8.73605
FTCH,D2X4MC-R,2023-01,USD,0.0495,-0.15384615384615385,-15.3846
FTCH,D2X4MC-R,2023-02,USD,0.04765,-0.0373737373737375,-3.73738
FTCH,D2X4MC-R,2023-03,USD,0.0439,-0.0786988457502622,-7.86988
INTRUM.ST,D2Y4J9-R,2018-01,SEK,292.4,,-3.5938
INTRUM.ST,D2Y4J9-R,2018-02,SEK,258.4,-0.11627906976744184,-11.6279
INTRUM.ST,D2Y4J9-R,2018-03,SEK,236.7,-0.08397832817337458,-8.39783
INTRUM.ST,D2Y4J9-R,2018-04,SEK,233.2,-0.014786649767638327,2.53485
INTRUM.ST,D2Y4J9-R,2018-05,SEK,205.7,-0.11792452830188682,-11.7925
INTRUM.ST,D2Y4J9-R,2018-06,SEK,207.9,0.010695187165775444,1.06952
INTRUM.ST,D2Y4J9-R,2018-07,SEK,236.7,0.1385281385281385,13.8528
INTRUM.ST,D2Y4J9-R,2018-08,SEK,232.7,-0.01689902830587242,-1.6899
INTRUM.ST,D2Y4J9-R,2018-09,SEK,231.1,-0.006875805758487341,-0.687575
INTRUM.ST,D2Y4J9-R,2018-10,SEK,233.4,0.009952401557767221,0.995231
INTRUM.ST,D2Y4J9-R,2018-11,SEK,241.5,0.03470437017994854,3.47044
INTRUM.ST,D2Y4J9-R,2018-12,SEK,205.7,-0.14824016563147002,-14.824
INTRUM.ST,D2Y4J9-R,2019-01,SEK,258.2,0.25522605736509485,25.5226
INTRUM.ST,D2Y4J9-R,2019-02,SEK,277.1,0.0731990704879939,7.3199
INTRUM.ST,D2Y4J9-R,2019-03,SEK,267.0,-0.03644893540238192,-3.6449
INTRUM.ST,D2Y4J9-R,2019-04,SEK,241.6,-0.09513108614232213,-5.95505
INTRUM.ST,D2Y4J9-R,2019-05,SEK,218.7,-0.0947847682119205,-9.47848
INTRUM.ST,D2Y4J9-R,2019-06,SEK,238.4,0.09007773205304082,9.00778
INTRUM.ST,D2Y4J9-R,2019-07,SEK,253.6,0.06375838926174482,6.37585
INTRUM.ST,D2Y4J9-R,2019-08,SEK,249.4,-0.016561514195583604,-1.65616
INTRUM.ST,D2Y4J9-R,2019-09,SEK,247.4,-0.008019246190858031,-0.801927
INTRUM.ST,D2Y4J9-R,2019-10,SEK,260.0,0.05092966855295056,5.09297
INTRUM.ST,D2Y4J9-R,2019-11,SEK,241.9,-0.06961538461538463,-6.96154
INTRUM.ST,D2Y4J9-R,2019-12,SEK,279.4,0.15502273666804456,15.5023
INTRUM.ST,D2Y4J9-R,2020-01,SEK,267.1,-0.0440229062276305,-4.40229
INTRUM.ST,D2Y4J9-R,2020-02,SEK,236.5,-0.11456383377012358,-11.4564
INTRUM.ST,D2Y4J9-R,2020-03,SEK,132.35,-0.4403805496828753,-44.0381
INTRUM.ST,D2Y4J9-R,2020-04,SEK,150.1,0.1341140914242538,13.4114
INTRUM.ST,D2Y4J9-R,2020-05,SEK,155.1,0.033311125916055895,10.6596
INTRUM.ST,D2Y4J9-R,2020-06,SEK,171.0,0.10251450676982587,10.2515
INTRUM.ST,D2Y4J9-R,2020-07,SEK,206.6,0.20818713450292403,20.8187
INTRUM.ST,D2Y4J9-R,2020-08,SEK,218.0,0.055179090029041644,5.5179
INTRUM.ST,D2Y4J9-R,2020-09,SEK,220.8,0.012844036697247763,1.28441
INTRUM.ST,D2Y4J9-R,2020-10,SEK,218.0,-0.012681159420289911,-1.26812
INTRUM.ST,D2Y4J9-R,2020-11,SEK,224.2,0.028440366972477094,2.84404
INTRUM.ST,D2Y4J9-R,2020-12,SEK,216.8,-0.033006244424620745,-3.30062
INTRUM.ST,D2Y4J9-R,2021-01,SEK,227.4,0.04889298892988925,4.8893
INTRUM.ST,D2Y4J9-R,2021-02,SEK,235.0,0.033421284080914715,3.34213
INTRUM.ST,D2Y4J9-R,2021-03,SEK,280.0,0.1914893617021276,19.1489
INTRUM.ST,D2Y4J9-R,2021-04,SEK,291.5,0.04107142857142865,8.39286
INTRUM.ST,D2Y4J9-R,2021-05,SEK,289.0,-0.00857632933104635,-0.857633
INTRUM.ST,D2Y4J9-R,2021-06,SEK,280.1,-0.03079584775086497,-3.07958
INTRUM.ST,D2Y4J9-R,2021-07,SEK,266.7,-0.047840057122456425,-4.78401
INTRUM.ST,D2Y4J9-R,2021-08,SEK,257.6,-0.034120734908136385,-3.41207
INTRUM.ST,D2Y4J9-R,2021-09,SEK,238.6,-0.07375776397515543,-7.37578
INTRUM.ST,D2Y4J9-R,2021-10,SEK,243.2,0.019279128248113953,1.92791
INTRUM.ST,D2Y4J9-R,2021-11,SEK,226.7,-0.06784539473684215,-6.78454
INTRUM.ST,D2Y4J9-R,2021-12,SEK,233.4,0.02955447728275251,2.95545
INTRUM.ST,D2Y4J9-R,2022-01,SEK,279.2,0.19622964867180803,19.623
INTRUM.ST,D2Y4J9-R,2022-02,SEK,243.5,-0.12786532951289398,-12.7865
INTRUM.ST,D2Y4J9-R,2022-03,SEK,254.9,0.04681724845995894,4.68172
INTRUM.ST,D2Y4J9-R,2022-04,SEK,239.0,-0.06237740290309923,-6.23774
INTRUM.ST,D2Y4J9-R,2022-05,SEK,222.5,-0.06903765690376573,-1.25523
INTRUM.ST,D2Y4J9-R,2022-06,SEK,195.15,-0.12292134831460677,-12.2921
INTRUM.ST,D2Y4J9-R,2022-07,SEK,216.5,0.10940302331539842,10.9403
INTRUM.ST,D2Y4J9-R,2022-08,SEK,192.05,-0.11293302540415695,-11.2933
INTRUM.ST,D2Y4J9-R,2022-09,SEK,140.65,-0.26763863577193436,-26.7639
INTRUM.ST,D2Y4J9-R,2022-10,SEK,139.1,-0.011020263064344227,-1.10202
INTRUM.ST,D2Y4J9-R,2022-11,SEK,142.15,0.021926671459381764,2.19266
INTRUM.ST,D2Y4J9-R,2022-12,SEK,126.2,-0.11220541681322549,-11.2205
INTRUM.ST,D2Y4J9-R,2023-01,SEK,134.85,0.06854199683042772,6.85421
INTRUM.ST,D2Y4J9-R,2023-02,SEK,137.8,0.02187615869484616,2.18761
INTRUM.ST,D2Y4J9-R,2023-03,SEK,111.65,-0.1897677793904209,-18.9768
6594.T,D79WDP-R,2018-01,JPY,4362.5,,10.3732
6594.T,D79WDP-R,2018-02,JPY,4315.0,-0.010888252148997135,-1.08883
6594.T,D79WDP-R,2018-03,JPY,4097.5,-0.050405561993047465,-4.75087
6594.T,D79WDP-R,2018-04,JPY,4285.0,0.045759609517998845,4.57596
6594.T,D79WDP-R,2018-05,JPY,4221.25,-0.01487747957993002,-1.48775
6594.T,D79WDP-R,2018-06,JPY,4156.25,-0.015398282499259675,-1.53983
6594.T,D79WDP-R,2018-07,JPY,4045.0,-0.026766917293233106,-2.67669
6594.T,D79WDP-R,2018-08,JPY,4026.25,-0.004635352286773808,-0.463533
6594.T,D79WDP-R,2018-09,JPY,4086.25,0.014902204284383824,1.80068
6594.T,D79WDP-R,2018-10,JPY,3622.5,-0.1134903640256959,-11.349
6594.T,D79WDP-R,2018-11,JPY,3780.0,0.04347826086956519,4.34783
6594.T,D79WDP-R,2018-12,JPY,3118.75,-0.17493386243386244,-17.4934
6594.T,D79WDP-R,2019-01,JPY,3257.5,0.04448897795591189,4.4489
6594.T,D79WDP-R,2019-02,JPY,3368.75,0.034151957022256374,3.41519
6594.T,D79WDP-R,2019-03,JPY,3506.25,0.04081632653061229,4.48979
6594.T,D79WDP-R,2019-04,JPY,3946.25,0.12549019607843137,12.549
6594.T,D79WDP-R,2019-05,JPY,3397.5,-0.13905606588533415,-13.9056
6594.T,D79WDP-R,2019-06,JPY,3681.25,0.08351729212656367,8.35173
6594.T,D79WDP-R,2019-07,JPY,3678.75,-0.0006791171477079638,-0.0679135
6594.T,D79WDP-R,2019-08,JPY,3463.75,-0.05844376486578318,-5.84438
6594.T,D79WDP-R,2019-09,JPY,3630.0,0.0479971129556116,5.19668
6594.T,D79WDP-R,2019-10,JPY,4021.25,0.10778236914600559,10.7782
6594.T,D79WDP-R,2019-11,JPY,4047.5,0.00652782095119675,0.652778
6594.T,D79WDP-R,2019-12,JPY,3751.25,-0.0731933292155652,-7.31933
6594.T,D79WDP-R,2020-01,JPY,3510.0,-0.06431189603465515,-6.43119
6594.T,D79WDP-R,2020-02,JPY,3195.0,-0.08974358974358976,-8.97436
6594.T,D79WDP-R,2020-03,JPY,2803.5,-0.12253521126760558,-11.784
6594.T,D79WDP-R,2020-04,JPY,3143.0,0.12109862671660432,12.1099
6594.T,D79WDP-R,2020-05,JPY,3311.0,0.05345211581291753,5.34521
6594.T,D79WDP-R,2020-06,JPY,3598.0,0.08668076109936584,8.66808
6594.T,D79WDP-R,2020-07,JPY,4187.5,0.16384102279043922,16.3841
6594.T,D79WDP-R,2020-08,JPY,4455.5,0.06400000000000006,6.4
6594.T,D79WDP-R,2020-09,JPY,4902.5,0.10032544046683878,10.3692
6594.T,D79WDP-R,2020-10,JPY,5250.0,0.07088220295767456,7.08822
6594.T,D79WDP-R,2020-11,JPY,6652.5,0.2671428571428571,26.7143
6594.T,D79WDP-R,2020-12,JPY,6490.0,-0.024426907177752755,-2.44269
6594.T,D79WDP-R,2021-01,JPY,6925.0,0.06702619414483824,6.70261
6594.T,D79WDP-R,2021-02,JPY,6760.0,-0.02382671480144405,-2.38267
6594.T,D79WDP-R,2021-03,JPY,6717.5,-0.006286982248520756,-0.406808
6594.T,D79WDP-R,2021-04,JPY,6327.5,-0.05805731298846295,-5.80573
6594.T,D79WDP-R,2021-05,JPY,6265.0,-0.009877518767285709,-0.98775
6594.T,D79WDP-R,2021-06,JPY,6437.5,0.027533918595371132,2.75339
6594.T,D79WDP-R,2021-07,JPY,6120.0,-0.04932038834951458,-4.93204
6594.T,D79WDP-R,2021-08,JPY,6310.0,0.031045751633986818,3.10458
6594.T,D79WDP-R,2021-09,JPY,6210.0,-0.015847860538827252,-1.34707
6594.T,D79WDP-R,2021-10,JPY,6285.0,0.012077294685990392,1.20773
6594.T,D79WDP-R,2021-11,JPY,6500.0,0.0342084327764518,3.42084
6594.T,D79WDP-R,2021-12,JPY,6760.0,0.040000000000000036,4.0
6594.T,D79WDP-R,2022-01,JPY,5045.0,-0.25369822485207105,-25.3698
6594.T,D79WDP-R,2022-02,JPY,4941.5,-0.02051536174430124,-2.05154
6594.T,D79WDP-R,2022-03,JPY,4874.0,-0.013659819892745118,-1.01184
6594.T,D79WDP-R,2022-04,JPY,4269.5,-0.12402544111612634,-12.4025
6594.T,D79WDP-R,2022-05,JPY,4339.5,0.016395362454620033,1.63953
6594.T,D79WDP-R,2022-06,JPY,4190.0,-0.03445097361447169,-3.44509
6594.T,D79WDP-R,2022-07,JPY,4599.0,0.0976133651551312,9.76133
6594.T,D79WDP-R,2022-08,JPY,4662.0,0.013698630136986356,1.36986
6594.T,D79WDP-R,2022-09,JPY,4065.0,-0.1280566280566281,-12.4303
6594.T,D79WDP-R,2022-10,JPY,4119.0,0.013284132841328455,1.32841
6594.T,D79WDP-R,2022-11,JPY,4267.0,0.0359310512260258,3.59311
6594.T,D79WDP-R,2022-12,JPY,3419.5,-0.19861729552378715,-19.8617
6594.T,D79WDP-R,2023-01,JPY,3585.0,0.04839888872642195,4.83988
6594.T,D79WDP-R,2023-02,JPY,3448.0,-0.03821478382147836,-3.82148
6594.T,D79WDP-R,2023-03,JPY,3422.5,-0.007395591647331834,-0.232017
TPE.DE,DKP314-R,2018-01,EUR,14.55,,21.25
TPE.DE,DKP314-R,2018-02,EUR,14.5,-0.003436426116838587,-0.343645
TPE.DE,DKP314-R,2018-03,EUR,14.9,0.02758620689655178,2.75862
TPE.DE,DKP314-R,2018-04,EUR,15.7,0.05369127516778516,5.36913
TPE.DE,DKP314-R,2018-05,EUR,15.75,0.0031847133757962887,0.318468
TPE.DE,DKP314-R,2018-06,EUR,17.0,0.0793650793650793,7.93651
TPE.DE,DKP314-R,2018-07,EUR,18.4,0.08235294117647052,8.23529
TPE.DE,DKP314-R,2018-08,EUR,16.3,-0.11413043478260854,-11.413
TPE.DE,DKP314-R,2018-09,EUR,14.0,-0.14110429447852768,-14.1104
TPE.DE,DKP314-R,2018-10,EUR,11.4,-0.18571428571428572,-18.5714
TPE.DE,DKP314-R,2018-11,EUR,11.55,0.013157894736842035,1.3158
TPE.DE,DKP314-R,2018-12,EUR,12.2,0.05627705627705626,5.6277
TPE.DE,DKP314-R,2019-01,EUR,12.3,0.00819672131147553,0.819671
TPE.DE,DKP314-R,2019-02,EUR,10.95,-0.10975609756097571,-10.9756
TPE.DE,DKP314-R,2019-03,EUR,11.25,0.027397260273972712,2.73973
TPE.DE,DKP314-R,2019-04,EUR,14.12,0.25511111111111107,25.5111
TPE.DE,DKP314-R,2019-05,EUR,12.42,-0.1203966005665722,-12.0397
TPE.DE,DKP314-R,2019-06,EUR,13.5,0.08695652173913038,8.69565
TPE.DE,DKP314-R,2019-07,EUR,10.86,-0.1955555555555556,-19.5556
TPE.DE,DKP314-R,2019-08,EUR,11.18,0.02946593001841613,2.9466
TPE.DE,DKP314-R,2019-09,EUR,11.26,0.007155635062611854,0.715566
TPE.DE,DKP314-R,2019-10,EUR,10.64,-0.05506216696269972,-5.50622
TPE.DE,DKP314-R,2019-11,EUR,15.56,0.46240601503759393,46.2406
TPE.DE,DKP314-R,2019-12,EUR,15.3,-0.016709511568123392,-1.67095
TPE.DE,DKP314-R,2020-01,EUR,14.9,-0.02614379084967322,-2.61439
TPE.DE,DKP314-R,2020-02,EUR,12.3,-0.17449664429530198,-17.4497
TPE.DE,DKP314-R,2020-03,EUR,7.56,-0.3853658536585367,-38.5366
TPE.DE,DKP314-R,2020-04,EUR,9.99,0.3214285714285716,32.1429
TPE.DE,DKP314-R,2020-05,EUR,9.76,-0.02302302302302306,-2.3023
TPE.DE,DKP314-R,2020-06,EUR,11.22,0.14959016393442637,14.959
TPE.DE,DKP314-R,2020-07,EUR,10.7,-0.04634581105169355,-4.63458
TPE.DE,DKP314-R,2020-08,EUR,13.22,0.23551401869158894,23.5514
TPE.DE,DKP314-R,2020-09,EUR,11.82,-0.10590015128593044,-10.59
TPE.DE,DKP314-R,2020-10,EUR,10.48,-0.11336717428087983,-11.3367
TPE.DE,DKP314-R,2020-11,EUR,13.62,0.29961832061068683,29.9618
TPE.DE,DKP314-R,2020-12,EUR,19.6,0.43906020558002945,43.906
TPE.DE,DKP314-R,2021-01,EUR,20.7,0.05612244897959173,5.61224
TPE.DE,DKP314-R,2021-02,EUR,23.85,0.15217391304347827,15.2174
TPE.DE,DKP314-R,2021-03,EUR,26.15,0.09643605870020955,9.6436
TPE.DE,DKP314-R,2021-04,EUR,24.7,-0.055449330783938766,-5.54493
TPE.DE,DKP314-R,2021-05,EUR,24.3,-0.0161943319838056,-1.61944
TPE.DE,DKP314-R,2021-06,EUR,24.75,0.01851851851851838,1.85186
TPE.DE,DKP314-R,2021-07,EUR,34.2,0.38181818181818183,38.1818
TPE.DE,DKP314-R,2021-08,EUR,32.7,-0.04385964912280704,-4.38597
TPE.DE,DKP314-R,2021-09,EUR,37.8,0.1559633027522933,15.5963
TPE.DE,DKP314-R,2021-10,EUR,39.3,0.039682539682539764,3.96825
TPE.DE,DKP314-R,2021-11,EUR,43.1,0.09669211195928762,9.66921
TPE.DE,DKP314-R,2021-12,EUR,41.9,-0.02784222737819031,-2.78422
TPE.DE,DKP314-R,2022-01,EUR,30.9,-0.26252983293556087,-26.253
TPE.DE,DKP314-R,2022-02,EUR,24.55,-0.2055016181229773,-20.5502
TPE.DE,DKP314-R,2022-03,EUR,26.55,0.08146639511201625,8.14664
TPE.DE,DKP314-R,2022-04,EUR,23.76,-0.10508474576271187,-10.5085
TPE.DE,DKP314-R,2022-05,EUR,24.34,0.02441077441077444,2.44107
TPE.DE,DKP314-R,2022-06,EUR,18.28,-0.24897288414133112,-24.8973
TPE.DE,DKP314-R,2022-07,EUR,21.22,0.16083150984682693,16.0831
TPE.DE,DKP314-R,2022-08,EUR,16.79,-0.208765315739868,-20.8765
TPE.DE,DKP314-R,2022-09,EUR,15.03,-0.10482430017867783,-10.4824
TPE.DE,DKP314-R,2022-10,EUR,17.0,0.1310711909514306,13.1071
TPE.DE,DKP314-R,2022-11,EUR,18.13,0.06647058823529406,6.64705
TPE.DE,DKP314-R,2022-12,EUR,18.56,0.02371759514616656,2.37176
TPE.DE,DKP314-R,2023-01,EUR,21.82,0.17564655172413812,17.5647
TPE.DE,DKP314-R,2023-02,EUR,25.66,0.17598533455545362,17.5985
TPE.DE,DKP314-R,2023-03,EUR,21.7,-0.1543257989088075,-15.4326
ASR,DP1CY0-R,2018-01,USD,194.21,,6.41061
ASR,DP1CY0-R,2018-02,USD,177.28,-0.08717367797744713,-8.71737
ASR,DP1CY0-R,2018-03,USD,170.57,-0.03784972924187735,-3.78497
ASR,DP1CY0-R,2018-04,USD,179.8,0.05411268101072886,5.41127
ASR,DP1CY0-R,2018-05,USD,159.77,-0.1114015572858732,-11.1402
ASR,DP1CY0-R,2018-06,USD,159.16,-0.0038179883582650787,1.46831
ASR,DP1CY0-R,2018-07,USD,178.69,0.12270671022870072,12.2707
ASR,DP1CY0-R,2018-08,USD,187.59,0.04980692819967536,4.9807
ASR,DP1CY0-R,2018-09,USD,205.13,0.09350178580947799,9.35018
ASR,DP1CY0-R,2018-10,USD,165.02,-0.19553453907278306,-19.5535
ASR,DP1CY0-R,2018-11,USD,133.95,-0.18828020845958082,-18.828
ASR,DP1CY0-R,2018-12,USD,150.6,0.12430011198208302,12.43
ASR,DP1CY0-R,2019-01,USD,181.95,0.20816733067729087,20.8167
ASR,DP1CY0-R,2019-02,USD,169.28,-0.06963451497664186,-6.96345
ASR,DP1CY0-R,2019-03,USD,161.76,-0.04442344045368629,-4.44235
ASR,DP1CY0-R,2019-04,USD,164.55,0.01724777448071224,1.72478
ASR,DP1CY0-R,2019-05,USD,158.58,-0.036280765724703734,-3.62808
ASR,DP1CY0-R,2019-06,USD,162.11,0.022260058014882178,5.18414
ASR,DP1CY0-R,2019-07,USD,152.13,-0.06156313614212583,-6.15631
ASR,DP1CY0-R,2019-08,USD,147.39,-0.03115756261092495,-3.11576
ASR,DP1CY0-R,2019-09,USD,152.5,0.03466992333265506,3.46699
ASR,DP1CY0-R,2019-10,USD,163.75,0.07377049180327866,7.37705
ASR,DP1CY0-R,2019-11,USD,171.46,0.047083969465648856,4.7084
ASR,DP1CY0-R,2019-12,USD,187.39,0.09290796687273994,9.29079
ASR,DP1CY0-R,2020-01,USD,192.79,0.02881690591813868,2.88168
ASR,DP1CY0-R,2020-02,USD,167.0,-0.13377249857357743,-13.3772
ASR,DP1CY0-R,2020-03,USD,94.14,-0.43628742514970065,-43.6287
ASR,DP1CY0-R,2020-04,USD,99.71,0.059167197790524595,5.91671
ASR,DP1CY0-R,2020-05,USD,103.67,0.03971517400461355,3.97152
ASR,DP1CY0-R,2020-06,USD,112.29,0.08314845181826946,8.31485
ASR,DP1CY0-R,2020-07,USD,99.83,-0.11096268590257374,-11.0963
ASR,DP1CY0-R,2020-08,USD,113.46,0.1365321045777821,13.6532
ASR,DP1CY0-R,2020-09,USD,116.03,0.022651154591926792,2.26512
ASR,DP1CY0-R,2020-10,USD,115.35,-0.005860553305179761,-0.586057
ASR,DP1CY0-R,2020-11,USD,149.5,0.2960554833116602,29.6056
ASR,DP1CY0-R,2020-12,USD,164.93,0.10321070234113727,10.3211
ASR,DP1CY0-R,2021-01,USD,156.71,-0.049839325774571064,-4.98393
ASR,DP1CY0-R,2021-02,USD,186.15,0.187862931529577,18.7863
ASR,DP1CY0-R,2021-03,USD,177.79,-0.044910018802041485,-4.491
ASR,DP1CY0-R,2021-04,USD,170.1,-0.043253276337251845,-4.32532
ASR,DP1CY0-R,2021-05,USD,176.63,0.038389182833627356,3.83892
ASR,DP1CY0-R,2021-06,USD,184.9,0.04682103832870976,4.6821
ASR,DP1CY0-R,2021-07,USD,181.22,-0.019902650081125017,-1.99026
ASR,DP1CY0-R,2021-08,USD,178.78,-0.013464297538902992,-1.34643
ASR,DP1CY0-R,2021-09,USD,187.0,0.04597829734869663,6.61539
ASR,DP1CY0-R,2021-10,USD,201.65,0.07834224598930484,7.83422
ASR,DP1CY0-R,2021-11,USD,182.75,-0.093726754277213,-9.37267
ASR,DP1CY0-R,2021-12,USD,206.16,0.1280984952120383,12.8098
ASR,DP1CY0-R,2022-01,USD,203.16,-0.014551804423748593,-1.45518
ASR,DP1CY0-R,2022-02,USD,215.94,0.06290608387477858,6.2906
ASR,DP1CY0-R,2022-03,USD,221.6,0.02621098453274051,2.6211
ASR,DP1CY0-R,2022-04,USD,218.22,-0.015252707581227432,-1.52527
ASR,DP1CY0-R,2022-05,USD,217.29,-0.004261754193016221,1.47033
ASR,DP1CY0-R,2022-06,USD,196.39,-0.09618482212711121,-9.61848
ASR,DP1CY0-R,2022-07,USD,187.81,-0.04368857884821009,-4.36886
ASR,DP1CY0-R,2022-08,USD,211.47,0.1259783824077525,12.5978
ASR,DP1CY0-R,2022-09,USD,196.17,-0.07235068804085687,-7.23507
ASR,DP1CY0-R,2022-10,USD,233.42,0.1898863230871184,18.9886
ASR,DP1CY0-R,2022-11,USD,247.29,0.05942078656499028,5.94208
ASR,DP1CY0-R,2022-12,USD,232.99,-0.0578268429778801,-5.78268
ASR,DP1CY0-R,2023-01,USD,272.0,0.1674320786299841,16.7432
ASR,DP1CY0-R,2023-02,USD,286.18,0.052132352941176574,5.21324
ASR,DP1CY0-R,2023-03,USD,306.47,0.07089943392270603,7.08995
ZOO.L,DP2M95-R,2018-01,GBP,0.67,,14.5299
ZOO.L,DP2M95-R,2018-02,GBP,0.72,0.07462686567164178,7.46269
ZOO.L,DP2M95-R,2018-03,GBP,0.975,0.35416666666666674,35.4167
ZOO.L,DP2M95-R,2018-04,GBP,0.995,0.02051282051282044,2.05128
ZOO.L,DP2M95-R,2018-05,GBP,1.065,0.07035175879396971,7.03518
ZOO.L,DP2M95-R,2018-06,GBP,0.94,-0.11737089201877937,-11.7371
ZOO.L,DP2M95-R,2018-07,GBP,1.72,0.8297872340425532,82.9787
ZOO.L,DP2M95-R,2018-08,GBP,1.485,-0.1366279069767441,-13.6628
ZOO.L,DP2M95-R,2018-09,GBP,1.225,-0.17508417508417506,-17.5084
ZOO.L,DP2M95-R,2018-10,GBP,1.085,-0.11428571428571432,-11.4286
ZOO.L,DP2M95-R,2018-11,GBP,1.345,0.23963133640553003,23.9631
ZOO.L,DP2M95-R,2018-12,GBP,1.045,-0.22304832713754652,-22.3048
ZOO.L,DP2M95-R,2019-01,GBP,0.855,-0.18181818181818177,-18.1818
ZOO.L,DP2M95-R,2019-02,GBP,0.685,-0.19883040935672502,-19.883
ZOO.L,DP2M95-R,2019-03,GBP,0.6,-0.12408759124087598,-12.4088
ZOO.L,DP2M95-R,2019-04,GBP,0.52,-0.1333333333333333,-13.3333
ZOO.L,DP2M95-R,2019-05,GBP,0.715,0.375,37.5
ZOO.L,DP2M95-R,2019-06,GBP,0.63,-0.11888111888111885,-11.8881
ZOO.L,DP2M95-R,2019-07,GBP,0.795,0.26190476190476186,26.1905
ZOO.L,DP2M95-R,2019-08,GBP,0.83,0.04402515723270439,4.40251
ZOO.L,DP2M95-R,2019-09,GBP,0.805,-0.030120481927710774,-3.01204
ZOO.L,DP2M95-R,2019-10,GBP,0.86,0.06832298136645965,6.8323
ZOO.L,DP2M95-R,2019-11,GBP,0.81,-0.05813953488372081,-5.81396
ZOO.L,DP2M95-R,2019-12,GBP,0.64,-0.2098765432098766,-20.9877
ZOO.L,DP2M95-R,2020-01,GBP,0.725,0.1328125,13.2813
ZOO.L,DP2M95-R,2020-02,GBP,0.465,-0.35862068965517235,-35.8621
ZOO.L,DP2M95-R,2020-03,GBP,0.555,0.19354838709677424,19.3548
ZOO.L,DP2M95-R,2020-04,GBP,0.755,0.36036036036036023,36.036
ZOO.L,DP2M95-R,2020-05,GBP,0.635,-0.1589403973509934,-15.894
ZOO.L,DP2M95-R,2020-06,GBP,0.705,0.11023622047244097,11.0236
ZOO.L,DP2M95-R,2020-07,GBP,0.615,-0.12765957446808507,-12.766
ZOO.L,DP2M95-R,2020-08,GBP,0.515,-0.16260162601626016,-16.2602
ZOO.L,DP2M95-R,2020-09,GBP,0.605,0.17475728155339798,17.4757
ZOO.L,DP2M95-R,2020-10,GBP,0.55,-0.09090909090909083,-9.09091
ZOO.L,DP2M95-R,2020-11,GBP,0.665,0.209090909090909,20.9091
ZOO.L,DP2M95-R,2020-12,GBP,0.625,-0.06015037593984962,-6.01504
ZOO.L,DP2M95-R,2021-01,GBP,0.97,0.552,55.2
ZOO.L,DP2M95-R,2021-02,GBP,1.0,0.030927835051546504,3.09278
ZOO.L,DP2M95-R,2021-03,GBP,1.08,0.08000000000000007,8.0
ZOO.L,DP2M95-R,2021-04,GBP,1.17,0.08333333333333326,8.33333
ZOO.L,DP2M95-R,2021-05,GBP,1.32,0.12820512820512842,12.8205
ZOO.L,DP2M95-R,2021-06,GBP,1.32,0.0,0.0
ZOO.L,DP2M95-R,2021-07,GBP,1.37,0.037878787878787845,3.78788
ZOO.L,DP2M95-R,2021-08,GBP,1.465,0.06934306569343063,6.93431
ZOO.L,DP2M95-R,2021-09,GBP,1.185,-0.19112627986348119,-19.1126
ZOO.L,DP2M95-R,2021-10,GBP,1.265,0.06751054852320659,6.75106
ZOO.L,DP2M95-R,2021-11,GBP,1.21,-0.04347826086956519,-4.34782
ZOO.L,DP2M95-R,2021-12,GBP,1.25,0.03305785123966953,3.30578
ZOO.L,DP2M95-R,2022-01,GBP,1.45,0.15999999999999992,16.0
ZOO.L,DP2M95-R,2022-02,GBP,1.21,-0.16551724137931034,-16.5517
ZOO.L,DP2M95-R,2022-03,GBP,1.205,-0.004132231404958553,-0.413221
ZOO.L,DP2M95-R,2022-04,GBP,1.185,-0.016597510373444035,-1.65976
ZOO.L,DP2M95-R,2022-05,GBP,1.15,-0.029535864978903037,-2.95358
ZOO.L,DP2M95-R,2022-06,GBP,1.03,-0.10434782608695647,-10.4348
ZOO.L,DP2M95-R,2022-07,GBP,1.275,0.2378640776699028,23.7864
ZOO.L,DP2M95-R,2022-08,GBP,1.26,-0.0117647058823529,-1.17647
ZOO.L,DP2M95-R,2022-09,GBP,1.31,0.039682539682539764,3.96825
ZOO.L,DP2M95-R,2022-10,GBP,1.65,0.2595419847328244,25.9542
ZOO.L,DP2M95-R,2022-11,GBP,1.725,0.045454545454545636,4.54546
ZOO.L,DP2M95-R,2022-12,GBP,1.78,0.03188405797101446,3.18841
ZOO.L,DP2M95-R,2023-01,GBP,1.755,-0.014044943820224809,-1.40449
ZOO.L,DP2M95-R,2023-02,GBP,1.975,0.1253561253561255,12.5356
ZOO.L,DP2M95-R,2023-03,GBP,1.975,0.0,0.0
WOSG.L,F5L9LT-R,2018-01,GBP,,,
WOSG.L,F5L9LT-R,2018-02,GBP,,,
WOSG.L,F5L9LT-R,2018-03,GBP,,,
WOSG.L,F5L9LT-R,2018-04,GBP,,,
WOSG.L,F5L9LT-R,2018-05,GBP,,,
WOSG.L,F5L9LT-R,2018-06,GBP,,,
WOSG.L,F5L9LT-R,2018-07,GBP,,,
WOSG.L,F5L9LT-R,2018-08,GBP,,,
WOSG.L,F5L9LT-R,2018-09,GBP,,,
WOSG.L,F5L9LT-R,2018-10,GBP,,,
WOSG.L,F5L9LT-R,2018-11,GBP,,,
WOSG.L,F5L9LT-R,2018-12,GBP,,,
WOSG.L,F5L9LT-R,2019-01,GBP,,,
WOSG.L,F5L9LT-R,2019-02,GBP,,,
WOSG.L,F5L9LT-R,2019-03,GBP,,,
WOSG.L,F5L9LT-R,2019-04,GBP,,,
WOSG.L,F5L9LT-R,2019-05,GBP,3.08,,
WOSG.L,F5L9LT-R,2019-06,GBP,2.75,-0.1071428571428572,-10.7143
WOSG.L,F5L9LT-R,2019-07,GBP,2.845,0.03454545454545466,3.45454
WOSG.L,F5L9LT-R,2019-08,GBP,2.88,0.012302284710017375,1.23023
WOSG.L,F5L9LT-R,2019-09,GBP,2.8,-0.02777777777777779,-2.77779
WOSG.L,F5L9LT-R,2019-10,GBP,2.885,0.03035714285714275,3.03571
WOSG.L,F5L9LT-R,2019-11,GBP,3.25,0.12651646447140386,12.6516
WOSG.L,F5L9LT-R,2019-12,GBP,3.76,0.15692307692307694,15.6923
WOSG.L,F5L9LT-R,2020-01,GBP,3.734,-0.006914893617021245,-0.691491
WOSG.L,F5L9LT-R,2020-02,GBP,3.296,-0.11730048205677557,-11.73
WOSG.L,F5L9LT-R,2020-03,GBP,1.853,-0.4378033980582524,-43.7803
WOSG.L,F5L9LT-R,2020-04,GBP,2.5,0.3491635186184565,34.9164
WOSG.L,F5L9LT-R,2020-05,GBP,2.78,0.11199999999999988,11.2
WOSG.L,F5L9LT-R,2020-06,GBP,2.805,0.00899280575539585,0.899279
WOSG.L,F5L9LT-R,2020-07,GBP,2.595,-0.07486631016042777,-7.48663
WOSG.L,F5L9LT-R,2020-08,GBP,3.425,0.31984585741811156,31.9846
WOSG.L,F5L9LT-R,2020-09,GBP,3.36,-0.01897810218978102,-1.89781
WOSG.L,F5L9LT-R,2020-10,GBP,3.95,0.17559523809523814,17.5595
WOSG.L,F5L9LT-R,2020-11,GBP,4.935,0.2493670886075947,24.9367
WOSG.L,F5L9LT-R,2020-12,GBP,5.79,0.17325227963525847,17.3252
WOSG.L,F5L9LT-R,2021-01,GBP,6.4,0.10535405872193437,10.5354
WOSG.L,F5L9LT-R,2021-02,GBP,6.38,-0.0031250000000000444,-0.312501
WOSG.L,F5L9LT-R,2021-03,GBP,6.61,0.036050156739811934,3.60502
WOSG.L,F5L9LT-R,2021-04,GBP,7.33,0.1089258698940998,10.8926
WOSG.L,F5L9LT-R,2021-05,GBP,7.86,0.07230559345156884,7.23057
WOSG.L,F5L9LT-R,2021-06,GBP,8.36,0.0636132315521627,6.36132
WOSG.L,F5L9LT-R,2021-07,GBP,10.06,0.20334928229665095,20.3349
WOSG.L,F5L9LT-R,2021-08,GBP,10.16,0.00994035785288272,0.994027
WOSG.L,F5L9LT-R,2021-09,GBP,9.46,-0.06889763779527547,-6.88976
WOSG.L,F5L9LT-R,2021-10,GBP,11.32,0.19661733615221988,19.6617
WOSG.L,F5L9LT-R,2021-11,GBP,13.52,0.19434628975265,19.4346
WOSG.L,F5L9LT-R,2021-12,GBP,14.2,0.050295857988165604,5.02958
WOSG.L,F5L9LT-R,2022-01,GBP,12.72,-0.10422535211267592,-10.4225
WOSG.L,F5L9LT-R,2022-02,GBP,12.12,-0.04716981132075482,-4.71699
WOSG.L,F5L9LT-R,2022-03,GBP,11.4,-0.05940594059405935,-5.9406
WOSG.L,F5L9LT-R,2022-04,GBP,10.21,-0.1043859649122807,-10.4386
WOSG.L,F5L9LT-R,2022-05,GBP,9.45,-0.07443682664054863,-7.44368
WOSG.L,F5L9LT-R,2022-06,GBP,7.69,-0.1862433862433861,-18.6243
WOSG.L,F5L9LT-R,2022-07,GBP,8.87,0.15344603381014288,15.3446
WOSG.L,F5L9LT-R,2022-08,GBP,7.845,-0.1155580608793686,-11.5558
WOSG.L,F5L9LT-R,2022-09,GBP,6.74,-0.14085404716379857,-14.0854
WOSG.L,F5L9LT-R,2022-10,GBP,7.745,0.14910979228486654,14.911
WOSG.L,F5L9LT-R,2022-11,GBP,10.26,0.3247256294383474,32.4726
WOSG.L,F5L9LT-R,2022-12,GBP,8.205,-0.20029239766081874,-20.0292
WOSG.L,F5L9LT-R,2023-01,GBP,9.48,0.15539305301645334,15.5393
WOSG.L,F5L9LT-R,2023-02,GBP,8.305,-0.12394514767932496,-12.3945
WOSG.L,F5L9LT-R,2023-03,GBP,8.155,-0.018061408789885602,-1.80615
CAP.PA,F86QBP-R,2018-01,EUR,106.95,,8.15047
CAP.PA,F86QBP-R,2018-02,EUR,102.95,-0.03740065451145391,-3.74007
CAP.PA,F86QBP-R,2018-03,EUR,101.2,-0.016998542982030074,-1.69985
CAP.PA,F86QBP-R,2018-04,EUR,114.0,0.1264822134387351,12.6482
CAP.PA,F86QBP-R,2018-05,EUR,112.65,-0.011842105263157876,-1.18421
CAP.PA,F86QBP-R,2018-06,EUR,115.2,0.022636484687083902,3.77274
CAP.PA,F86QBP-R,2018-07,EUR,109.8,-0.046875,-4.68749
CAP.PA,F86QBP-R,2018-08,EUR,110.75,0.00865209471766848,0.865209
CAP.PA,F86QBP-R,2018-09,EUR,108.4,-0.02121896162528214,-2.1219
CAP.PA,F86QBP-R,2018-10,EUR,108.0,-0.0036900369003690647,-0.369006
CAP.PA,F86QBP-R,2018-11,EUR,103.05,-0.04583333333333339,-4.58333
CAP.PA,F86QBP-R,2018-12,EUR,86.8,-0.1576904415332363,-15.769
CAP.PA,F86QBP-R,2019-01,EUR,96.48,0.11152073732718892,11.1521
CAP.PA,F86QBP-R,2019-02,EUR,105.2,0.0903814262023217,9.03814
CAP.PA,F86QBP-R,2019-03,EUR,108.1,0.027566539923954192,2.75666
CAP.PA,F86QBP-R,2019-04,EUR,108.1,0.0,0.0
CAP.PA,F86QBP-R,2019-05,EUR,100.1,-0.07400555041628121,-7.40055
CAP.PA,F86QBP-R,2019-06,EUR,109.35,0.09240759240759244,10.9391
CAP.PA,F86QBP-R,2019-07,EUR,115.25,0.053955189757658895,5.39552
CAP.PA,F86QBP-R,2019-08,EUR,109.15,-0.05292841648590019,-5.29284
CAP.PA,F86QBP-R,2019-09,EUR,108.1,-0.009619789280806312,-0.961983
CAP.PA,F86QBP-R,2019-10,EUR,100.95,-0.06614246068455132,-6.61425
CAP.PA,F86QBP-R,2019-11,EUR,107.35,0.0633977216443784,6.33978
CAP.PA,F86QBP-R,2019-12,EUR,108.9,0.014438751746623346,1.44387
CAP.PA,F86QBP-R,2020-01,EUR,112.35,0.031680440771349794,3.16805
CAP.PA,F86QBP-R,2020-02,EUR,99.22,-0.11686693368936352,-11.6867
CAP.PA,F86QBP-R,2020-03,EUR,77.0,-0.22394678492239461,-22.3947
CAP.PA,F86QBP-R,2020-04,EUR,85.74,0.11350649350649333,11.3506
CAP.PA,F86QBP-R,2020-05,EUR,92.1,0.07417774667599719,7.41777
CAP.PA,F86QBP-R,2020-06,EUR,101.95,0.10694896851248648,12.1607
CAP.PA,F86QBP-R,2020-07,EUR,109.5,0.07405590975968601,7.40559
CAP.PA,F86QBP-R,2020-08,EUR,116.0,0.05936073059360725,5.93607
CAP.PA,F86QBP-R,2020-09,EUR,109.75,-0.053879310344827624,-5.38793
CAP.PA,F86QBP-R,2020-10,EUR,99.14,-0.09667425968109344,-9.66743
CAP.PA,F86QBP-R,2020-11,EUR,116.3,0.17308856163001818,17.3089
CAP.PA,F86QBP-R,2020-12,EUR,126.8,0.09028374892519353,9.02838
CAP.PA,F86QBP-R,2021-01,EUR,119.5,-0.05757097791798105,-5.7571
CAP.PA,F86QBP-R,2021-02,EUR,133.15,0.11422594142259412,11.4226
CAP.PA,F86QBP-R,2021-03,EUR,145.1,0.08974840405557627,8.97485
CAP.PA,F86QBP-R,2021-04,EUR,152.4,0.05031013094417647,5.031
CAP.PA,F86QBP-R,2021-05,EUR,152.65,0.0016404199475066328,0.164044
CAP.PA,F86QBP-R,2021-06,EUR,162.0,0.06125122830003282,7.40256
CAP.PA,F86QBP-R,2021-07,EUR,182.25,0.125,12.5
CAP.PA,F86QBP-R,2021-08,EUR,190.15,0.043347050754458216,4.3347
CAP.PA,F86QBP-R,2021-09,EUR,180.15,-0.05259006047856951,-5.25901
CAP.PA,F86QBP-R,2021-10,EUR,201.3,0.11740216486261446,11.7402
CAP.PA,F86QBP-R,2021-11,EUR,204.1,0.013909587680079438,1.39096
CAP.PA,F86QBP-R,2021-12,EUR,215.5,0.05585497305242537,5.58549
CAP.PA,F86QBP-R,2022-01,EUR,197.45,-0.08375870069605573,-8.37587
CAP.PA,F86QBP-R,2022-02,EUR,188.3,-0.046340845783742646,-4.63408
CAP.PA,F86QBP-R,2022-03,EUR,202.5,0.07541157727031322,7.54116
CAP.PA,F86QBP-R,2022-04,EUR,196.1,-0.03160493827160493,-3.16049
CAP.PA,F86QBP-R,2022-05,EUR,180.5,-0.07955124936257008,-7.95513
CAP.PA,F86QBP-R,2022-06,EUR,163.45,-0.09445983379501388,-8.11635
CAP.PA,F86QBP-R,2022-07,EUR,185.35,0.13398592841847656,13.3986
CAP.PA,F86QBP-R,2022-08,EUR,173.0,-0.06663069867817639,-6.66307
CAP.PA,F86QBP-R,2022-09,EUR,165.5,-0.043352601156069315,-4.33526
CAP.PA,F86QBP-R,2022-10,EUR,166.25,0.004531722054380571,0.453174
CAP.PA,F86QBP-R,2022-11,EUR,171.0,0.02857142857142847,2.85715
CAP.PA,F86QBP-R,2022-12,EUR,155.95,-0.08801169590643276,-8.80117
CAP.PA,F86QBP-R,2023-01,EUR,173.9,0.11510099390830408,11.5101
CAP.PA,F86QBP-R,2023-02,EUR,177.85,0.022714203565267432,2.27143
CAP.PA,F86QBP-R,2023-03,EUR,170.75,-0.039921281979195866,-3.99213
AF.PA,FPW2T0-R,2018-01,EUR,63.0939,,-7.87923
AF.PA,FPW2T0-R,2018-02,EUR,49.3051,-0.21854410648256006,-21.8545
AF.PA,FPW2T0-R,2018-03,EUR,45.4418,-0.07835497747697506,-7.83552
AF.PA,FPW2T0-R,2018-04,EUR,41.0438,-0.09678313799189298,-9.67814
AF.PA,FPW2T0-R,2018-05,EUR,34.3562,-0.1629381295104254,-16.2939
AF.PA,FPW2T0-R,2018-06,EUR,35.2237,0.025250173185625835,2.52495
AF.PA,FPW2T0-R,2018-07,EUR,39.3896,0.11826980129855746,11.827
AF.PA,FPW2T0-R,2018-08,EUR,41.7298,0.05941162134167377,5.94111
AF.PA,FPW2T0-R,2018-09,EUR,45.2501,0.08435937866944032,8.43606
AF.PA,FPW2T0-R,2018-10,EUR,43.1722,-0.04592034050753491,-4.59207
AF.PA,FPW2T0-R,2018-11,EUR,51.3426,0.18925141642075238,18.9252
AF.PA,FPW2T0-R,2018-12,EUR,47.8122,-0.06876161316333806,-6.87623
AF.PA,FPW2T0-R,2019-01,EUR,55.4783,0.16033773806685314,16.0338
AF.PA,FPW2T0-R,2019-02,EUR,54.747,-0.013181730514453371,-1.31818
AF.PA,FPW2T0-R,2019-03,EUR,50.5609,-0.07646263722213098,-7.64625
AF.PA,FPW2T0-R,2019-04,EUR,51.9478,0.027430287039985624,2.74315
AF.PA,FPW2T0-R,2019-05,EUR,39.0164,-0.24893065731368802,-24.8932
AF.PA,FPW2T0-R,2019-06,EUR,42.6275,0.0925533878061533,9.25543
AF.PA,FPW2T0-R,2019-07,EUR,47.5298,0.11500322561726595,11.5002
AF.PA,FPW2T0-R,2019-08,EUR,51.6705,0.08711797651157793,8.7118
AF.PA,FPW2T0-R,2019-09,EUR,48.4275,-0.06276308531947616,-6.27623
AF.PA,FPW2T0-R,2019-10,EUR,53.8392,0.11174849001084097,11.1748
AF.PA,FPW2T0-R,2019-11,EUR,53.8644,0.00046806044666358737,0.0468373
AF.PA,FPW2T0-R,2019-12,EUR,50.0515,-0.07078701331491688,-7.07866
AF.PA,FPW2T0-R,2020-01,EUR,42.3249,-0.1543729958143112,-15.4373
AF.PA,FPW2T0-R,2020-02,EUR,34.8404,-0.17683444024675776,-17.6835
AF.PA,FPW2T0-R,2020-03,EUR,25.7117,-0.26201478743068396,-26.2015
AF.PA,FPW2T0-R,2020-04,EUR,23.4371,-0.08846556237043834,-8.84661
AF.PA,FPW2T0-R,2020-05,EUR,20.4917,-0.12567254481143142,-12.5672
AF.PA,FPW2T0-R,2020-06,EUR,20.3404,-0.0073834772127252535,-0.73837
AF.PA,FPW2T0-R,2020-07,EUR,17.5967,-0.13488918605337163,-13.4887
AF.PA,FPW2T0-R,2020-08,EUR,19.0442,0.08225974188342144,8.22585
AF.PA,FPW2T0-R,2020-09,EUR,14.9388,-0.21557219520904003,-21.5572
AF.PA,FPW2T0-R,2020-10,EUR,14.1722,-0.05131603609392987,-5.13166
AF.PA,FPW2T0-R,2020-11,EUR,25.2174,0.7793567688855647,77.9359
AF.PA,FPW2T0-R,2020-12,EUR,25.8226,0.023999302069206196,2.4
AF.PA,FPW2T0-R,2021-01,EUR,24.6071,-0.04707117021523788,-4.70703
AF.PA,FPW2T0-R,2021-02,EUR,28.1325,0.14326759349943718,14.3267
AF.PA,FPW2T0-R,2021-03,EUR,25.7016,-0.08640895761130374,-8.64109
AF.PA,FPW2T0-R,2021-04,EUR,23.3816,-0.09026675382077387,-9.02669
AF.PA,FPW2T0-R,2021-05,EUR,23.3311,-0.002159817976528533,-0.215697
AF.PA,FPW2T0-R,2021-06,EUR,20.527,-0.12018721791942932,-12.019
AF.PA,FPW2T0-R,2021-07,EUR,19.7654,-0.03710235299848985,-3.71008
AF.PA,FPW2T0-R,2021-08,EUR,19.8965,0.006632802776569191,0.663435
AF.PA,FPW2T0-R,2021-09,EUR,21.349,0.07300278943532779,7.30038
AF.PA,FPW2T0-R,2021-10,EUR,20.527,-0.038502974378190946,-3.85069
AF.PA,FPW2T0-R,2021-11,EUR,18.5348,-0.0970526623471526,-9.70517
AF.PA,FPW2T0-R,2021-12,EUR,19.5233,0.0533321104085287,5.33334
AF.PA,FPW2T0-R,2022-01,EUR,20.0478,0.026865335266066603,2.68664
AF.PA,FPW2T0-R,2022-02,EUR,19.9268,-0.006035574975807756,-0.603765
AF.PA,FPW2T0-R,2022-03,EUR,20.648,0.036192464419776416,3.61933
AF.PA,FPW2T0-R,2022-04,EUR,19.9419,-0.034197016660209134,-3.41964
AF.PA,FPW2T0-R,2022-05,EUR,17.985,-0.09813006784709588,-9.81309
AF.PA,FPW2T0-R,2022-06,EUR,11.175,-0.378648874061718,-37.8649
AF.PA,FPW2T0-R,2022-07,EUR,13.43,0.20178970917225936,20.179
AF.PA,FPW2T0-R,2022-08,EUR,14.635,0.08972449739389421,8.97245
AF.PA,FPW2T0-R,2022-09,EUR,13.005,-0.11137683635121276,-11.1377
AF.PA,FPW2T0-R,2022-10,EUR,13.315,0.023836985774701835,2.3837
AF.PA,FPW2T0-R,2022-11,EUR,12.825,-0.03680060082613601,-3.68006
AF.PA,FPW2T0-R,2022-12,EUR,12.31,-0.04015594541910317,-4.01559
AF.PA,FPW2T0-R,2023-01,EUR,15.48,0.2575142160844841,25.7514
AF.PA,FPW2T0-R,2023-02,EUR,17.705,0.14373385012919893,14.3734
AF.PA,FPW2T0-R,2023-03,EUR,16.98,-0.04094888449590495,-4.09489
KAHOT.OL,FR4B9H-R,2018-01,NOK,,,
KAHOT.OL,FR4B9H-R,2018-02,NOK,,,
KAHOT.OL,FR4B9H-R,2018-03,NOK,,,
KAHOT.OL,FR4B9H-R,2018-04,NOK,,,
KAHOT.OL,FR4B9H-R,2018-05,NOK,3.16666,,
KAHOT.OL,FR4B9H-R,2018-06,NOK,5.33333,0.6842130193958305,68.421
KAHOT.OL,FR4B9H-R,2018-07,NOK,5.83333,0.09375005859378671,9.375
KAHOT.OL,FR4B9H-R,2018-08,NOK,5.33333,-0.08571433469390555,-8.57143
KAHOT.OL,FR4B9H-R,2018-09,NOK,7.33333,0.3750002343751464,37.5
KAHOT.OL,FR4B9H-R,2018-10,NOK,8.66666,0.18181780991718632,18.1818
KAHOT.OL,FR4B9H-R,2018-11,NOK,9.16666,0.057692352071039954,5.76923
KAHOT.OL,FR4B9H-R,2018-12,NOK,9.16666,0.0,0.0
KAHOT.OL,FR4B9H-R,2019-01,NOK,8.33333,-0.09090879338821334,-9.09091
KAHOT.OL,FR4B9H-R,2019-02,NOK,7.83333,-0.06000002400000959,-6.00001
KAHOT.OL,FR4B9H-R,2019-03,NOK,9.33332,0.19148816659070933,19.1489
KAHOT.OL,FR4B9H-R,2019-04,NOK,8.33333,-0.10714193877419831,-10.7143
KAHOT.OL,FR4B9H-R,2019-05,NOK,7.99999,-0.040000816000326345,-4.00001
KAHOT.OL,FR4B9H-R,2019-06,NOK,7.99999,0.0,0.0
KAHOT.OL,FR4B9H-R,2019-07,NOK,7.99999,0.0,0.0
KAHOT.OL,FR4B9H-R,2019-08,NOK,8.49999,0.06250007812509772,6.25
KAHOT.OL,FR4B9H-R,2019-09,NOK,11.6667,0.3725545559465364,37.2549
KAHOT.OL,FR4B9H-R,2019-10,NOK,15.3333,0.3142791020597082,31.4286
KAHOT.OL,FR4B9H-R,2019-11,NOK,19.9,0.2978289083237138,29.7826
KAHOT.OL,FR4B9H-R,2019-12,NOK,22.0,0.1055276381909549,10.5528
KAHOT.OL,FR4B9H-R,2020-01,NOK,23.8666,0.08484545454545445,8.48485
KAHOT.OL,FR4B9H-R,2020-02,NOK,17.7666,-0.2555873061097935,-25.5587
KAHOT.OL,FR4B9H-R,2020-03,NOK,20.3333,0.14446770907207918,14.4465
KAHOT.OL,FR4B9H-R,2020-04,NOK,21.3333,0.04918040849247296,4.91803
KAHOT.OL,FR4B9H-R,2020-05,NOK,29.6666,0.39062404785007465,39.0625
KAHOT.OL,FR4B9H-R,2020-06,NOK,32.0,0.07865410933507722,7.86527
KAHOT.OL,FR4B9H-R,2020-07,NOK,37.65,0.17656249999999996,17.6563
KAHOT.OL,FR4B9H-R,2020-08,NOK,39.2,0.04116865869853936,4.11687
KAHOT.OL,FR4B9H-R,2020-09,NOK,42.95,0.09566326530612246,9.56633
KAHOT.OL,FR4B9H-R,2020-10,NOK,59.0,0.37369033760186254,37.369
KAHOT.OL,FR4B9H-R,2020-11,NOK,67.0,0.13559322033898313,13.5593
KAHOT.OL,FR4B9H-R,2020-12,NOK,95.2,0.4208955223880597,42.0895
KAHOT.OL,FR4B9H-R,2021-01,NOK,109.0,0.14495798319327724,14.4958
KAHOT.OL,FR4B9H-R,2021-02,NOK,106.8,-0.020183486238532167,-2.01834
KAHOT.OL,FR4B9H-R,2021-03,NOK,95.8,-0.10299625468164797,-10.2996
KAHOT.OL,FR4B9H-R,2021-04,NOK,87.45,-0.08716075156576197,-8.71608
KAHOT.OL,FR4B9H-R,2021-05,NOK,66.3,-0.2418524871355061,-24.1852
KAHOT.OL,FR4B9H-R,2021-06,NOK,59.0,-0.11010558069381593,-11.0106
KAHOT.OL,FR4B9H-R,2021-07,NOK,39.38,-0.3325423728813559,-33.2542
KAHOT.OL,FR4B9H-R,2021-08,NOK,59.15,0.5020314880650074,50.2031
KAHOT.OL,FR4B9H-R,2021-09,NOK,63.05,0.06593406593406592,6.59341
KAHOT.OL,FR4B9H-R,2021-10,NOK,50.3,-0.20222045995241877,-20.222
KAHOT.OL,FR4B9H-R,2021-11,NOK,51.25,0.018886679920477212,1.88867
KAHOT.OL,FR4B9H-R,2021-12,NOK,46.6,-0.09073170731707314,-9.07317
KAHOT.OL,FR4B9H-R,2022-01,NOK,35.16,-0.24549356223175978,-24.5494
KAHOT.OL,FR4B9H-R,2022-02,NOK,27.62,-0.21444823663253687,-21.4448
KAHOT.OL,FR4B9H-R,2022-03,NOK,27.64,0.0007241129616220032,0.0724077
KAHOT.OL,FR4B9H-R,2022-04,NOK,23.17,-0.16172214182344424,-16.1722
KAHOT.OL,FR4B9H-R,2022-05,NOK,27.93,0.20543806646525664,20.5438
KAHOT.OL,FR4B9H-R,2022-06,NOK,17.925,-0.3582169709989258,-35.8217
KAHOT.OL,FR4B9H-R,2022-07,NOK,22.94,0.27977684797768476,27.9777
KAHOT.OL,FR4B9H-R,2022-08,NOK,19.9,-0.1325196163905843,-13.252
KAHOT.OL,FR4B9H-R,2022-09,NOK,20.5,0.03015075376884435,3.01508
KAHOT.OL,FR4B9H-R,2022-10,NOK,22.17,0.08146341463414641,8.14635
KAHOT.OL,FR4B9H-R,2022-11,NOK,22.29,0.005412719891745521,0.541282
KAHOT.OL,FR4B9H-R,2022-12,NOK,19.435,-0.12808434275459846,-12.8084
KAHOT.OL,FR4B9H-R,2023-01,NOK,17.48,-0.10059171597633132,-10.0592
KAHOT.OL,FR4B9H-R,2023-02,NOK,19.585,0.12042334096109841,12.0423
KAHOT.OL,FR4B9H-R,2023-03,NOK,23.96,0.22338524380903757,22.3385
3844.T,FXRN3F-R,2018-01,JPY,1782.5,,23.3991
3844.T,FXRN3F-R,2018-02,JPY,1810.0,0.015427769985974837,1.54278
3844.T,FXRN3F-R,2018-03,JPY,1957.5,0.08149171270718236,8.43647
3844.T,FXRN3F-R,2018-04,JPY,1805.0,-0.07790549169859518,-7.79055
3844.T,FXRN3F-R,2018-05,JPY,1680.0,-0.06925207756232687,-6.92521
3844.T,FXRN3F-R,2018-06,JPY,1370.5,-0.1842261904761905,-18.1399
3844.T,FXRN3F-R,2018-07,JPY,1807.5,0.3188617292958775,31.8862
3844.T,FXRN3F-R,2018-08,JPY,1955.0,0.08160442600276618,8.16045
3844.T,FXRN3F-R,2018-09,JPY,2180.0,0.11508951406649626,11.7519
3844.T,FXRN3F-R,2018-10,JPY,1717.5,-0.21215596330275233,-21.2156
3844.T,FXRN3F-R,2018-11,JPY,1662.5,-0.03202328966521106,-3.20233
3844.T,FXRN3F-R,2018-12,JPY,1185.0,-0.28721804511278193,-28.4361
3844.T,FXRN3F-R,2019-01,JPY,1446.5,0.22067510548523206,22.0675
3844.T,FXRN3F-R,2019-02,JPY,1607.5,0.11130314552367793,11.1303
3844.T,FXRN3F-R,2019-03,JPY,1820.0,0.13219284603421455,13.8258
3844.T,FXRN3F-R,2019-04,JPY,1907.5,0.04807692307692313,4.80769
3844.T,FXRN3F-R,2019-05,JPY,2182.5,0.1441677588466579,14.4168
3844.T,FXRN3F-R,2019-06,JPY,1917.5,-0.12142038946162659,-11.8099
3844.T,FXRN3F-R,2019-07,JPY,2107.5,0.09908735332464147,9.90874
3844.T,FXRN3F-R,2019-08,JPY,1890.0,-0.10320284697508897,-10.3203
3844.T,FXRN3F-R,2019-09,JPY,2034.0,0.07619047619047614,8.00265
3844.T,FXRN3F-R,2019-10,JPY,2068.0,0.01671583087512296,1.67159
3844.T,FXRN3F-R,2019-11,JPY,2367.0,0.14458413926499025,14.4584
3844.T,FXRN3F-R,2019-12,JPY,2350.0,-0.007182087029995787,-0.411916
3844.T,FXRN3F-R,2020-01,JPY,2146.0,-0.08680851063829786,-8.68085
3844.T,FXRN3F-R,2020-02,JPY,2115.0,-0.014445479962721386,-1.44455
3844.T,FXRN3F-R,2020-03,JPY,2200.0,0.04018912529550822,4.3617
3844.T,FXRN3F-R,2020-04,JPY,2183.0,-0.007727272727272694,-0.772727
3844.T,FXRN3F-R,2020-05,JPY,2967.0,0.3591387998167659,35.9139
3844.T,FXRN3F-R,2020-06,JPY,2789.0,-0.05999325918436127,-5.73812
3844.T,FXRN3F-R,2020-07,JPY,2778.0,-0.003944065973467192,-0.394404
3844.T,FXRN3F-R,2020-08,JPY,2236.0,-0.1951043916486681,-19.5104
3844.T,FXRN3F-R,2020-09,JPY,2631.0,0.17665474060822905,18.0121
3844.T,FXRN3F-R,2020-10,JPY,2669.0,0.014443177499049886,1.44432
3844.T,FXRN3F-R,2020-11,JPY,3230.0,0.21019108280254772,21.0191
3844.T,FXRN3F-R,2020-12,JPY,2921.0,-0.09566563467492262,-9.32663
3844.T,FXRN3F-R,2021-01,JPY,2905.0,-0.00547757617254363,-0.547755
3844.T,FXRN3F-R,2021-02,JPY,2715.0,-0.06540447504302926,-6.54045
3844.T,FXRN3F-R,2021-03,JPY,2670.0,-0.016574585635359074,-1.37201
3844.T,FXRN3F-R,2021-04,JPY,2650.0,-0.0074906367041198685,-0.749063
3844.T,FXRN3F-R,2021-05,JPY,2286.0,-0.13735849056603777,-13.7358
3844.T,FXRN3F-R,2021-06,JPY,2371.0,0.03718285214348205,4.07918
3844.T,FXRN3F-R,2021-07,JPY,2355.0,-0.00674820750738081,-0.67482
3844.T,FXRN3F-R,2021-08,JPY,2993.0,0.2709129511677282,27.0913
3844.T,FXRN3F-R,2021-09,JPY,3110.0,0.03909121282993655,4.18476
3844.T,FXRN3F-R,2021-10,JPY,3080.0,-0.009646302250803873,-0.96463
3844.T,FXRN3F-R,2021-11,JPY,3535.0,0.1477272727272727,14.7727
3844.T,FXRN3F-R,2021-12,JPY,3610.0,0.021216407355021172,2.38332
3844.T,FXRN3F-R,2022-01,JPY,2772.0,-0.2321329639889197,-23.2133
3844.T,FXRN3F-R,2022-02,JPY,2929.0,0.0566378066378066,5.66378
3844.T,FXRN3F-R,2022-03,JPY,3100.0,0.058381700238989476,6.22226
3844.T,FXRN3F-R,2022-04,JPY,2830.0,-0.08709677419354833,-8.70968
3844.T,FXRN3F-R,2022-05,JPY,2839.0,0.0031802120141342094,0.318027
3844.T,FXRN3F-R,2022-06,JPY,2641.0,-0.06974286720676293,-6.58683
3844.T,FXRN3F-R,2022-07,JPY,2988.0,0.1313896251419917,13.139
3844.T,FXRN3F-R,2022-08,JPY,2445.0,-0.18172690763052213,-18.1727
3844.T,FXRN3F-R,2022-09,JPY,2285.0,-0.06543967280163598,-6.09407
3844.T,FXRN3F-R,2022-10,JPY,2424.0,0.06083150984682706,6.08315
3844.T,FXRN3F-R,2022-11,JPY,2607.0,0.07549504950495045,7.5495
3844.T,FXRN3F-R,2022-12,JPY,2403.0,-0.0782508630609896,-7.40315
3844.T,FXRN3F-R,2023-01,JPY,2485.0,0.03412401165210155,3.4124
3844.T,FXRN3F-R,2023-02,JPY,2227.0,-0.10382293762575456,-10.3823
3844.T,FXRN3F-R,2023-03,JPY,2073.0,-0.06915132465199825,-6.4212
NEM.DE,FYP7N8-R,2018-01,EUR,26.4166,,5.89256
NEM.DE,FYP7N8-R,2018-02,EUR,28.1333,0.0649856529606383,6.49842
NEM.DE,FYP7N8-R,2018-03,EUR,30.3333,0.07819914478571666,7.81992
NEM.DE,FYP7N8-R,2018-04,EUR,33.2666,0.0967023040684658,9.67033
NEM.DE,FYP7N8-R,2018-05,EUR,34.6,0.04008224465379695,4.75951
NEM.DE,FYP7N8-R,2018-06,EUR,34.3666,-0.006745664739884472,-0.674373
NEM.DE,FYP7N8-R,2018-07,EUR,39.6,0.1522815757159568,15.2279
NEM.DE,FYP7N8-R,2018-08,EUR,47.1333,0.1902348484848484,19.0236
NEM.DE,FYP7N8-R,2018-09,EUR,42.0,-0.10891026089834577,-10.8911
NEM.DE,FYP7N8-R,2018-10,EUR,38.7,-0.07857142857142851,-7.85715
NEM.DE,FYP7N8-R,2018-11,EUR,35.7,-0.07751937984496127,-7.75195
NEM.DE,FYP7N8-R,2018-12,EUR,31.9166,-0.10597759103641469,-10.5976
NEM.DE,FYP7N8-R,2019-01,EUR,37.3,0.168670848398639,16.8668
NEM.DE,FYP7N8-R,2019-02,EUR,42.8,0.14745308310991967,14.7453
NEM.DE,FYP7N8-R,2019-03,EUR,50.6666,0.1837990654205608,18.3801
NEM.DE,FYP7N8-R,2019-04,EUR,54.8333,0.08223760820737924,8.22369
NEM.DE,FYP7N8-R,2019-05,EUR,45.7666,-0.16535025249255475,-16.0426
NEM.DE,FYP7N8-R,2019-06,EUR,52.95,0.15695725703897612,15.6957
NEM.DE,FYP7N8-R,2019-07,EUR,50.95,-0.03777148253068929,-3.77715
NEM.DE,FYP7N8-R,2019-08,EUR,48.18,-0.05436702649656533,-5.4367
NEM.DE,FYP7N8-R,2019-09,EUR,46.82,-0.02822748028227484,-2.82275
NEM.DE,FYP7N8-R,2019-10,EUR,45.6,-0.026057240495514722,-2.60572
NEM.DE,FYP7N8-R,2019-11,EUR,53.65,0.17653508771929816,17.6535
NEM.DE,FYP7N8-R,2019-12,EUR,58.8,0.09599254426840642,9.59925
NEM.DE,FYP7N8-R,2020-01,EUR,61.55,0.04676870748299322,4.67687
NEM.DE,FYP7N8-R,2020-02,EUR,56.3,-0.08529650690495527,-8.52965
NEM.DE,FYP7N8-R,2020-03,EUR,45.28,-0.19573712255772635,-19.5737
NEM.DE,FYP7N8-R,2020-04,EUR,57.5,0.26987632508833914,26.9876
NEM.DE,FYP7N8-R,2020-05,EUR,70.9,0.23304347826086969,23.3044
NEM.DE,FYP7N8-R,2020-06,EUR,61.2,-0.1368124118476728,-13.2863
NEM.DE,FYP7N8-R,2020-07,EUR,62.4,0.019607843137254832,1.96079
NEM.DE,FYP7N8-R,2020-08,EUR,66.6,0.06730769230769229,6.73076
NEM.DE,FYP7N8-R,2020-09,EUR,62.5,-0.06156156156156145,-6.15615
NEM.DE,FYP7N8-R,2020-10,EUR,62.1,-0.006399999999999961,-0.640005
NEM.DE,FYP7N8-R,2020-11,EUR,66.3,0.06763285024154575,6.76329
NEM.DE,FYP7N8-R,2020-12,EUR,60.4,-0.08898944193061842,-8.89894
NEM.DE,FYP7N8-R,2021-01,EUR,58.2,-0.03642384105960261,-3.64239
NEM.DE,FYP7N8-R,2021-02,EUR,52.15,-0.10395189003436434,-10.3952
NEM.DE,FYP7N8-R,2021-03,EUR,54.4,0.043144774688398835,4.31448
NEM.DE,FYP7N8-R,2021-04,EUR,62.0,0.13970588235294112,13.9706
NEM.DE,FYP7N8-R,2021-05,EUR,60.48,-0.024516129032258083,-1.96775
NEM.DE,FYP7N8-R,2021-06,EUR,64.52,0.06679894179894186,6.67989
NEM.DE,FYP7N8-R,2021-07,EUR,74.44,0.15375077495350276,15.3751
NEM.DE,FYP7N8-R,2021-08,EUR,83.02,0.11526061257388509,11.526
NEM.DE,FYP7N8-R,2021-09,EUR,90.7,0.09250782943868963,9.25078
NEM.DE,FYP7N8-R,2021-10,EUR,99.2,0.093715545755237,9.37156
NEM.DE,FYP7N8-R,2021-11,EUR,111.8,0.127016129032258,12.7016
NEM.DE,FYP7N8-R,2021-12,EUR,112.8,0.008944543828264706,0.894451
NEM.DE,FYP7N8-R,2022-01,EUR,81.14,-0.28067375886524826,-28.0674
NEM.DE,FYP7N8-R,2022-02,EUR,79.44,-0.02095144195218146,-2.09514
NEM.DE,FYP7N8-R,2022-03,EUR,87.8,0.10523665659617332,10.5237
NEM.DE,FYP7N8-R,2022-04,EUR,76.28,-0.13120728929384962,-13.1207
NEM.DE,FYP7N8-R,2022-05,EUR,66.46,-0.12873623492396447,-12.3623
NEM.DE,FYP7N8-R,2022-06,EUR,57.76,-0.13090580800481488,-13.0906
NEM.DE,FYP7N8-R,2022-07,EUR,65.0,0.12534626038781171,12.5346
NEM.DE,FYP7N8-R,2022-08,EUR,58.9,-0.09384615384615391,-9.38461
NEM.DE,FYP7N8-R,2022-09,EUR,49.23,-0.16417657045840406,-16.4177
NEM.DE,FYP7N8-R,2022-10,EUR,48.36,-0.017672151127361313,-1.76721
NEM.DE,FYP7N8-R,2022-11,EUR,46.6,-0.03639371381306866,-3.63938
NEM.DE,FYP7N8-R,2022-12,EUR,47.69,0.02339055793991407,2.33905
NEM.DE,FYP7N8-R,2023-01,EUR,48.87,0.024743132732228945,2.47432
NEM.DE,FYP7N8-R,2023-02,EUR,53.68,0.09842439124207081,9.84244
NEM.DE,FYP7N8-R,2023-03,EUR,63.28,0.17883755588673633,17.8838
FDP.L,G22X5F-R,2018-01,GBP,41.2,,-1.36461
FDP.L,G22X5F-R,2018-02,GBP,38.0,-0.07766990291262144,-7.76699
FDP.L,G22X5F-R,2018-03,GBP,36.5,-0.03947368421052633,-3.94737
FDP.L,G22X5F-R,2018-04,GBP,37.8,0.03561643835616435,3.56164
FDP.L,G22X5F-R,2018-05,GBP,46.6,0.232804232804233,23.2804
FDP.L,G22X5F-R,2018-06,GBP,46.5,-0.0021459227467811592,0.150216
FDP.L,G22X5F-R,2018-07,GBP,40.5,-0.12903225806451613,-12.9032
FDP.L,G22X5F-R,2018-08,GBP,42.4,0.04691358024691361,4.69136
FDP.L,G22X5F-R,2018-09,GBP,41.3,-0.025943396226415172,-2.59435
FDP.L,G22X5F-R,2018-10,GBP,31.2,-0.24455205811138014,-24.4552
FDP.L,G22X5F-R,2018-11,GBP,20.5,-0.34294871794871795,-34.0481
FDP.L,G22X5F-R,2018-12,GBP,21.2,0.034146341463414664,3.41464
FDP.L,G22X5F-R,2019-01,GBP,22.2,0.04716981132075482,4.71698
FDP.L,G22X5F-R,2019-02,GBP,21.9,-0.013513513513513598,-1.35136
FDP.L,G22X5F-R,2019-03,GBP,26.9,0.22831050228310512,22.831
FDP.L,G22X5F-R,2019-04,GBP,31.7,0.1784386617100373,17.8439
FDP.L,G22X5F-R,2019-05,GBP,33.8,0.06624605678233442,6.6246
FDP.L,G22X5F-R,2019-06,GBP,35.55,0.05177514792899407,5.74852
FDP.L,G22X5F-R,2019-07,GBP,29.5,-0.1701828410689169,-17.0183
FDP.L,G22X5F-R,2019-08,GBP,23.1,-0.2169491525423728,-21.6949
FDP.L,G22X5F-R,2019-09,GBP,22.35,-0.03246753246753242,-3.24675
FDP.L,G22X5F-R,2019-10,GBP,22.75,0.017897091722594904,1.78971
FDP.L,G22X5F-R,2019-11,GBP,24.8,0.09010989010989023,9.38461
FDP.L,G22X5F-R,2019-12,GBP,27.4,0.10483870967741926,10.4839
FDP.L,G22X5F-R,2020-01,GBP,27.7,0.010948905109489093,1.09489
FDP.L,G22X5F-R,2020-02,GBP,27.65,-0.0018050541516245744,-0.180507
FDP.L,G22X5F-R,2020-03,GBP,22.8,-0.17540687160940316,-17.5407
FDP.L,G22X5F-R,2020-04,GBP,25.9,0.13596491228070162,13.5965
FDP.L,G22X5F-R,2020-05,GBP,26.7,0.030888030888030826,3.08881
FDP.L,G22X5F-R,2020-06,GBP,25.55,-0.04307116104868913,-4.30712
FDP.L,G22X5F-R,2020-07,GBP,27.0,0.05675146771037176,5.67515
FDP.L,G22X5F-R,2020-08,GBP,32.0,0.18518518518518512,18.5185
FDP.L,G22X5F-R,2020-09,GBP,33.15,0.035937499999999956,3.59375
FDP.L,G22X5F-R,2020-10,GBP,29.4,-0.1131221719457014,-11.3122
FDP.L,G22X5F-R,2020-11,GBP,29.2,-0.006802721088435382,-0.680268
FDP.L,G22X5F-R,2020-12,GBP,32.0,0.09589041095890405,9.58904
FDP.L,G22X5F-R,2021-01,GBP,30.1,-0.059374999999999956,-5.9375
FDP.L,G22X5F-R,2021-02,GBP,29.05,-0.03488372093023262,-3.48837
FDP.L,G22X5F-R,2021-03,GBP,26.55,-0.08605851979345958,-8.60585
FDP.L,G22X5F-R,2021-04,GBP,29.25,0.10169491525423724,10.1695
FDP.L,G22X5F-R,2021-05,GBP,21.0,-0.28205128205128205,-28.2051
FDP.L,G22X5F-R,2021-06,GBP,22.7,0.08095238095238089,8.09524
FDP.L,G22X5F-R,2021-07,GBP,23.4,0.03083700440528636,3.08369
FDP.L,G22X5F-R,2021-08,GBP,23.5,0.004273504273504258,0.427353
FDP.L,G22X5F-R,2021-09,GBP,23.5,0.0,0.0
FDP.L,G22X5F-R,2021-10,GBP,20.9,-0.11063829787234047,-11.0638
FDP.L,G22X5F-R,2021-11,GBP,21.05,0.0071770334928231705,0.7177
FDP.L,G22X5F-R,2021-12,GBP,20.1,-0.0451306413301662,-4.51306
FDP.L,G22X5F-R,2022-01,GBP,16.2,-0.19402985074626877,-19.403
FDP.L,G22X5F-R,2022-02,GBP,15.18,-0.06296296296296289,-6.2963
FDP.L,G22X5F-R,2022-03,GBP,19.3,0.27140974967061937,27.141
FDP.L,G22X5F-R,2022-04,GBP,23.65,0.22538860103626934,22.5389
FDP.L,G22X5F-R,2022-05,GBP,22.5,-0.04862579281183932,-4.86258
FDP.L,G22X5F-R,2022-06,GBP,19.66,-0.12622222222222224,-12.6222
FDP.L,G22X5F-R,2022-07,GBP,19.56,-0.0050864699898270915,-0.508648
FDP.L,G22X5F-R,2022-08,GBP,15.92,-0.18609406952965235,-18.6094
FDP.L,G22X5F-R,2022-09,GBP,14.24,-0.10552763819095479,-10.5528
FDP.L,G22X5F-R,2022-10,GBP,13.44,-0.0561797752808989,-5.61798
FDP.L,G22X5F-R,2022-11,GBP,14.14,0.05208333333333348,5.20834
FDP.L,G22X5F-R,2022-12,GBP,13.62,-0.036775106082036824,-3.67751
FDP.L,G22X5F-R,2023-01,GBP,13.7,0.005873715124816492,0.587368
FDP.L,G22X5F-R,2023-02,GBP,18.68,0.36350364963503656,36.3504
FDP.L,G22X5F-R,2023-03,GBP,17.1,-0.08458244111349023,-8.45824
4751.T,G37DWR-R,2018-01,JPY,1181.25,,7.38636
4751.T,G37DWR-R,2018-02,JPY,1156.25,-0.021164021164021163,-2.1164
4751.T,G37DWR-R,2018-03,JPY,1322.5,0.14378378378378387,14.3784
4751.T,G37DWR-R,2018-04,JPY,1510.0,0.14177693761814747,14.1777
4751.T,G37DWR-R,2018-05,JPY,1422.5,-0.05794701986754969,-5.7947
4751.T,G37DWR-R,2018-06,JPY,1665.0,0.1704745166959578,17.0475
4751.T,G37DWR-R,2018-07,JPY,1467.5,-0.11861861861861867,-11.8619
4751.T,G37DWR-R,2018-08,JPY,1580.0,0.07666098807495736,7.6661
4751.T,G37DWR-R,2018-09,JPY,1512.5,-0.04272151898734178,-3.76582
4751.T,G37DWR-R,2018-10,JPY,1197.5,-0.2082644628099174,-20.8264
4751.T,G37DWR-R,2018-11,JPY,1285.0,0.0730688935281838,7.30689
4751.T,G37DWR-R,2018-12,JPY,1061.25,-0.1741245136186771,-17.4125
4751.T,G37DWR-R,2019-01,JPY,875.0,-0.1755005889281508,-17.5501
4751.T,G37DWR-R,2019-02,JPY,866.25,-0.010000000000000009,-1.0
4751.T,G37DWR-R,2019-03,JPY,1128.75,0.303030303030303,30.303
4751.T,G37DWR-R,2019-04,JPY,1107.5,-0.018826135105204922,-1.88261
4751.T,G37DWR-R,2019-05,JPY,1045.0,-0.05643340857787815,-5.64334
4751.T,G37DWR-R,2019-06,JPY,976.25,-0.06578947368421051,-6.57895
4751.T,G37DWR-R,2019-07,JPY,1105.0,0.13188220230473746,13.1882
4751.T,G37DWR-R,2019-08,JPY,1197.5,0.08371040723981893,8.37104
4751.T,G37DWR-R,2019-09,JPY,1037.5,-0.13361169102296455,-12.6722
4751.T,G37DWR-R,2019-10,JPY,882.5,-0.14939759036144573,-14.9398
4751.T,G37DWR-R,2019-11,JPY,945.0,0.07082152974504252,7.08215
4751.T,G37DWR-R,2019-12,JPY,953.75,0.0092592592592593,0.925922
4751.T,G37DWR-R,2020-01,JPY,1103.75,0.15727391874180863,15.7274
4751.T,G37DWR-R,2020-02,JPY,1023.75,-0.07248018120045296,-7.24802
4751.T,G37DWR-R,2020-03,JPY,1047.5,0.023199023199023117,2.31991
4751.T,G37DWR-R,2020-04,JPY,1135.0,0.0835322195704058,8.35322
4751.T,G37DWR-R,2020-05,JPY,1357.5,0.19603524229074898,19.6035
4751.T,G37DWR-R,2020-06,JPY,1322.5,-0.025782688766114226,-2.57827
4751.T,G37DWR-R,2020-07,JPY,1487.5,0.12476370510396984,12.4764
4751.T,G37DWR-R,2020-08,JPY,1412.5,-0.050420168067226934,-5.04202
4751.T,G37DWR-R,2020-09,JPY,1617.5,0.14513274336283177,15.115
4751.T,G37DWR-R,2020-10,JPY,1637.5,0.012364760432766575,1.23647
4751.T,G37DWR-R,2020-11,JPY,1787.5,0.09160305343511443,9.1603
4751.T,G37DWR-R,2020-12,JPY,1777.5,-0.005594405594405605,-0.559443
4751.T,G37DWR-R,2021-01,JPY,1642.5,-0.07594936708860756,-7.59494
4751.T,G37DWR-R,2021-02,JPY,1605.0,-0.022831050228310557,-2.2831
4751.T,G37DWR-R,2021-03,JPY,1993.0,0.2417445482866043,24.1745
4751.T,G37DWR-R,2021-04,JPY,2248.0,0.12794781736076266,12.7948
4751.T,G37DWR-R,2021-05,JPY,2198.0,-0.022241992882562234,-2.2242
4751.T,G37DWR-R,2021-06,JPY,2385.0,0.08507734303912651,8.50773
4751.T,G37DWR-R,2021-07,JPY,1964.0,-0.1765199161425577,-17.652
4751.T,G37DWR-R,2021-08,JPY,2021.0,0.029022403258655904,2.90225
4751.T,G37DWR-R,2021-09,JPY,2166.0,0.07174666006927266,7.71896
4751.T,G37DWR-R,2021-10,JPY,1900.0,-0.1228070175438597,-12.2807
4751.T,G37DWR-R,2021-11,JPY,2093.0,0.10157894736842099,10.1579
4751.T,G37DWR-R,2021-12,JPY,1914.0,-0.08552317247969421,-8.55232
4751.T,G37DWR-R,2022-01,JPY,1325.0,-0.30773249738766983,-30.7733
4751.T,G37DWR-R,2022-02,JPY,1486.0,0.12150943396226421,12.1509
4751.T,G37DWR-R,2022-03,JPY,1526.0,0.026917900403768513,2.69179
4751.T,G37DWR-R,2022-04,JPY,1386.0,-0.09174311926605505,-9.17431
4751.T,G37DWR-R,2022-05,JPY,1391.0,0.003607503607503615,0.360751
4751.T,G37DWR-R,2022-06,JPY,1351.0,-0.02875629043853345,-2.87563
4751.T,G37DWR-R,2022-07,JPY,1321.0,-0.022205773501110304,-2.22058
4751.T,G37DWR-R,2022-08,JPY,1369.0,0.036336109008326956,3.63361
4751.T,G37DWR-R,2022-09,JPY,1218.0,-0.1102994886778671,-10.0073
4751.T,G37DWR-R,2022-10,JPY,1224.0,0.0049261083743843415,0.492609
4751.T,G37DWR-R,2022-11,JPY,1229.0,0.004084967320261423,0.408494
4751.T,G37DWR-R,2022-12,JPY,1168.0,-0.04963384865744502,-4.96339
4751.T,G37DWR-R,2023-01,JPY,1206.0,0.03253424657534243,3.25342
4751.T,G37DWR-R,2023-02,JPY,1166.0,-0.03316749585406298,-3.31675
4751.T,G37DWR-R,2023-03,JPY,1115.0,-0.04373927958833623,-4.37393
SCHA.OL,G4GNVN-R,2018-01,NOK,247.7,,5.58397
SCHA.OL,G4GNVN-R,2018-02,NOK,209.5,-0.15421881308033913,-15.4219
SCHA.OL,G4GNVN-R,2018-03,NOK,219.0,0.04534606205250591,4.5346
SCHA.OL,G4GNVN-R,2018-04,NOK,234.6,0.0712328767123287,7.12329
SCHA.OL,G4GNVN-R,2018-05,NOK,231.0,-0.01534526854219942,-0.788581
SCHA.OL,G4GNVN-R,2018-06,NOK,247.6,0.07186147186147185,7.18615
SCHA.OL,G4GNVN-R,2018-07,NOK,282.0,0.1389337641357027,13.8934
SCHA.OL,G4GNVN-R,2018-08,NOK,300.3,0.0648936170212766,6.48936
SCHA.OL,G4GNVN-R,2018-09,NOK,305.6,0.017649017649017607,1.76491
SCHA.OL,G4GNVN-R,2018-10,NOK,292.1,-0.04417539267015702,-4.41754
SCHA.OL,G4GNVN-R,2018-11,NOK,311.3,0.06573091407052378,6.57308
SCHA.OL,G4GNVN-R,2018-12,NOK,290.0,-0.06842274333440412,-6.84227
SCHA.OL,G4GNVN-R,2019-01,NOK,295.4,0.018620689655172384,1.86206
SCHA.OL,G4GNVN-R,2019-02,NOK,341.8,0.15707515233581604,15.7075
SCHA.OL,G4GNVN-R,2019-03,NOK,338.6,-0.009362200117027486,-0.936216
SCHA.OL,G4GNVN-R,2019-04,NOK,226.4,-0.33136444181925584,-33.1364
SCHA.OL,G4GNVN-R,2019-05,NOK,231.0,0.02031802120141335,2.91519
SCHA.OL,G4GNVN-R,2019-06,NOK,235.3,0.01861471861471875,1.86148
SCHA.OL,G4GNVN-R,2019-07,NOK,239.4,0.01742456438589035,1.74246
SCHA.OL,G4GNVN-R,2019-08,NOK,277.6,0.15956558061821235,15.9566
SCHA.OL,G4GNVN-R,2019-09,NOK,269.1,-0.030619596541786698,-3.06196
SCHA.OL,G4GNVN-R,2019-10,NOK,270.0,0.0033444816053511683,0.334442
SCHA.OL,G4GNVN-R,2019-11,NOK,252.5,-0.06481481481481477,-6.48148
SCHA.OL,G4GNVN-R,2019-12,NOK,265.3,0.05069306930693074,5.0693
SCHA.OL,G4GNVN-R,2020-01,NOK,278.4,0.049378062570674564,4.9378
SCHA.OL,G4GNVN-R,2020-02,NOK,237.2,-0.1479885057471264,-14.7988
SCHA.OL,G4GNVN-R,2020-03,NOK,198.75,-0.16209949409780766,-16.2099
SCHA.OL,G4GNVN-R,2020-04,NOK,217.4,0.09383647798742145,9.38364
SCHA.OL,G4GNVN-R,2020-05,NOK,241.0,0.10855565777368903,10.8556
SCHA.OL,G4GNVN-R,2020-06,NOK,250.8,0.04066390041493784,4.0664
SCHA.OL,G4GNVN-R,2020-07,NOK,330.9,0.31937799043062176,31.9378
SCHA.OL,G4GNVN-R,2020-08,NOK,380.4,0.14959202175883957,14.9592
SCHA.OL,G4GNVN-R,2020-09,NOK,413.5,0.08701366982124092,8.70137
SCHA.OL,G4GNVN-R,2020-10,NOK,389.2,-0.05876662636033858,-5.87666
SCHA.OL,G4GNVN-R,2020-11,NOK,363.9,-0.065005138746146,-6.50052
SCHA.OL,G4GNVN-R,2020-12,NOK,366.3,0.0065952184666118185,0.659525
SCHA.OL,G4GNVN-R,2021-01,NOK,323.8,-0.116025116025116,-11.6025
SCHA.OL,G4GNVN-R,2021-02,NOK,350.7,0.08307597282272994,8.3076
SCHA.OL,G4GNVN-R,2021-03,NOK,359.0,0.02366695181066447,2.36669
SCHA.OL,G4GNVN-R,2021-04,NOK,419.4,0.16824512534818936,16.8245
SCHA.OL,G4GNVN-R,2021-05,NOK,408.0,-0.027181688125894055,-2.2413
SCHA.OL,G4GNVN-R,2021-06,NOK,415.6,0.018627450980392313,1.86275
SCHA.OL,G4GNVN-R,2021-07,NOK,468.4,0.12704523580365734,12.7045
SCHA.OL,G4GNVN-R,2021-08,NOK,464.0,-0.009393680614859012,-0.939369
SCHA.OL,G4GNVN-R,2021-09,NOK,416.2,-0.10301724137931034,-10.3017
SCHA.OL,G4GNVN-R,2021-10,NOK,435.7,0.04685247477174426,4.68525
SCHA.OL,G4GNVN-R,2021-11,NOK,404.3,-0.07206793665366074,-7.2068
SCHA.OL,G4GNVN-R,2021-12,NOK,340.1,-0.15879297551323268,-15.8793
SCHA.OL,G4GNVN-R,2022-01,NOK,261.5,-0.23110849750073514,-23.1108
SCHA.OL,G4GNVN-R,2022-02,NOK,253.2,-0.031739961759082225,-3.174
SCHA.OL,G4GNVN-R,2022-03,NOK,218.1,-0.13862559241706163,-13.8626
SCHA.OL,G4GNVN-R,2022-04,NOK,197.7,-0.09353507565337005,-9.35351
SCHA.OL,G4GNVN-R,2022-05,NOK,198.1,0.002023267577137,1.21397
SCHA.OL,G4GNVN-R,2022-06,NOK,175.9,-0.11206461383139821,-11.2065
SCHA.OL,G4GNVN-R,2022-07,NOK,180.9,0.02842524161455362,2.84252
SCHA.OL,G4GNVN-R,2022-08,NOK,182.8,0.010503040353786686,1.05031
SCHA.OL,G4GNVN-R,2022-09,NOK,147.8,-0.19146608315098468,-19.1466
SCHA.OL,G4GNVN-R,2022-10,NOK,160.1,0.08322056833558844,8.32206
SCHA.OL,G4GNVN-R,2022-11,NOK,186.2,0.16302311055590257,16.3023
SCHA.OL,G4GNVN-R,2022-12,NOK,185.5,-0.003759398496240518,-0.375938
SCHA.OL,G4GNVN-R,2023-01,NOK,217.0,0.16981132075471694,16.9811
SCHA.OL,G4GNVN-R,2023-02,NOK,211.4,-0.02580645161290318,-2.58065
SCHA.OL,G4GNVN-R,2023-03,NOK,176.8,-0.16367076631977295,-16.3671
FANUY,GB0DHY-R,2018-01,USD,27.003,,12.4141
FANUY,GB0DHY-R,2018-02,USD,25.594,-0.05217938747546569,-5.21794
FANUY,GB0DHY-R,2018-03,USD,24.984,-0.02383371102602172,-1.63575
FANUY,GB0DHY-R,2018-04,USD,21.531,-0.13820845341018262,-13.8208
FANUY,GB0DHY-R,2018-05,USD,21.418,-0.005248246714040228,-0.524831
FANUY,GB0DHY-R,2018-06,USD,19.866,-0.072462414791297,-7.24624
FANUY,GB0DHY-R,2018-07,USD,19.582,-0.014295781737642121,-1.42957
FANUY,GB0DHY-R,2018-08,USD,19.638,0.0028597691757736854,0.285971
FANUY,GB0DHY-R,2018-09,USD,18.858,-0.03971891231286284,-1.59195
FANUY,GB0DHY-R,2018-10,USD,17.487,-0.07270124085268859,-7.27013
FANUY,GB0DHY-R,2018-11,USD,17.076,-0.023503173786241116,-2.35031
FANUY,GB0DHY-R,2018-12,USD,15.194,-0.11021316467556808,-11.0213
FANUY,GB0DHY-R,2019-01,USD,16.87,0.110306700013163,11.0307
FANUY,GB0DHY-R,2019-02,USD,16.565,-0.018079430942501418,-1.80795
FANUY,GB0DHY-R,2019-03,USD,17.057,0.029701177180802674,4.59822
FANUY,GB0DHY-R,2019-04,USD,18.653,0.09356862285278766,9.35687
FANUY,GB0DHY-R,2019-05,USD,17.016,-0.08776068192784003,-8.77606
FANUY,GB0DHY-R,2019-06,USD,18.498,0.08709449929478152,8.70944
FANUY,GB0DHY-R,2019-07,USD,17.988,-0.02757054816736948,-2.75705
FANUY,GB0DHY-R,2019-08,USD,17.387,-0.03341116299755387,-3.34113
FANUY,GB0DHY-R,2019-09,USD,18.82,0.08241789842986136,8.71149
FANUY,GB0DHY-R,2019-10,USD,19.981,0.06168969181721584,6.16897
FANUY,GB0DHY-R,2019-11,USD,19.09,-0.04459236274460743,-4.45924
FANUY,GB0DHY-R,2019-12,USD,18.707,-0.02006286013619696,-2.00628
FANUY,GB0DHY-R,2020-01,USD,18.748,0.0021916929491634374,0.219166
FANUY,GB0DHY-R,2020-02,USD,16.66,-0.11137187966716455,-11.1372
FANUY,GB0DHY-R,2020-03,USD,13.575,-0.1851740696278512,-17.8152
FANUY,GB0DHY-R,2020-04,USD,16.674,0.22828729281767957,22.8287
FANUY,GB0DHY-R,2020-05,USD,17.835,0.0696293630802447,6.96293
FANUY,GB0DHY-R,2020-06,USD,17.852,0.0009531819456125579,0.0953197
FANUY,GB0DHY-R,2020-07,USD,16.746,-0.06195384270669957,-6.19538
FANUY,GB0DHY-R,2020-08,USD,17.544,0.047653170906485354,4.76532
FANUY,GB0DHY-R,2020-09,USD,19.066,0.08675330597355213,9.00462
FANUY,GB0DHY-R,2020-10,USD,21.092,0.10626245672925627,10.6262
FANUY,GB0DHY-R,2020-11,USD,24.325,0.15328086478285607,15.3281
FANUY,GB0DHY-R,2020-12,USD,24.563,0.009784172661870594,0.97841
FANUY,GB0DHY-R,2021-01,USD,26.138,0.06412083214591058,6.41209
FANUY,GB0DHY-R,2021-02,USD,24.723,-0.054135741066646315,-5.41358
FANUY,GB0DHY-R,2021-03,USD,23.697,-0.04149981798325442,-3.59951
FANUY,GB0DHY-R,2021-04,USD,23.032,-0.028062623960838917,-2.80626
FANUY,GB0DHY-R,2021-05,USD,24.106,0.04663077457450515,4.66309
FANUY,GB0DHY-R,2021-06,USD,24.142,0.0014934041317513636,0.149333
FANUY,GB0DHY-R,2021-07,USD,22.214,-0.07986082346118806,-7.98608
FANUY,GB0DHY-R,2021-08,USD,21.837,-0.016971279373368064,-1.69713
FANUY,GB0DHY-R,2021-09,USD,22.017,0.008242890506937828,1.53161
FANUY,GB0DHY-R,2021-10,USD,19.566,-0.11132306853794793,-11.1323
FANUY,GB0DHY-R,2021-11,USD,19.591,0.0012777266687111766,0.127769
FANUY,GB0DHY-R,2021-12,USD,21.172,0.08070032157623386,8.07004
FANUY,GB0DHY-R,2022-01,USD,19.492,-0.07935008501794827,-7.93501
FANUY,GB0DHY-R,2022-02,USD,18.368,-0.05766468294685012,-5.76647
FANUY,GB0DHY-R,2022-03,USD,17.833,-0.029126742160278773,-2.21496
FANUY,GB0DHY-R,2022-04,USD,15.564,-0.12723602310323545,-12.7236
FANUY,GB0DHY-R,2022-05,USD,16.406,0.054099203289642794,5.40992
FANUY,GB0DHY-R,2022-06,USD,15.634,-0.047055955138363914,-4.7056
FANUY,GB0DHY-R,2022-07,USD,17.078,0.09236279902776001,9.23628
FANUY,GB0DHY-R,2022-08,USD,16.256,-0.048132099777491444,-4.8132
FANUY,GB0DHY-R,2022-09,USD,13.997,-0.13896407480314965,-13.0514
FANUY,GB0DHY-R,2022-10,USD,13.207,-0.056440665856969274,-5.64407
FANUY,GB0DHY-R,2022-11,USD,14.594,0.10502006511698325,10.502
FANUY,GB0DHY-R,2022-12,USD,15.033,0.03008085514595038,3.00809
FANUY,GB0DHY-R,2023-01,USD,17.613,0.17162243065256444,17.1623
FANUY,GB0DHY-R,2023-02,USD,17.01,-0.034236075625957985,-3.42361
FANUY,GB0DHY-R,2023-03,USD,17.95,0.055261610817166185,6.31058
6840.T,GDGB62-R,2018-01,JPY,317.0,,2.92208
6840.T,GDGB62-R,2018-02,JPY,286.0,-0.09779179810725547,-9.77918
6840.T,GDGB62-R,2018-03,JPY,270.0,-0.05594405594405594,-5.59441
6840.T,GDGB62-R,2018-04,JPY,266.0,-0.014814814814814836,-1.48148
6840.T,GDGB62-R,2018-05,JPY,245.0,-0.07894736842105265,-7.89474
6840.T,GDGB62-R,2018-06,JPY,192.0,-0.21632653061224494,-21.6327
6840.T,GDGB62-R,2018-07,JPY,210.0,0.09375,9.375
6840.T,GDGB62-R,2018-08,JPY,204.0,-0.02857142857142858,-2.85714
6840.T,GDGB62-R,2018-09,JPY,188.0,-0.07843137254901966,-7.84314
6840.T,GDGB62-R,2018-10,JPY,190.0,0.010638297872340496,1.06384
6840.T,GDGB62-R,2018-11,JPY,157.5,-0.17105263157894735,-17.1053
6840.T,GDGB62-R,2018-12,JPY,115.0,-0.2698412698412699,-26.9841
6840.T,GDGB62-R,2019-01,JPY,197.3,0.7156521739130435,71.5652
6840.T,GDGB62-R,2019-02,JPY,280.5,0.42169285352255437,42.1693
6840.T,GDGB62-R,2019-03,JPY,261.7,-0.06702317290552584,-6.70232
6840.T,GDGB62-R,2019-04,JPY,270.7,0.03439052350019112,3.43906
6840.T,GDGB62-R,2019-05,JPY,376.0,0.38899150350942,38.8991
6840.T,GDGB62-R,2019-06,JPY,338.0,-0.10106382978723405,-10.1064
6840.T,GDGB62-R,2019-07,JPY,318.5,-0.05769230769230771,-5.76923
6840.T,GDGB62-R,2019-08,JPY,296.4,-0.06938775510204087,-6.93878
6840.T,GDGB62-R,2019-09,JPY,310.0,0.045883940620782715,4.5884
6840.T,GDGB62-R,2019-10,JPY,340.0,0.09677419354838701,9.67742
6840.T,GDGB62-R,2019-11,JPY,693.0,1.038235294117647,103.824
6840.T,GDGB62-R,2019-12,JPY,795.0,0.1471861471861471,14.7186
6840.T,GDGB62-R,2020-01,JPY,596.0,-0.2503144654088051,-25.0314
6840.T,GDGB62-R,2020-02,JPY,456.0,-0.2348993288590604,-23.4899
6840.T,GDGB62-R,2020-03,JPY,404.0,-0.11403508771929827,-11.4035
6840.T,GDGB62-R,2020-04,JPY,495.5,0.22648514851485158,22.6485
6840.T,GDGB62-R,2020-05,JPY,585.0,0.18062563067608473,18.0626
6840.T,GDGB62-R,2020-06,JPY,483.5,-0.17350427350427355,-17.3504
6840.T,GDGB62-R,2020-07,JPY,453.5,-0.062047569803516,-6.20475
6840.T,GDGB62-R,2020-08,JPY,478.0,0.05402425578831305,5.40242
6840.T,GDGB62-R,2020-09,JPY,519.0,0.08577405857740583,8.57741
6840.T,GDGB62-R,2020-10,JPY,450.5,-0.13198458574181116,-13.1985
6840.T,GDGB62-R,2020-11,JPY,417.0,-0.074361820199778,-7.43618
6840.T,GDGB62-R,2020-12,JPY,428.0,0.026378896882494063,2.63789
6840.T,GDGB62-R,2021-01,JPY,692.0,0.6168224299065421,61.6822
6840.T,GDGB62-R,2021-02,JPY,697.0,0.007225433526011571,0.722539
6840.T,GDGB62-R,2021-03,JPY,729.0,0.045911047345767564,4.59111
6840.T,GDGB62-R,2021-04,JPY,685.0,-0.060356652949245526,-6.03567
6840.T,GDGB62-R,2021-05,JPY,573.0,-0.1635036496350365,-16.3504
6840.T,GDGB62-R,2021-06,JPY,631.0,0.10122164048865612,10.1222
6840.T,GDGB62-R,2021-07,JPY,598.0,-0.05229793977812991,-5.2298
6840.T,GDGB62-R,2021-08,JPY,677.0,0.13210702341137126,13.2107
6840.T,GDGB62-R,2021-09,JPY,703.0,0.03840472673559825,3.84047
6840.T,GDGB62-R,2021-10,JPY,608.0,-0.1351351351351351,-13.5135
6840.T,GDGB62-R,2021-11,JPY,511.0,-0.1595394736842105,-15.9539
6840.T,GDGB62-R,2021-12,JPY,575.0,0.12524461839530332,12.5245
6840.T,GDGB62-R,2022-01,JPY,417.0,-0.2747826086956522,-27.4783
6840.T,GDGB62-R,2022-02,JPY,400.0,-0.04076738609112707,-4.07674
6840.T,GDGB62-R,2022-03,JPY,502.0,0.2549999999999999,25.5
6840.T,GDGB62-R,2022-04,JPY,386.0,-0.2310756972111554,-23.1076
6840.T,GDGB62-R,2022-05,JPY,336.0,-0.1295336787564767,-12.9534
6840.T,GDGB62-R,2022-06,JPY,312.0,-0.0714285714285714,-7.14286
6840.T,GDGB62-R,2022-07,JPY,315.0,0.009615384615384581,0.961542
6840.T,GDGB62-R,2022-08,JPY,372.0,0.18095238095238098,18.0952
6840.T,GDGB62-R,2022-09,JPY,334.0,-0.10215053763440862,-10.2151
6840.T,GDGB62-R,2022-10,JPY,335.0,0.0029940119760478723,0.299406
6840.T,GDGB62-R,2022-11,JPY,497.0,0.4835820895522389,48.3582
6840.T,GDGB62-R,2022-12,JPY,399.0,-0.19718309859154926,-19.7183
6840.T,GDGB62-R,2023-01,JPY,418.0,0.04761904761904767,4.76191
6840.T,GDGB62-R,2023-02,JPY,560.0,0.3397129186602872,33.9713
6840.T,GDGB62-R,2023-03,JPY,537.0,-0.04107142857142854,-4.10714
4921.T,GFG621-R,2018-01,JPY,1717.5,,3.15316
4921.T,GFG621-R,2018-02,JPY,1925.0,0.12081513828238721,12.0815
4921.T,GFG621-R,2018-03,JPY,1947.5,0.011688311688311748,1.61039
4921.T,GFG621-R,2018-04,JPY,2150.0,0.10397946084723997,10.3979
4921.T,GFG621-R,2018-05,JPY,2515.0,0.1697674418604651,16.9767
4921.T,GFG621-R,2018-06,JPY,2775.0,0.1033797216699801,10.338
4921.T,GFG621-R,2018-07,JPY,2925.0,0.054054054054053946,5.4054
4921.T,GFG621-R,2018-08,JPY,2855.0,-0.023931623931623958,-2.39316
4921.T,GFG621-R,2018-09,JPY,2790.0,-0.02276707530647981,-1.75132
4921.T,GFG621-R,2018-10,JPY,2495.0,-0.10573476702508966,-10.5735
4921.T,GFG621-R,2018-11,JPY,2962.0,0.1871743486973947,18.7174
4921.T,GFG621-R,2018-12,JPY,2807.0,-0.05232950708980422,-5.23295
4921.T,GFG621-R,2019-01,JPY,2354.0,-0.16138225863911648,-16.1382
4921.T,GFG621-R,2019-02,JPY,2525.0,0.07264231096006801,7.26423
4921.T,GFG621-R,2019-03,JPY,2860.0,0.13267326732673257,13.8614
4921.T,GFG621-R,2019-04,JPY,3300.0,0.15384615384615374,15.3846
4921.T,GFG621-R,2019-05,JPY,2936.0,-0.11030303030303035,-11.0303
4921.T,GFG621-R,2019-06,JPY,2650.0,-0.09741144414168934,-9.74114
4921.T,GFG621-R,2019-07,JPY,2752.0,0.03849056603773593,3.84905
4921.T,GFG621-R,2019-08,JPY,2580.0,-0.0625,-6.25
4921.T,GFG621-R,2019-09,JPY,2873.0,0.11356589147286811,12.0155
4921.T,GFG621-R,2019-10,JPY,3075.0,0.07030978071702054,7.03098
4921.T,GFG621-R,2019-11,JPY,2922.0,-0.049756097560975654,-4.97561
4921.T,GFG621-R,2019-12,JPY,2912.0,-0.003422313483915085,-0.342232
4921.T,GFG621-R,2020-01,JPY,2892.0,-0.006868131868131844,-0.686812
4921.T,GFG621-R,2020-02,JPY,2658.0,-0.08091286307053946,-8.09129
4921.T,GFG621-R,2020-03,JPY,2427.0,-0.08690744920993232,-8.05117
4921.T,GFG621-R,2020-04,JPY,2596.0,0.06963329213020186,6.96332
4921.T,GFG621-R,2020-05,JPY,3060.0,0.17873651771956856,17.8737
4921.T,GFG621-R,2020-06,JPY,3195.0,0.044117647058823595,4.41177
4921.T,GFG621-R,2020-07,JPY,3030.0,-0.05164319248826288,-5.16432
4921.T,GFG621-R,2020-08,JPY,3465.0,0.14356435643564347,14.3564
4921.T,GFG621-R,2020-09,JPY,3425.0,-0.011544011544011523,-0.663781
4921.T,GFG621-R,2020-10,JPY,3280.0,-0.04233576642335768,-4.23358
4921.T,GFG621-R,2020-11,JPY,4235.0,0.29115853658536595,29.1159
4921.T,GFG621-R,2020-12,JPY,4115.0,-0.02833530106257376,-2.83353
4921.T,GFG621-R,2021-01,JPY,3845.0,-0.06561360874848121,-6.56136
4921.T,GFG621-R,2021-02,JPY,3795.0,-0.013003901170351106,-1.30039
4921.T,GFG621-R,2021-03,JPY,3735.0,-0.015810276679841917,-1.13307
4921.T,GFG621-R,2021-04,JPY,3570.0,-0.04417670682730923,-4.41767
4921.T,GFG621-R,2021-05,JPY,3450.0,-0.03361344537815125,-3.36134
4921.T,GFG621-R,2021-06,JPY,3600.0,0.04347826086956519,4.34783
4921.T,GFG621-R,2021-07,JPY,3470.0,-0.036111111111111094,-3.61111
4921.T,GFG621-R,2021-08,JPY,3725.0,0.07348703170028825,7.3487
4921.T,GFG621-R,2021-09,JPY,3705.0,-0.005369127516778538,-0.0805378
4921.T,GFG621-R,2021-10,JPY,3440.0,-0.07152496626180838,-7.1525
4921.T,GFG621-R,2021-11,JPY,3425.0,-0.0043604651162790775,-0.436044
4921.T,GFG621-R,2021-12,JPY,3430.0,0.0014598540145984717,0.145984
4921.T,GFG621-R,2022-01,JPY,2907.0,-0.15247813411078714,-15.2478
4921.T,GFG621-R,2022-02,JPY,3245.0,0.11627106983144131,11.6271
4921.T,GFG621-R,2022-03,JPY,2734.0,-0.15747303543913715,-15.2234
4921.T,GFG621-R,2022-04,JPY,2500.0,-0.08558888076079008,-8.55889
4921.T,GFG621-R,2022-05,JPY,2173.0,-0.13080000000000003,-13.08
4921.T,GFG621-R,2022-06,JPY,2482.0,0.14219972388403135,14.22
4921.T,GFG621-R,2022-07,JPY,2529.0,0.018936341659951728,1.89364
4921.T,GFG621-R,2022-08,JPY,2830.0,0.11901937524713335,11.9019
4921.T,GFG621-R,2022-09,JPY,2876.0,0.016254416961130724,2.22615
4921.T,GFG621-R,2022-10,JPY,2821.0,-0.019123783031988917,-1.91238
4921.T,GFG621-R,2022-11,JPY,2566.0,-0.09039347749025173,-9.03935
4921.T,GFG621-R,2022-12,JPY,2688.0,0.04754481683554168,4.75448
4921.T,GFG621-R,2023-01,JPY,2629.0,-0.021949404761904767,-2.19494
4921.T,GFG621-R,2023-02,JPY,2524.0,-0.03993914035755042,-3.99392
4921.T,GFG621-R,2023-03,JPY,2433.0,-0.03605388272583199,-2.93186
MRX.DE,GGGVQ0-R,2018-01,EUR,,,
MRX.DE,GGGVQ0-R,2018-02,EUR,,,
MRX.DE,GGGVQ0-R,2018-03,EUR,,,
MRX.DE,GGGVQ0-R,2018-04,EUR,,,
MRX.DE,GGGVQ0-R,2018-05,EUR,,,
MRX.DE,GGGVQ0-R,2018-06,EUR,,,
MRX.DE,GGGVQ0-R,2018-07,EUR,,,
MRX.DE,GGGVQ0-R,2018-08,EUR,,,
MRX.DE,GGGVQ0-R,2018-09,EUR,,,
MRX.DE,GGGVQ0-R,2018-10,EUR,,,
MRX.DE,GGGVQ0-R,2018-11,EUR,,,
MRX.DE,GGGVQ0-R,2018-12,EUR,,,
MRX.DE,GGGVQ0-R,2019-01,EUR,,,
MRX.DE,GGGVQ0-R,2019-02,EUR,,,
MRX.DE,GGGVQ0-R,2019-03,EUR,,,
MRX.DE,GGGVQ0-R,2019-04,EUR,,,
MRX.DE,GGGVQ0-R,2019-05,EUR,,,
MRX.DE,GGGVQ0-R,2019-06,EUR,,,
MRX.DE,GGGVQ0-R,2019-07,EUR,,,
MRX.DE,GGGVQ0-R,2019-08,EUR,,,
MRX.DE,GGGVQ0-R,2019-09,EUR,,,
MRX.DE,GGGVQ0-R,2019-10,EUR,,,
MRX.DE,GGGVQ0-R,2019-11,EUR,,,
MRX.DE,GGGVQ0-R,2019-12,EUR,,,
MRX.DE,GGGVQ0-R,2020-01,EUR,,,
MRX.DE,GGGVQ0-R,2020-02,EUR,,,
MRX.DE,GGGVQ0-R,2020-03,EUR,,,
MRX.DE,GGGVQ0-R,2020-04,EUR,,,
MRX.DE,GGGVQ0-R,2020-05,EUR,,,
MRX.DE,GGGVQ0-R,2020-06,EUR,,,
MRX.DE,GGGVQ0-R,2020-07,EUR,,,
MRX.DE,GGGVQ0-R,2020-08,EUR,,,
MRX.DE,GGGVQ0-R,2020-09,EUR,,,
MRX.DE,GGGVQ0-R,2020-10,EUR,,,
MRX.DE,GGGVQ0-R,2020-11,EUR,,,
MRX.DE,GGGVQ0-R,2020-12,EUR,,,
MRX.DE,GGGVQ0-R,2021-01,EUR,,,
MRX.DE,GGGVQ0-R,2021-02,EUR,,,
MRX.DE,GGGVQ0-R,2021-03,EUR,,,
MRX.DE,GGGVQ0-R,2021-04,EUR,,,
MRX.DE,GGGVQ0-R,2021-05,EUR,,,
MRX.DE,GGGVQ0-R,2021-06,EUR,25.0,,
MRX.DE,GGGVQ0-R,2021-07,EUR,25.0,0.0,0.0
MRX.DE,GGGVQ0-R,2021-08,EUR,24.4,-0.02400000000000002,-2.4
MRX.DE,GGGVQ0-R,2021-09,EUR,19.41,-0.20450819672131137,-20.4508
MRX.DE,GGGVQ0-R,2021-10,EUR,19.25,-0.008243173621844457,-0.824314
MRX.DE,GGGVQ0-R,2021-11,EUR,12.4,-0.35584415584415585,-35.5844
MRX.DE,GGGVQ0-R,2021-12,EUR,11.26,-0.09193548387096784,-9.19355
MRX.DE,GGGVQ0-R,2022-01,EUR,10.28,-0.08703374777975137,-8.70338
MRX.DE,GGGVQ0-R,2022-02,EUR,10.0,-0.027237354085603016,-2.72374
MRX.DE,GGGVQ0-R,2022-03,EUR,8.7,-0.13000000000000012,-13.0
MRX.DE,GGGVQ0-R,2022-04,EUR,6.76,-0.22298850574712636,-22.2989
MRX.DE,GGGVQ0-R,2022-05,EUR,5.28,-0.21893491124260345,-21.8935
MRX.DE,GGGVQ0-R,2022-06,EUR,5.6,0.06060606060606055,6.0606
MRX.DE,GGGVQ0-R,2022-07,EUR,4.8,-0.1428571428571428,-14.2857
MRX.DE,GGGVQ0-R,2022-08,EUR,4.24,-0.11666666666666659,-11.6667
MRX.DE,GGGVQ0-R,2022-09,EUR,2.84,-0.33018867924528306,-33.0189
MRX.DE,GGGVQ0-R,2022-10,EUR,3.18,0.11971830985915499,11.9718
MRX.DE,GGGVQ0-R,2022-11,EUR,4.355,0.3694968553459119,36.9497
MRX.DE,GGGVQ0-R,2022-12,EUR,4.025,-0.07577497129735933,-7.5775
MRX.DE,GGGVQ0-R,2023-01,EUR,4.065,0.009937888198757738,0.993788
MRX.DE,GGGVQ0-R,2023-02,EUR,4.005,-0.014760147601476148,-1.47601
MRX.DE,GGGVQ0-R,2023-03,EUR,3.96,-0.011235955056179803,-1.1236
ASML,GL3H8G-R,2018-01,USD,202.96,,16.7645
ASML,GL3H8G-R,2018-02,USD,195.39,-0.03729798975167531,-3.7298
ASML,GL3H8G-R,2018-03,USD,198.56,0.016223962331746833,1.62239
ASML,GL3H8G-R,2018-04,USD,188.45,-0.05091659951651906,-4.36807
ASML,GL3H8G-R,2018-05,USD,196.65,0.04351286813478383,4.35128
ASML,GL3H8G-R,2018-06,USD,197.97,0.006712433257055617,0.671244
ASML,GL3H8G-R,2018-07,USD,214.0,0.08097186442390258,8.09718
ASML,GL3H8G-R,2018-08,USD,205.05,-0.04182242990654206,-4.18224
ASML,GL3H8G-R,2018-09,USD,188.02,-0.08305291392343328,-8.30529
ASML,GL3H8G-R,2018-10,USD,172.36,-0.08328901180725456,-8.3289
ASML,GL3H8G-R,2018-11,USD,171.35,-0.005859828266419287,-0.585979
ASML,GL3H8G-R,2018-12,USD,155.62,-0.09180040852057192,-9.18005
ASML,GL3H8G-R,2019-01,USD,175.03,0.12472689885618804,12.4727
ASML,GL3H8G-R,2019-02,USD,182.87,0.044792321316345696,4.47923
ASML,GL3H8G-R,2019-03,USD,188.05,0.028326133318751,2.83262
ASML,GL3H8G-R,2019-04,USD,208.82,0.11044934857750577,12.1043
ASML,GL3H8G-R,2019-05,USD,188.05,-0.09946365290680959,-9.94636
ASML,GL3H8G-R,2019-06,USD,207.93,0.10571656474341928,10.5716
ASML,GL3H8G-R,2019-07,USD,222.81,0.07156254508728899,7.15625
ASML,GL3H8G-R,2019-08,USD,222.61,-0.0008976257798123388,-0.0897586
ASML,GL3H8G-R,2019-09,USD,248.42,0.11594268002335917,11.5943
ASML,GL3H8G-R,2019-10,USD,261.97,0.05454472264713006,5.45447
ASML,GL3H8G-R,2019-11,USD,270.62,0.033019047982593364,3.68143
ASML,GL3H8G-R,2019-12,USD,295.94,0.09356292956913759,9.3563
ASML,GL3H8G-R,2020-01,USD,280.66,-0.05163208758532123,-5.16321
ASML,GL3H8G-R,2020-02,USD,276.71,-0.014073968502814949,-1.4074
ASML,GL3H8G-R,2020-03,USD,261.64,-0.05446134942719816,-5.44612
ASML,GL3H8G-R,2020-04,USD,288.43,0.10239260051979837,10.7128
ASML,GL3H8G-R,2020-05,USD,329.51,0.14242623860208714,14.2426
ASML,GL3H8G-R,2020-06,USD,368.03,0.11690085278140261,11.6901
ASML,GL3H8G-R,2020-07,USD,353.72,-0.0388826997799091,-3.88827
ASML,GL3H8G-R,2020-08,USD,374.18,0.05784236118964148,5.78424
ASML,GL3H8G-R,2020-09,USD,369.27,-0.013122026832006028,-1.3122
ASML,GL3H8G-R,2020-10,USD,361.21,-0.021826847564113017,-2.18269
ASML,GL3H8G-R,2020-11,USD,437.73,0.21184352592674638,21.5128
ASML,GL3H8G-R,2020-12,USD,487.72,0.11420281908939311,11.4203
ASML,GL3H8G-R,2021-01,USD,534.16,0.09521856803083728,9.52185
ASML,GL3H8G-R,2021-02,USD,567.09,0.061648195297289377,6.16483
ASML,GL3H8G-R,2021-03,USD,617.36,0.08864554127210855,8.86455
ASML,GL3H8G-R,2021-04,USD,648.1,0.04979266554360495,4.97926
ASML,GL3H8G-R,2021-05,USD,675.47,0.04223113717018978,4.46832
ASML,GL3H8G-R,2021-06,USD,690.84,0.022754526477859915,2.27547
ASML,GL3H8G-R,2021-07,USD,766.74,0.10986624978287307,10.9866
ASML,GL3H8G-R,2021-08,USD,833.04,0.08646998982706,8.647
ASML,GL3H8G-R,2021-09,USD,745.11,-0.10555315471045801,-10.5553
ASML,GL3H8G-R,2021-10,USD,812.88,0.09095301364899133,9.0953
ASML,GL3H8G-R,2021-11,USD,791.51,-0.02628924318472592,-2.41097
ASML,GL3H8G-R,2021-12,USD,796.14,0.005849578653459808,0.58496
ASML,GL3H8G-R,2022-01,USD,677.2,-0.1493958349034089,-14.9396
ASML,GL3H8G-R,2022-02,USD,666.51,-0.015785587714116978,-1.57856
ASML,GL3H8G-R,2022-03,USD,667.93,0.002130500667656854,0.213051
ASML,GL3H8G-R,2022-04,USD,563.77,-0.15594448520054494,-15.5944
ASML,GL3H8G-R,2022-05,USD,576.29,0.022207637866505703,2.80845
ASML,GL3H8G-R,2022-06,USD,475.88,-0.17423519408631072,-17.4235
ASML,GL3H8G-R,2022-07,USD,574.44,0.20711103639573025,20.7111
ASML,GL3H8G-R,2022-08,USD,489.94,-0.14709978413759495,-14.5034
ASML,GL3H8G-R,2022-09,USD,415.35,-0.15224313181205862,-15.2243
ASML,GL3H8G-R,2022-10,USD,472.42,0.13740219092331762,13.7402
ASML,GL3H8G-R,2022-11,USD,608.12,0.28724440116845185,28.9655
ASML,GL3H8G-R,2022-12,USD,546.4,-0.1014931263566402,-10.1493
ASML,GL3H8G-R,2023-01,USD,660.84,0.20944363103953156,20.9444
ASML,GL3H8G-R,2023-02,USD,617.73,-0.06523515525694568,-6.33419
ASML,GL3H8G-R,2023-03,USD,680.71,0.10195392809156112,10.1954
ASM.AS,GM7H09-R,2018-01,EUR,57.96,,2.82065
ASM.AS,GM7H09-R,2018-02,EUR,58.92,0.016563146997929712,1.65632
ASM.AS,GM7H09-R,2018-03,EUR,59.26,0.0057705363204343385,0.577056
ASM.AS,GM7H09-R,2018-04,EUR,49.7,-0.16132298346270668,-16.1323
ASM.AS,GM7H09-R,2018-05,EUR,49.83,0.002615694164989746,1.87123
ASM.AS,GM7H09-R,2018-06,EUR,47.36,-0.04956853301224162,-4.95685
ASM.AS,GM7H09-R,2018-07,EUR,49.44,0.04391891891891886,4.39189
ASM.AS,GM7H09-R,2018-08,EUR,46.42,-0.06108414239482196,-6.10842
ASM.AS,GM7H09-R,2018-09,EUR,44.59,-0.03942266264541139,-3.94226
ASM.AS,GM7H09-R,2018-10,EUR,37.99,-0.14801525005606642,-14.8015
ASM.AS,GM7H09-R,2018-11,EUR,37.59,-0.010529086601737236,-1.05291
ASM.AS,GM7H09-R,2018-12,EUR,36.2,-0.03697791965948394,-3.69779
ASM.AS,GM7H09-R,2019-01,EUR,42.45,0.17265193370165743,17.2652
ASM.AS,GM7H09-R,2019-02,EUR,47.94,0.1293286219081271,12.9329
ASM.AS,GM7H09-R,2019-03,EUR,48.3,0.007509386733416834,0.750935
ASM.AS,GM7H09-R,2019-04,EUR,60.56,0.25383022774327135,25.383
ASM.AS,GM7H09-R,2019-05,EUR,52.38,-0.13507265521796563,-11.856
ASM.AS,GM7H09-R,2019-06,EUR,57.26,0.0931653302787323,9.31653
ASM.AS,GM7H09-R,2019-07,EUR,74.02,0.2926999650716031,29.27
ASM.AS,GM7H09-R,2019-08,EUR,76.44,0.032693866522561565,3.2694
ASM.AS,GM7H09-R,2019-09,EUR,84.48,0.10518053375196246,10.5181
ASM.AS,GM7H09-R,2019-10,EUR,90.06,0.06605113636363624,6.6051
ASM.AS,GM7H09-R,2019-11,EUR,100.95,0.12091938707528316,13.2023
ASM.AS,GM7H09-R,2019-12,EUR,100.15,-0.007924715205547272,-0.792468
ASM.AS,GM7H09-R,2020-01,EUR,110.05,0.09885172241637541,9.88517
ASM.AS,GM7H09-R,2020-02,EUR,104.95,-0.046342571558382506,-4.63426
ASM.AS,GM7H09-R,2020-03,EUR,91.34,-0.12968080038113383,-12.9681
ASM.AS,GM7H09-R,2020-04,EUR,100.45,0.09973724545653595,9.97373
ASM.AS,GM7H09-R,2020-05,EUR,104.55,0.04081632653061229,4.5794
ASM.AS,GM7H09-R,2020-06,EUR,137.55,0.31563845050215233,31.5638
ASM.AS,GM7H09-R,2020-07,EUR,127.95,-0.0697928026172302,-6.97929
ASM.AS,GM7H09-R,2020-08,EUR,126.1,-0.014458772958186872,-1.44588
ASM.AS,GM7H09-R,2020-09,EUR,122.35,-0.029738302934179228,-2.97383
ASM.AS,GM7H09-R,2020-10,EUR,122.8,0.003677973028197723,0.367796
ASM.AS,GM7H09-R,2020-11,EUR,148.15,0.20643322475570036,20.6433
ASM.AS,GM7H09-R,2020-12,EUR,179.95,0.21464731690853855,21.4647
ASM.AS,GM7H09-R,2021-01,EUR,211.2,0.17365934981939435,17.3659
ASM.AS,GM7H09-R,2021-02,EUR,223.6,0.058712121212121327,5.87121
ASM.AS,GM7H09-R,2021-03,EUR,248.0,0.10912343470482999,10.9123
ASM.AS,GM7H09-R,2021-04,EUR,252.9,0.019758064516129048,1.9758
ASM.AS,GM7H09-R,2021-05,EUR,257.2,0.01700276789244759,2.4911
ASM.AS,GM7H09-R,2021-06,EUR,277.0,0.07698289269051317,7.69829
ASM.AS,GM7H09-R,2021-07,EUR,298.9,0.07906137184115525,7.90614
ASM.AS,GM7H09-R,2021-08,EUR,328.6,0.09936433589829385,9.93644
ASM.AS,GM7H09-R,2021-09,EUR,338.2,0.02921485088253184,2.92149
ASM.AS,GM7H09-R,2021-10,EUR,391.4,0.1573033707865168,15.7303
ASM.AS,GM7H09-R,2021-11,EUR,396.8,0.013796627491057922,1.37966
ASM.AS,GM7H09-R,2021-12,EUR,388.7,-0.02041330645161299,-2.04132
ASM.AS,GM7H09-R,2022-01,EUR,302.0,-0.22305119629534342,-22.3051
ASM.AS,GM7H09-R,2022-02,EUR,288.2,-0.045695364238410585,-4.56953
ASM.AS,GM7H09-R,2022-03,EUR,332.1,0.15232477446217918,15.2325
ASM.AS,GM7H09-R,2022-04,EUR,289.9,-0.12707015959048495,-12.707
ASM.AS,GM7H09-R,2022-05,EUR,289.35,-0.0018972059330801816,0.67265
ASM.AS,GM7H09-R,2022-06,EUR,238.6,-0.17539312251598416,-17.5393
ASM.AS,GM7H09-R,2022-07,EUR,298.1,0.24937133277451817,24.9371
ASM.AS,GM7H09-R,2022-08,EUR,271.1,-0.09057363300905741,-9.05736
ASM.AS,GM7H09-R,2022-09,EUR,233.75,-0.13777203983769837,-13.7772
ASM.AS,GM7H09-R,2022-10,EUR,224.8,-0.03828877005347586,-3.82888
ASM.AS,GM7H09-R,2022-11,EUR,259.0,0.1521352313167259,15.2135
ASM.AS,GM7H09-R,2022-12,EUR,235.65,-0.09015444015444019,-9.01545
ASM.AS,GM7H09-R,2023-01,EUR,308.2,0.3078718438361976,30.7872
ASM.AS,GM7H09-R,2023-02,EUR,323.0,0.0480207657365348,4.80207
ASM.AS,GM7H09-R,2023-03,EUR,371.9,0.15139318885448905,15.1393
FUTR.L,GM88J1-R,2018-01,GBP,3.34322,,-8.60465
FUTR.L,GM88J1-R,2018-02,GBP,3.3177,-0.007633359455853972,-0.763363
FUTR.L,GM88J1-R,2018-03,GBP,3.27516,-0.01282213581698155,-1.28205
FUTR.L,GM88J1-R,2018-04,GBP,3.78558,0.15584582127285374,15.5844
FUTR.L,GM88J1-R,2018-05,GBP,4.24495,0.12134732326354225,12.1348
FUTR.L,GM88J1-R,2018-06,GBP,4.45762,0.050099530029800166,5.01002
FUTR.L,GM88J1-R,2018-07,GBP,4.25345,-0.04580246858188908,-4.58015
FUTR.L,GM88J1-R,2018-08,GBP,4.245,-0.0019866226239875218,-0.198787
FUTR.L,GM88J1-R,2018-09,GBP,4.82,0.1354534746760896,13.5454
FUTR.L,GM88J1-R,2018-10,GBP,4.35,-0.0975103734439835,-9.75104
FUTR.L,GM88J1-R,2018-11,GBP,5.76,0.32413793103448274,32.4138
FUTR.L,GM88J1-R,2018-12,GBP,4.78,-0.17013888888888884,-17.0139
FUTR.L,GM88J1-R,2019-01,GBP,5.38,0.12552301255230125,12.6569
FUTR.L,GM88J1-R,2019-02,GBP,6.86,0.275092936802974,27.5093
FUTR.L,GM88J1-R,2019-03,GBP,7.54,0.0991253644314869,9.91254
FUTR.L,GM88J1-R,2019-04,GBP,8.46,0.1220159151193636,12.2016
FUTR.L,GM88J1-R,2019-05,GBP,11.16,0.31914893617021267,31.9149
FUTR.L,GM88J1-R,2019-06,GBP,9.69,-0.131720430107527,-13.172
FUTR.L,GM88J1-R,2019-07,GBP,11.3,0.16615067079463386,16.6151
FUTR.L,GM88J1-R,2019-08,GBP,11.86,0.04955752212389375,4.95574
FUTR.L,GM88J1-R,2019-09,GBP,12.26,0.033726812816188945,3.37268
FUTR.L,GM88J1-R,2019-10,GBP,15.14,0.234910277324633,23.491
FUTR.L,GM88J1-R,2019-11,GBP,13.22,-0.12681638044914134,-12.6816
FUTR.L,GM88J1-R,2019-12,GBP,14.5,0.09682299546142215,9.6823
FUTR.L,GM88J1-R,2020-01,GBP,12.8,-0.11724137931034473,-11.6552
FUTR.L,GM88J1-R,2020-02,GBP,11.56,-0.09687500000000004,-9.6875
FUTR.L,GM88J1-R,2020-03,GBP,10.0,-0.13494809688581322,-13.4948
FUTR.L,GM88J1-R,2020-04,GBP,10.32,0.03200000000000003,3.19999
FUTR.L,GM88J1-R,2020-05,GBP,13.8,0.33720930232558133,33.7209
FUTR.L,GM88J1-R,2020-06,GBP,12.76,-0.07536231884057976,-7.53623
FUTR.L,GM88J1-R,2020-07,GBP,13.8,0.08150470219435735,8.15047
FUTR.L,GM88J1-R,2020-08,GBP,14.86,0.0768115942028984,7.68116
FUTR.L,GM88J1-R,2020-09,GBP,19.42,0.30686406460296123,30.6864
FUTR.L,GM88J1-R,2020-10,GBP,19.84,0.02162718846549949,2.16272
FUTR.L,GM88J1-R,2020-11,GBP,16.88,-0.14919354838709686,-14.9194
FUTR.L,GM88J1-R,2020-12,GBP,17.38,0.029620853080568832,2.96209
FUTR.L,GM88J1-R,2021-01,GBP,17.38,0.0,0.0920653
FUTR.L,GM88J1-R,2021-02,GBP,19.5,0.12197928653624857,12.1979
FUTR.L,GM88J1-R,2021-03,GBP,19.14,-0.018461538461538418,-1.84616
FUTR.L,GM88J1-R,2021-04,GBP,23.6,0.23301985370950895,23.302
FUTR.L,GM88J1-R,2021-05,GBP,28.38,0.2025423728813558,20.2542
FUTR.L,GM88J1-R,2021-06,GBP,31.32,0.10359408033826645,10.3594
FUTR.L,GM88J1-R,2021-07,GBP,34.5,0.1015325670498084,10.1533
FUTR.L,GM88J1-R,2021-08,GBP,38.5,0.11594202898550732,11.5942
FUTR.L,GM88J1-R,2021-09,GBP,36.9,-0.04155844155844157,-4.15584
FUTR.L,GM88J1-R,2021-10,GBP,35.28,-0.04390243902439017,-4.39025
FUTR.L,GM88J1-R,2021-11,GBP,35.84,0.01587301587301604,1.58731
FUTR.L,GM88J1-R,2021-12,GBP,38.3,0.06863839285714257,6.86383
FUTR.L,GM88J1-R,2022-01,GBP,31.42,-0.1796344647519581,-17.8903
FUTR.L,GM88J1-R,2022-02,GBP,26.56,-0.15467854869509878,-15.4679
FUTR.L,GM88J1-R,2022-03,GBP,26.02,-0.02033132530120474,-2.03313
FUTR.L,GM88J1-R,2022-04,GBP,22.18,-0.14757878554957726,-14.7579
FUTR.L,GM88J1-R,2022-05,GBP,19.8,-0.1073038773669972,-10.7304
FUTR.L,GM88J1-R,2022-06,GBP,17.23,-0.1297979797979798,-12.9798
FUTR.L,GM88J1-R,2022-07,GBP,18.28,0.06094022054556003,6.09403
FUTR.L,GM88J1-R,2022-08,GBP,15.56,-0.14879649890590807,-14.8796
FUTR.L,GM88J1-R,2022-09,GBP,13.2,-0.1516709511568124,-15.1671
FUTR.L,GM88J1-R,2022-10,GBP,12.18,-0.07727272727272727,-7.72727
FUTR.L,GM88J1-R,2022-11,GBP,14.05,0.1535303776683088,15.353
FUTR.L,GM88J1-R,2022-12,GBP,12.67,-0.09822064056939506,-9.82206
FUTR.L,GM88J1-R,2023-01,GBP,15.05,0.18784530386740328,19.0529
FUTR.L,GM88J1-R,2023-02,GBP,14.02,-0.06843853820598012,-6.84385
FUTR.L,GM88J1-R,2023-03,GBP,11.59,-0.17332382310984307,-17.3324
MC.PA,GQH86W-R,2018-01,EUR,252.6,,2.93399
MC.PA,GQH86W-R,2018-02,EUR,246.5,-0.024148851939825744,-2.41489
MC.PA,GQH86W-R,2018-03,EUR,250.2,0.015010141987829462,1.50101
MC.PA,GQH86W-R,2018-04,EUR,289.3,0.15627498001598727,16.9864
MC.PA,GQH86W-R,2018-05,EUR,297.05,0.02678880055305921,2.67888
MC.PA,GQH86W-R,2018-06,EUR,285.2,-0.03989227402794149,-3.98922
MC.PA,GQH86W-R,2018-07,EUR,298.85,0.04786115007012626,4.78611
MC.PA,GQH86W-R,2018-08,EUR,301.85,0.010038480843232334,1.00385
MC.PA,GQH86W-R,2018-09,EUR,304.6,0.009110485340400931,0.911045
MC.PA,GQH86W-R,2018-10,EUR,268.8,-0.11753118844386079,-11.7531
MC.PA,GQH86W-R,2018-11,EUR,252.55,-0.06045386904761907,-6.04538
MC.PA,GQH86W-R,2018-12,EUR,258.2,0.022371807562858725,3.02911
MC.PA,GQH86W-R,2019-01,EUR,279.75,0.08346243222308303,8.34624
MC.PA,GQH86W-R,2019-02,EUR,302.0,0.07953529937444137,7.95352
MC.PA,GQH86W-R,2019-03,EUR,327.9,0.08576158940397338,8.57616
MC.PA,GQH86W-R,2019-04,EUR,349.05,0.06450137236962505,7.67002
MC.PA,GQH86W-R,2019-05,EUR,338.6,-0.029938404240080208,-2.99383
MC.PA,GQH86W-R,2019-06,EUR,374.3,0.10543414057885414,10.5434
MC.PA,GQH86W-R,2019-07,EUR,375.3,0.0026716537536735085,0.26716
MC.PA,GQH86W-R,2019-08,EUR,362.4,-0.03437250199840136,-3.43725
MC.PA,GQH86W-R,2019-09,EUR,364.65,0.006208609271523224,0.620866
MC.PA,GQH86W-R,2019-10,EUR,382.5,0.04895104895104896,4.8951
MC.PA,GQH86W-R,2019-11,EUR,407.3,0.06483660130718949,6.48366
MC.PA,GQH86W-R,2019-12,EUR,414.2,0.01694082985514367,2.23423
MC.PA,GQH86W-R,2020-01,EUR,395.3,-0.04563013037180097,-4.56302
MC.PA,GQH86W-R,2020-02,EUR,370.85,-0.06185175815836075,-6.18517
MC.PA,GQH86W-R,2020-03,EUR,338.45,-0.08736685991640836,-8.73668
MC.PA,GQH86W-R,2020-04,EUR,352.45,0.04136504653567741,4.1365
MC.PA,GQH86W-R,2020-05,EUR,375.0,0.06398070648318921,6.39807
MC.PA,GQH86W-R,2020-06,EUR,390.5,0.041333333333333444,4.13333
MC.PA,GQH86W-R,2020-07,EUR,366.75,-0.0608194622279129,-5.41613
MC.PA,GQH86W-R,2020-08,EUR,392.8,0.07102931152010905,7.10293
MC.PA,GQH86W-R,2020-09,EUR,399.4,0.016802443991853266,1.68024
MC.PA,GQH86W-R,2020-10,EUR,402.3,0.007260891337005582,0.726092
MC.PA,GQH86W-R,2020-11,EUR,482.9,0.2003479990057171,20.0348
MC.PA,GQH86W-R,2020-12,EUR,510.9,0.057983019258645685,6.21247
MC.PA,GQH86W-R,2021-01,EUR,498.3,-0.024662360540223083,-2.46624
MC.PA,GQH86W-R,2021-02,EUR,525.0,0.05358217940999399,5.35822
MC.PA,GQH86W-R,2021-03,EUR,568.1,0.08209523809523822,8.20952
MC.PA,GQH86W-R,2021-04,EUR,626.2,0.10227072698468587,10.9312
MC.PA,GQH86W-R,2021-05,EUR,652.0,0.041200894282976686,4.12009
MC.PA,GQH86W-R,2021-06,EUR,661.3,0.014263803680981457,1.42637
MC.PA,GQH86W-R,2021-07,EUR,673.9,0.019053379706638562,1.90535
MC.PA,GQH86W-R,2021-08,EUR,626.8,-0.0698916753227482,-6.98918
MC.PA,GQH86W-R,2021-09,EUR,620.1,-0.010689215060625257,-1.06893
MC.PA,GQH86W-R,2021-10,EUR,677.2,0.09208192227060152,9.2082
MC.PA,GQH86W-R,2021-11,EUR,686.6,0.013880685174246787,1.83107
MC.PA,GQH86W-R,2021-12,EUR,727.0,0.05884066414214972,5.88408
MC.PA,GQH86W-R,2022-01,EUR,722.6,-0.006052269601100391,-0.605232
MC.PA,GQH86W-R,2022-02,EUR,659.9,-0.08676999723221701,-8.67699
MC.PA,GQH86W-R,2022-03,EUR,649.4,-0.015911501742688294,-1.59115
MC.PA,GQH86W-R,2022-04,EUR,619.5,-0.04604250076994143,-3.52634
MC.PA,GQH86W-R,2022-05,EUR,597.2,-0.035996771589991816,-3.59967
MC.PA,GQH86W-R,2022-06,EUR,581.7,-0.025954454119223036,-2.59544
MC.PA,GQH86W-R,2022-07,EUR,675.0,0.16039195461578126,16.0392
MC.PA,GQH86W-R,2022-08,EUR,647.5,-0.040740740740740744,-4.07407
MC.PA,GQH86W-R,2022-09,EUR,610.4,-0.05729729729729738,-5.72973
MC.PA,GQH86W-R,2022-10,EUR,639.0,0.0468545216251639,4.68545
MC.PA,GQH86W-R,2022-11,EUR,737.3,0.15383411580594664,15.3834
MC.PA,GQH86W-R,2022-12,EUR,679.9,-0.07785162077851615,-7.10701
MC.PA,GQH86W-R,2023-01,EUR,800.0,0.17664362406236211,17.6644
MC.PA,GQH86W-R,2023-02,EUR,789.0,-0.01375000000000004,-1.375
MC.PA,GQH86W-R,2023-03,EUR,844.4,0.07021546261089995,7.02155
BZUN,GXXP1J-R,2018-01,USD,38.95,,23.4157
BZUN,GXXP1J-R,2018-02,USD,35.16,-0.09730423620025686,-9.73043
BZUN,GXXP1J-R,2018-03,USD,45.88,0.30489192263936316,30.4892
BZUN,GXXP1J-R,2018-04,USD,45.99,0.0023975588491718103,0.239754
BZUN,GXXP1J-R,2018-05,USD,61.31,0.33311589475973036,33.3116
BZUN,GXXP1J-R,2018-06,USD,54.7,-0.1078127548523895,-10.7813
BZUN,GXXP1J-R,2018-07,USD,57.85,0.05758683729433267,5.75868
BZUN,GXXP1J-R,2018-08,USD,53.39,-0.07709593777009505,-7.70959
BZUN,GXXP1J-R,2018-09,USD,48.58,-0.09009177748642072,-9.00917
BZUN,GXXP1J-R,2018-10,USD,39.81,-0.1805269658295594,-18.0527
BZUN,GXXP1J-R,2018-11,USD,35.27,-0.11404169806581255,-11.4042
BZUN,GXXP1J-R,2018-12,USD,29.21,-0.17181740856251781,-17.1817
BZUN,GXXP1J-R,2019-01,USD,35.8,0.2256076686066415,22.5608
BZUN,GXXP1J-R,2019-02,USD,37.45,0.04608938547486052,4.60894
BZUN,GXXP1J-R,2019-03,USD,41.54,0.10921228304405872,10.9212
BZUN,GXXP1J-R,2019-04,USD,48.5,0.16754935002407323,16.7549
BZUN,GXXP1J-R,2019-05,USD,39.23,-0.19113402061855678,-19.1134
BZUN,GXXP1J-R,2019-06,USD,49.86,0.2709660973744583,27.0966
BZUN,GXXP1J-R,2019-07,USD,49.61,-0.0050140393100681635,-0.501406
BZUN,GXXP1J-R,2019-08,USD,45.76,-0.07760532150776056,-7.76054
BZUN,GXXP1J-R,2019-09,USD,42.7,-0.06687062937062926,-6.68706
BZUN,GXXP1J-R,2019-10,USD,43.52,0.019203747072599642,1.92038
BZUN,GXXP1J-R,2019-11,USD,37.97,-0.1275275735294119,-12.7528
BZUN,GXXP1J-R,2019-12,USD,33.12,-0.12773242033184096,-12.7732
BZUN,GXXP1J-R,2020-01,USD,30.11,-0.0908816425120772,-9.08816
BZUN,GXXP1J-R,2020-02,USD,31.72,0.053470607771504364,5.34706
BZUN,GXXP1J-R,2020-03,USD,27.94,-0.11916771752837318,-11.9168
BZUN,GXXP1J-R,2020-04,USD,31.84,0.13958482462419464,13.9585
BZUN,GXXP1J-R,2020-05,USD,26.49,-0.1680276381909548,-16.8028
BZUN,GXXP1J-R,2020-06,USD,38.45,0.45149112872782204,45.1491
BZUN,GXXP1J-R,2020-07,USD,42.06,0.09388816644993492,9.38882
BZUN,GXXP1J-R,2020-08,USD,41.44,-0.014740846409890707,-1.47409
BZUN,GXXP1J-R,2020-09,USD,32.49,-0.21597490347490333,-21.5975
BZUN,GXXP1J-R,2020-10,USD,36.59,0.1261926746691291,12.6193
BZUN,GXXP1J-R,2020-11,USD,37.16,0.015578026783273913,1.5578
BZUN,GXXP1J-R,2020-12,USD,34.35,-0.07561894510226042,-7.5619
BZUN,GXXP1J-R,2021-01,USD,40.99,0.19330422125181945,19.3304
BZUN,GXXP1J-R,2021-02,USD,45.93,0.12051719931690652,12.0517
BZUN,GXXP1J-R,2021-03,USD,38.14,-0.16960592205530156,-16.9606
BZUN,GXXP1J-R,2021-04,USD,34.71,-0.0899318300996329,-8.99319
BZUN,GXXP1J-R,2021-05,USD,34.69,-0.0005762028233938787,-0.0576198
BZUN,GXXP1J-R,2021-06,USD,35.44,0.021620063418852586,2.162
BZUN,GXXP1J-R,2021-07,USD,24.72,-0.3024830699774266,-30.2483
BZUN,GXXP1J-R,2021-08,USD,24.08,-0.02588996763754048,-2.58899
BZUN,GXXP1J-R,2021-09,USD,17.53,-0.2720099667774085,-27.201
BZUN,GXXP1J-R,2021-10,USD,17.3,-0.01312036508841985,-1.31205
BZUN,GXXP1J-R,2021-11,USD,13.79,-0.20289017341040472,-20.289
BZUN,GXXP1J-R,2021-12,USD,13.9,0.007976794778825402,0.797677
BZUN,GXXP1J-R,2022-01,USD,13.26,-0.04604316546762599,-4.60431
BZUN,GXXP1J-R,2022-02,USD,10.53,-0.20588235294117652,-20.5882
BZUN,GXXP1J-R,2022-03,USD,8.58,-0.18518518518518512,-18.5185
BZUN,GXXP1J-R,2022-04,USD,7.64,-0.10955710955710962,-10.9557
BZUN,GXXP1J-R,2022-05,USD,9.02,0.18062827225130884,18.0628
BZUN,GXXP1J-R,2022-06,USD,10.94,0.21286031042128606,21.286
BZUN,GXXP1J-R,2022-07,USD,8.7,-0.20475319926873858,-20.4753
BZUN,GXXP1J-R,2022-08,USD,8.5,-0.02298850574712641,-2.29885
BZUN,GXXP1J-R,2022-09,USD,6.28,-0.26117647058823523,-26.1176
BZUN,GXXP1J-R,2022-10,USD,3.94,-0.3726114649681529,-37.2611
BZUN,GXXP1J-R,2022-11,USD,4.34,0.10152284263959399,10.1523
BZUN,GXXP1J-R,2022-12,USD,5.3,0.22119815668202758,22.1198
BZUN,GXXP1J-R,2023-01,USD,7.61,0.4358490566037736,43.5849
BZUN,GXXP1J-R,2023-02,USD,6.29,-0.17345597897503284,-17.3456
BZUN,GXXP1J-R,2023-03,USD,6.02,-0.04292527821939596,-4.29253
MDW.PA,H7LN62-R,2018-01,EUR,13.0,,32.6531
MDW.PA,H7LN62-R,2018-02,EUR,12.7,-0.023076923076923106,-2.3077
MDW.PA,H7LN62-R,2018-03,EUR,12.85,0.011811023622047223,1.1811
MDW.PA,H7LN62-R,2018-04,EUR,12.6,-0.01945525291828798,-1.94553
MDW.PA,H7LN62-R,2018-05,EUR,13.55,0.07539682539682557,7.53968
MDW.PA,H7LN62-R,2018-06,EUR,14.25,0.05166051660516602,5.16605
MDW.PA,H7LN62-R,2018-07,EUR,13.95,-0.021052631578947434,-2.10527
MDW.PA,H7LN62-R,2018-08,EUR,14.15,0.01433691756272415,1.43369
MDW.PA,H7LN62-R,2018-09,EUR,13.8,-0.02473498233215543,-2.47349
MDW.PA,H7LN62-R,2018-10,EUR,12.1,-0.12318840579710155,-12.3188
MDW.PA,H7LN62-R,2018-11,EUR,12.1,0.0,0.0
MDW.PA,H7LN62-R,2018-12,EUR,11.0,-0.09090909090909083,-9.09091
MDW.PA,H7LN62-R,2019-01,EUR,12.1,0.09999999999999987,10.0
MDW.PA,H7LN62-R,2019-02,EUR,11.75,-0.02892561983471076,-2.89257
MDW.PA,H7LN62-R,2019-03,EUR,11.15,-0.051063829787234005,-5.10638
MDW.PA,H7LN62-R,2019-04,EUR,11.9,0.06726457399103136,6.72646
MDW.PA,H7LN62-R,2019-05,EUR,11.96,0.005042016806722671,0.504208
MDW.PA,H7LN62-R,2019-06,EUR,11.42,-0.045150501672240884,-4.51505
MDW.PA,H7LN62-R,2019-07,EUR,10.28,-0.09982486865148865,-9.98249
MDW.PA,H7LN62-R,2019-08,EUR,10.0,-0.027237354085603016,-2.72374
MDW.PA,H7LN62-R,2019-09,EUR,10.0,0.0,0.0
MDW.PA,H7LN62-R,2019-10,EUR,9.58,-0.04200000000000004,-4.2
MDW.PA,H7LN62-R,2019-11,EUR,9.76,0.018789144050104456,1.87892
MDW.PA,H7LN62-R,2019-12,EUR,10.44,0.069672131147541,6.96721
MDW.PA,H7LN62-R,2020-01,EUR,10.5,0.005747126436781658,0.57472
MDW.PA,H7LN62-R,2020-02,EUR,9.18,-0.12571428571428578,-12.5714
MDW.PA,H7LN62-R,2020-03,EUR,7.1,-0.2265795206971678,-22.658
MDW.PA,H7LN62-R,2020-04,EUR,8.12,0.14366197183098595,14.3662
MDW.PA,H7LN62-R,2020-05,EUR,8.8,0.08374384236453225,8.37439
MDW.PA,H7LN62-R,2020-06,EUR,11.96,0.3590909090909091,35.9091
MDW.PA,H7LN62-R,2020-07,EUR,11.94,-0.0016722408026756952,-0.167227
MDW.PA,H7LN62-R,2020-08,EUR,11.94,0.0,0.0
MDW.PA,H7LN62-R,2020-09,EUR,11.94,0.0,0.0
MDW.PA,H7LN62-R,2020-10,EUR,11.5,-0.0368509212730318,-3.68509
MDW.PA,H7LN62-R,2020-11,EUR,11.5,0.0,
MDW.PA,H7LN62-R,2020-12,EUR,11.5,0.0,
MDW.PA,H7LN62-R,2021-01,EUR,,,
MDW.PA,H7LN62-R,2021-02,EUR,,,
MDW.PA,H7LN62-R,2021-03,EUR,,,
MDW.PA,H7LN62-R,2021-04,EUR,,,
MDW.PA,H7LN62-R,2021-05,EUR,,,
MDW.PA,H7LN62-R,2021-06,EUR,,,
MDW.PA,H7LN62-R,2021-07,EUR,,,
MDW.PA,H7LN62-R,2021-08,EUR,,,
MDW.PA,H7LN62-R,2021-09,EUR,,,
MDW.PA,H7LN62-R,2021-10,EUR,,,
MDW.PA,H7LN62-R,2021-11,EUR,,,
MDW.PA,H7LN62-R,2021-12,EUR,,,
MDW.PA,H7LN62-R,2022-01,EUR,,,
MDW.PA,H7LN62-R,2022-02,EUR,,,
MDW.PA,H7LN62-R,2022-03,EUR,,,
MDW.PA,H7LN62-R,2022-04,EUR,,,
MDW.PA,H7LN62-R,2022-05,EUR,,,
MDW.PA,H7LN62-R,2022-06,EUR,,,
MDW.PA,H7LN62-R,2022-07,EUR,,,
MDW.PA,H7LN62-R,2022-08,EUR,,,
MDW.PA,H7LN62-R,2022-09,EUR,,,
MDW.PA,H7LN62-R,2022-10,EUR,,,
MDW.PA,H7LN62-R,2022-11,EUR,,,
MDW.PA,H7LN62-R,2022-12,EUR,,,
MDW.PA,H7LN62-R,2023-01,EUR,,,
MDW.PA,H7LN62-R,2023-02,EUR,,,
MDW.PA,H7LN62-R,2023-03,EUR,,,
AGL.MI,HD34QG-R,2018-01,EUR,9.9158,,-2.52174
AGL.MI,HD34QG-R,2018-02,EUR,9.10201,-0.08207002964965016,-8.20696
AGL.MI,HD34QG-R,2018-03,EUR,9.24354,0.015549312734220111,1.55489
AGL.MI,HD34QG-R,2018-04,EUR,9.37622,0.014353808173059202,1.43541
AGL.MI,HD34QG-R,2018-05,EUR,9.39391,0.0018866878123593445,0.188673
AGL.MI,HD34QG-R,2018-06,EUR,9.40276,0.0009420997220539462,1.88321
AGL.MI,HD34QG-R,2018-07,EUR,8.27054,-0.1204135806933283,-12.0414
AGL.MI,HD34QG-R,2018-08,EUR,8.00075,-0.032620602765962126,-3.26203
AGL.MI,HD34QG-R,2018-09,EUR,7.78846,-0.02653376245976946,-2.6534
AGL.MI,HD34QG-R,2018-10,EUR,7.69116,-0.012492841973894664,-1.24929
AGL.MI,HD34QG-R,2018-11,EUR,7.37714,-0.040828691640792836,-4.0828
AGL.MI,HD34QG-R,2018-12,EUR,6.51028,-0.1175062422564842,-11.7506
AGL.MI,HD34QG-R,2019-01,EUR,6.94371,0.06657624556854702,6.65761
AGL.MI,HD34QG-R,2019-02,EUR,6.67835,-0.03821588171164991,-3.82165
AGL.MI,HD34QG-R,2019-03,EUR,7.58501,0.13576107870956133,13.5762
AGL.MI,HD34QG-R,2019-04,EUR,7.66462,0.010495701389978462,1.04957
AGL.MI,HD34QG-R,2019-05,EUR,8.0494,0.05020209742948767,5.0202
AGL.MI,HD34QG-R,2019-06,EUR,8.15112,0.01263696673043957,3.46155
AGL.MI,HD34QG-R,2019-07,EUR,8.4386,0.03526877288029118,3.52685
AGL.MI,HD34QG-R,2019-08,EUR,7.74423,-0.08228497618088304,-8.22852
AGL.MI,HD34QG-R,2019-09,EUR,7.85922,0.014848474283434276,1.48487
AGL.MI,HD34QG-R,2019-10,EUR,7.83269,-0.0033756530546287244,-0.337648
AGL.MI,HD34QG-R,2019-11,EUR,8.58013,0.09542570943060436,9.54263
AGL.MI,HD34QG-R,2019-12,EUR,8.25285,-0.03814394420597356,-3.81444
AGL.MI,HD34QG-R,2020-01,EUR,7.7575,-0.06002168947696862,-6.00214
AGL.MI,HD34QG-R,2020-02,EUR,6.45721,-0.16761714469867872,-16.7617
AGL.MI,HD34QG-R,2020-03,EUR,3.75757,-0.41808149340040046,-41.8082
AGL.MI,HD34QG-R,2020-04,EUR,4.17154,0.11016960429213563,11.017
AGL.MI,HD34QG-R,2020-05,EUR,4.47582,0.07294188716876726,7.29432
AGL.MI,HD34QG-R,2020-06,EUR,4.13792,-0.07549454625074281,-7.54941
AGL.MI,HD34QG-R,2020-07,EUR,3.56473,-0.13852128605676284,-13.8521
AGL.MI,HD34QG-R,2020-08,EUR,3.79472,0.06451821035534255,6.45162
AGL.MI,HD34QG-R,2020-09,EUR,3.41436,-0.10023400936037441,-10.0233
AGL.MI,HD34QG-R,2020-10,EUR,2.84471,-0.1668394662542907,-16.6839
AGL.MI,HD34QG-R,2020-11,EUR,4.59081,0.6138059767076434,61.3806
AGL.MI,HD34QG-R,2020-12,EUR,4.83849,0.05395126350251922,5.395
AGL.MI,HD34QG-R,2021-01,EUR,3.87079,-0.2000004133520995,-20.0
AGL.MI,HD34QG-R,2021-02,EUR,4.73234,0.22257730334117842,22.2578
AGL.MI,HD34QG-R,2021-03,EUR,6.23607,0.3177561206506718,31.7757
AGL.MI,HD34QG-R,2021-04,EUR,6.08924,-0.023545277714971058,-2.35461
AGL.MI,HD34QG-R,2021-05,EUR,6.36345,0.04503189232153759,4.50319
AGL.MI,HD34QG-R,2021-06,EUR,6.18,-0.028828701411970026,-2.88284
AGL.MI,HD34QG-R,2021-07,EUR,5.92,-0.04207119741100318,-4.20712
AGL.MI,HD34QG-R,2021-08,EUR,6.35,0.07263513513513509,7.26351
AGL.MI,HD34QG-R,2021-09,EUR,7.042,0.10897637795275594,10.8976
AGL.MI,HD34QG-R,2021-10,EUR,6.776,-0.03777335984095431,-3.77733
AGL.MI,HD34QG-R,2021-11,EUR,5.744,-0.15230224321133412,-15.2302
AGL.MI,HD34QG-R,2021-12,EUR,6.246,0.08739554317548759,8.73955
AGL.MI,HD34QG-R,2022-01,EUR,6.634,0.0621197566442524,6.21197
AGL.MI,HD34QG-R,2022-02,EUR,6.788,0.023213747362074155,2.32137
AGL.MI,HD34QG-R,2022-03,EUR,6.134,-0.09634649381261051,-9.63466
AGL.MI,HD34QG-R,2022-04,EUR,7.116,0.16009129442451897,16.0091
AGL.MI,HD34QG-R,2022-05,EUR,6.998,-0.016582349634626126,-1.65824
AGL.MI,HD34QG-R,2022-06,EUR,6.336,-0.0945984567019148,-9.45985
AGL.MI,HD34QG-R,2022-07,EUR,6.356,0.0031565656565655242,0.315654
AGL.MI,HD34QG-R,2022-08,EUR,6.552,0.03083700440528636,3.08371
AGL.MI,HD34QG-R,2022-09,EUR,6.312,-0.0366300366300365,-3.66301
AGL.MI,HD34QG-R,2022-10,EUR,6.33,0.002851711026615966,0.285172
AGL.MI,HD34QG-R,2022-11,EUR,6.44,0.01737756714060046,1.73776
AGL.MI,HD34QG-R,2022-12,EUR,6.462,0.0034161490683228823,0.341618
AGL.MI,HD34QG-R,2023-01,EUR,6.696,0.0362116991643453,3.62117
AGL.MI,HD34QG-R,2023-02,EUR,6.716,0.0029868578255676237,0.298691
AGL.MI,HD34QG-R,2023-03,EUR,6.6,-0.01727218582489587,-1.72722
CAPC.L,J2R4L9-R,2018-01,GBP,2.95,,-7.72599
CAPC.L,J2R4L9-R,2018-02,GBP,2.66,-0.09830508474576272,-9.8305
CAPC.L,J2R4L9-R,2018-03,GBP,2.72,0.022556390977443552,2.25564
CAPC.L,J2R4L9-R,2018-04,GBP,2.883,0.05992647058823519,6.36029
CAPC.L,J2R4L9-R,2018-05,GBP,3.043,0.055497745404093024,5.54978
CAPC.L,J2R4L9-R,2018-06,GBP,2.873,-0.05586592178770944,-5.58659
CAPC.L,J2R4L9-R,2018-07,GBP,2.754,-0.04142011834319537,-4.14201
CAPC.L,J2R4L9-R,2018-08,GBP,2.585,-0.061365286855482926,-5.95497
CAPC.L,J2R4L9-R,2018-09,GBP,2.663,0.030174081237910988,3.01741
CAPC.L,J2R4L9-R,2018-10,GBP,2.503,-0.06008261359369127,-6.00826
CAPC.L,J2R4L9-R,2018-11,GBP,2.541,0.015181781861765886,1.51818
CAPC.L,J2R4L9-R,2018-12,GBP,2.311,-0.09051554506099957,-9.05154
CAPC.L,J2R4L9-R,2019-01,GBP,2.494,0.07918649935093036,7.91864
CAPC.L,J2R4L9-R,2019-02,GBP,2.557,0.02526062550120267,2.52606
CAPC.L,J2R4L9-R,2019-03,GBP,2.406,-0.05905357841220171,-5.90536
CAPC.L,J2R4L9-R,2019-04,GBP,2.421,0.006234413965087171,1.03908
CAPC.L,J2R4L9-R,2019-05,GBP,2.176,-0.10119785212721999,-10.1198
CAPC.L,J2R4L9-R,2019-06,GBP,2.166,-0.004595588235294268,-0.45957
CAPC.L,J2R4L9-R,2019-07,GBP,1.981,-0.0854108956602031,-8.54109
CAPC.L,J2R4L9-R,2019-08,GBP,2.048,0.03382130237253911,3.63454
CAPC.L,J2R4L9-R,2019-09,GBP,2.352,0.1484375,14.8438
CAPC.L,J2R4L9-R,2019-10,GBP,2.55,0.08418367346938771,8.41837
CAPC.L,J2R4L9-R,2019-11,GBP,2.424,-0.049411764705882266,-4.94117
CAPC.L,J2R4L9-R,2019-12,GBP,2.617,0.07962046204620465,7.96205
CAPC.L,J2R4L9-R,2020-01,GBP,2.436,-0.06916316392816202,-6.91631
CAPC.L,J2R4L9-R,2020-02,GBP,1.98,-0.18719211822660098,-18.7192
CAPC.L,J2R4L9-R,2020-03,GBP,1.659,-0.1621212121212121,-16.2121
CAPC.L,J2R4L9-R,2020-04,GBP,1.663,0.0024110910186858625,0.843883
CAPC.L,J2R4L9-R,2020-05,GBP,1.635,-0.016837041491280846,-1.68371
CAPC.L,J2R4L9-R,2020-06,GBP,1.461,-0.10642201834862386,-10.6422
CAPC.L,J2R4L9-R,2020-07,GBP,1.399,-0.04243668720054761,-4.24367
CAPC.L,J2R4L9-R,2020-08,GBP,1.294,-0.07505360972122943,-7.50536
CAPC.L,J2R4L9-R,2020-09,GBP,1.119,-0.13523956723338493,-13.524
CAPC.L,J2R4L9-R,2020-10,GBP,1.046,-0.06523681858802499,-6.52368
CAPC.L,J2R4L9-R,2020-11,GBP,1.347,0.2877629063097513,28.7763
CAPC.L,J2R4L9-R,2020-12,GBP,1.45,0.07646622123236813,7.64662
CAPC.L,J2R4L9-R,2021-01,GBP,1.4,-0.034482758620689724,-3.44828
CAPC.L,J2R4L9-R,2021-02,GBP,1.697,0.2121428571428572,21.2143
CAPC.L,J2R4L9-R,2021-03,GBP,1.707,0.005892751915144379,0.589275
CAPC.L,J2R4L9-R,2021-04,GBP,1.818,0.06502636203866441,6.50263
CAPC.L,J2R4L9-R,2021-05,GBP,1.729,-0.0489548954895489,-4.89549
CAPC.L,J2R4L9-R,2021-06,GBP,1.613,-0.06709080393290923,-6.70908
CAPC.L,J2R4L9-R,2021-07,GBP,1.707,0.0582765034097954,5.82765
CAPC.L,J2R4L9-R,2021-08,GBP,1.738,0.018160515524311638,2.10897
CAPC.L,J2R4L9-R,2021-09,GBP,1.661,-0.044303797468354444,-4.43038
CAPC.L,J2R4L9-R,2021-10,GBP,1.65,-0.0066225165562914245,-0.662255
CAPC.L,J2R4L9-R,2021-11,GBP,1.621,-0.017575757575757578,-1.75757
CAPC.L,J2R4L9-R,2021-12,GBP,1.684,0.038864898210980936,3.88649
CAPC.L,J2R4L9-R,2022-01,GBP,1.713,0.017220902612826716,1.7221
CAPC.L,J2R4L9-R,2022-02,GBP,1.661,-0.030356100408639786,-3.03561
CAPC.L,J2R4L9-R,2022-03,GBP,1.751,0.05418422636965681,5.41842
CAPC.L,J2R4L9-R,2022-04,GBP,1.654,-0.05539691604797259,-5.53969
CAPC.L,J2R4L9-R,2022-05,GBP,1.625,-0.017533252720677073,-1.75333
CAPC.L,J2R4L9-R,2022-06,GBP,1.403,-0.13661538461538458,-13.0462
CAPC.L,J2R4L9-R,2022-07,GBP,1.487,0.059871703492516026,5.98717
CAPC.L,J2R4L9-R,2022-08,GBP,1.2,-0.19300605245460667,-18.7626
CAPC.L,J2R4L9-R,2022-09,GBP,1.063,-0.11416666666666664,-11.4167
CAPC.L,J2R4L9-R,2022-10,GBP,1.071,0.007525870178739513,0.752592
CAPC.L,J2R4L9-R,2022-11,GBP,1.015,-0.05228758169934644,-5.22876
CAPC.L,J2R4L9-R,2022-12,GBP,1.065,0.049261083743842304,4.92612
CAPC.L,J2R4L9-R,2023-01,GBP,1.15,0.07981220657277,7.98122
CAPC.L,J2R4L9-R,2023-02,GBP,1.264,0.09913043478260875,9.91305
CAPC.L,J2R4L9-R,2023-03,GBP,1.147,-0.09256329113924044,-7.9114
6146.T,J4TH5K-R,2018-01,JPY,8513.33,,1.87476
6146.T,J4TH5K-R,2018-02,JPY,8403.32,-0.012922088066596782,-1.2921
6146.T,J4TH5K-R,2018-03,JPY,7649.99,-0.08964671106181843,-7.98095
6146.T,J4TH5K-R,2018-04,JPY,6426.66,-0.1599126273367678,-15.9913
6146.T,J4TH5K-R,2018-05,JPY,6849.99,0.06587091895323538,6.58714
6146.T,J4TH5K-R,2018-06,JPY,6303.33,-0.07980449606495776,-7.98053
6146.T,J4TH5K-R,2018-07,JPY,6323.33,0.0031729260565447337,0.317287
6146.T,J4TH5K-R,2018-08,JPY,6626.66,0.047969977843952405,4.79705
6146.T,J4TH5K-R,2018-09,JPY,6339.99,-0.04326010388340429,-3.75252
6146.T,J4TH5K-R,2018-10,JPY,5989.99,-0.05520513439295649,-5.5205
6146.T,J4TH5K-R,2018-11,JPY,5516.66,-0.07902016530912404,-7.90206
6146.T,J4TH5K-R,2018-12,JPY,4283.33,-0.22356462062189808,-22.3565
6146.T,J4TH5K-R,2019-01,JPY,5359.99,0.2513605068953362,25.1362
6146.T,J4TH5K-R,2019-02,JPY,5113.33,-0.04601874257228089,-4.602
6146.T,J4TH5K-R,2019-03,JPY,5256.66,0.028030657125591274,4.15907
6146.T,J4TH5K-R,2019-04,JPY,6359.99,0.20989183245635057,20.9892
6146.T,J4TH5K-R,2019-05,JPY,5056.66,-0.2049264228402875,-20.4927
6146.T,J4TH5K-R,2019-06,JPY,5893.33,0.16545901840345212,16.5458
6146.T,J4TH5K-R,2019-07,JPY,6743.33,0.14423085080930487,14.4231
6146.T,J4TH5K-R,2019-08,JPY,6433.33,-0.04597135243270012,-4.59714
6146.T,J4TH5K-R,2019-09,JPY,6819.99,0.06010262181482995,6.48187
6146.T,J4TH5K-R,2019-10,JPY,7959.99,0.16715567031623224,16.7156
6146.T,J4TH5K-R,2019-11,JPY,7873.33,-0.010886948350437575,-1.08877
6146.T,J4TH5K-R,2019-12,JPY,8633.32,0.09652713654832201,9.65283
6146.T,J4TH5K-R,2020-01,JPY,8613.33,-0.0023154475914248795,-0.231647
6146.T,J4TH5K-R,2020-02,JPY,7293.33,-0.1532508333014061,-15.3251
6146.T,J4TH5K-R,2020-03,JPY,7119.99,-0.023766921282870834,-0.790679
6146.T,J4TH5K-R,2020-04,JPY,8116.66,0.13998193817687943,13.9981
6146.T,J4TH5K-R,2020-05,JPY,8019.99,-0.011910071384042209,-1.19097
6146.T,J4TH5K-R,2020-06,JPY,8696.66,0.0843729231582584,8.43723
6146.T,J4TH5K-R,2020-07,JPY,8389.99,-0.03526296302258569,-3.52625
6146.T,J4TH5K-R,2020-08,JPY,8243.33,-0.017480354565380885,-1.7481
6146.T,J4TH5K-R,2020-09,JPY,8469.99,0.027496169630476963,3.21875
6146.T,J4TH5K-R,2020-10,JPY,9343.32,0.10310874038812323,10.3109
6146.T,J4TH5K-R,2020-11,JPY,11083.3,0.18622716550433882,18.6229
6146.T,J4TH5K-R,2020-12,JPY,11583.3,0.04511291763283509,4.51127
6146.T,J4TH5K-R,2021-01,JPY,11350.0,-0.020141065154144266,-2.01439
6146.T,J4TH5K-R,2021-02,JPY,11133.3,-0.019092511013215963,-1.90895
6146.T,J4TH5K-R,2021-03,JPY,11583.3,0.0404192826924632,5.72156
6146.T,J4TH5K-R,2021-04,JPY,11800.0,0.018707967504942635,1.87051
6146.T,J4TH5K-R,2021-05,JPY,11200.0,-0.05084745762711862,-5.08474
6146.T,J4TH5K-R,2021-06,JPY,11316.7,0.01041964285714303,1.04166
6146.T,J4TH5K-R,2021-07,JPY,10383.3,-0.0824798748751846,-8.24742
6146.T,J4TH5K-R,2021-08,JPY,10683.3,0.028892548611713087,2.88924
6146.T,J4TH5K-R,2021-09,JPY,10450.0,-0.021837821646869315,-1.56319
6146.T,J4TH5K-R,2021-10,JPY,10200.0,-0.02392344497607657,-2.39234
6146.T,J4TH5K-R,2021-11,JPY,10866.7,0.06536274509803919,6.53595
6146.T,J4TH5K-R,2021-12,JPY,11716.7,0.07822061895515664,7.82208
6146.T,J4TH5K-R,2022-01,JPY,10366.7,-0.11522015584592926,-11.522
6146.T,J4TH5K-R,2022-02,JPY,10716.7,0.03376194931849086,3.3762
6146.T,J4TH5K-R,2022-03,JPY,11466.7,0.06998423022012368,8.89269
6146.T,J4TH5K-R,2022-04,JPY,10700.0,-0.06686317772332062,-6.68604
6146.T,J4TH5K-R,2022-05,JPY,11700.0,0.09345794392523366,9.34578
6146.T,J4TH5K-R,2022-06,JPY,10733.3,-0.08262393162393167,-8.26211
6146.T,J4TH5K-R,2022-07,JPY,10766.7,0.003111810906245127,0.310564
6146.T,J4TH5K-R,2022-08,JPY,11400.0,0.05882025133049118,5.88235
6146.T,J4TH5K-R,2022-09,JPY,10666.7,-0.06432456140350873,-5.60818
6146.T,J4TH5K-R,2022-10,JPY,11900.0,0.11562151368276963,11.5625
6146.T,J4TH5K-R,2022-11,JPY,13533.3,0.137252100840336,13.7255
6146.T,J4TH5K-R,2022-12,JPY,12583.3,-0.07019721723452521,-7.01971
6146.T,J4TH5K-R,2023-01,JPY,12900.0,0.02516827859146642,2.51656
6146.T,J4TH5K-R,2023-02,JPY,14233.3,0.10335658914728674,10.3359
6146.T,J4TH5K-R,2023-03,JPY,15300.0,0.07494396942381609,8.97902
SAX.DE,JCTTTN-R,2018-01,EUR,62.0,,0.649357
SAX.DE,JCTTTN-R,2018-02,EUR,58.5,-0.056451612903225756,-5.64516
SAX.DE,JCTTTN-R,2018-03,EUR,56.75,-0.02991452991452992,-2.99146
SAX.DE,JCTTTN-R,2018-04,EUR,60.75,0.07048458149779746,7.04846
SAX.DE,JCTTTN-R,2018-05,EUR,54.95,-0.09547325102880655,-7.40741
SAX.DE,JCTTTN-R,2018-06,EUR,51.85,-0.05641492265696091,-5.6415
SAX.DE,JCTTTN-R,2018-07,EUR,52.5,0.012536162005786,1.25362
SAX.DE,JCTTTN-R,2018-08,EUR,51.1,-0.026666666666666616,-2.66667
SAX.DE,JCTTTN-R,2018-09,EUR,49.24,-0.03639921722113504,-3.63991
SAX.DE,JCTTTN-R,2018-10,EUR,46.18,-0.06214459788789606,-6.21446
SAX.DE,JCTTTN-R,2018-11,EUR,46.14,-0.0008661758336941938,-0.0866175
SAX.DE,JCTTTN-R,2018-12,EUR,42.18,-0.08582574772431728,-8.58257
SAX.DE,JCTTTN-R,2019-01,EUR,48.88,0.1588430535798957,15.8843
SAX.DE,JCTTTN-R,2019-02,EUR,52.15,0.06689852700490984,6.68986
SAX.DE,JCTTTN-R,2019-03,EUR,52.2,0.0009587727708533222,0.09588
SAX.DE,JCTTTN-R,2019-04,EUR,60.25,0.15421455938697304,15.4215
SAX.DE,JCTTTN-R,2019-05,EUR,59.9,-0.0058091286307053736,-0.580913
SAX.DE,JCTTTN-R,2019-06,EUR,66.05,0.10267111853088484,13.606
SAX.DE,JCTTTN-R,2019-07,EUR,71.45,0.08175624526873593,8.17561
SAX.DE,JCTTTN-R,2019-08,EUR,67.95,-0.04898530440867743,-4.89853
SAX.DE,JCTTTN-R,2019-09,EUR,69.85,0.027961736571007867,2.79617
SAX.DE,JCTTTN-R,2019-10,EUR,72.2,0.03364352183249841,3.36435
SAX.DE,JCTTTN-R,2019-11,EUR,70.95,-0.01731301939058172,-1.7313
SAX.DE,JCTTTN-R,2019-12,EUR,72.05,0.015503875968992276,1.5504
SAX.DE,JCTTTN-R,2020-01,EUR,71.9,-0.002081887578070707,-0.208193
SAX.DE,JCTTTN-R,2020-02,EUR,66.95,-0.06884561891515995,-6.88457
SAX.DE,JCTTTN-R,2020-03,EUR,47.44,-0.29141150112023906,-29.1412
SAX.DE,JCTTTN-R,2020-04,EUR,57.85,0.21943507588532896,21.9435
SAX.DE,JCTTTN-R,2020-05,EUR,65.15,0.12618841832324978,12.6189
SAX.DE,JCTTTN-R,2020-06,EUR,59.9,-0.08058326937835769,-8.05833
SAX.DE,JCTTTN-R,2020-07,EUR,58.05,-0.03088480801335558,-3.08849
SAX.DE,JCTTTN-R,2020-08,EUR,65.25,0.12403100775193798,12.4031
SAX.DE,JCTTTN-R,2020-09,EUR,66.4,0.017624521072796995,1.76245
SAX.DE,JCTTTN-R,2020-10,EUR,62.05,-0.06551204819277123,-6.55121
SAX.DE,JCTTTN-R,2020-11,EUR,75.0,0.20870265914585007,24.0935
SAX.DE,JCTTTN-R,2020-12,EUR,81.0,0.08000000000000007,8.0
SAX.DE,JCTTTN-R,2021-01,EUR,74.45,-0.08086419753086416,-8.08643
SAX.DE,JCTTTN-R,2021-02,EUR,74.35,-0.001343183344526655,-0.134319
SAX.DE,JCTTTN-R,2021-03,EUR,69.5,-0.06523201075991925,-6.5232
SAX.DE,JCTTTN-R,2021-04,EUR,70.95,0.020863309352518122,2.08633
SAX.DE,JCTTTN-R,2021-05,EUR,67.0,-0.05567300916138129,-5.56729
SAX.DE,JCTTTN-R,2021-06,EUR,67.55,0.008208955223880654,0.820899
SAX.DE,JCTTTN-R,2021-07,EUR,66.7,-0.012583271650629113,-1.25834
SAX.DE,JCTTTN-R,2021-08,EUR,69.7,0.044977511244377766,4.49775
SAX.DE,JCTTTN-R,2021-09,EUR,71.3,0.022955523672883782,5.165
SAX.DE,JCTTTN-R,2021-10,EUR,73.3,0.028050490883590573,2.80505
SAX.DE,JCTTTN-R,2021-11,EUR,68.05,-0.07162346521145979,-7.16234
SAX.DE,JCTTTN-R,2021-12,EUR,69.3,0.018368846436443764,1.83688
SAX.DE,JCTTTN-R,2022-01,EUR,66.3,-0.04329004329004327,-4.329
SAX.DE,JCTTTN-R,2022-02,EUR,67.55,0.018853695324283493,1.88537
SAX.DE,JCTTTN-R,2022-03,EUR,62.6,-0.07327905255366385,-7.32791
SAX.DE,JCTTTN-R,2022-04,EUR,57.15,-0.08706070287539935,-8.70606
SAX.DE,JCTTTN-R,2022-05,EUR,51.95,-0.09098862642169725,-9.09886
SAX.DE,JCTTTN-R,2022-06,EUR,42.9,-0.17420596727622717,-13.0895
SAX.DE,JCTTTN-R,2022-07,EUR,42.68,-0.00512820512820511,-0.512821
SAX.DE,JCTTTN-R,2022-08,EUR,42.36,-0.007497656982193068,-0.749767
SAX.DE,JCTTTN-R,2022-09,EUR,38.72,-0.08593012275731826,-8.59301
SAX.DE,JCTTTN-R,2022-10,EUR,41.26,0.06559917355371891,6.55991
SAX.DE,JCTTTN-R,2022-11,EUR,43.8,0.06156083373727572,6.15609
SAX.DE,JCTTTN-R,2022-12,EUR,43.56,-0.005479452054794387,-0.54794
SAX.DE,JCTTTN-R,2023-01,EUR,50.35,0.15587695133149682,15.5877
SAX.DE,JCTTTN-R,2023-02,EUR,53.1,0.054617676266137005,5.46176
SAX.DE,JCTTTN-R,2023-03,EUR,48.66,-0.0836158192090396,-8.36158
LTG.L,JF74F9-R,2018-01,GBP,0.806,,18.5294
LTG.L,JF74F9-R,2018-02,GBP,0.784,-0.027295285359801524,-2.72953
LTG.L,JF74F9-R,2018-03,GBP,0.88,0.12244897959183665,12.2449
LTG.L,JF74F9-R,2018-04,GBP,1.04,0.18181818181818188,18.1818
LTG.L,JF74F9-R,2018-05,GBP,1.085,0.043269230769230616,4.32693
LTG.L,JF74F9-R,2018-06,GBP,1.12,0.032258064516129226,3.41935
LTG.L,JF74F9-R,2018-07,GBP,1.015,-0.09375000000000022,-9.375
LTG.L,JF74F9-R,2018-08,GBP,1.17,0.15270935960591148,15.2709
LTG.L,JF74F9-R,2018-09,GBP,1.665,0.42307692307692313,42.3077
LTG.L,JF74F9-R,2018-10,GBP,1.12,-0.3273273273273273,-32.6426
LTG.L,JF74F9-R,2018-11,GBP,0.96,-0.14285714285714302,-14.2857
LTG.L,JF74F9-R,2018-12,GBP,0.694,-0.27708333333333335,-27.7083
LTG.L,JF74F9-R,2019-01,GBP,0.752,0.08357348703170042,8.35735
LTG.L,JF74F9-R,2019-02,GBP,0.692,-0.07978723404255328,-7.97873
LTG.L,JF74F9-R,2019-03,GBP,0.706,0.020231213872832443,2.02312
LTG.L,JF74F9-R,2019-04,GBP,0.88,0.2464589235127479,24.6459
LTG.L,JF74F9-R,2019-05,GBP,0.859,-0.02386363636363642,-2.38636
LTG.L,JF74F9-R,2019-06,GBP,0.966,0.12456344586728751,12.8638
LTG.L,JF74F9-R,2019-07,GBP,1.13,0.1697722567287785,16.9772
LTG.L,JF74F9-R,2019-08,GBP,1.232,0.09026548672566381,9.02655
LTG.L,JF74F9-R,2019-09,GBP,1.128,-0.0844155844155845,-8.44155
LTG.L,JF74F9-R,2019-10,GBP,1.07,-0.05141843971631188,-4.9202
LTG.L,JF74F9-R,2019-11,GBP,1.22,0.14018691588785037,14.0187
LTG.L,JF74F9-R,2019-12,GBP,1.43,0.1721311475409837,17.2131
LTG.L,JF74F9-R,2020-01,GBP,1.556,0.0881118881118883,8.81119
LTG.L,JF74F9-R,2020-02,GBP,1.376,-0.1156812339331621,-11.5681
LTG.L,JF74F9-R,2020-03,GBP,1.336,-0.029069767441860295,-2.90698
LTG.L,JF74F9-R,2020-04,GBP,1.283,-0.03967065868263486,-3.96706
LTG.L,JF74F9-R,2020-05,GBP,1.312,0.022603273577552763,2.26033
LTG.L,JF74F9-R,2020-06,GBP,1.231,-0.0617378048780487,-6.17379
LTG.L,JF74F9-R,2020-07,GBP,1.33,0.08042242079610062,8.04225
LTG.L,JF74F9-R,2020-08,GBP,1.52,0.1428571428571428,14.2857
LTG.L,JF74F9-R,2020-09,GBP,1.31,-0.13815789473684204,-13.8158
LTG.L,JF74F9-R,2020-10,GBP,1.258,-0.03969465648854964,-3.58778
LTG.L,JF74F9-R,2020-11,GBP,1.377,0.09459459459459452,9.45946
LTG.L,JF74F9-R,2020-12,GBP,1.82,0.32171387073347857,32.1714
LTG.L,JF74F9-R,2021-01,GBP,1.644,-0.0967032967032968,-9.67033
LTG.L,JF74F9-R,2021-02,GBP,1.635,-0.005474452554744436,-0.547451
LTG.L,JF74F9-R,2021-03,GBP,1.502,-0.08134556574923546,-8.13456
LTG.L,JF74F9-R,2021-04,GBP,1.808,0.20372836218375512,20.3728
LTG.L,JF74F9-R,2021-05,GBP,1.7,-0.05973451327433632,-5.97345
LTG.L,JF74F9-R,2021-06,GBP,1.881,0.1064705882352941,10.9412
LTG.L,JF74F9-R,2021-07,GBP,2.146,0.14088250930356194,14.0882
LTG.L,JF74F9-R,2021-08,GBP,2.288,0.06616961789375586,6.61697
LTG.L,JF74F9-R,2021-09,GBP,2.152,-0.05944055944055926,-5.94406
LTG.L,JF74F9-R,2021-10,GBP,1.958,-0.0901486988847584,-8.87547
LTG.L,JF74F9-R,2021-11,GBP,1.677,-0.1435137895812053,-14.3514
LTG.L,JF74F9-R,2021-12,GBP,1.778,0.06022659511031603,6.02266
LTG.L,JF74F9-R,2022-01,GBP,1.671,-0.06017997750281212,-6.018
LTG.L,JF74F9-R,2022-02,GBP,1.764,0.055655296229802476,5.56554
LTG.L,JF74F9-R,2022-03,GBP,1.629,-0.07653061224489799,-7.65307
LTG.L,JF74F9-R,2022-04,GBP,1.313,-0.19398403928790675,-19.3984
LTG.L,JF74F9-R,2022-05,GBP,1.325,0.009139375476009182,0.913942
LTG.L,JF74F9-R,2022-06,GBP,1.122,-0.15320754716981122,-14.7925
LTG.L,JF74F9-R,2022-07,GBP,1.33,0.18538324420677355,18.5383
LTG.L,JF74F9-R,2022-08,GBP,1.14,-0.14285714285714302,-14.2857
LTG.L,JF74F9-R,2022-09,GBP,1.049,-0.0798245614035088,-7.98245
LTG.L,JF74F9-R,2022-10,GBP,1.076,0.02573879885605357,3.00286
LTG.L,JF74F9-R,2022-11,GBP,1.312,0.2193308550185873,21.9331
LTG.L,JF74F9-R,2022-12,GBP,1.154,-0.12042682926829273,-12.0427
LTG.L,JF74F9-R,2023-01,GBP,1.402,0.21490467937608315,21.4905
LTG.L,JF74F9-R,2023-02,GBP,1.411,0.006419400855920188,0.641942
LTG.L,JF74F9-R,2023-03,GBP,1.29,-0.08575478384124735,-8.57548
6929.T,JK9MJW-R,2018-01,JPY,3080.0,,6.31688
6929.T,JK9MJW-R,2018-02,JPY,3020.0,-0.01948051948051943,-1.94805
6929.T,JK9MJW-R,2018-03,JPY,2945.0,-0.024834437086092676,-2.48345
6929.T,JK9MJW-R,2018-04,JPY,2910.0,-0.011884550084889645,-1.18846
6929.T,JK9MJW-R,2018-05,JPY,2687.0,-0.07663230240549823,-7.66323
6929.T,JK9MJW-R,2018-06,JPY,2887.0,0.07443245254931141,7.44325
6929.T,JK9MJW-R,2018-07,JPY,2924.0,0.012816072047107774,1.28161
6929.T,JK9MJW-R,2018-08,JPY,2983.0,0.020177838577291274,2.01778
6929.T,JK9MJW-R,2018-09,JPY,3025.0,0.014079785450888282,1.40798
6929.T,JK9MJW-R,2018-10,JPY,2775.0,-0.0826446280991735,-8.26446
6929.T,JK9MJW-R,2018-11,JPY,2860.0,0.03063063063063054,3.06306
6929.T,JK9MJW-R,2018-12,JPY,2354.0,-0.17692307692307696,-15.9441
6929.T,JK9MJW-R,2019-01,JPY,2517.0,0.06924384027187758,6.92438
6929.T,JK9MJW-R,2019-02,JPY,2818.0,0.1195868096940802,11.9587
6929.T,JK9MJW-R,2019-03,JPY,2965.0,0.05216465578424412,5.21647
6929.T,JK9MJW-R,2019-04,JPY,3155.0,0.06408094435075884,6.4081
6929.T,JK9MJW-R,2019-05,JPY,2864.0,-0.09223454833597466,-9.22346
6929.T,JK9MJW-R,2019-06,JPY,2888.0,0.008379888268156499,0.837994
6929.T,JK9MJW-R,2019-07,JPY,2857.0,-0.010734072022160701,-1.07341
6929.T,JK9MJW-R,2019-08,JPY,2646.0,-0.07385369268463426,-7.38537
6929.T,JK9MJW-R,2019-09,JPY,2724.0,0.02947845804988658,2.94784
6929.T,JK9MJW-R,2019-10,JPY,2834.0,0.04038179148311305,4.03818
6929.T,JK9MJW-R,2019-11,JPY,2829.0,-0.0017642907551164155,-0.17643
6929.T,JK9MJW-R,2019-12,JPY,2715.0,-0.040296924708377535,-2.26228
6929.T,JK9MJW-R,2020-01,JPY,2454.0,-0.0961325966850829,-9.61326
6929.T,JK9MJW-R,2020-02,JPY,2184.0,-0.11002444987775062,-11.0024
6929.T,JK9MJW-R,2020-03,JPY,1846.0,-0.15476190476190477,-15.4762
6929.T,JK9MJW-R,2020-04,JPY,2006.0,0.0866738894907908,8.66738
6929.T,JK9MJW-R,2020-05,JPY,2066.0,0.029910269192422678,2.99103
6929.T,JK9MJW-R,2020-06,JPY,2274.0,0.100677637947725,10.0678
6929.T,JK9MJW-R,2020-07,JPY,2031.0,-0.10686015831134565,-10.686
6929.T,JK9MJW-R,2020-08,JPY,2509.0,0.23535204332840975,23.5352
6929.T,JK9MJW-R,2020-09,JPY,2622.0,0.04503786369071339,4.50379
6929.T,JK9MJW-R,2020-10,JPY,2530.0,-0.03508771929824561,-3.50877
6929.T,JK9MJW-R,2020-11,JPY,2867.0,0.13320158102766788,13.3202
6929.T,JK9MJW-R,2020-12,JPY,2901.0,0.01185908615277298,2.92989
6929.T,JK9MJW-R,2021-01,JPY,2715.0,-0.06411582213029987,-6.41158
6929.T,JK9MJW-R,2021-02,JPY,2639.0,-0.02799263351749537,-2.79926
6929.T,JK9MJW-R,2021-03,JPY,2667.0,0.010610079575596787,1.06101
6929.T,JK9MJW-R,2021-04,JPY,2579.0,-0.0329958755155606,-3.29959
6929.T,JK9MJW-R,2021-05,JPY,2806.0,0.08801861186506388,8.80187
6929.T,JK9MJW-R,2021-06,JPY,2921.0,0.040983606557376984,4.09836
6929.T,JK9MJW-R,2021-07,JPY,2893.0,-0.009585758301951408,-0.958574
6929.T,JK9MJW-R,2021-08,JPY,3020.0,0.04389906671275501,4.38991
6929.T,JK9MJW-R,2021-09,JPY,3075.0,0.01821192052980125,1.8212
6929.T,JK9MJW-R,2021-10,JPY,2951.0,-0.04032520325203248,-4.03252
6929.T,JK9MJW-R,2021-11,JPY,2862.0,-0.03015926804473057,-3.01593
6929.T,JK9MJW-R,2021-12,JPY,2816.0,-0.01607267645003496,0.139761
6929.T,JK9MJW-R,2022-01,JPY,2442.0,-0.1328125,-13.2813
6929.T,JK9MJW-R,2022-02,JPY,2511.0,0.02825552825552835,2.82556
6929.T,JK9MJW-R,2022-03,JPY,2445.0,-0.02628434886499398,-2.62843
6929.T,JK9MJW-R,2022-04,JPY,2383.0,-0.025357873210633985,-2.53579
6929.T,JK9MJW-R,2022-05,JPY,2102.0,-0.1179185900125892,-11.7919
6929.T,JK9MJW-R,2022-06,JPY,2044.0,-0.027592768791626976,-2.75928
6929.T,JK9MJW-R,2022-07,JPY,2088.0,0.021526418786692814,2.15265
6929.T,JK9MJW-R,2022-08,JPY,2641.0,0.2648467432950192,26.4847
6929.T,JK9MJW-R,2022-09,JPY,2441.0,-0.07572889057175314,-7.57289
6929.T,JK9MJW-R,2022-10,JPY,2586.0,0.059401884473576416,5.94019
6929.T,JK9MJW-R,2022-11,JPY,2647.0,0.0235885537509668,2.35885
6929.T,JK9MJW-R,2022-12,JPY,2360.0,-0.10842463165848126,-8.95353
6929.T,JK9MJW-R,2023-01,JPY,2411.0,0.02161016949152539,2.16101
6929.T,JK9MJW-R,2023-02,JPY,2652.0,0.0999585234342597,9.99585
6929.T,JK9MJW-R,2023-03,JPY,2704.0,0.019607843137254832,1.96079
VITB.ST,JKHFMB-R,2018-01,SEK,83.4,,-4.13793
VITB.ST,JKHFMB-R,2018-02,SEK,82.0,-0.016786570743405393,-1.67866
VITB.ST,JKHFMB-R,2018-03,SEK,83.6,0.019512195121951237,1.95122
VITB.ST,JKHFMB-R,2018-04,SEK,82.0,-0.019138755980861122,-0.598085
VITB.ST,JKHFMB-R,2018-05,SEK,78.0,-0.04878048780487809,-4.87805
VITB.ST,JKHFMB-R,2018-06,SEK,85.8,0.09999999999999987,10.0
VITB.ST,JKHFMB-R,2018-07,SEK,81.2,-0.053613053613053574,-5.36131
VITB.ST,JKHFMB-R,2018-08,SEK,83.0,0.022167487684729092,2.21676
VITB.ST,JKHFMB-R,2018-09,SEK,83.0,0.0,0.0
VITB.ST,JKHFMB-R,2018-10,SEK,83.8,0.009638554216867545,0.963855
VITB.ST,JKHFMB-R,2018-11,SEK,82.2,-0.019093078758949833,-1.90932
VITB.ST,JKHFMB-R,2018-12,SEK,77.6,-0.05596107055961086,-5.59611
VITB.ST,JKHFMB-R,2019-01,SEK,80.6,0.038659793814433074,3.86598
VITB.ST,JKHFMB-R,2019-02,SEK,87.0,0.07940446650124078,7.94045
VITB.ST,JKHFMB-R,2019-03,SEK,92.0,0.05747126436781613,5.74713
VITB.ST,JKHFMB-R,2019-04,SEK,97.0,0.05434782608695654,6.73913
VITB.ST,JKHFMB-R,2019-05,SEK,112.5,0.1597938144329898,15.9794
VITB.ST,JKHFMB-R,2019-06,SEK,106.0,-0.05777777777777782,-5.77778
VITB.ST,JKHFMB-R,2019-07,SEK,130.0,0.2264150943396226,22.6415
VITB.ST,JKHFMB-R,2019-08,SEK,127.0,-0.023076923076923106,-2.3077
VITB.ST,JKHFMB-R,2019-09,SEK,139.0,0.09448818897637801,9.44881
VITB.ST,JKHFMB-R,2019-10,SEK,138.0,-0.007194244604316502,-0.719422
VITB.ST,JKHFMB-R,2019-11,SEK,153.5,0.1123188405797102,11.2319
VITB.ST,JKHFMB-R,2019-12,SEK,185.0,0.2052117263843649,20.5212
VITB.ST,JKHFMB-R,2020-01,SEK,212.0,0.145945945945946,14.5946
VITB.ST,JKHFMB-R,2020-02,SEK,184.0,-0.13207547169811318,-13.2075
VITB.ST,JKHFMB-R,2020-03,SEK,179.0,-0.02717391304347827,-2.71739
VITB.ST,JKHFMB-R,2020-04,SEK,185.0,0.033519553072625774,3.35195
VITB.ST,JKHFMB-R,2020-05,SEK,206.5,0.11621621621621614,11.6216
VITB.ST,JKHFMB-R,2020-06,SEK,210.5,0.01937046004842613,2.1017
VITB.ST,JKHFMB-R,2020-07,SEK,268.5,0.2755344418052257,27.5534
VITB.ST,JKHFMB-R,2020-08,SEK,300.0,0.11731843575418988,11.7318
VITB.ST,JKHFMB-R,2020-09,SEK,296.5,-0.011666666666666714,-1.05333
VITB.ST,JKHFMB-R,2020-10,SEK,277.0,-0.06576728499156825,-6.57673
VITB.ST,JKHFMB-R,2020-11,SEK,304.0,0.09747292418772568,9.74729
VITB.ST,JKHFMB-R,2020-12,SEK,341.0,0.12171052631578938,12.2829
VITB.ST,JKHFMB-R,2021-01,SEK,299.5,-0.1217008797653959,-12.1701
VITB.ST,JKHFMB-R,2021-02,SEK,389.0,0.2988313856427378,29.8831
VITB.ST,JKHFMB-R,2021-03,SEK,375.5,-0.03470437017994854,-3.38303
VITB.ST,JKHFMB-R,2021-04,SEK,400.5,0.06657789613848197,6.65779
VITB.ST,JKHFMB-R,2021-05,SEK,366.5,-0.08489388264669162,-8.48939
VITB.ST,JKHFMB-R,2021-06,SEK,354.0,-0.034106412005457054,-3.29877
VITB.ST,JKHFMB-R,2021-07,SEK,427.5,0.2076271186440677,20.7627
VITB.ST,JKHFMB-R,2021-08,SEK,499.0,0.1672514619883041,16.7251
VITB.ST,JKHFMB-R,2021-09,SEK,478.0,-0.04208416833667339,-4.12625
VITB.ST,JKHFMB-R,2021-10,SEK,507.0,0.060669456066945626,6.06694
VITB.ST,JKHFMB-R,2021-11,SEK,550.0,0.08481262327416172,8.48126
VITB.ST,JKHFMB-R,2021-12,SEK,557.0,0.012727272727272698,1.34727
VITB.ST,JKHFMB-R,2022-01,SEK,416.5,-0.2522441651705566,-25.2244
VITB.ST,JKHFMB-R,2022-02,SEK,401.0,-0.037214885954381716,-3.72149
VITB.ST,JKHFMB-R,2022-03,SEK,487.5,0.2157107231920199,21.6733
VITB.ST,JKHFMB-R,2022-04,SEK,498.4,0.02235897435897427,2.2359
VITB.ST,JKHFMB-R,2022-05,SEK,521.5,0.0463483146067416,4.63483
VITB.ST,JKHFMB-R,2022-06,SEK,443.4,-0.1497603068072867,-14.8802
VITB.ST,JKHFMB-R,2022-07,SEK,466.6,0.052322958953541,5.2323
VITB.ST,JKHFMB-R,2022-08,SEK,398.6,-0.1457351050150021,-14.5735
VITB.ST,JKHFMB-R,2022-09,SEK,329.6,-0.17310587054691418,-17.1851
VITB.ST,JKHFMB-R,2022-10,SEK,405.6,0.23058252427184467,23.0582
VITB.ST,JKHFMB-R,2022-11,SEK,380.0,-0.0631163708086786,-6.31164
VITB.ST,JKHFMB-R,2022-12,SEK,418.2,0.10052631578947357,10.1842
VITB.ST,JKHFMB-R,2023-01,SEK,442.0,0.05691056910569103,5.69105
VITB.ST,JKHFMB-R,2023-02,SEK,483.0,0.092760180995475,9.27602
VITB.ST,JKHFMB-R,2023-03,SEK,533.5,0.1045548654244306,10.559
4689.T,JQZ6DN-R,2018-01,JPY,525.0,,1.54738
4689.T,JQZ6DN-R,2018-02,JPY,496.0,-0.0552380952380952,-5.52381
4689.T,JQZ6DN-R,2018-03,JPY,494.0,-0.0040322580645161255,1.38307
4689.T,JQZ6DN-R,2018-04,JPY,450.0,-0.08906882591093113,-8.90688
4689.T,JQZ6DN-R,2018-05,JPY,396.0,-0.12,-12.0
4689.T,JQZ6DN-R,2018-06,JPY,368.0,-0.07070707070707072,-7.07071
4689.T,JQZ6DN-R,2018-07,JPY,425.0,0.15489130434782616,15.4891
4689.T,JQZ6DN-R,2018-08,JPY,382.0,-0.10117647058823531,-10.1177
4689.T,JQZ6DN-R,2018-09,JPY,409.0,0.07068062827225141,7.06806
4689.T,JQZ6DN-R,2018-10,JPY,355.0,-0.1320293398533008,-13.2029
4689.T,JQZ6DN-R,2018-11,JPY,325.0,-0.08450704225352113,-8.4507
4689.T,JQZ6DN-R,2018-12,JPY,274.0,-0.15692307692307694,-15.6923
4689.T,JQZ6DN-R,2019-01,JPY,293.0,0.06934306569343063,6.93431
4689.T,JQZ6DN-R,2019-02,JPY,298.0,0.017064846416382284,1.70648
4689.T,JQZ6DN-R,2019-03,JPY,271.0,-0.09060402684563762,-6.08726
4689.T,JQZ6DN-R,2019-04,JPY,296.0,0.09225092250922518,9.22509
4689.T,JQZ6DN-R,2019-05,JPY,313.0,0.057432432432432456,5.74324
4689.T,JQZ6DN-R,2019-06,JPY,316.0,0.009584664536741228,0.958467
4689.T,JQZ6DN-R,2019-07,JPY,321.0,0.015822784810126667,1.58228
4689.T,JQZ6DN-R,2019-08,JPY,266.0,-0.17133956386292837,-17.134
4689.T,JQZ6DN-R,2019-09,JPY,304.0,0.1428571428571428,14.2857
4689.T,JQZ6DN-R,2019-10,JPY,334.0,0.09868421052631571,9.86842
4689.T,JQZ6DN-R,2019-11,JPY,377.0,0.12874251497005984,12.8742
4689.T,JQZ6DN-R,2019-12,JPY,461.0,0.2228116710875332,22.2812
4689.T,JQZ6DN-R,2020-01,JPY,438.0,-0.049891540130151846,-4.98915
4689.T,JQZ6DN-R,2020-02,JPY,393.0,-0.10273972602739723,-10.274
4689.T,JQZ6DN-R,2020-03,JPY,348.0,-0.1145038167938931,-9.19593
4689.T,JQZ6DN-R,2020-04,JPY,419.0,0.20402298850574718,20.4023
4689.T,JQZ6DN-R,2020-05,JPY,440.0,0.05011933174224348,5.01193
4689.T,JQZ6DN-R,2020-06,JPY,526.0,0.19545454545454555,19.5455
4689.T,JQZ6DN-R,2020-07,JPY,557.0,0.05893536121673004,5.89354
4689.T,JQZ6DN-R,2020-08,JPY,705.0,0.2657091561938958,26.5709
4689.T,JQZ6DN-R,2020-09,JPY,699.0,-0.008510638297872353,-0.851065
4689.T,JQZ6DN-R,2020-10,JPY,725.1,0.03733905579399144,3.7339
4689.T,JQZ6DN-R,2020-11,JPY,657.0,-0.09391808026479109,-9.3918
4689.T,JQZ6DN-R,2020-12,JPY,624.4,-0.049619482496194856,-4.96194
4689.T,JQZ6DN-R,2021-01,JPY,650.4,0.041639974375400346,4.16399
4689.T,JQZ6DN-R,2021-02,JPY,648.5,-0.0029212792127920606,-0.292134
4689.T,JQZ6DN-R,2021-03,JPY,550.6,-0.15096376252891286,-14.239
4689.T,JQZ6DN-R,2021-04,JPY,505.0,-0.08281874318924809,-8.28187
4689.T,JQZ6DN-R,2021-05,JPY,514.6,0.019009900990099027,1.90098
4689.T,JQZ6DN-R,2021-06,JPY,556.8,0.08200544111931585,8.20055
4689.T,JQZ6DN-R,2021-07,JPY,546.5,-0.018498563218390718,-1.84985
4689.T,JQZ6DN-R,2021-08,JPY,717.0,0.3119853613906678,31.1985
4689.T,JQZ6DN-R,2021-09,JPY,717.7,0.0009762900976291178,0.0976324
4689.T,JQZ6DN-R,2021-10,JPY,706.0,-0.016302076076355032,-1.63021
4689.T,JQZ6DN-R,2021-11,JPY,752.0,0.06515580736543902,6.51559
4689.T,JQZ6DN-R,2021-12,JPY,667.4,-0.11250000000000004,-11.25
4689.T,JQZ6DN-R,2022-01,JPY,577.1,-0.1353011687144141,-13.5301
4689.T,JQZ6DN-R,2022-02,JPY,557.6,-0.03378963784439437,-3.37896
4689.T,JQZ6DN-R,2022-03,JPY,536.4,-0.03802008608321383,-2.80487
4689.T,JQZ6DN-R,2022-04,JPY,514.6,-0.040641312453392864,-4.06414
4689.T,JQZ6DN-R,2022-05,JPY,426.2,-0.17178390983287994,-17.1784
4689.T,JQZ6DN-R,2022-06,JPY,396.4,-0.06992022524636321,-6.99202
4689.T,JQZ6DN-R,2022-07,JPY,469.1,0.18340060544904158,18.3401
4689.T,JQZ6DN-R,2022-08,JPY,415.0,-0.1153272223406524,-11.5327
4689.T,JQZ6DN-R,2022-09,JPY,380.2,-0.08385542168674698,-8.38554
4689.T,JQZ6DN-R,2022-10,JPY,384.6,0.011572856391373065,1.15728
4689.T,JQZ6DN-R,2022-11,JPY,373.5,-0.028861154446177872,-2.88612
4689.T,JQZ6DN-R,2022-12,JPY,332.0,-0.11111111111111116,-11.1111
4689.T,JQZ6DN-R,2023-01,JPY,371.5,0.11897590361445776,11.8976
4689.T,JQZ6DN-R,2023-02,JPY,368.7,-0.0075370121130552414,-0.753701
4689.T,JQZ6DN-R,2023-03,JPY,372.8,0.011120151885001484,2.62001
DUST.ST,JTKY01-R,2018-01,SEK,22.6471,,-4.66256
DUST.ST,JTKY01-R,2018-02,SEK,22.7928,0.006433494796243222,0.643504
DUST.ST,JTKY01-R,2018-03,SEK,21.5687,-0.053705556140535626,-5.37083
DUST.ST,JTKY01-R,2018-04,SEK,21.4229,-0.006759795444324479,-0.675678
DUST.ST,JTKY01-R,2018-05,SEK,23.7547,0.10884614127872516,10.8843
DUST.ST,JTKY01-R,2018-06,SEK,23.5215,-0.009817004634872228,-0.981581
DUST.ST,JTKY01-R,2018-07,SEK,26.3779,0.12143783347150472,12.1437
DUST.ST,JTKY01-R,2018-08,SEK,26.2613,-0.0044203670496894,-0.44198
DUST.ST,JTKY01-R,2018-09,SEK,24.4542,-0.06881228271258466,-6.88124
DUST.ST,JTKY01-R,2018-10,SEK,21.9941,-0.1006003058779269,-10.06
DUST.ST,JTKY01-R,2018-11,SEK,24.3314,0.10626940861412826,10.6267
DUST.ST,JTKY01-R,2018-12,SEK,21.9642,-0.09728992166500883,-6.39164
DUST.ST,JTKY01-R,2019-01,SEK,24.4213,0.1118684040393001,11.1869
DUST.ST,JTKY01-R,2019-02,SEK,26.1892,0.07239172361831692,7.23927
DUST.ST,JTKY01-R,2019-03,SEK,26.1293,-0.002287202358223994,-0.228828
DUST.ST,JTKY01-R,2019-04,SEK,25.5,-0.0240840742002274,-2.40825
DUST.ST,JTKY01-R,2019-05,SEK,24.3763,-0.0440666666666667,-4.40659
DUST.ST,JTKY01-R,2019-06,SEK,25.5899,0.049786062692041,4.97849
DUST.ST,JTKY01-R,2019-07,SEK,25.0505,-0.02107862867772048,-2.10773
DUST.ST,JTKY01-R,2019-08,SEK,24.2415,-0.032294764575557466,-3.22967
DUST.ST,JTKY01-R,2019-09,SEK,23.5972,-0.026578388301053857,-2.6576
DUST.ST,JTKY01-R,2019-10,SEK,23.0429,-0.023490075093655194,-2.34921
DUST.ST,JTKY01-R,2019-11,SEK,22.8181,-0.009755716511376522,-0.975311
DUST.ST,JTKY01-R,2019-12,SEK,22.5185,-0.013129927557509191,2.6264
DUST.ST,JTKY01-R,2020-01,SEK,22.3237,-0.008650665008770653,-0.864935
DUST.ST,JTKY01-R,2020-02,SEK,18.8478,-0.15570447551257183,-15.5705
DUST.ST,JTKY01-R,2020-03,SEK,14.0834,-0.25278281815384296,-25.2782
DUST.ST,JTKY01-R,2020-04,SEK,14.8625,0.05532044818722759,5.53191
DUST.ST,JTKY01-R,2020-05,SEK,16.0611,0.08064592094196787,8.06452
DUST.ST,JTKY01-R,2020-06,SEK,15.1921,-0.054105883158687695,-5.41043
DUST.ST,JTKY01-R,2020-07,SEK,15.9113,0.04734039402057655,4.73371
DUST.ST,JTKY01-R,2020-08,SEK,16.9001,0.06214451364753337,6.21469
DUST.ST,JTKY01-R,2020-09,SEK,16.8701,-0.001775137425222173,-0.177306
DUST.ST,JTKY01-R,2020-10,SEK,16.96,0.005328954777980011,0.532854
DUST.ST,JTKY01-R,2020-11,SEK,17.8889,0.054770047169811154,5.47704
DUST.ST,JTKY01-R,2020-12,SEK,19.1774,0.07202790557272931,10.8877
DUST.ST,JTKY01-R,2021-01,SEK,23.792,0.24062698801714544,24.0625
DUST.ST,JTKY01-R,2021-02,SEK,25.0505,0.05289593140551441,5.28967
DUST.ST,JTKY01-R,2021-03,SEK,26.7285,0.06698469092433279,6.69857
DUST.ST,JTKY01-R,2021-04,SEK,31.6727,0.18497858091550223,18.4977
DUST.ST,JTKY01-R,2021-05,SEK,31.8825,0.006624001111367184,0.662255
DUST.ST,JTKY01-R,2021-06,SEK,33.8601,0.0620277581745472,6.20301
DUST.ST,JTKY01-R,2021-07,SEK,29.9498,-0.11548400624924327,-11.5487
DUST.ST,JTKY01-R,2021-08,SEK,30.4896,0.01802349264435832,1.80254
DUST.ST,JTKY01-R,2021-09,SEK,29.2321,-0.041243571578505445,-4.12425
DUST.ST,JTKY01-R,2021-10,SEK,32.632,0.11630707338850099,11.6304
DUST.ST,JTKY01-R,2021-11,SEK,34.4638,0.05613508212797269,5.61371
DUST.ST,JTKY01-R,2021-12,SEK,32.9424,-0.0441448708499933,-2.42344
DUST.ST,JTKY01-R,2022-01,SEK,29.4961,-0.10461593569381711,-10.4618
DUST.ST,JTKY01-R,2022-02,SEK,25.3356,-0.14105254592980088,-14.1053
DUST.ST,JTKY01-R,2022-03,SEK,25.0872,-0.009804385923364745,-0.980395
DUST.ST,JTKY01-R,2022-04,SEK,22.0755,-0.12004926815268335,-12.005
DUST.ST,JTKY01-R,2022-05,SEK,23.7366,0.07524631378677715,7.52462
DUST.ST,JTKY01-R,2022-06,SEK,18.1944,-0.23348752559338737,-23.3486
DUST.ST,JTKY01-R,2022-07,SEK,21.4545,0.1791815063975728,17.9181
DUST.ST,JTKY01-R,2022-08,SEK,19.1724,-0.1063692931552821,-10.6368
DUST.ST,JTKY01-R,2022-09,SEK,13.6551,-0.287773048757589,-28.7773
DUST.ST,JTKY01-R,2022-10,SEK,14.2823,0.04593155670775029,4.593
DUST.ST,JTKY01-R,2022-11,SEK,14.3196,0.0026116241781786176,0.260866
DUST.ST,JTKY01-R,2022-12,SEK,12.8168,-0.10494706556049038,-10.4944
DUST.ST,JTKY01-R,2023-01,SEK,10.9229,-0.14776699332126586,-14.7771
DUST.ST,JTKY01-R,2023-02,SEK,10.7179,-0.018767909621071333,-1.87606
DUST.ST,JTKY01-R,2023-03,SEK,11.755,0.09676335849373485,9.67555
LN,JV8XYP-R,2018-01,USD,44.39,,8.2947
LN,JV8XYP-R,2018-02,USD,40.02,-0.09844559585492219,-9.84456
LN,JV8XYP-R,2018-03,USD,39.01,-0.025237381309345497,-2.52374
LN,JV8XYP-R,2018-04,USD,36.08,-0.0751089464239938,-7.51089
LN,JV8XYP-R,2018-05,USD,36.33,0.00692904656319282,0.692904
LN,JV8XYP-R,2018-06,USD,41.07,0.13047068538398032,13.0471
LN,JV8XYP-R,2018-07,USD,43.52,0.05965424884343817,5.96542
LN,JV8XYP-R,2018-08,USD,45.61,0.04802389705882337,4.80239
LN,JV8XYP-R,2018-09,USD,42.13,-0.07629905722429287,-7.62991
LN,JV8XYP-R,2018-10,USD,31.79,-0.24543080939947792,-24.5431
LN,JV8XYP-R,2018-11,USD,35.22,0.10789556464296957,10.7896
LN,JV8XYP-R,2018-12,USD,34.11,-0.03151618398637135,-3.15162
LN,JV8XYP-R,2019-01,USD,36.09,0.058047493403694084,5.80475
LN,JV8XYP-R,2019-02,USD,36.53,0.01219174286505953,1.21917
LN,JV8XYP-R,2019-03,USD,35.21,-0.03613468382151652,-3.61347
LN,JV8XYP-R,2019-04,USD,33.46,-0.04970178926441349,-4.97018
LN,JV8XYP-R,2019-05,USD,29.1,-0.1303048416019127,-13.0305
LN,JV8XYP-R,2019-06,USD,28.14,-0.03298969072164948,-3.29897
LN,JV8XYP-R,2019-07,USD,31.81,0.13041933191186916,13.0419
LN,JV8XYP-R,2019-08,USD,35.33,0.11065702609242378,11.0657
LN,JV8XYP-R,2019-09,USD,35.94,0.01726577979054622,1.72657
LN,JV8XYP-R,2019-10,USD,36.73,0.02198107957707296,2.19811
LN,JV8XYP-R,2019-11,USD,46.9,0.2768853797985298,27.6885
LN,JV8XYP-R,2019-12,USD,49.01,0.04498933901918978,4.49892
LN,JV8XYP-R,2020-01,USD,49.33,0.006529279738828775,0.652933
LN,JV8XYP-R,2020-02,USD,49.18,-0.0030407459963510686,-0.304079
LN,JV8XYP-R,2020-03,USD,48.14,-0.021146807645384236,-2.11468
LN,JV8XYP-R,2020-04,USD,49.45,0.027212297465724955,2.72124
LN,JV8XYP-R,2020-05,USD,49.84,0.007886754297270038,0.788677
LN,JV8XYP-R,2020-06,USD,50.07,0.00461476725521659,0.461471
LN,JV8XYP-R,2020-07,USD,52.54,0.04933093668863586,4.9331
LN,JV8XYP-R,2020-08,USD,50.9,-0.031214312904453756,-3.12143
LN,JV8XYP-R,2020-09,USD,50.8,-0.0019646365422396617,-0.196469
LN,JV8XYP-R,2020-10,USD,51.48,0.013385826771653564,1.33859
LN,JV8XYP-R,2020-11,USD,51.63,0.002913752913753065,0.291383
LN,JV8XYP-R,2020-12,USD,51.636,0.0001162115049389012,0.0116229
LN,JV8XYP-R,2021-01,USD,,,
LN,JV8XYP-R,2021-02,USD,,,
LN,JV8XYP-R,2021-03,USD,,,
LN,JV8XYP-R,2021-04,USD,,,
LN,JV8XYP-R,2021-05,USD,,,
LN,JV8XYP-R,2021-06,USD,,,
LN,JV8XYP-R,2021-07,USD,,,
LN,JV8XYP-R,2021-08,USD,,,
LN,JV8XYP-R,2021-09,USD,,,
LN,JV8XYP-R,2021-10,USD,,,
LN,JV8XYP-R,2021-11,USD,,,
LN,JV8XYP-R,2021-12,USD,,,
LN,JV8XYP-R,2022-01,USD,,,
LN,JV8XYP-R,2022-02,USD,,,
LN,JV8XYP-R,2022-03,USD,,,
LN,JV8XYP-R,2022-04,USD,,,
LN,JV8XYP-R,2022-05,USD,,,
LN,JV8XYP-R,2022-06,USD,,,
LN,JV8XYP-R,2022-07,USD,,,
LN,JV8XYP-R,2022-08,USD,,,
LN,JV8XYP-R,2022-09,USD,,,
LN,JV8XYP-R,2022-10,USD,,,
LN,JV8XYP-R,2022-11,USD,,,
LN,JV8XYP-R,2022-12,USD,,,
LN,JV8XYP-R,2023-01,USD,,,
LN,JV8XYP-R,2023-02,USD,,,
LN,JV8XYP-R,2023-03,USD,,,
2678.T,JZY038-R,2018-01,JPY,1825.0,,14.241
2678.T,JZY038-R,2018-02,JPY,1942.5,0.06438356164383552,6.43835
2678.T,JZY038-R,2018-03,JPY,1792.5,-0.07722007722007718,-7.72201
2678.T,JZY038-R,2018-04,JPY,1722.5,-0.03905160390516038,-3.90516
2678.T,JZY038-R,2018-05,JPY,1590.0,-0.07692307692307687,-7.16981
2678.T,JZY038-R,2018-06,JPY,1795.0,0.12893081761006298,12.8931
2678.T,JZY038-R,2018-07,JPY,1665.0,-0.07242339832869082,-7.24234
2678.T,JZY038-R,2018-08,JPY,1605.0,-0.036036036036036,-3.6036
2678.T,JZY038-R,2018-09,JPY,1705.0,0.06230529595015577,6.23053
2678.T,JZY038-R,2018-10,JPY,1555.0,-0.08797653958944285,-8.79765
2678.T,JZY038-R,2018-11,JPY,1482.5,-0.04662379421221863,-4.0836
2678.T,JZY038-R,2018-12,JPY,1172.0,-0.20944350758853292,-20.9444
2678.T,JZY038-R,2019-01,JPY,1096.5,-0.06441979522184305,-6.44198
2678.T,JZY038-R,2019-02,JPY,1278.5,0.16598267213862283,16.5983
2678.T,JZY038-R,2019-03,JPY,1381.0,0.08017207665232684,8.01721
2678.T,JZY038-R,2019-04,JPY,1495.0,0.08254887762490948,8.25489
2678.T,JZY038-R,2019-05,JPY,1348.0,-0.0983277591973244,-9.23077
2678.T,JZY038-R,2019-06,JPY,1151.5,-0.14577151335311578,-14.5771
2678.T,JZY038-R,2019-07,JPY,1363.0,0.18367346938775508,18.3673
2678.T,JZY038-R,2019-08,JPY,1449.5,0.06346294937637564,6.3463
2678.T,JZY038-R,2019-09,JPY,1459.5,0.006898930665746761,0.689888
2678.T,JZY038-R,2019-10,JPY,1493.0,0.02295306611853376,2.2953
2678.T,JZY038-R,2019-11,JPY,1470.0,-0.015405224380442117,-0.90422
2678.T,JZY038-R,2019-12,JPY,1650.0,0.12244897959183665,12.2449
2678.T,JZY038-R,2020-01,JPY,1795.0,0.08787878787878789,8.78788
2678.T,JZY038-R,2020-02,JPY,1520.0,-0.15320334261838442,-15.3203
2678.T,JZY038-R,2020-03,JPY,1600.0,0.05263157894736836,5.26316
2678.T,JZY038-R,2020-04,JPY,1530.0,-0.043749999999999956,-4.375
2678.T,JZY038-R,2020-05,JPY,1625.0,0.06209150326797386,6.83006
2678.T,JZY038-R,2020-06,JPY,1725.0,0.06153846153846154,6.15385
2678.T,JZY038-R,2020-07,JPY,1582.5,-0.08260869565217388,-8.26087
2678.T,JZY038-R,2020-08,JPY,1637.5,0.034755134281200695,3.47551
2678.T,JZY038-R,2020-09,JPY,2142.5,0.3083969465648855,30.8397
2678.T,JZY038-R,2020-10,JPY,1995.0,-0.06884480746791133,-6.88448
2678.T,JZY038-R,2020-11,JPY,2087.5,0.0463659147869675,5.11278
2678.T,JZY038-R,2020-12,JPY,1925.0,-0.07784431137724546,-7.78443
2678.T,JZY038-R,2021-01,JPY,1850.0,-0.038961038961038974,-3.89611
2678.T,JZY038-R,2021-02,JPY,1762.5,-0.04729729729729726,-4.72973
2678.T,JZY038-R,2021-03,JPY,2115.0,0.19999999999999996,20.0
2678.T,JZY038-R,2021-04,JPY,2000.0,-0.05437352245862881,-5.43735
2678.T,JZY038-R,2021-05,JPY,1785.0,-0.10750000000000004,-10.0
2678.T,JZY038-R,2021-06,JPY,1732.0,-0.029691876750700286,-2.96919
2678.T,JZY038-R,2021-07,JPY,1649.0,-0.04792147806004621,-4.79215
2678.T,JZY038-R,2021-08,JPY,1724.0,0.045482110369921225,4.54822
2678.T,JZY038-R,2021-09,JPY,1640.0,-0.04872389791183296,-4.87239
2678.T,JZY038-R,2021-10,JPY,1546.0,-0.05731707317073176,-5.73171
2678.T,JZY038-R,2021-11,JPY,1419.0,-0.08214747736093142,-7.2445
2678.T,JZY038-R,2021-12,JPY,1534.0,0.08104298801973231,8.1043
2678.T,JZY038-R,2022-01,JPY,1394.0,-0.09126466753585394,-9.12647
2678.T,JZY038-R,2022-02,JPY,1657.0,0.18866571018651368,18.8666
2678.T,JZY038-R,2022-03,JPY,1604.0,-0.03198551599275801,-3.19855
2678.T,JZY038-R,2022-04,JPY,1592.0,-0.007481296758104716,-0.748128
2678.T,JZY038-R,2022-05,JPY,1450.0,-0.08919597989949746,-7.91457
2678.T,JZY038-R,2022-06,JPY,1618.0,0.1158620689655172,11.5862
2678.T,JZY038-R,2022-07,JPY,1753.0,0.08343634116192833,8.34364
2678.T,JZY038-R,2022-08,JPY,1847.0,0.05362236166571588,5.36224
2678.T,JZY038-R,2022-09,JPY,1494.0,-0.19112073632918247,-19.1121
2678.T,JZY038-R,2022-10,JPY,1555.0,0.04082998661311921,4.083
2678.T,JZY038-R,2022-11,JPY,1581.0,0.0167202572347267,2.70096
2678.T,JZY038-R,2022-12,JPY,1709.0,0.08096141682479452,8.09615
2678.T,JZY038-R,2023-01,JPY,1714.0,0.0029256875365710755,0.292563
2678.T,JZY038-R,2023-02,JPY,1722.0,0.004667444574095736,0.46674
2678.T,JZY038-R,2023-03,JPY,1723.0,0.0005807200929153211,0.0580668
ORP.PA,K01WHX-R,2018-01,EUR,6424.71,,2.33977
ORP.PA,K01WHX-R,2018-02,EUR,6302.09,-0.019085686357827814,-1.90855
ORP.PA,K01WHX-R,2018-03,EUR,6593.95,0.046311620430682376,4.63114
ORP.PA,K01WHX-R,2018-04,EUR,6791.93,0.03002449214810543,3.00242
ORP.PA,K01WHX-R,2018-05,EUR,7171.92,0.05594727860858395,5.59473
ORP.PA,K01WHX-R,2018-06,EUR,7299.64,0.01780834142042864,1.78094
ORP.PA,K01WHX-R,2018-07,EUR,7513.59,0.02930966458619877,3.89327
ORP.PA,K01WHX-R,2018-08,EUR,7440.15,-0.009774288988353197,-0.977468
ORP.PA,K01WHX-R,2018-09,EUR,7114.44,-0.04377734319872584,-4.37768
ORP.PA,K01WHX-R,2018-10,EUR,6951.59,-0.02289006583792952,-2.28905
ORP.PA,K01WHX-R,2018-11,EUR,5977.66,-0.14010176089211246,-14.0101
ORP.PA,K01WHX-R,2018-12,EUR,5697.94,-0.046794230518296454,-4.67948
ORP.PA,K01WHX-R,2019-01,EUR,5537.0,-0.028245295668258952,-2.82449
ORP.PA,K01WHX-R,2019-02,EUR,6619.49,0.19550117392089583,19.5502
ORP.PA,K01WHX-R,2019-03,EUR,6833.44,0.032321221121264676,3.23204
ORP.PA,K01WHX-R,2019-04,EUR,6942.01,0.01588804467442473,1.58879
ORP.PA,K01WHX-R,2019-05,EUR,6507.73,-0.06255825042026741,-6.25575
ORP.PA,K01WHX-R,2019-06,EUR,6775.96,0.041217137158425565,4.12169
ORP.PA,K01WHX-R,2019-07,EUR,7235.78,0.06786049504424452,7.91706
ORP.PA,K01WHX-R,2019-08,EUR,7331.58,0.013239761297330732,1.32391
ORP.PA,K01WHX-R,2019-09,EUR,7159.15,-0.023518804950638184,-2.3519
ORP.PA,K01WHX-R,2019-10,EUR,6890.92,-0.03746673836977843,-3.74667
ORP.PA,K01WHX-R,2019-11,EUR,7171.92,0.04077829955942014,4.07785
ORP.PA,K01WHX-R,2019-12,EUR,7299.64,0.01780834142042864,1.78094
ORP.PA,K01WHX-R,2020-01,EUR,7510.4,0.02887265673375672,2.88713
ORP.PA,K01WHX-R,2020-02,EUR,7440.15,-0.009353696207925033,-0.935364
ORP.PA,K01WHX-R,2020-03,EUR,6083.04,-0.18240358057297223,-18.2403
ORP.PA,K01WHX-R,2020-04,EUR,6482.19,0.06561686262132094,6.56168
ORP.PA,K01WHX-R,2020-05,EUR,6744.03,0.04039375581400728,4.03942
ORP.PA,K01WHX-R,2020-06,EUR,6571.6,-0.025567798482509674,-2.55683
ORP.PA,K01WHX-R,2020-07,EUR,6910.07,0.05150496074015454,5.15064
ORP.PA,K01WHX-R,2020-08,EUR,6427.9,-0.06977787489851772,-6.97781
ORP.PA,K01WHX-R,2020-09,EUR,6198.63,-0.03566794754118752,-3.5668
ORP.PA,K01WHX-R,2020-10,EUR,5475.69,-0.11662899705257457,-11.6629
ORP.PA,K01WHX-R,2020-11,EUR,6692.94,0.22230075113821268,22.23
ORP.PA,K01WHX-R,2020-12,EUR,6868.56,0.026239589776690275,2.62404
ORP.PA,K01WHX-R,2021-01,EUR,7286.87,0.060902139604225525,6.09019
ORP.PA,K01WHX-R,2021-02,EUR,6353.18,-0.12813320396823324,-12.8133
ORP.PA,K01WHX-R,2021-03,EUR,6309.76,-0.006834372707840819,-0.683546
ORP.PA,K01WHX-R,2021-04,EUR,6836.63,0.08350079876255201,8.35019
ORP.PA,K01WHX-R,2021-05,EUR,6546.05,-0.04250339714157414,-4.25035
ORP.PA,K01WHX-R,2021-06,EUR,6849.4,0.0463409231521299,4.63414
ORP.PA,K01WHX-R,2021-07,EUR,6836.63,-0.0018643968814785472,0.652683
ORP.PA,K01WHX-R,2021-08,EUR,6807.89,-0.004203825569030317,-0.420362
ORP.PA,K01WHX-R,2021-09,EUR,6431.1,-0.05534607639077593,-5.53471
ORP.PA,K01WHX-R,2021-10,EUR,5760.53,-0.10426987607096772,-10.427
ORP.PA,K01WHX-R,2021-11,EUR,5326.25,-0.07538889650778657,-7.53881
ORP.PA,K01WHX-R,2021-12,EUR,5626.41,0.05635484628021592,5.6355
ORP.PA,K01WHX-R,2022-01,EUR,2477.92,-0.5595912846735307,-55.9591
ORP.PA,K01WHX-R,2022-02,EUR,2365.52,-0.04536062504035643,-4.53606
ORP.PA,K01WHX-R,2022-03,EUR,2514.96,0.06317427035070522,6.31746
ORP.PA,K01WHX-R,2022-04,EUR,2176.48,-0.13458663358462963,-13.4586
ORP.PA,K01WHX-R,2022-05,EUR,1651.52,-0.24119679482467105,-24.1197
ORP.PA,K01WHX-R,2022-06,EUR,1484.2,-0.10131273009106756,-10.1315
ORP.PA,K01WHX-R,2022-07,EUR,1550.62,0.0447513812154694,4.47504
ORP.PA,K01WHX-R,2022-08,EUR,1388.4,-0.1046162180289173,-10.4613
ORP.PA,K01WHX-R,2022-09,EUR,717.83,-0.48298040910400464,-48.2981
ORP.PA,K01WHX-R,2022-10,EUR,524.45,-0.2693952607163256,-26.9395
ORP.PA,K01WHX-R,2022-11,EUR,417.159,-0.20457812946896758,-20.4579
ORP.PA,K01WHX-R,2022-12,EUR,394.168,-0.05511327815053724,-5.51133
ORP.PA,K01WHX-R,2023-01,EUR,454.711,0.1535969434352864,15.3597
ORP.PA,K01WHX-R,2023-02,EUR,163.939,-0.6394655066624735,-63.9466
ORP.PA,K01WHX-R,2023-03,EUR,125.62,-0.23373937867133499,-23.3736
DMP.DE,K4VMR1-R,2018-01,EUR,,,
DMP.DE,K4VMR1-R,2018-02,EUR,26.3,,
DMP.DE,K4VMR1-R,2018-03,EUR,24.05,-0.0855513307984791,-8.55513
DMP.DE,K4VMR1-R,2018-04,EUR,27.5,0.1434511434511434,14.3451
DMP.DE,K4VMR1-R,2018-05,EUR,28.2,0.025454545454545396,2.54545
DMP.DE,K4VMR1-R,2018-06,EUR,27.9,-0.010638297872340496,-1.06384
DMP.DE,K4VMR1-R,2018-07,EUR,28.0,0.0035842293906811484,0.358427
DMP.DE,K4VMR1-R,2018-08,EUR,28.8,0.028571428571428692,2.85714
DMP.DE,K4VMR1-R,2018-09,EUR,28.95,0.005208333333333259,0.520837
DMP.DE,K4VMR1-R,2018-10,EUR,25.165,-0.13074265975820376,-13.0743
DMP.DE,K4VMR1-R,2018-11,EUR,24.34,-0.03278362805483803,-3.27836
DMP.DE,K4VMR1-R,2018-12,EUR,22.7,-0.06737880032867705,-6.73788
DMP.DE,K4VMR1-R,2019-01,EUR,26.685,0.17555066079295156,17.5551
DMP.DE,K4VMR1-R,2019-02,EUR,27.55,0.032415214540003845,3.24152
DMP.DE,K4VMR1-R,2019-03,EUR,28.195,0.023411978221415497,2.3412
DMP.DE,K4VMR1-R,2019-04,EUR,32.4,0.14913991842525265,14.914
DMP.DE,K4VMR1-R,2019-05,EUR,31.35,-0.03240740740740733,-3.24075
DMP.DE,K4VMR1-R,2019-06,EUR,30.3,-0.03349282296650724,-0.893146
DMP.DE,K4VMR1-R,2019-07,EUR,30.7,0.013201320132013139,1.32014
DMP.DE,K4VMR1-R,2019-08,EUR,32.07,0.04462540716612384,4.46254
DMP.DE,K4VMR1-R,2019-09,EUR,36.09,0.12535079513564096,12.5351
DMP.DE,K4VMR1-R,2019-10,EUR,35.07,-0.0282626766417291,-2.82627
DMP.DE,K4VMR1-R,2019-11,EUR,37.685,0.07456515540347874,7.45652
DMP.DE,K4VMR1-R,2019-12,EUR,39.75,0.05479633806554318,5.47963
DMP.DE,K4VMR1-R,2020-01,EUR,37.78,-0.04955974842767297,-4.95598
DMP.DE,K4VMR1-R,2020-02,EUR,37.95,0.004499735309687614,0.449979
DMP.DE,K4VMR1-R,2020-03,EUR,37.9,-0.0013175230566535578,-0.13175
DMP.DE,K4VMR1-R,2020-04,EUR,43.245,0.1410290237467018,14.1029
DMP.DE,K4VMR1-R,2020-05,EUR,48.65,0.12498554746213442,12.4986
DMP.DE,K4VMR1-R,2020-06,EUR,44.285,-0.08972250770811929,-7.32785
DMP.DE,K4VMR1-R,2020-07,EUR,42.85,-0.03240374844755545,-3.24038
DMP.DE,K4VMR1-R,2020-08,EUR,44.57,0.040140023337222885,4.014
DMP.DE,K4VMR1-R,2020-09,EUR,45.6,0.023109715054969726,2.31097
DMP.DE,K4VMR1-R,2020-10,EUR,41.7,-0.08552631578947367,-8.55263
DMP.DE,K4VMR1-R,2020-11,EUR,55.96,0.3419664268585132,34.1966
DMP.DE,K4VMR1-R,2020-12,EUR,56.96,0.01786990707648317,1.78699
DMP.DE,K4VMR1-R,2021-01,EUR,58.06,0.019311797752809,1.93118
DMP.DE,K4VMR1-R,2021-02,EUR,58.88,0.014123320702721376,1.41233
DMP.DE,K4VMR1-R,2021-03,EUR,61.01,0.03617527173913038,3.61753
DMP.DE,K4VMR1-R,2021-04,EUR,72.7,0.19160793312571722,19.1608
DMP.DE,K4VMR1-R,2021-05,EUR,69.35,-0.046079779917469144,-4.60798
DMP.DE,K4VMR1-R,2021-06,EUR,67.25,-0.03028118240807487,-1.7592
DMP.DE,K4VMR1-R,2021-07,EUR,67.45,0.0029739776951673846,0.297391
DMP.DE,K4VMR1-R,2021-08,EUR,78.6,0.16530763528539638,16.5308
DMP.DE,K4VMR1-R,2021-09,EUR,83.4,0.06106870229007644,6.10688
DMP.DE,K4VMR1-R,2021-10,EUR,87.0,0.043165467625899234,4.31654
DMP.DE,K4VMR1-R,2021-11,EUR,81.2,-0.06666666666666665,-6.66667
DMP.DE,K4VMR1-R,2021-12,EUR,89.3,0.0997536945812807,9.97537
DMP.DE,K4VMR1-R,2022-01,EUR,71.55,-0.19876819708846583,-19.8768
DMP.DE,K4VMR1-R,2022-02,EUR,65.2,-0.08874912648497546,-8.87492
DMP.DE,K4VMR1-R,2022-03,EUR,57.7,-0.11503067484662577,-11.5031
DMP.DE,K4VMR1-R,2022-04,EUR,54.0,-0.06412478336221838,-6.41248
DMP.DE,K4VMR1-R,2022-05,EUR,49.46,-0.08407407407407408,-8.40741
DMP.DE,K4VMR1-R,2022-06,EUR,47.5,-0.03962798220784469,0.424588
DMP.DE,K4VMR1-R,2022-07,EUR,54.95,0.1568421052631579,15.6842
DMP.DE,K4VMR1-R,2022-08,EUR,46.24,-0.15850773430391263,-15.8508
DMP.DE,K4VMR1-R,2022-09,EUR,37.28,-0.19377162629757783,-19.3772
DMP.DE,K4VMR1-R,2022-10,EUR,38.5,0.03272532188841204,3.27253
DMP.DE,K4VMR1-R,2022-11,EUR,41.6,0.08051948051948066,8.05194
DMP.DE,K4VMR1-R,2022-12,EUR,37.52,-0.09807692307692306,-9.80769
DMP.DE,K4VMR1-R,2023-01,EUR,38.06,0.014392324093816633,1.43924
DMP.DE,K4VMR1-R,2023-02,EUR,38.5,0.01156069364161838,1.15607
DMP.DE,K4VMR1-R,2023-03,EUR,37.78,-0.018701298701298663,-1.87013
ETO.L,KDMMVP-R,2018-01,GBP,3.232,,-0.706625
ETO.L,KDMMVP-R,2018-02,GBP,3.038,-0.060024752475247634,-6.00247
ETO.L,KDMMVP-R,2018-03,GBP,2.81002,-0.0750427913100723,-7.50443
ETO.L,KDMMVP-R,2018-04,GBP,2.738,-0.025629710820563645,-2.56281
ETO.L,KDMMVP-R,2018-05,GBP,3.002,0.09642074506939369,9.64208
ETO.L,KDMMVP-R,2018-06,GBP,3.678,0.22518321119253848,22.5183
ETO.L,KDMMVP-R,2018-07,GBP,3.584,-0.025557368134855873,-2.1751
ETO.L,KDMMVP-R,2018-08,GBP,3.658,0.020647321428571397,2.06474
ETO.L,KDMMVP-R,2018-09,GBP,4.132,0.12957900492072172,12.9579
ETO.L,KDMMVP-R,2018-10,GBP,4.09,-0.010164569215876051,-1.01645
ETO.L,KDMMVP-R,2018-11,GBP,3.678,-0.10073349633251827,-10.0734
ETO.L,KDMMVP-R,2018-12,GBP,3.566,-0.030451332245785778,-3.04515
ETO.L,KDMMVP-R,2019-01,GBP,3.942,0.10544026920919802,10.544
ETO.L,KDMMVP-R,2019-02,GBP,4.204,0.0664637239979704,6.64638
ETO.L,KDMMVP-R,2019-03,GBP,4.468,0.06279733587059955,6.27972
ETO.L,KDMMVP-R,2019-04,GBP,4.766,0.06669650850492381,6.66965
ETO.L,KDMMVP-R,2019-05,GBP,4.37,-0.08308854385228703,-8.30885
ETO.L,KDMMVP-R,2019-06,GBP,3.97,-0.09153318077803196,-9.15332
ETO.L,KDMMVP-R,2019-07,GBP,4.41,0.11083123425692687,11.461
ETO.L,KDMMVP-R,2019-08,GBP,5.85,0.3265306122448979,32.6531
ETO.L,KDMMVP-R,2019-09,GBP,5.66,-0.03247863247863236,-3.24788
ETO.L,KDMMVP-R,2019-10,GBP,5.565,-0.016784452296819796,-1.67843
ETO.L,KDMMVP-R,2019-11,GBP,5.56,-0.0008984725965859308,-0.08986
ETO.L,KDMMVP-R,2019-12,GBP,5.57,0.0017985611510793476,0.179863
ETO.L,KDMMVP-R,2020-01,GBP,5.44459,-0.02251526032315987,
ETO.L,KDMMVP-R,2020-02,GBP,,,
ETO.L,KDMMVP-R,2020-03,GBP,,,
ETO.L,KDMMVP-R,2020-04,GBP,,,
ETO.L,KDMMVP-R,2020-05,GBP,,,
ETO.L,KDMMVP-R,2020-06,GBP,,,
ETO.L,KDMMVP-R,2020-07,GBP,,,
ETO.L,KDMMVP-R,2020-08,GBP,,,
ETO.L,KDMMVP-R,2020-09,GBP,,,
ETO.L,KDMMVP-R,2020-10,GBP,,,
ETO.L,KDMMVP-R,2020-11,GBP,,,
ETO.L,KDMMVP-R,2020-12,GBP,,,
ETO.L,KDMMVP-R,2021-01,GBP,,,
ETO.L,KDMMVP-R,2021-02,GBP,,,
ETO.L,KDMMVP-R,2021-03,GBP,,,
ETO.L,KDMMVP-R,2021-04,GBP,,,
ETO.L,KDMMVP-R,2021-05,GBP,,,
ETO.L,KDMMVP-R,2021-06,GBP,,,
ETO.L,KDMMVP-R,2021-07,GBP,,,
ETO.L,KDMMVP-R,2021-08,GBP,,,
ETO.L,KDMMVP-R,2021-09,GBP,,,
ETO.L,KDMMVP-R,2021-10,GBP,,,
ETO.L,KDMMVP-R,2021-11,GBP,,,
ETO.L,KDMMVP-R,2021-12,GBP,,,
ETO.L,KDMMVP-R,2022-01,GBP,,,
ETO.L,KDMMVP-R,2022-02,GBP,,,
ETO.L,KDMMVP-R,2022-03,GBP,,,
ETO.L,KDMMVP-R,2022-04,GBP,,,
ETO.L,KDMMVP-R,2022-05,GBP,,,
ETO.L,KDMMVP-R,2022-06,GBP,,,
ETO.L,KDMMVP-R,2022-07,GBP,,,
ETO.L,KDMMVP-R,2022-08,GBP,,,
ETO.L,KDMMVP-R,2022-09,GBP,,,
ETO.L,KDMMVP-R,2022-10,GBP,,,
ETO.L,KDMMVP-R,2022-11,GBP,,,
ETO.L,KDMMVP-R,2022-12,GBP,,,
ETO.L,KDMMVP-R,2023-01,GBP,,,
ETO.L,KDMMVP-R,2023-02,GBP,,,
ETO.L,KDMMVP-R,2023-03,GBP,,,
6951.T,KGPLVQ-R,2018-01,JPY,1312.0,,2.66041
6951.T,KGPLVQ-R,2018-02,JPY,1778.0,0.35518292682926833,35.5183
6951.T,KGPLVQ-R,2018-03,JPY,1958.0,0.1012373453318336,10.6299
6951.T,KGPLVQ-R,2018-04,JPY,1880.0,-0.03983656792645551,-3.98366
6951.T,KGPLVQ-R,2018-05,JPY,2270.0,0.20744680851063824,20.7447
6951.T,KGPLVQ-R,2018-06,JPY,2282.0,0.00528634361233471,0.528634
6951.T,KGPLVQ-R,2018-07,JPY,2222.0,-0.0262927256792288,-2.62927
6951.T,KGPLVQ-R,2018-08,JPY,2310.0,0.03960396039603964,3.96039
6951.T,KGPLVQ-R,2018-09,JPY,2466.0,0.06753246753246755,7.14285
6951.T,KGPLVQ-R,2018-10,JPY,1856.0,-0.24736415247364152,-24.7364
6951.T,KGPLVQ-R,2018-11,JPY,1987.0,0.0705818965517242,7.05819
6951.T,KGPLVQ-R,2018-12,JPY,1657.0,-0.16607951685958733,-16.608
6951.T,KGPLVQ-R,2019-01,JPY,1973.0,0.19070609535304772,19.0706
6951.T,KGPLVQ-R,2019-02,JPY,1826.0,-0.07450582868727829,-7.45058
6951.T,KGPLVQ-R,2019-03,JPY,1992.0,0.09090909090909083,9.74808
6951.T,KGPLVQ-R,2019-04,JPY,2245.0,0.12700803212851408,12.7008
6951.T,KGPLVQ-R,2019-05,JPY,2315.0,0.031180400890868487,3.11804
6951.T,KGPLVQ-R,2019-06,JPY,2408.0,0.040172786177105735,4.01728
6951.T,KGPLVQ-R,2019-07,JPY,2459.0,0.02117940199335555,2.11794
6951.T,KGPLVQ-R,2019-08,JPY,2338.0,-0.049206994713298036,-4.9207
6951.T,KGPLVQ-R,2019-09,JPY,2563.0,0.09623609923011123,10.1369
6951.T,KGPLVQ-R,2019-10,JPY,2899.0,0.13109637143971908,13.1096
6951.T,KGPLVQ-R,2019-11,JPY,3025.0,0.043463263194204904,4.34632
6951.T,KGPLVQ-R,2019-12,JPY,3325.0,0.09917355371900816,9.91736
6951.T,KGPLVQ-R,2020-01,JPY,3590.0,0.07969924812030071,7.96993
6951.T,KGPLVQ-R,2020-02,JPY,2841.0,-0.20863509749303621,-20.8635
6951.T,KGPLVQ-R,2020-03,JPY,2637.0,-0.07180570221752902,-6.75818
6951.T,KGPLVQ-R,2020-04,JPY,3215.0,0.21918847174819867,21.9188
6951.T,KGPLVQ-R,2020-05,JPY,3220.0,0.0015552099533437946,0.15552
6951.T,KGPLVQ-R,2020-06,JPY,2987.0,-0.07236024844720501,-7.23603
6951.T,KGPLVQ-R,2020-07,JPY,2920.0,-0.022430532306662254,-2.24305
6951.T,KGPLVQ-R,2020-08,JPY,3110.0,0.06506849315068486,6.50685
6951.T,KGPLVQ-R,2020-09,JPY,3615.0,0.162379421221865,16.6238
6951.T,KGPLVQ-R,2020-10,JPY,3310.0,-0.08437067773167362,-8.43707
6951.T,KGPLVQ-R,2020-11,JPY,4095.0,0.23716012084592153,23.716
6951.T,KGPLVQ-R,2020-12,JPY,4865.0,0.18803418803418803,18.8034
6951.T,KGPLVQ-R,2021-01,JPY,4270.0,-0.12230215827338131,-12.2302
6951.T,KGPLVQ-R,2021-02,JPY,3980.0,-0.0679156908665105,-6.79157
6951.T,KGPLVQ-R,2021-03,JPY,4390.0,0.10301507537688437,10.603
6951.T,KGPLVQ-R,2021-04,JPY,6150.0,0.40091116173120733,40.0911
6951.T,KGPLVQ-R,2021-05,JPY,5620.0,-0.08617886178861789,-8.61788
6951.T,KGPLVQ-R,2021-06,JPY,6500.0,0.15658362989323837,15.6584
6951.T,KGPLVQ-R,2021-07,JPY,7090.0,0.09076923076923071,9.07692
6951.T,KGPLVQ-R,2021-08,JPY,8130.0,0.1466854724964739,14.6685
6951.T,KGPLVQ-R,2021-09,JPY,8210.0,0.009840098400984099,1.15621
6951.T,KGPLVQ-R,2021-10,JPY,8600.0,0.047503045066991545,4.7503
6951.T,KGPLVQ-R,2021-11,JPY,9470.0,0.10116279069767442,10.1163
6951.T,KGPLVQ-R,2021-12,JPY,9190.0,-0.029567053854276715,-2.95671
6951.T,KGPLVQ-R,2022-01,JPY,6150.0,-0.3307943416757345,-33.0794
6951.T,KGPLVQ-R,2022-02,JPY,6590.0,0.07154471544715446,7.15448
6951.T,KGPLVQ-R,2022-03,JPY,6870.0,0.04248861911987856,4.79515
6951.T,KGPLVQ-R,2022-04,JPY,5950.0,-0.13391557496360995,-13.3916
6951.T,KGPLVQ-R,2022-05,JPY,6300.0,0.05882352941176472,5.88236
6951.T,KGPLVQ-R,2022-06,JPY,5230.0,-0.1698412698412698,-16.9841
6951.T,KGPLVQ-R,2022-07,JPY,5990.0,0.14531548757170176,14.5316
6951.T,KGPLVQ-R,2022-08,JPY,5660.0,-0.05509181969949917,-5.50918
6951.T,KGPLVQ-R,2022-09,JPY,4755.0,-0.15989399293286222,-15.4594
6951.T,KGPLVQ-R,2022-10,JPY,5460.0,0.1482649842271293,14.8265
6951.T,KGPLVQ-R,2022-11,JPY,4560.0,-0.1648351648351648,-16.4835
6951.T,KGPLVQ-R,2022-12,JPY,3590.0,-0.21271929824561409,-21.2719
6951.T,KGPLVQ-R,2023-01,JPY,3775.0,0.051532033426183954,5.1532
6951.T,KGPLVQ-R,2023-02,JPY,4240.0,0.12317880794701996,12.3179
6951.T,KGPLVQ-R,2023-03,JPY,4245.0,0.001179245283018826,0.966978
6544.T,KGQVSF-R,2018-01,JPY,325.0,,23.9275
6544.T,KGQVSF-R,2018-02,JPY,313.625,-0.03500000000000003,-3.5
6544.T,KGQVSF-R,2018-03,JPY,287.5,-0.08330011956954964,-7.77202
6544.T,KGQVSF-R,2018-04,JPY,246.125,-0.14391304347826084,-14.3913
6544.T,KGQVSF-R,2018-05,JPY,280.0,0.13763331640426602,13.7633
6544.T,KGQVSF-R,2018-06,JPY,324.25,0.15803571428571428,15.8036
6544.T,KGQVSF-R,2018-07,JPY,348.5,0.07478797224363909,7.4788
6544.T,KGQVSF-R,2018-08,JPY,366.125,0.05057388809182206,5.05739
6544.T,KGQVSF-R,2018-09,JPY,425.0,0.16080573574598844,16.0806
6544.T,KGQVSF-R,2018-10,JPY,401.5,-0.05529411764705883,-5.52941
6544.T,KGQVSF-R,2018-11,JPY,531.25,0.32316313823163134,32.3163
6544.T,KGQVSF-R,2018-12,JPY,410.0,-0.2282352941176471,-22.8235
6544.T,KGQVSF-R,2019-01,JPY,437.5,0.06707317073170738,6.70732
6544.T,KGQVSF-R,2019-02,JPY,524.5,0.19885714285714284,19.8857
6544.T,KGQVSF-R,2019-03,JPY,562.25,0.0719733079122975,7.72164
6544.T,KGQVSF-R,2019-04,JPY,563.25,0.0017785682525566227,0.17786
6544.T,KGQVSF-R,2019-05,JPY,548.25,-0.026631158455392767,-2.66312
6544.T,KGQVSF-R,2019-06,JPY,681.75,0.2435020519835842,24.3502
6544.T,KGQVSF-R,2019-07,JPY,694.5,0.018701870187018743,1.87019
6544.T,KGQVSF-R,2019-08,JPY,637.75,-0.08171346292296622,-8.17134
6544.T,KGQVSF-R,2019-09,JPY,701.5,0.0999607996863976,9.99608
6544.T,KGQVSF-R,2019-10,JPY,733.75,0.04597291518175339,4.59729
6544.T,KGQVSF-R,2019-11,JPY,728.25,-0.007495741056218086,-0.749576
6544.T,KGQVSF-R,2019-12,JPY,685.75,-0.058359079986268436,-5.83591
6544.T,KGQVSF-R,2020-01,JPY,614.5,-0.10390083849799492,-10.3901
6544.T,KGQVSF-R,2020-02,JPY,518.5,-0.15622457282343372,-15.6225
6544.T,KGQVSF-R,2020-03,JPY,620.5,0.19672131147540983,20.54
6544.T,KGQVSF-R,2020-04,JPY,690.25,0.11240934730056407,11.2409
6544.T,KGQVSF-R,2020-05,JPY,831.25,0.20427381383556686,20.4274
6544.T,KGQVSF-R,2020-06,JPY,867.5,0.043609022556390986,4.3609
6544.T,KGQVSF-R,2020-07,JPY,876.25,0.01008645533141217,1.00864
6544.T,KGQVSF-R,2020-08,JPY,917.5,0.04707560627674745,4.70756
6544.T,KGQVSF-R,2020-09,JPY,913.75,-0.004087193460490468,-0.408721
6544.T,KGQVSF-R,2020-10,JPY,1002.5,0.09712722298221621,9.71272
6544.T,KGQVSF-R,2020-11,JPY,1216.25,0.21321695760598502,21.3217
6544.T,KGQVSF-R,2020-12,JPY,1312.0,0.07872559095580689,7.87256
6544.T,KGQVSF-R,2021-01,JPY,1236.0,-0.057926829268292734,-5.79268
6544.T,KGQVSF-R,2021-02,JPY,1058.5,-0.14360841423948223,-14.3608
6544.T,KGQVSF-R,2021-03,JPY,1190.0,0.12423240434577232,12.9901
6544.T,KGQVSF-R,2021-04,JPY,1098.0,-0.07731092436974785,-7.73109
6544.T,KGQVSF-R,2021-05,JPY,1148.0,0.04553734061930781,4.55374
6544.T,KGQVSF-R,2021-06,JPY,1291.0,0.12456445993031351,12.4564
6544.T,KGQVSF-R,2021-07,JPY,1258.0,-0.025561580170410547,-2.55616
6544.T,KGQVSF-R,2021-08,JPY,1450.5,0.15302066772654999,15.3021
6544.T,KGQVSF-R,2021-09,JPY,1288.0,-0.11203033436745946,-11.203
6544.T,KGQVSF-R,2021-10,JPY,1233.0,-0.04270186335403725,-4.27018
6544.T,KGQVSF-R,2021-11,JPY,1062.5,-0.1382806163828062,-13.8281
6544.T,KGQVSF-R,2021-12,JPY,1074.0,0.010823529411764676,1.08235
6544.T,KGQVSF-R,2022-01,JPY,815.5,-0.2406890130353817,-24.0689
6544.T,KGQVSF-R,2022-02,JPY,746.0,-0.08522378908645001,-8.52238
6544.T,KGQVSF-R,2022-03,JPY,799.5,0.07171581769436997,8.10992
6544.T,KGQVSF-R,2022-04,JPY,857.0,0.07191994996873041,7.19199
6544.T,KGQVSF-R,2022-05,JPY,763.5,-0.10910151691948655,-10.9102
6544.T,KGQVSF-R,2022-06,JPY,706.0,-0.07531106745252125,-7.53111
6544.T,KGQVSF-R,2022-07,JPY,790.0,0.11898016997167149,11.898
6544.T,KGQVSF-R,2022-08,JPY,939.5,0.18924050632911382,18.924
6544.T,KGQVSF-R,2022-09,JPY,947.5,0.00851516764236293,0.851512
6544.T,KGQVSF-R,2022-10,JPY,879.0,-0.07229551451187333,-7.22955
6544.T,KGQVSF-R,2022-11,JPY,871.0,-0.009101251422070522,-0.910127
6544.T,KGQVSF-R,2022-12,JPY,827.0,-0.05051664753157292,-5.05167
6544.T,KGQVSF-R,2023-01,JPY,909.5,0.09975816203143895,9.97582
6544.T,KGQVSF-R,2023-02,JPY,997.5,0.09675645959318313,9.67565
6544.T,KGQVSF-R,2023-03,JPY,1074.0,0.07669172932330826,8.52131
6857.T,KL74SJ-R,2018-01,JPY,580.5,,11.0474
6857.T,KL74SJ-R,2018-02,JPY,566.75,-0.023686477174849285,-2.36865
6857.T,KL74SJ-R,2018-03,JPY,557.25,-0.01676224084693423,-0.661665
6857.T,KL74SJ-R,2018-04,JPY,655.0,0.17541498429789137,17.5415
6857.T,KL74SJ-R,2018-05,JPY,639.25,-0.024045801526717536,-2.40458
6857.T,KL74SJ-R,2018-06,JPY,577.0,-0.09737974188502152,-9.73797
6857.T,KL74SJ-R,2018-07,JPY,661.0,0.14558058925476614,14.5581
6857.T,KL74SJ-R,2018-08,JPY,666.0,0.0075642965204236745,0.756431
6857.T,KL74SJ-R,2018-09,JPY,598.25,-0.10172672672672678,-8.2958
6857.T,KL74SJ-R,2018-10,JPY,520.25,-0.13038027580442957,-13.038
6857.T,KL74SJ-R,2018-11,JPY,609.0,0.1705910619894282,17.0591
6857.T,KL74SJ-R,2018-12,JPY,561.0,-0.0788177339901478,-7.88177
6857.T,KL74SJ-R,2019-01,JPY,618.25,0.10204991087344029,10.205
6857.T,KL74SJ-R,2019-02,JPY,657.25,0.06308127780024253,6.30813
6857.T,KL74SJ-R,2019-03,JPY,643.25,-0.021300874857360208,-0.53252
6857.T,KL74SJ-R,2019-04,JPY,785.0,0.22036533229692967,22.0365
6857.T,KL74SJ-R,2019-05,JPY,637.75,-0.18757961783439492,-18.758
6857.T,KL74SJ-R,2019-06,JPY,741.25,0.16228929831438643,16.2289
6857.T,KL74SJ-R,2019-07,JPY,1067.5,0.4401349072512648,44.0135
6857.T,KL74SJ-R,2019-08,JPY,1091.25,0.022248243559718883,2.22483
6857.T,KL74SJ-R,2019-09,JPY,1193.75,0.09392898052691878,10.3322
6857.T,KL74SJ-R,2019-10,JPY,1236.25,0.03560209424083771,3.56021
6857.T,KL74SJ-R,2019-11,JPY,1337.5,0.08190091001011113,8.1901
6857.T,KL74SJ-R,2019-12,JPY,1540.0,0.15140186915887854,15.1402
6857.T,KL74SJ-R,2020-01,JPY,1467.5,-0.04707792207792205,-4.70779
6857.T,KL74SJ-R,2020-02,JPY,1228.75,-0.16269165247018735,-16.2692
6857.T,KL74SJ-R,2020-03,JPY,1085.0,-0.11698880976602233,-10.8647
6857.T,KL74SJ-R,2020-04,JPY,1317.5,0.2142857142857142,21.4286
6857.T,KL74SJ-R,2020-05,JPY,1330.0,0.009487666034155628,0.948763
6857.T,KL74SJ-R,2020-06,JPY,1530.0,0.15037593984962405,15.0376
6857.T,KL74SJ-R,2020-07,JPY,1425.0,-0.06862745098039214,-6.86275
6857.T,KL74SJ-R,2020-08,JPY,1267.5,-0.1105263157894737,-11.0526
6857.T,KL74SJ-R,2020-09,JPY,1272.5,0.0039447731755424265,1.14398
6857.T,KL74SJ-R,2020-10,JPY,1507.5,0.18467583497053042,18.4676
6857.T,KL74SJ-R,2020-11,JPY,1815.0,0.20398009950248763,20.398
6857.T,KL74SJ-R,2020-12,JPY,1932.5,0.06473829201101933,6.47383
6857.T,KL74SJ-R,2021-01,JPY,2072.5,0.07244501940491599,7.2445
6857.T,KL74SJ-R,2021-02,JPY,2187.5,0.055488540410132625,5.54886
6857.T,KL74SJ-R,2021-03,JPY,2420.0,0.10628571428571432,11.4286
6857.T,KL74SJ-R,2021-04,JPY,2595.0,0.0723140495867769,7.2314
6857.T,KL74SJ-R,2021-05,JPY,2472.5,-0.047206165703275516,-4.72062
6857.T,KL74SJ-R,2021-06,JPY,2502.5,0.01213346814964611,1.21335
6857.T,KL74SJ-R,2021-07,JPY,2402.5,-0.03996003996003994,-3.996
6857.T,KL74SJ-R,2021-08,JPY,2380.0,-0.009365244536940653,-0.936526
6857.T,KL74SJ-R,2021-09,JPY,2507.5,0.0535714285714286,5.88236
6857.T,KL74SJ-R,2021-10,JPY,2332.5,-0.06979062811565306,-6.97906
6857.T,KL74SJ-R,2021-11,JPY,2497.5,0.07073954983922826,7.07395
6857.T,KL74SJ-R,2021-12,JPY,2725.0,0.09109109109109115,9.1091
6857.T,KL74SJ-R,2022-01,JPY,2392.5,-0.12201834862385319,-12.2018
6857.T,KL74SJ-R,2022-02,JPY,2267.5,-0.05224660397074188,-5.22466
6857.T,KL74SJ-R,2022-03,JPY,2417.5,0.06615214994487317,7.38699
6857.T,KL74SJ-R,2022-04,JPY,2247.5,-0.07032057911065148,-7.03206
6857.T,KL74SJ-R,2022-05,JPY,2225.0,-0.010011123470522798,-1.00111
6857.T,KL74SJ-R,2022-06,JPY,1815.0,-0.18426966292134828,-18.427
6857.T,KL74SJ-R,2022-07,JPY,1962.5,0.08126721763085398,8.12672
6857.T,KL74SJ-R,2022-08,JPY,2000.0,0.019108280254777066,1.91083
6857.T,KL74SJ-R,2022-09,JPY,1675.0,-0.16249999999999998,-15.4375
6857.T,KL74SJ-R,2022-10,JPY,1965.0,0.17313432835820897,17.3134
6857.T,KL74SJ-R,2022-11,JPY,2282.5,0.16157760814249356,16.1578
6857.T,KL74SJ-R,2022-12,JPY,2120.0,-0.07119386637458924,-7.11939
6857.T,KL74SJ-R,2023-01,JPY,2300.0,0.08490566037735858,8.49056
6857.T,KL74SJ-R,2023-02,JPY,2702.5,0.17500000000000004,17.5
6857.T,KL74SJ-R,2023-03,JPY,3040.0,0.12488436632747457,13.136
UCB.BR,KNHDSG-R,2018-01,EUR,70.2,,6.07433
UCB.BR,KNHDSG-R,2018-02,EUR,68.08,-0.030199430199430277,-3.01994
UCB.BR,KNHDSG-R,2018-03,EUR,66.18,-0.027908343125734314,-2.79084
UCB.BR,KNHDSG-R,2018-04,EUR,62.76,-0.05167724388032646,-3.91961
UCB.BR,KNHDSG-R,2018-05,EUR,67.5,0.07552581261950286,7.55259
UCB.BR,KNHDSG-R,2018-06,EUR,67.34,-0.002370370370370356,-0.237042
UCB.BR,KNHDSG-R,2018-07,EUR,73.46,0.09088209088209065,9.08822
UCB.BR,KNHDSG-R,2018-08,EUR,78.76,0.07214810781377645,7.21482
UCB.BR,KNHDSG-R,2018-09,EUR,77.4,-0.017267648552564796,-1.72676
UCB.BR,KNHDSG-R,2018-10,EUR,74.18,-0.04160206718346249,-4.16021
UCB.BR,KNHDSG-R,2018-11,EUR,74.24,0.0008088433540036633,0.0808835
UCB.BR,KNHDSG-R,2018-12,EUR,71.3,-0.03960129310344829,-3.96012
UCB.BR,KNHDSG-R,2019-01,EUR,75.64,0.0608695652173914,6.08695
UCB.BR,KNHDSG-R,2019-02,EUR,73.68,-0.025912215758857715,-2.59122
UCB.BR,KNHDSG-R,2019-03,EUR,76.56,0.039087947882736174,3.90879
UCB.BR,KNHDSG-R,2019-04,EUR,70.72,-0.0762800417972832,-6.52168
UCB.BR,KNHDSG-R,2019-05,EUR,68.48,-0.03167420814479627,-3.16742
UCB.BR,KNHDSG-R,2019-06,EUR,72.92,0.06483644859813076,6.48364
UCB.BR,KNHDSG-R,2019-07,EUR,70.62,-0.031541415249588534,-3.15413
UCB.BR,KNHDSG-R,2019-08,EUR,67.94,-0.037949589351458646,-3.79496
UCB.BR,KNHDSG-R,2019-09,EUR,66.6,-0.019723285251692757,-1.97234
UCB.BR,KNHDSG-R,2019-10,EUR,72.26,0.08498498498498508,8.4985
UCB.BR,KNHDSG-R,2019-11,EUR,73.56,0.0179905895377801,1.79905
UCB.BR,KNHDSG-R,2019-12,EUR,70.9,-0.0361609570418705,-3.61609
UCB.BR,KNHDSG-R,2020-01,EUR,83.08,0.1717912552891394,17.1791
UCB.BR,KNHDSG-R,2020-02,EUR,83.56,0.005777563793933682,0.577748
UCB.BR,KNHDSG-R,2020-03,EUR,79.0,-0.054571565342269035,-5.45715
UCB.BR,KNHDSG-R,2020-04,EUR,83.54,0.05746835443037979,5.74684
UCB.BR,KNHDSG-R,2020-05,EUR,90.0,0.07732822599952116,8.77184
UCB.BR,KNHDSG-R,2020-06,EUR,103.1,0.14555555555555544,14.5556
UCB.BR,KNHDSG-R,2020-07,EUR,108.85,0.055771096023278455,5.57711
UCB.BR,KNHDSG-R,2020-08,EUR,99.52,-0.08571428571428574,-8.57143
UCB.BR,KNHDSG-R,2020-09,EUR,97.0,-0.025321543408360125,-2.53215
UCB.BR,KNHDSG-R,2020-10,EUR,84.7,-0.1268041237113402,-12.6804
UCB.BR,KNHDSG-R,2020-11,EUR,89.56,0.05737898465171187,5.7379
UCB.BR,KNHDSG-R,2020-12,EUR,84.48,-0.05672175078159891,-5.67217
UCB.BR,KNHDSG-R,2021-01,EUR,85.52,0.012310606060605966,1.23105
UCB.BR,KNHDSG-R,2021-02,EUR,82.44,-0.03601496725912068,-3.60149
UCB.BR,KNHDSG-R,2021-03,EUR,81.12,-0.01601164483260542,-1.60117
UCB.BR,KNHDSG-R,2021-04,EUR,77.06,-0.05004930966469434,-3.90903
UCB.BR,KNHDSG-R,2021-05,EUR,76.52,-0.007007526602647363,-0.700754
UCB.BR,KNHDSG-R,2021-06,EUR,88.16,0.15211709357030845,15.2117
UCB.BR,KNHDSG-R,2021-07,EUR,91.2,0.034482758620689724,3.44827
UCB.BR,KNHDSG-R,2021-08,EUR,96.88,0.062280701754385825,6.22807
UCB.BR,KNHDSG-R,2021-09,EUR,96.8,-0.0008257638315442017,-0.0825703
UCB.BR,KNHDSG-R,2021-10,EUR,103.1,0.0650826446280992,6.50826
UCB.BR,KNHDSG-R,2021-11,EUR,96.14,-0.06750727449078564,-6.75073
UCB.BR,KNHDSG-R,2021-12,EUR,100.35,0.043790305804035645,4.37903
UCB.BR,KNHDSG-R,2022-01,EUR,88.02,-0.12286995515695065,-12.287
UCB.BR,KNHDSG-R,2022-02,EUR,97.7,0.10997500568052732,10.9975
UCB.BR,KNHDSG-R,2022-03,EUR,108.45,0.11003070624360278,11.0031
UCB.BR,KNHDSG-R,2022-04,EUR,108.4,-0.0004610419548178868,0.793004
UCB.BR,KNHDSG-R,2022-05,EUR,82.16,-0.2420664206642067,-24.2066
UCB.BR,KNHDSG-R,2022-06,EUR,80.64,-0.01850048685491723,-1.85006
UCB.BR,KNHDSG-R,2022-07,EUR,76.3,-0.05381944444444453,-5.38194
UCB.BR,KNHDSG-R,2022-08,EUR,70.1,-0.0812581913499345,-8.12582
UCB.BR,KNHDSG-R,2022-09,EUR,71.12,0.014550641940085818,1.45507
UCB.BR,KNHDSG-R,2022-10,EUR,76.32,0.07311586051743513,7.31158
UCB.BR,KNHDSG-R,2022-11,EUR,76.78,0.006027253668763111,0.602722
UCB.BR,KNHDSG-R,2022-12,EUR,73.56,-0.041938004688721,-4.1938
UCB.BR,KNHDSG-R,2023-01,EUR,75.38,0.024741707449700723,2.47417
UCB.BR,KNHDSG-R,2023-02,EUR,81.38,0.07959671000265334,7.95968
UCB.BR,KNHDSG-R,2023-03,EUR,82.44,0.01302531334480217,1.30254
NTDOY,KRR3VZ-R,2018-01,USD,11.416,,26.6472
NTDOY,KRR3VZ-R,2018-02,USD,11.41,-0.0005255781359495559,-0.0525653
NTDOY,KRR3VZ-R,2018-03,USD,11.102,-0.026993865030674802,-1.98069
NTDOY,KRR3VZ-R,2018-04,USD,10.496,-0.05458475950279229,-5.45846
NTDOY,KRR3VZ-R,2018-05,USD,10.208,-0.027439024390243927,-2.74392
NTDOY,KRR3VZ-R,2018-06,USD,8.158,-0.20082288401253923,-20.0823
NTDOY,KRR3VZ-R,2018-07,USD,8.534,0.04608972787447918,4.60898
NTDOY,KRR3VZ-R,2018-08,USD,8.99,0.05343332552144364,5.34334
NTDOY,KRR3VZ-R,2018-09,USD,9.093,0.011457174638487277,1.4486
NTDOY,KRR3VZ-R,2018-10,USD,7.826,-0.13933795227097767,-13.9338
NTDOY,KRR3VZ-R,2018-11,USD,7.574,-0.03220035778175312,-3.22004
NTDOY,KRR3VZ-R,2018-12,USD,6.62,-0.1259572220755215,-12.5957
NTDOY,KRR3VZ-R,2019-01,USD,7.448,0.12507552870090644,12.5076
NTDOY,KRR3VZ-R,2019-02,USD,6.85,-0.08029001074113862,-8.029
NTDOY,KRR3VZ-R,2019-03,USD,7.174,0.04729927007299284,6.42186
NTDOY,KRR3VZ-R,2019-04,USD,8.616,0.2010036241984945,20.1004
NTDOY,KRR3VZ-R,2019-05,USD,8.827,0.02448932219127209,2.44893
NTDOY,KRR3VZ-R,2019-06,USD,9.154,0.03704542879800621,3.70455
NTDOY,KRR3VZ-R,2019-07,USD,9.238,0.009176316364430726,0.917625
NTDOY,KRR3VZ-R,2019-08,USD,9.45,0.02294869019268231,2.29486
NTDOY,KRR3VZ-R,2019-09,USD,9.326,-0.013121693121692979,-0.83642
NTDOY,KRR3VZ-R,2019-10,USD,9.304,-0.0023589963542783865,-0.235903
NTDOY,KRR3VZ-R,2019-11,USD,9.678,0.04019776440240763,4.01979
NTDOY,KRR3VZ-R,2019-12,USD,9.98,0.03120479437900392,3.12047
NTDOY,KRR3VZ-R,2020-01,USD,9.18,-0.08016032064128265,-8.01603
NTDOY,KRR3VZ-R,2020-02,USD,8.396,-0.08540305010893234,-8.54031
NTDOY,KRR3VZ-R,2020-03,USD,9.656,0.15007146260123871,16.8114
NTDOY,KRR3VZ-R,2020-04,USD,10.288,0.06545153272576631,6.54517
NTDOY,KRR3VZ-R,2020-05,USD,10.168,-0.011664074650077905,-1.16643
NTDOY,KRR3VZ-R,2020-06,USD,11.18,0.09952793076317867,9.9528
NTDOY,KRR3VZ-R,2020-07,USD,11.002,-0.01592128801431114,-1.59214
NTDOY,KRR3VZ-R,2020-08,USD,13.474,0.2246864206507908,22.4686
NTDOY,KRR3VZ-R,2020-09,USD,14.18,0.052397209440403714,6.38592
NTDOY,KRR3VZ-R,2020-10,USD,13.546,-0.04471086036671368,-4.47109
NTDOY,KRR3VZ-R,2020-11,USD,14.19,0.047541709729809645,4.75417
NTDOY,KRR3VZ-R,2020-12,USD,16.104,0.1348837209302325,13.4884
NTDOY,KRR3VZ-R,2021-01,USD,14.454,-0.10245901639344257,-10.2459
NTDOY,KRR3VZ-R,2021-02,USD,15.424,0.06710945067109453,6.71093
NTDOY,KRR3VZ-R,2021-03,USD,14.16,-0.0819502074688796,-6.50709
NTDOY,KRR3VZ-R,2021-04,USD,14.378,0.0153954802259888,1.53955
NTDOY,KRR3VZ-R,2021-05,USD,15.464,0.07553206287383496,7.55321
NTDOY,KRR3VZ-R,2021-06,USD,14.506,-0.06195033626487323,-6.19503
NTDOY,KRR3VZ-R,2021-07,USD,12.85,-0.11415965807252171,-11.416
NTDOY,KRR3VZ-R,2021-08,USD,12.016,-0.06490272373540851,-6.49028
NTDOY,KRR3VZ-R,2021-09,USD,11.85,-0.013814913448735089,-0.498974
NTDOY,KRR3VZ-R,2021-10,USD,11.05,-0.0675105485232067,-6.75106
NTDOY,KRR3VZ-R,2021-11,USD,11.016,-0.003076923076923088,-0.307697
NTDOY,KRR3VZ-R,2021-12,USD,11.674,0.059731299927378245,5.97312
NTDOY,KRR3VZ-R,2022-01,USD,12.22,0.04677060133630295,4.67707
NTDOY,KRR3VZ-R,2022-02,USD,12.714,0.04042553191489362,4.04255
NTDOY,KRR3VZ-R,2022-03,USD,12.582,-0.010382255781028804,0.609148
NTDOY,KRR3VZ-R,2022-04,USD,11.396,-0.09426164361786682,-9.42616
NTDOY,KRR3VZ-R,2022-05,USD,11.12,-0.024219024219024332,-2.4219
NTDOY,KRR3VZ-R,2022-06,USD,10.764,-0.03201438848920868,-3.20144
NTDOY,KRR3VZ-R,2022-07,USD,11.2,0.04050538833147521,4.05054
NTDOY,KRR3VZ-R,2022-08,USD,10.22,-0.08749999999999991,-8.75
NTDOY,KRR3VZ-R,2022-09,USD,10.194,-0.0025440313111545487,0.597262
NTDOY,KRR3VZ-R,2022-10,USD,10.12,-0.007259172061997443,-0.725919
NTDOY,KRR3VZ-R,2022-11,USD,10.73,0.06027667984189744,6.02766
NTDOY,KRR3VZ-R,2022-12,USD,10.42,-0.028890959925442772,-2.88909
NTDOY,KRR3VZ-R,2023-01,USD,10.77,0.03358925143953928,3.35892
NTDOY,KRR3VZ-R,2023-02,USD,9.33,-0.13370473537604455,-13.3705
NTDOY,KRR3VZ-R,2023-03,USD,9.69,0.03858520900321527,5.4879
DIA.MI,KXDF6J-R,2018-01,EUR,77.95,,5.33783
DIA.MI,KXDF6J-R,2018-02,EUR,67.45,-0.13470173187940992,-13.4702
DIA.MI,KXDF6J-R,2018-03,EUR,73.1,0.08376575240919193,8.37657
DIA.MI,KXDF6J-R,2018-04,EUR,78.35,0.07181942544459652,7.18194
DIA.MI,KXDF6J-R,2018-05,EUR,82.6,0.054243777919591674,6.50926
DIA.MI,KXDF6J-R,2018-06,EUR,97.7,0.1828087167070218,18.2809
DIA.MI,KXDF6J-R,2018-07,EUR,91.8,-0.060388945752303025,-6.03889
DIA.MI,KXDF6J-R,2018-08,EUR,93.8,0.02178649237472774,2.17865
DIA.MI,KXDF6J-R,2018-09,EUR,90.6,-0.034115138592750616,-3.41152
DIA.MI,KXDF6J-R,2018-10,EUR,83.8,-0.07505518763796903,-7.50551
DIA.MI,KXDF6J-R,2018-11,EUR,75.1,-0.10381861575178997,-10.3819
DIA.MI,KXDF6J-R,2018-12,EUR,70.7,-0.05858854860186402,-5.85886
DIA.MI,KXDF6J-R,2019-01,EUR,79.95,0.13083451202263086,13.0834
DIA.MI,KXDF6J-R,2019-02,EUR,86.25,0.07879924953095685,7.87993
DIA.MI,KXDF6J-R,2019-03,EUR,89.7,0.040000000000000036,4.0
DIA.MI,KXDF6J-R,2019-04,EUR,87.1,-0.02898550724637694,-2.89855
DIA.MI,KXDF6J-R,2019-05,EUR,91.55,0.05109070034443164,6.14238
DIA.MI,KXDF6J-R,2019-06,EUR,102.1,0.11523757509557608,11.5237
DIA.MI,KXDF6J-R,2019-07,EUR,105.0,0.028403525954946218,2.84035
DIA.MI,KXDF6J-R,2019-08,EUR,107.7,0.0257142857142858,2.57143
DIA.MI,KXDF6J-R,2019-09,EUR,106.7,-0.00928505106778088,-0.928503
DIA.MI,KXDF6J-R,2019-10,EUR,101.0,-0.0534208059981256,-5.34208
DIA.MI,KXDF6J-R,2019-11,EUR,121.3,0.20099009900990095,20.099
DIA.MI,KXDF6J-R,2019-12,EUR,115.4,-0.048639736191261274,-4.86398
DIA.MI,KXDF6J-R,2020-01,EUR,111.0,-0.03812824956672445,-3.81283
DIA.MI,KXDF6J-R,2020-02,EUR,102.5,-0.07657657657657657,-7.65766
DIA.MI,KXDF6J-R,2020-03,EUR,120.7,0.17756097560975603,17.7561
DIA.MI,KXDF6J-R,2020-04,EUR,155.3,0.2866611433305717,28.6661
DIA.MI,KXDF6J-R,2020-05,EUR,188.5,0.21377978106889883,21.378
DIA.MI,KXDF6J-R,2020-06,EUR,170.4,-0.09602122015915115,-9.09815
DIA.MI,KXDF6J-R,2020-07,EUR,166.0,-0.025821596244131495,-2.58216
DIA.MI,KXDF6J-R,2020-08,EUR,151.5,-0.08734939759036142,-8.73494
DIA.MI,KXDF6J-R,2020-09,EUR,171.9,0.13465346534653477,13.4653
DIA.MI,KXDF6J-R,2020-10,EUR,188.5,0.09656777196044208,9.65679
DIA.MI,KXDF6J-R,2020-11,EUR,176.6,-0.0631299734748011,-6.313
DIA.MI,KXDF6J-R,2020-12,EUR,170.1,-0.03680634201585509,-3.68063
DIA.MI,KXDF6J-R,2021-01,EUR,180.6,0.06172839506172845,6.17284
DIA.MI,KXDF6J-R,2021-02,EUR,162.4,-0.10077519379844957,-10.0775
DIA.MI,KXDF6J-R,2021-03,EUR,136.8,-0.15763546798029549,-15.7635
DIA.MI,KXDF6J-R,2021-04,EUR,141.25,0.032529239766081686,3.25292
DIA.MI,KXDF6J-R,2021-05,EUR,144.65,0.024070796460176958,3.11503
DIA.MI,KXDF6J-R,2021-06,EUR,159.5,0.10266159695817478,10.2662
DIA.MI,KXDF6J-R,2021-07,EUR,171.15,0.0730407523510972,7.30407
DIA.MI,KXDF6J-R,2021-08,EUR,193.25,0.12912649722465663,12.9127
DIA.MI,KXDF6J-R,2021-09,EUR,181.35,-0.061578266494178524,-6.15782
DIA.MI,KXDF6J-R,2021-10,EUR,195.35,0.0771987868762063,7.71987
DIA.MI,KXDF6J-R,2021-11,EUR,188.75,-0.03378551318146916,-3.37855
DIA.MI,KXDF6J-R,2021-12,EUR,167.45,-0.11284768211920537,-11.2848
DIA.MI,KXDF6J-R,2022-01,EUR,136.9,-0.18244252015527018,-18.2443
DIA.MI,KXDF6J-R,2022-02,EUR,133.65,-0.023739956172388554,-2.37399
DIA.MI,KXDF6J-R,2022-03,EUR,141.9,0.06172839506172845,6.17284
DIA.MI,KXDF6J-R,2022-04,EUR,125.05,-0.11874559548978159,-11.8746
DIA.MI,KXDF6J-R,2022-05,EUR,122.5,-0.020391843262694942,-1.19952
DIA.MI,KXDF6J-R,2022-06,EUR,125.2,0.022040816326530654,2.20408
DIA.MI,KXDF6J-R,2022-07,EUR,135.6,0.08306709265175716,8.30672
DIA.MI,KXDF6J-R,2022-08,EUR,130.95,-0.034292035398230114,-3.42921
DIA.MI,KXDF6J-R,2022-09,EUR,114.8,-0.12332951508209233,-12.3329
DIA.MI,KXDF6J-R,2022-10,EUR,132.3,0.15243902439024404,15.2439
DIA.MI,KXDF6J-R,2022-11,EUR,126.95,-0.04043839758125478,-4.04384
DIA.MI,KXDF6J-R,2022-12,EUR,130.4,0.027176053564395453,2.7176
DIA.MI,KXDF6J-R,2023-01,EUR,119.25,-0.08550613496932524,-8.55061
DIA.MI,KXDF6J-R,2023-02,EUR,114.15,-0.04276729559748427,-4.27673
DIA.MI,KXDF6J-R,2023-03,EUR,97.06,-0.14971528690319758,-14.9715
UMI.BR,L1YNFY-R,2018-01,EUR,42.36,,7.36282
UMI.BR,L1YNFY-R,2018-02,EUR,46.52,0.09820585457979236,9.82058
UMI.BR,L1YNFY-R,2018-03,EUR,42.93,-0.07717110920034398,-7.71711
UMI.BR,L1YNFY-R,2018-04,EUR,46.26,0.07756813417190767,8.36826
UMI.BR,L1YNFY-R,2018-05,EUR,48.4,0.046260268050151376,4.62604
UMI.BR,L1YNFY-R,2018-06,EUR,49.15,0.015495867768595017,1.54959
UMI.BR,L1YNFY-R,2018-07,EUR,50.0,0.01729399796541209,1.72939
UMI.BR,L1YNFY-R,2018-08,EUR,48.04,-0.03920000000000001,-3.43
UMI.BR,L1YNFY-R,2018-09,EUR,48.17,0.0027060782681098683,0.270605
UMI.BR,L1YNFY-R,2018-10,EUR,41.59,-0.13659954328420176,-13.6599
UMI.BR,L1YNFY-R,2018-11,EUR,38.32,-0.07862466939168078,-7.86247
UMI.BR,L1YNFY-R,2018-12,EUR,34.86,-0.09029227557411279,-9.02923
UMI.BR,L1YNFY-R,2019-01,EUR,36.85,0.057085484796328245,5.70854
UMI.BR,L1YNFY-R,2019-02,EUR,38.0,0.031207598371777445,3.12077
UMI.BR,L1YNFY-R,2019-03,EUR,39.59,0.0418421052631579,4.18421
UMI.BR,L1YNFY-R,2019-04,EUR,34.5,-0.12856782015660528,-12.1495
UMI.BR,L1YNFY-R,2019-05,EUR,26.7,-0.22608695652173916,-22.6087
UMI.BR,L1YNFY-R,2019-06,EUR,28.2,0.05617977528089879,5.61798
UMI.BR,L1YNFY-R,2019-07,EUR,28.44,0.008510638297872353,0.851059
UMI.BR,L1YNFY-R,2019-08,EUR,28.97,0.01863572433192684,2.78656
UMI.BR,L1YNFY-R,2019-09,EUR,34.63,0.1953745253710737,19.5375
UMI.BR,L1YNFY-R,2019-10,EUR,36.97,0.06757146982385209,6.75715
UMI.BR,L1YNFY-R,2019-11,EUR,38.98,0.05436840681633748,5.43684
UMI.BR,L1YNFY-R,2019-12,EUR,43.36,0.11236531554643414,11.2365
UMI.BR,L1YNFY-R,2020-01,EUR,41.57,-0.04128228782287824,-4.12823
UMI.BR,L1YNFY-R,2020-02,EUR,37.77,-0.09141207601635792,-9.14121
UMI.BR,L1YNFY-R,2020-03,EUR,31.85,-0.156738151972465,-15.6738
UMI.BR,L1YNFY-R,2020-04,EUR,39.41,0.23736263736263719,23.7363
UMI.BR,L1YNFY-R,2020-05,EUR,39.84,0.010910936310581265,1.0911
UMI.BR,L1YNFY-R,2020-06,EUR,41.91,0.051957831325301074,5.19578
UMI.BR,L1YNFY-R,2020-07,EUR,39.94,-0.04700548795036985,-4.70055
UMI.BR,L1YNFY-R,2020-08,EUR,38.49,-0.036304456685027464,-3.19228
UMI.BR,L1YNFY-R,2020-09,EUR,35.55,-0.07638347622759167,-7.63835
UMI.BR,L1YNFY-R,2020-10,EUR,33.04,-0.070604781997187,-7.06047
UMI.BR,L1YNFY-R,2020-11,EUR,37.57,0.13710653753026647,13.7107
UMI.BR,L1YNFY-R,2020-12,EUR,39.29,0.04578120841096611,4.57813
UMI.BR,L1YNFY-R,2021-01,EUR,46.77,0.1903792313565793,19.0379
UMI.BR,L1YNFY-R,2021-02,EUR,48.66,0.04041051956382291,4.04105
UMI.BR,L1YNFY-R,2021-03,EUR,45.23,-0.0704891080969996,-7.04891
UMI.BR,L1YNFY-R,2021-04,EUR,50.56,0.11784214017245209,11.7842
UMI.BR,L1YNFY-R,2021-05,EUR,49.07,-0.029469936708860778,-2.25475
UMI.BR,L1YNFY-R,2021-06,EUR,51.5,0.049521092317098114,4.95211
UMI.BR,L1YNFY-R,2021-07,EUR,52.28,0.015145631067961185,1.51457
UMI.BR,L1YNFY-R,2021-08,EUR,55.74,0.06618209640397854,6.95295
UMI.BR,L1YNFY-R,2021-09,EUR,51.24,-0.08073196986006459,-8.0732
UMI.BR,L1YNFY-R,2021-10,EUR,49.58,-0.032396565183450465,-3.23966
UMI.BR,L1YNFY-R,2021-11,EUR,43.01,-0.1325131101250504,-13.2513
UMI.BR,L1YNFY-R,2021-12,EUR,35.75,-0.16879795396419428,-16.8798
UMI.BR,L1YNFY-R,2022-01,EUR,33.42,-0.06517482517482509,-6.51749
UMI.BR,L1YNFY-R,2022-02,EUR,36.69,0.09784560143626564,9.78457
UMI.BR,L1YNFY-R,2022-03,EUR,39.36,0.07277187244480787,7.27719
UMI.BR,L1YNFY-R,2022-04,EUR,36.93,-0.06173780487804881,-6.17378
UMI.BR,L1YNFY-R,2022-05,EUR,41.39,0.12076902247495269,13.1194
UMI.BR,L1YNFY-R,2022-06,EUR,33.32,-0.19497463155351535,-19.4975
UMI.BR,L1YNFY-R,2022-07,EUR,35.36,0.061224489795918435,6.12245
UMI.BR,L1YNFY-R,2022-08,EUR,31.75,-0.10209276018099545,-9.71437
UMI.BR,L1YNFY-R,2022-09,EUR,30.13,-0.05102362204724409,-5.10237
UMI.BR,L1YNFY-R,2022-10,EUR,33.35,0.10687022900763377,10.687
UMI.BR,L1YNFY-R,2022-11,EUR,34.2,0.025487256371814038,2.54873
UMI.BR,L1YNFY-R,2022-12,EUR,34.32,0.0035087719298245723,0.350869
UMI.BR,L1YNFY-R,2023-01,EUR,34.63,0.009032634032634101,0.903273
UMI.BR,L1YNFY-R,2023-02,EUR,31.57,-0.08836269130811436,-8.83628
UMI.BR,L1YNFY-R,2023-03,EUR,31.21,-0.011403230915426055,-1.14033
BB,L8N0YK-R,2018-01,USD,12.7155,,13.4749
BB,L8N0YK-R,2018-02,USD,12.1512,-0.04437890763241725,-4.43745
BB,L8N0YK-R,2018-03,USD,11.4874,-0.05462834946342754,-5.46352
BB,L8N0YK-R,2018-04,USD,10.484,-0.08734787680415057,-8.73423
BB,L8N0YK-R,2018-05,USD,11.8332,0.1286913391835176,12.8686
BB,L8N0YK-R,2018-06,USD,9.63929,-0.18540293411756747,-18.5402
BB,L8N0YK-R,2018-07,USD,9.80799,0.017501288995351194,1.75014
BB,L8N0YK-R,2018-08,USD,10.6522,0.08607370113550283,8.6079
BB,L8N0YK-R,2018-09,USD,11.3105,0.061799440491165925,6.1798
BB,L8N0YK-R,2018-10,USD,9.25186,-0.1820114053313292,-18.2014
BB,L8N0YK-R,2018-11,USD,8.7879,-0.05014775407323502,-5.01472
BB,L8N0YK-R,2018-12,USD,7.10939,-0.19100240102868715,-19.1003
BB,L8N0YK-R,2019-01,USD,8.05604,0.13315488389299213,13.3156
BB,L8N0YK-R,2019-02,USD,8.68641,0.07824812190604824,7.82477
BB,L8N0YK-R,2019-03,USD,10.0827,0.1607441969697494,16.0746
BB,L8N0YK-R,2019-04,USD,9.13619,-0.09387465659000083,-9.38759
BB,L8N0YK-R,2019-05,USD,7.84821,-0.14097561456143093,-14.0975
BB,L8N0YK-R,2019-06,USD,7.46891,-0.04832949169301026,-4.83298
BB,L8N0YK-R,2019-07,USD,7.33351,-0.01812848193377614,-1.81285
BB,L8N0YK-R,2019-08,USD,6.87839,-0.06206032309221654,-6.20609
BB,L8N0YK-R,2019-09,USD,5.24169,-0.23794812448843394,-23.7947
BB,L8N0YK-R,2019-10,USD,5.26496,0.004439407900886927,0.4439
BB,L8N0YK-R,2019-11,USD,5.51854,0.0481637087461253,4.81637
BB,L8N0YK-R,2019-12,USD,6.43918,0.16682673315768315,16.6826
BB,L8N0YK-R,2020-01,USD,6.09429,-0.053561167726325465,-5.35609
BB,L8N0YK-R,2020-02,USD,5.16259,-0.15288081138245802,-15.2881
BB,L8N0YK-R,2020-03,USD,4.05382,-0.21477010570275767,-21.477
BB,L8N0YK-R,2020-04,USD,4.27661,0.05495803957748491,5.49593
BB,L8N0YK-R,2020-05,USD,4.6303,0.08270335616294222,8.27028
BB,L8N0YK-R,2020-06,USD,4.8605,0.04971600112303731,4.9716
BB,L8N0YK-R,2020-07,USD,4.74058,-0.02467235881082208,-2.46733
BB,L8N0YK-R,2020-08,USD,5.21893,0.10090537444785252,10.0906
BB,L8N0YK-R,2020-09,USD,4.57421,-0.12353490083216301,-12.3534
BB,L8N0YK-R,2020-10,USD,4.48494,-0.019515938271308042,-1.95148
BB,L8N0YK-R,2020-11,USD,5.90323,0.3162338849572124,31.6233
BB,L8N0YK-R,2020-12,USD,6.6248,0.12223308256666265,12.2233
BB,L8N0YK-R,2021-01,USD,14.0593,1.122222557662118,112.222
BB,L8N0YK-R,2021-02,USD,10.1659,-0.2769270162810381,-27.6927
BB,L8N0YK-R,2021-03,USD,8.38604,-0.17508139958095215,-17.5079
BB,L8N0YK-R,2021-04,USD,8.83596,0.05365106772684136,5.36506
BB,L8N0YK-R,2021-05,USD,10.2641,0.1616281649079443,16.1623
BB,L8N0YK-R,2021-06,USD,12.2345,0.19197007043968806,19.1977
BB,L8N0YK-R,2021-07,USD,10.1734,-0.16846622256733002,-16.8465
BB,L8N0YK-R,2021-08,USD,11.3797,0.11857392808697176,11.8574
BB,L8N0YK-R,2021-09,USD,9.7328,-0.14472262010422077,-14.4725
BB,L8N0YK-R,2021-10,USD,10.7862,0.10823195791550222,10.8229
BB,L8N0YK-R,2021-11,USD,9.48706,-0.12044464222803208,-12.0442
BB,L8N0YK-R,2021-12,USD,9.35756,-0.01365017191838147,-1.36503
BB,L8N0YK-R,2022-01,USD,8.22456,-0.12107857176443426,-12.1078
BB,L8N0YK-R,2022-02,USD,6.85931,-0.16599672201309257,-16.5998
BB,L8N0YK-R,2022-03,USD,7.42164,0.0819805490639729,8.19813
BB,L8N0YK-R,2022-04,USD,5.75095,-0.22511062245002456,-22.5111
BB,L8N0YK-R,2022-05,USD,6.02443,0.04755388240203806,4.7554
BB,L8N0YK-R,2022-06,USD,5.38005,-0.10696115649115356,-10.6961
BB,L8N0YK-R,2022-07,USD,6.14196,0.1416176429587086,14.1617
BB,L8N0YK-R,2022-08,USD,5.95602,-0.030273723697321397,-3.02742
BB,L8N0YK-R,2022-09,USD,4.73782,-0.20453255697596706,-20.4532
BB,L8N0YK-R,2022-10,USD,4.64059,-0.02052209666048932,-2.05214
BB,L8N0YK-R,2022-11,USD,4.80932,0.03635960082661893,3.63598
BB,L8N0YK-R,2022-12,USD,3.25473,-0.32324528207729986,-32.3245
BB,L8N0YK-R,2023-01,USD,4.25675,0.30786578302962164,30.7866
BB,L8N0YK-R,2023-02,USD,3.89291,-0.08547365948199925,-8.5475
BB,L8N0YK-R,2023-03,USD,4.58122,0.176811177242731,17.6813
OCDO.L,LHPBFK-R,2018-01,GBP,5.036,,26.8194
OCDO.L,LHPBFK-R,2018-02,GBP,5.532,0.09849086576648136,9.8491
OCDO.L,LHPBFK-R,2018-03,GBP,5.308,-0.04049168474331166,-4.04917
OCDO.L,LHPBFK-R,2018-04,GBP,5.384,0.014318010550113058,1.4318
OCDO.L,LHPBFK-R,2018-05,GBP,8.98,0.6679049034175335,66.7905
OCDO.L,LHPBFK-R,2018-06,GBP,10.275,0.14420935412026714,14.4209
OCDO.L,LHPBFK-R,2018-07,GBP,11.06,0.07639902676399024,7.63991
OCDO.L,LHPBFK-R,2018-08,GBP,10.725,-0.030289330922242397,-3.02894
OCDO.L,LHPBFK-R,2018-09,GBP,8.992,-0.16158508158508145,-16.1585
OCDO.L,LHPBFK-R,2018-10,GBP,8.552,-0.04893238434163716,-4.89323
OCDO.L,LHPBFK-R,2018-11,GBP,8.312,-0.028063610851262855,-2.80636
OCDO.L,LHPBFK-R,2018-12,GBP,7.9,-0.049566891241578315,-4.95669
OCDO.L,LHPBFK-R,2019-01,GBP,9.912,0.2546835443037976,25.4684
OCDO.L,LHPBFK-R,2019-02,GBP,10.345,0.04368442292171104,4.36845
OCDO.L,LHPBFK-R,2019-03,GBP,13.705,0.3247945867568873,32.4795
OCDO.L,LHPBFK-R,2019-04,GBP,13.625,-0.005837285662167124,-0.583726
OCDO.L,LHPBFK-R,2019-05,GBP,11.945,-0.12330275229357801,-12.3303
OCDO.L,LHPBFK-R,2019-06,GBP,11.67,-0.023022185014650476,-2.30222
OCDO.L,LHPBFK-R,2019-07,GBP,12.455,0.06726649528706075,6.72665
OCDO.L,LHPBFK-R,2019-08,GBP,12.955,0.04014452027298265,4.01446
OCDO.L,LHPBFK-R,2019-09,GBP,13.225,0.020841373986877576,2.08414
OCDO.L,LHPBFK-R,2019-10,GBP,13.29,0.004914933837429025,0.491488
OCDO.L,LHPBFK-R,2019-11,GBP,13.25,-0.0030097817908201208,-0.30098
OCDO.L,LHPBFK-R,2019-12,GBP,12.79,-0.03471698113207555,-3.4717
OCDO.L,LHPBFK-R,2020-01,GBP,12.235,-0.04339327599687248,-4.33933
OCDO.L,LHPBFK-R,2020-02,GBP,10.64,-0.13036371066612173,-13.0364
OCDO.L,LHPBFK-R,2020-03,GBP,12.2,0.1466165413533833,14.6616
OCDO.L,LHPBFK-R,2020-04,GBP,16.045,0.3151639344262298,31.5164
OCDO.L,LHPBFK-R,2020-05,GBP,21.91,0.36553443440324074,36.5534
OCDO.L,LHPBFK-R,2020-06,GBP,20.28,-0.07439525330899133,-7.43952
OCDO.L,LHPBFK-R,2020-07,GBP,20.53,0.012327416173570027,1.23274
OCDO.L,LHPBFK-R,2020-08,GBP,24.97,0.21626887481734025,21.6269
OCDO.L,LHPBFK-R,2020-09,GBP,27.44,0.09891870244293166,9.89188
OCDO.L,LHPBFK-R,2020-10,GBP,22.76,-0.1705539358600583,-17.0554
OCDO.L,LHPBFK-R,2020-11,GBP,22.07,-0.03031634446397191,-3.03164
OCDO.L,LHPBFK-R,2020-12,GBP,22.87,0.03624830086089714,3.62483
OCDO.L,LHPBFK-R,2021-01,GBP,27.77,0.21425448185395712,21.4255
OCDO.L,LHPBFK-R,2021-02,GBP,22.0,-0.20777817788980912,-20.7778
OCDO.L,LHPBFK-R,2021-03,GBP,20.35,-0.07499999999999996,-7.5
OCDO.L,LHPBFK-R,2021-04,GBP,20.97,0.030466830466830297,3.04668
OCDO.L,LHPBFK-R,2021-05,GBP,18.89,-0.09918931807343812,-9.91893
OCDO.L,LHPBFK-R,2021-06,GBP,20.03,0.06034939121228167,6.03495
OCDO.L,LHPBFK-R,2021-07,GBP,18.55,-0.07388916625062403,-7.38893
OCDO.L,LHPBFK-R,2021-08,GBP,20.13,0.08517520215633412,8.51751
OCDO.L,LHPBFK-R,2021-09,GBP,16.625,-0.1741182314952806,-17.4118
OCDO.L,LHPBFK-R,2021-10,GBP,18.03,0.08451127819548887,8.45113
OCDO.L,LHPBFK-R,2021-11,GBP,17.955,-0.004159733777038377,-0.415975
OCDO.L,LHPBFK-R,2021-12,GBP,16.78,-0.06544138123085474,-6.54413
OCDO.L,LHPBFK-R,2022-01,GBP,15.04,-0.10369487485101325,-10.3695
OCDO.L,LHPBFK-R,2022-02,GBP,13.73,-0.0871010638297871,-8.71011
OCDO.L,LHPBFK-R,2022-03,GBP,11.71,-0.14712308812818642,-14.7123
OCDO.L,LHPBFK-R,2022-04,GBP,9.24,-0.21093082835183607,-21.0931
OCDO.L,LHPBFK-R,2022-05,GBP,9.308,0.007359307359307232,0.735927
OCDO.L,LHPBFK-R,2022-06,GBP,7.812,-0.16072195960464108,-16.0722
OCDO.L,LHPBFK-R,2022-07,GBP,8.394,0.07450076804915517,7.45008
OCDO.L,LHPBFK-R,2022-08,GBP,7.26,-0.13509649749821306,-13.5096
OCDO.L,LHPBFK-R,2022-09,GBP,4.725,-0.34917355371900827,-34.9174
OCDO.L,LHPBFK-R,2022-10,GBP,4.724,-0.00021164021164010727,-0.0211596
OCDO.L,LHPBFK-R,2022-11,GBP,6.226,0.31795088907705327,31.7951
OCDO.L,LHPBFK-R,2022-12,GBP,6.168,-0.009315772566655944,-0.931573
OCDO.L,LHPBFK-R,2023-01,GBP,6.46,0.0473411154345007,4.73411
OCDO.L,LHPBFK-R,2023-02,GBP,5.488,-0.15046439628482966,-15.0464
OCDO.L,LHPBFK-R,2023-03,GBP,5.35,-0.02514577259475237,-2.51458
6481.T,LLWRYR-R,2018-01,JPY,4520.0,,6.8558
6481.T,LLWRYR-R,2018-02,JPY,4680.0,0.03539823008849563,3.53982
6481.T,LLWRYR-R,2018-03,JPY,4400.0,-0.05982905982905984,-5.98291
6481.T,LLWRYR-R,2018-04,JPY,3830.0,-0.12954545454545452,-12.9545
6481.T,LLWRYR-R,2018-05,JPY,3870.0,0.010443864229765065,1.04438
6481.T,LLWRYR-R,2018-06,JPY,3175.0,-0.17958656330749356,-16.7442
6481.T,LLWRYR-R,2018-07,JPY,3025.0,-0.047244094488189003,-4.72441
6481.T,LLWRYR-R,2018-08,JPY,2976.0,-0.01619834710743806,-1.61983
6481.T,LLWRYR-R,2018-09,JPY,2892.0,-0.028225806451612878,-2.82258
6481.T,LLWRYR-R,2018-10,JPY,2501.0,-0.13520055325034575,-13.5201
6481.T,LLWRYR-R,2018-11,JPY,2601.0,0.03998400639744104,3.9984
6481.T,LLWRYR-R,2018-12,JPY,2062.0,-0.2072279892349097,-19.2618
6481.T,LLWRYR-R,2019-01,JPY,2577.0,0.24975751697381177,24.9758
6481.T,LLWRYR-R,2019-02,JPY,2736.0,0.061699650756693813,6.16996
6481.T,LLWRYR-R,2019-03,JPY,2734.0,-0.0007309941520468044,-0.0730991
6481.T,LLWRYR-R,2019-04,JPY,2906.0,0.06291148500365762,6.29115
6481.T,LLWRYR-R,2019-05,JPY,2227.0,-0.23365450791465936,-23.3654
6481.T,LLWRYR-R,2019-06,JPY,2575.0,0.15626403233048936,16.7041
6481.T,LLWRYR-R,2019-07,JPY,2774.0,0.0772815533980582,7.72816
6481.T,LLWRYR-R,2019-08,JPY,2468.0,-0.11031002162941606,-11.031
6481.T,LLWRYR-R,2019-09,JPY,2833.0,0.14789303079416527,14.7893
6481.T,LLWRYR-R,2019-10,JPY,3155.0,0.11366043063889864,11.366
6481.T,LLWRYR-R,2019-11,JPY,3075.0,-0.02535657686212356,-2.53566
6481.T,LLWRYR-R,2019-12,JPY,2968.0,-0.03479674796747967,-3.21952
6481.T,LLWRYR-R,2020-01,JPY,2816.0,-0.05121293800539084,-5.1213
6481.T,LLWRYR-R,2020-02,JPY,2473.0,-0.12180397727272729,-12.1804
6481.T,LLWRYR-R,2020-03,JPY,2212.0,-0.1055398301657905,-10.554
6481.T,LLWRYR-R,2020-04,JPY,2607.0,0.1785714285714286,17.8571
6481.T,LLWRYR-R,2020-05,JPY,2800.0,0.07403145377828912,7.40315
6481.T,LLWRYR-R,2020-06,JPY,2664.0,-0.0485714285714286,-4.58928
6481.T,LLWRYR-R,2020-07,JPY,2457.0,-0.07770270270270274,-7.77027
6481.T,LLWRYR-R,2020-08,JPY,2486.0,0.011803011803011909,1.1803
6481.T,LLWRYR-R,2020-09,JPY,2629.0,0.05752212389380529,5.75222
6481.T,LLWRYR-R,2020-10,JPY,2749.0,0.045644731837200414,4.56448
6481.T,LLWRYR-R,2020-11,JPY,3225.0,0.17315387413604943,17.3154
6481.T,LLWRYR-R,2020-12,JPY,3330.0,0.032558139534883734,3.48837
6481.T,LLWRYR-R,2021-01,JPY,3320.0,-0.0030030030030030463,-0.3003
6481.T,LLWRYR-R,2021-02,JPY,3435.0,0.034638554216867457,3.46385
6481.T,LLWRYR-R,2021-03,JPY,3830.0,0.11499272197962163,11.4993
6481.T,LLWRYR-R,2021-04,JPY,3725.0,-0.02741514360313313,-2.74152
6481.T,LLWRYR-R,2021-05,JPY,3560.0,-0.0442953020134228,-4.42953
6481.T,LLWRYR-R,2021-06,JPY,3315.0,-0.0688202247191011,-6.3764
6481.T,LLWRYR-R,2021-07,JPY,3110.0,-0.06184012066365008,-6.18401
6481.T,LLWRYR-R,2021-08,JPY,2553.0,-0.1790996784565917,-17.91
6481.T,LLWRYR-R,2021-09,JPY,2475.0,-0.03055229142185667,-3.05523
6481.T,LLWRYR-R,2021-10,JPY,2443.0,-0.012929292929292902,-1.29293
6481.T,LLWRYR-R,2021-11,JPY,2711.0,0.10970118706508392,10.9701
6481.T,LLWRYR-R,2021-12,JPY,2773.0,0.02286978974548126,3.65179
6481.T,LLWRYR-R,2022-01,JPY,2823.0,0.018031013342949764,1.8031
6481.T,LLWRYR-R,2022-02,JPY,2620.0,-0.07190931633014519,-7.19093
6481.T,LLWRYR-R,2022-03,JPY,2721.0,0.03854961832061066,3.85497
6481.T,LLWRYR-R,2022-04,JPY,2594.0,-0.0466740169055494,-4.6674
6481.T,LLWRYR-R,2022-05,JPY,2640.0,0.017733230531996824,1.77332
6481.T,LLWRYR-R,2022-06,JPY,2547.0,-0.035227272727272774,-2.12121
6481.T,LLWRYR-R,2022-07,JPY,2800.0,0.09933254809579894,9.93326
6481.T,LLWRYR-R,2022-08,JPY,2853.0,0.018928571428571406,1.89285
6481.T,LLWRYR-R,2022-09,JPY,2496.0,-0.12513144058885384,-12.5131
6481.T,LLWRYR-R,2022-10,JPY,2598.0,0.04086538461538458,4.08654
6481.T,LLWRYR-R,2022-11,JPY,2669.0,0.02732871439568907,2.73287
6481.T,LLWRYR-R,2022-12,JPY,2515.0,-0.05769951292618958,-3.89659
6481.T,LLWRYR-R,2023-01,JPY,2736.0,0.08787276341948314,8.78727
6481.T,LLWRYR-R,2023-02,JPY,3050.0,0.11476608187134496,11.4766
6481.T,LLWRYR-R,2023-03,JPY,3055.0,0.0016393442622950616,0.163937
BC.MI,LNW87G-R,2018-01,EUR,27.0,,-0.0370264
BC.MI,LNW87G-R,2018-02,EUR,25.8,-0.0444444444444444,-4.44445
BC.MI,LNW87G-R,2018-03,EUR,25.5,-0.011627906976744207,-1.16279
BC.MI,LNW87G-R,2018-04,EUR,27.6,0.08235294117647074,8.2353
BC.MI,LNW87G-R,2018-05,EUR,34.25,0.2409420289855071,25.0725
BC.MI,LNW87G-R,2018-06,EUR,38.25,0.11678832116788329,11.6788
BC.MI,LNW87G-R,2018-07,EUR,35.5,-0.07189542483660127,-7.18954
BC.MI,LNW87G-R,2018-08,EUR,37.95,0.06901408450704238,6.90141
BC.MI,LNW87G-R,2018-09,EUR,33.55,-0.11594202898550743,-11.5942
BC.MI,LNW87G-R,2018-10,EUR,30.25,-0.0983606557377048,-9.83607
BC.MI,LNW87G-R,2018-11,EUR,29.85,-0.013223140495867702,-1.32231
BC.MI,LNW87G-R,2018-12,EUR,30.05,0.00670016750418756,0.670016
BC.MI,LNW87G-R,2019-01,EUR,31.55,0.04991680532445919,4.99169
BC.MI,LNW87G-R,2019-02,EUR,34.25,0.0855784469096672,8.55784
BC.MI,LNW87G-R,2019-03,EUR,30.65,-0.10510948905109496,-10.511
BC.MI,LNW87G-R,2019-04,EUR,32.36,0.05579119086460027,5.57913
BC.MI,LNW87G-R,2019-05,EUR,28.16,-0.1297898640296662,-12.0519
BC.MI,LNW87G-R,2019-06,EUR,29.66,0.053267045454545414,5.3267
BC.MI,LNW87G-R,2019-07,EUR,28.64,-0.034389750505731564,-3.43898
BC.MI,LNW87G-R,2019-08,EUR,28.24,-0.013966480446927498,-1.39664
BC.MI,LNW87G-R,2019-09,EUR,28.58,0.012039660056657242,1.20397
BC.MI,LNW87G-R,2019-10,EUR,28.08,-0.017494751574527623,-1.74947
BC.MI,LNW87G-R,2019-11,EUR,33.62,0.19729344729344733,19.7293
BC.MI,LNW87G-R,2019-12,EUR,31.56,-0.061273051754907715,-6.1273
BC.MI,LNW87G-R,2020-01,EUR,32.82,0.03992395437262353,3.99239
BC.MI,LNW87G-R,2020-02,EUR,30.0,-0.08592321755027421,-8.59232
BC.MI,LNW87G-R,2020-03,EUR,27.68,-0.07733333333333337,-7.73333
BC.MI,LNW87G-R,2020-04,EUR,29.38,0.06141618497109813,6.14162
BC.MI,LNW87G-R,2020-05,EUR,29.26,-0.004084411164057111,-0.408435
BC.MI,LNW87G-R,2020-06,EUR,26.44,-0.09637730690362267,-9.63773
BC.MI,LNW87G-R,2020-07,EUR,24.64,-0.0680786686838124,-6.80787
BC.MI,LNW87G-R,2020-08,EUR,26.44,0.07305194805194803,7.30521
BC.MI,LNW87G-R,2020-09,EUR,26.04,-0.015128593040847238,-1.51286
BC.MI,LNW87G-R,2020-10,EUR,25.76,-0.01075268817204289,-1.07527
BC.MI,LNW87G-R,2020-11,EUR,32.88,0.27639751552795033,27.6398
BC.MI,LNW87G-R,2020-12,EUR,35.7,0.08576642335766427,8.57664
BC.MI,LNW87G-R,2021-01,EUR,33.04,-0.0745098039215687,-7.45098
BC.MI,LNW87G-R,2021-02,EUR,34.12,0.032687651331719136,3.26875
BC.MI,LNW87G-R,2021-03,EUR,36.66,0.07444314185228595,7.44432
BC.MI,LNW87G-R,2021-04,EUR,42.36,0.15548281505728334,15.5483
BC.MI,LNW87G-R,2021-05,EUR,51.55,0.21694995278564688,21.695
BC.MI,LNW87G-R,2021-06,EUR,49.32,-0.04325897187196892,-4.3259
BC.MI,LNW87G-R,2021-07,EUR,52.3,0.060421735604217375,6.04217
BC.MI,LNW87G-R,2021-08,EUR,49.9,-0.04588910133843205,-4.58891
BC.MI,LNW87G-R,2021-09,EUR,47.54,-0.047294589178356716,-4.72946
BC.MI,LNW87G-R,2021-10,EUR,52.4,0.10222970130416487,10.223
BC.MI,LNW87G-R,2021-11,EUR,55.9,0.06679389312977091,6.67939
BC.MI,LNW87G-R,2021-12,EUR,60.7,0.0858676207513418,8.58676
BC.MI,LNW87G-R,2022-01,EUR,51.15,-0.1573311367380561,-15.7331
BC.MI,LNW87G-R,2022-02,EUR,50.3,-0.016617790811339184,-1.66178
BC.MI,LNW87G-R,2022-03,EUR,53.1,0.055666003976143186,5.5666
BC.MI,LNW87G-R,2022-04,EUR,49.26,-0.072316384180791,-7.23164
BC.MI,LNW87G-R,2022-05,EUR,46.62,-0.0535931790499391,-4.5067
BC.MI,LNW87G-R,2022-06,EUR,42.98,-0.0780780780780781,-7.80781
BC.MI,LNW87G-R,2022-07,EUR,56.45,0.31340158213122393,31.3402
BC.MI,LNW87G-R,2022-08,EUR,51.8,-0.08237378210806034,-8.23738
BC.MI,LNW87G-R,2022-09,EUR,50.05,-0.03378378378378377,-3.37838
BC.MI,LNW87G-R,2022-10,EUR,58.65,0.17182817182817178,17.1828
BC.MI,LNW87G-R,2022-11,EUR,62.9,0.07246376811594213,7.24638
BC.MI,LNW87G-R,2022-12,EUR,69.1,0.09856915739268679,9.85692
BC.MI,LNW87G-R,2023-01,EUR,76.25,0.10347322720694652,10.3473
BC.MI,LNW87G-R,2023-02,EUR,79.7,0.04524590163934428,4.52459
BC.MI,LNW87G-R,2023-03,EUR,91.45,0.14742785445420337,14.7428
PUB.PA,LZ645K-R,2018-01,EUR,55.68,,-1.71227
PUB.PA,LZ645K-R,2018-02,EUR,62.04,0.11422413793103448,11.4224
PUB.PA,LZ645K-R,2018-03,EUR,56.58,-0.08800773694390718,-8.80078
PUB.PA,LZ645K-R,2018-04,EUR,62.0,0.09579356663131855,9.57935
PUB.PA,LZ645K-R,2018-05,EUR,59.54,-0.039677419354838706,-3.96774
PUB.PA,LZ645K-R,2018-06,EUR,58.94,-0.010077258985556004,2.35136
PUB.PA,LZ645K-R,2018-07,EUR,54.66,-0.07261621988462841,-7.26162
PUB.PA,LZ645K-R,2018-08,EUR,55.3,0.011708744968898621,1.17087
PUB.PA,LZ645K-R,2018-09,EUR,51.48,-0.06907775768535263,-6.90777
PUB.PA,LZ645K-R,2018-10,EUR,51.24,-0.004662004662004615,-0.466198
PUB.PA,LZ645K-R,2018-11,EUR,52.36,0.021857923497267784,2.18579
PUB.PA,LZ645K-R,2018-12,EUR,50.08,-0.04354469060351418,-4.35447
PUB.PA,LZ645K-R,2019-01,EUR,53.3,0.06429712460063897,6.42971
PUB.PA,LZ645K-R,2019-02,EUR,48.73,-0.08574108818011261,-8.57411
PUB.PA,LZ645K-R,2019-03,EUR,47.73,-0.020521239482864773,-2.05212
PUB.PA,LZ645K-R,2019-04,EUR,52.88,0.10789859627068932,10.7899
PUB.PA,LZ645K-R,2019-05,EUR,48.9,-0.0752647503782149,-7.52648
PUB.PA,LZ645K-R,2019-06,EUR,46.43,-0.050511247443762786,-0.71575
PUB.PA,LZ645K-R,2019-07,EUR,44.71,-0.037045013999569165,-3.70451
PUB.PA,LZ645K-R,2019-08,EUR,43.62,-0.024379333482442478,-2.43793
PUB.PA,LZ645K-R,2019-09,EUR,45.12,0.0343878954607979,3.43879
PUB.PA,LZ645K-R,2019-10,EUR,38.55,-0.14561170212765961,-14.5612
PUB.PA,LZ645K-R,2019-11,EUR,39.94,0.03605706874189374,3.6057
PUB.PA,LZ645K-R,2019-12,EUR,40.36,0.010515773660490835,1.05158
PUB.PA,LZ645K-R,2020-01,EUR,40.03,-0.008176412289395363,-0.817645
PUB.PA,LZ645K-R,2020-02,EUR,34.98,-0.1261553834624033,-12.6155
PUB.PA,LZ645K-R,2020-03,EUR,26.12,-0.2532875929102343,-25.3288
PUB.PA,LZ645K-R,2020-04,EUR,27.13,0.03866768759571193,3.86677
PUB.PA,LZ645K-R,2020-05,EUR,25.52,-0.059343899741983064,-5.93439
PUB.PA,LZ645K-R,2020-06,EUR,28.81,0.12891849529780552,12.8918
PUB.PA,LZ645K-R,2020-07,EUR,27.25,-0.05414786532454008,-5.41478
PUB.PA,LZ645K-R,2020-08,EUR,29.37,0.07779816513761473,7.77982
PUB.PA,LZ645K-R,2020-09,EUR,27.58,-0.060946544092611576,-2.1791
PUB.PA,LZ645K-R,2020-10,EUR,29.8,0.08049311094996381,8.04931
PUB.PA,LZ645K-R,2020-11,EUR,38.09,0.2781879194630874,27.8188
PUB.PA,LZ645K-R,2020-12,EUR,40.76,0.07009713835652387,7.00971
PUB.PA,LZ645K-R,2021-01,EUR,42.76,0.04906771344455341,4.90677
PUB.PA,LZ645K-R,2021-02,EUR,48.54,0.1351730589335829,13.5173
PUB.PA,LZ645K-R,2021-03,EUR,52.04,0.07210548001648132,7.21055
PUB.PA,LZ645K-R,2021-04,EUR,53.86,0.03497309761721756,3.49731
PUB.PA,LZ645K-R,2021-05,EUR,55.5,0.03044931303379128,3.04493
PUB.PA,LZ645K-R,2021-06,EUR,53.94,-0.028108108108108154,0.792789
PUB.PA,LZ645K-R,2021-07,EUR,53.22,-0.013348164627363768,-1.33481
PUB.PA,LZ645K-R,2021-08,EUR,55.52,0.04321683577602409,4.32168
PUB.PA,LZ645K-R,2021-09,EUR,58.26,0.04935158501440906,4.93516
PUB.PA,LZ645K-R,2021-10,EUR,57.94,-0.005492619292825296,-0.549263
PUB.PA,LZ645K-R,2021-11,EUR,57.14,-0.01380738695201933,-1.38074
PUB.PA,LZ645K-R,2021-12,EUR,59.2,0.03605180259012952,3.60519
PUB.PA,LZ645K-R,2022-01,EUR,59.7,0.008445945945946054,0.844598
PUB.PA,LZ645K-R,2022-02,EUR,59.64,-0.0010050251256281673,-0.100505
PUB.PA,LZ645K-R,2022-03,EUR,55.26,-0.07344064386317917,-7.34407
PUB.PA,LZ645K-R,2022-04,EUR,57.58,0.04198335142960552,4.19834
PUB.PA,LZ645K-R,2022-05,EUR,50.88,-0.11635984716915593,-11.636
PUB.PA,LZ645K-R,2022-06,EUR,46.66,-0.0829402515723272,-8.29403
PUB.PA,LZ645K-R,2022-07,EUR,51.9,0.11230175739391357,16.3738
PUB.PA,LZ645K-R,2022-08,EUR,48.75,-0.06069364161849711,-6.06937
PUB.PA,LZ645K-R,2022-09,EUR,48.9,0.003076923076922977,0.307691
PUB.PA,LZ645K-R,2022-10,EUR,56.74,0.16032719836400822,16.0327
PUB.PA,LZ645K-R,2022-11,EUR,62.4,0.0997532604864293,9.97533
PUB.PA,LZ645K-R,2022-12,EUR,59.42,-0.0477564102564102,-4.77564
PUB.PA,LZ645K-R,2023-01,EUR,64.74,0.08953214405923915,8.95321
PUB.PA,LZ645K-R,2023-02,EUR,75.24,0.16218721037998152,16.2187
PUB.PA,LZ645K-R,2023-03,EUR,71.78,-0.04598617756512491,-4.59862
RIO,M9L7HV-R,2018-01,USD,56.11,,6.00793
RIO,M9L7HV-R,2018-02,USD,54.71,-0.02495098912849758,-2.4951
RIO,M9L7HV-R,2018-03,USD,51.53,-0.058124657283860404,-2.50137
RIO,M9L7HV-R,2018-04,USD,54.95,0.06636910537550955,6.63692
RIO,M9L7HV-R,2018-05,USD,56.7,0.031847133757961776,3.18471
RIO,M9L7HV-R,2018-06,USD,55.48,-0.021516754850088304,-2.15168
RIO,M9L7HV-R,2018-07,USD,55.5,0.00036049026676288065,0.0360489
RIO,M9L7HV-R,2018-08,USD,48.03,-0.13459459459459455,-11.175
RIO,M9L7HV-R,2018-09,USD,51.02,0.06225275869248392,6.22528
RIO,M9L7HV-R,2018-10,USD,49.29,-0.03390827126617024,-3.39082
RIO,M9L7HV-R,2018-11,USD,46.76,-0.05132886995333741,-5.13289
RIO,M9L7HV-R,2018-12,USD,48.48,0.03678357570573132,3.67836
RIO,M9L7HV-R,2019-01,USD,56.27,0.16068481848184835,16.0685
RIO,M9L7HV-R,2019-02,USD,58.2,0.034298915940998764,3.42989
RIO,M9L7HV-R,2019-03,USD,58.85,0.011168384879725046,4.20961
RIO,M9L7HV-R,2019-04,USD,58.9,0.000849617672047609,0.0849724
RIO,M9L7HV-R,2019-05,USD,57.93,-0.01646859083191854,-1.64686
RIO,M9L7HV-R,2019-06,USD,62.34,0.07612635939927515,7.61263
RIO,M9L7HV-R,2019-07,USD,57.08,-0.08437600256657052,-8.4376
RIO,M9L7HV-R,2019-08,USD,50.58,-0.11387526278906801,-8.74212
RIO,M9L7HV-R,2019-09,USD,52.09,0.029853697113483735,2.98537
RIO,M9L7HV-R,2019-10,USD,52.01,-0.001535803417162751,-0.153583
RIO,M9L7HV-R,2019-11,USD,54.56,0.049029032878292744,4.90291
RIO,M9L7HV-R,2019-12,USD,59.36,0.08797653958944274,8.79766
RIO,M9L7HV-R,2020-01,USD,53.43,-0.09989892183288407,-9.98989
RIO,M9L7HV-R,2020-02,USD,46.93,-0.12165450121654497,-12.1655
RIO,M9L7HV-R,2020-03,USD,45.56,-0.029192414233965458,2.00299
RIO,M9L7HV-R,2020-04,USD,46.19,0.013827919227392238,1.38278
RIO,M9L7HV-R,2020-05,USD,53.92,0.16735224074475008,16.7352
RIO,M9L7HV-R,2020-06,USD,56.18,0.04191394658753711,4.1914
RIO,M9L7HV-R,2020-07,USD,61.04,0.08650765396938409,8.65077
RIO,M9L7HV-R,2020-08,USD,61.23,0.0031127129750982974,2.85059
RIO,M9L7HV-R,2020-09,USD,60.39,-0.013718765311121928,-1.37188
RIO,M9L7HV-R,2020-10,USD,56.77,-0.059943699287961505,-5.99437
RIO,M9L7HV-R,2020-11,USD,64.97,0.1444424872291703,14.4443
RIO,M9L7HV-R,2020-12,USD,75.22,0.15776512236416806,15.7765
RIO,M9L7HV-R,2021-01,USD,76.42,0.015953203935123783,1.59532
RIO,M9L7HV-R,2021-02,USD,87.4,0.14367966500915985,14.368
RIO,M9L7HV-R,2021-03,USD,77.65,-0.11155606407322649,-7.62014
RIO,M9L7HV-R,2021-04,USD,85.06,0.09542820347714098,9.54281
RIO,M9L7HV-R,2021-05,USD,87.43,0.027862685163414058,2.78627
RIO,M9L7HV-R,2021-06,USD,83.89,-0.040489534484730694,-4.04896
RIO,M9L7HV-R,2021-07,USD,86.31,0.028847300035761192,2.88473
RIO,M9L7HV-R,2021-08,USD,75.07,-0.13022824701656832,-8.67223
RIO,M9L7HV-R,2021-09,USD,66.82,-0.10989742906620492,-10.9897
RIO,M9L7HV-R,2021-10,USD,63.27,-0.053127806046093795,-5.31278
RIO,M9L7HV-R,2021-11,USD,62.69,-0.009167061798640797,-0.916708
RIO,M9L7HV-R,2021-12,USD,66.94,0.06779390652416661,6.7794
RIO,M9L7HV-R,2022-01,USD,71.4,0.0666268299970123,6.66268
RIO,M9L7HV-R,2022-02,USD,78.58,0.10056022408963572,10.056
RIO,M9L7HV-R,2022-03,USD,80.4,0.023161109697124038,7.6228
RIO,M9L7HV-R,2022-04,USD,71.12,-0.11542288557213931,-11.5423
RIO,M9L7HV-R,2022-05,USD,73.44,0.03262092238470182,3.26209
RIO,M9L7HV-R,2022-06,USD,61.0,-0.16938997821350765,-16.939
RIO,M9L7HV-R,2022-07,USD,61.03,0.0004918032786884741,0.0491738
RIO,M9L7HV-R,2022-08,USD,56.29,-0.07766672128461416,-3.39996
RIO,M9L7HV-R,2022-09,USD,55.06,-0.021851128086693872,-2.18511
RIO,M9L7HV-R,2022-10,USD,53.35,-0.031057028695968047,-3.10571
RIO,M9L7HV-R,2022-11,USD,68.64,0.28659793814432977,28.6598
RIO,M9L7HV-R,2022-12,USD,71.2,0.037296037296037365,3.72961
RIO,M9L7HV-R,2023-01,USD,79.35,0.1144662921348314,11.4466
RIO,M9L7HV-R,2023-02,USD,69.73,-0.12123503465658458,-12.1235
RIO,M9L7HV-R,2023-03,USD,68.6,-0.016205363545102713,1.59903
OVS.MI,MP8K4H-R,2018-01,EUR,5.62753,,7.47074
OVS.MI,MP8K4H-R,2018-02,EUR,5.06666,-0.09966539494236382,-9.9665
OVS.MI,MP8K4H-R,2018-03,EUR,4.6962,-0.07311720147000189,-7.31162
OVS.MI,MP8K4H-R,2018-04,EUR,3.3275,-0.2914484050934798,-29.1449
OVS.MI,MP8K4H-R,2018-05,EUR,2.83356,-0.14844177310293016,-14.8442
OVS.MI,MP8K4H-R,2018-06,EUR,2.6356,-0.0698626462824149,-6.98603
OVS.MI,MP8K4H-R,2018-07,EUR,2.63183,-0.0014304143269086023,-0.143063
OVS.MI,MP8K4H-R,2018-08,EUR,2.432,-0.0759281564538743,-7.59313
OVS.MI,MP8K4H-R,2018-09,EUR,2.32831,-0.0426356907894736,-4.26356
OVS.MI,MP8K4H-R,2018-10,EUR,1.47145,-0.36801800447534916,-36.8016
OVS.MI,MP8K4H-R,2018-11,EUR,1.51858,0.03202963063644715,3.20308
OVS.MI,MP8K4H-R,2018-12,EUR,1.03124,-0.3209182262376694,-32.0919
OVS.MI,MP8K4H-R,2019-01,EUR,1.25653,0.21846514875295764,21.8464
OVS.MI,MP8K4H-R,2019-02,EUR,1.38379,0.10127891892752272,10.1275
OVS.MI,MP8K4H-R,2019-03,EUR,1.54121,0.11376003584358885,11.376
OVS.MI,MP8K4H-R,2019-04,EUR,1.75236,0.13700274459677786,13.7003
OVS.MI,MP8K4H-R,2019-05,EUR,1.41112,-0.19473167613960607,-19.4728
OVS.MI,MP8K4H-R,2019-06,EUR,1.42338,0.008688134247973434,0.868404
OVS.MI,MP8K4H-R,2019-07,EUR,1.50256,0.055628152706936884,5.56291
OVS.MI,MP8K4H-R,2019-08,EUR,1.5676,0.04328612501331075,4.32874
OVS.MI,MP8K4H-R,2019-09,EUR,1.60531,0.024055881602449647,2.40529
OVS.MI,MP8K4H-R,2019-10,EUR,1.68449,0.04932380661679048,4.93248
OVS.MI,MP8K4H-R,2019-11,EUR,1.96445,0.1661986714079633,16.62
OVS.MI,MP8K4H-R,2019-12,EUR,1.89092,-0.037430324009264715,-3.7428
OVS.MI,MP8K4H-R,2020-01,EUR,1.62227,-0.1420736995748101,-14.2074
OVS.MI,MP8K4H-R,2020-02,EUR,1.39039,-0.1429355162827397,-14.294
OVS.MI,MP8K4H-R,2020-03,EUR,0.744209,-0.46474802033961693,-46.4746
OVS.MI,MP8K4H-R,2020-04,EUR,0.739025,-0.0069657851490643186,-0.696641
OVS.MI,MP8K4H-R,2020-05,EUR,0.861096,0.1651784445722404,16.5179
OVS.MI,MP8K4H-R,2020-06,EUR,0.909642,0.05637698932523194,5.63766
OVS.MI,MP8K4H-R,2020-07,EUR,0.865809,-0.048187088986656135,-4.81865
OVS.MI,MP8K4H-R,2020-08,EUR,0.760706,-0.1213928245144138,-12.1394
OVS.MI,MP8K4H-R,2020-09,EUR,0.931322,0.22428638659350653,22.4288
OVS.MI,MP8K4H-R,2020-10,EUR,0.728185,-0.21811682747749972,-21.8117
OVS.MI,MP8K4H-R,2020-11,EUR,0.994479,0.3656955306687175,36.5696
OVS.MI,MP8K4H-R,2020-12,EUR,0.989766,-0.004739164929576156,-0.473934
OVS.MI,MP8K4H-R,2021-01,EUR,0.962429,-0.027619659596308632,-2.76191
OVS.MI,MP8K4H-R,2021-02,EUR,1.05764,0.09892781701299524,9.89226
OVS.MI,MP8K4H-R,2021-03,EUR,1.26501,0.19606860557467587,19.6079
OVS.MI,MP8K4H-R,2021-04,EUR,1.58268,0.2511205445016247,25.1118
OVS.MI,MP8K4H-R,2021-05,EUR,1.79195,0.13222508656203402,13.2222
OVS.MI,MP8K4H-R,2021-06,EUR,1.50444,-0.16044532492536057,-16.0442
OVS.MI,MP8K4H-R,2021-07,EUR,1.736,0.1539177368323097,15.3915
OVS.MI,MP8K4H-R,2021-08,EUR,1.727,-0.005184331797234987,-0.518429
OVS.MI,MP8K4H-R,2021-09,EUR,2.298,0.3306311522872032,33.0631
OVS.MI,MP8K4H-R,2021-10,EUR,2.48,0.0791993037423846,7.91993
OVS.MI,MP8K4H-R,2021-11,EUR,2.696,0.08709677419354844,8.70968
OVS.MI,MP8K4H-R,2021-12,EUR,2.56,-0.05044510385756684,-5.04451
OVS.MI,MP8K4H-R,2022-01,EUR,2.45,-0.04296875,-4.29687
OVS.MI,MP8K4H-R,2022-02,EUR,2.262,-0.07673469387755105,-7.67347
OVS.MI,MP8K4H-R,2022-03,EUR,1.97,-0.1290893015030946,-12.9089
OVS.MI,MP8K4H-R,2022-04,EUR,1.84,-0.06598984771573602,-6.59899
OVS.MI,MP8K4H-R,2022-05,EUR,1.908,0.03695652173913033,3.69565
OVS.MI,MP8K4H-R,2022-06,EUR,1.556,-0.18448637316561833,-16.3522
OVS.MI,MP8K4H-R,2022-07,EUR,1.562,0.003856041131105492,0.385606
OVS.MI,MP8K4H-R,2022-08,EUR,1.514,-0.030729833546734975,-3.07298
OVS.MI,MP8K4H-R,2022-09,EUR,1.714,0.13210039630118886,13.21
OVS.MI,MP8K4H-R,2022-10,EUR,1.89,0.10268378063010508,10.2684
OVS.MI,MP8K4H-R,2022-11,EUR,2.168,0.14708994708994716,14.709
OVS.MI,MP8K4H-R,2022-12,EUR,2.106,-0.02859778597785989,-2.85978
OVS.MI,MP8K4H-R,2023-01,EUR,2.202,0.04558404558404572,4.55841
OVS.MI,MP8K4H-R,2023-02,EUR,2.574,0.16893732970027253,16.8937
OVS.MI,MP8K4H-R,2023-03,EUR,2.41,-0.06371406371406363,-6.3714
3064.T,MR4TNK-R,2018-01,JPY,861.25,,-4.30555
3064.T,MR4TNK-R,2018-02,JPY,861.25,0.0,0.0
3064.T,MR4TNK-R,2018-03,JPY,955.0,0.10885341074020327,10.8853
3064.T,MR4TNK-R,2018-04,JPY,956.25,0.0013089005235602524,0.130892
3064.T,MR4TNK-R,2018-05,JPY,1095.0,0.1450980392156862,14.5098
3064.T,MR4TNK-R,2018-06,JPY,1225.0,0.11872146118721472,12.1689
3064.T,MR4TNK-R,2018-07,JPY,1402.5,0.14489795918367343,14.4898
3064.T,MR4TNK-R,2018-08,JPY,1577.5,0.124777183600713,12.4777
3064.T,MR4TNK-R,2018-09,JPY,1602.5,0.015847860538827252,1.58478
3064.T,MR4TNK-R,2018-10,JPY,1245.5,-0.22277691107644304,-22.2777
3064.T,MR4TNK-R,2018-11,JPY,1537.5,0.23444399839421926,23.4444
3064.T,MR4TNK-R,2018-12,JPY,1359.0,-0.11609756097560975,-11.3984
3064.T,MR4TNK-R,2019-01,JPY,1156.5,-0.14900662251655628,-14.9007
3064.T,MR4TNK-R,2019-02,JPY,1313.0,0.13532209252053606,13.5322
3064.T,MR4TNK-R,2019-03,JPY,1230.5,-0.06283320639756285,-6.28332
3064.T,MR4TNK-R,2019-04,JPY,1281.0,0.04104022754977654,4.10402
3064.T,MR4TNK-R,2019-05,JPY,1160.5,-0.0940671350507416,-9.40672
3064.T,MR4TNK-R,2019-06,JPY,1313.0,0.13140887548470492,13.464
3064.T,MR4TNK-R,2019-07,JPY,1198.0,-0.08758568164508762,-8.75857
3064.T,MR4TNK-R,2019-08,JPY,1305.5,0.0897328881469115,8.97329
3064.T,MR4TNK-R,2019-09,JPY,1413.0,0.08234392952891612,8.23439
3064.T,MR4TNK-R,2019-10,JPY,1652.5,0.16949752300070764,16.9497
3064.T,MR4TNK-R,2019-11,JPY,1540.0,-0.0680786686838124,-6.80787
3064.T,MR4TNK-R,2019-12,JPY,1461.5,-0.050974025974026005,-4.8539
3064.T,MR4TNK-R,2020-01,JPY,1336.0,-0.08587068080738969,-8.58707
3064.T,MR4TNK-R,2020-02,JPY,1200.0,-0.10179640718562877,-10.1796
3064.T,MR4TNK-R,2020-03,JPY,1434.0,0.19500000000000006,19.5
3064.T,MR4TNK-R,2020-04,JPY,1735.0,0.209902370990237,20.9902
3064.T,MR4TNK-R,2020-05,JPY,1957.5,0.1282420749279538,12.8242
3064.T,MR4TNK-R,2020-06,JPY,2160.0,0.10344827586206895,10.5619
3064.T,MR4TNK-R,2020-07,JPY,2252.5,0.04282407407407418,4.2824
3064.T,MR4TNK-R,2020-08,JPY,2095.0,-0.06992230854605996,-6.99223
3064.T,MR4TNK-R,2020-09,JPY,2610.0,0.24582338902147982,24.5823
3064.T,MR4TNK-R,2020-10,JPY,2900.0,0.11111111111111116,11.1111
3064.T,MR4TNK-R,2020-11,JPY,3185.0,0.09827586206896544,9.82759
3064.T,MR4TNK-R,2020-12,JPY,2625.0,-0.17582417582417587,-17.4333
3064.T,MR4TNK-R,2021-01,JPY,2625.0,0.0,0.0
3064.T,MR4TNK-R,2021-02,JPY,3060.0,0.1657142857142857,16.5714
3064.T,MR4TNK-R,2021-03,JPY,2994.0,-0.021568627450980427,-2.15687
3064.T,MR4TNK-R,2021-04,JPY,2790.0,-0.06813627254509014,-6.81363
3064.T,MR4TNK-R,2021-05,JPY,2542.0,-0.0888888888888889,-8.88889
3064.T,MR4TNK-R,2021-06,JPY,2630.0,0.03461841070023608,3.68804
3064.T,MR4TNK-R,2021-07,JPY,2516.0,-0.04334600760456275,-4.3346
3064.T,MR4TNK-R,2021-08,JPY,2433.0,-0.032988871224165384,-3.29888
3064.T,MR4TNK-R,2021-09,JPY,2524.0,0.03740238388820383,3.74024
3064.T,MR4TNK-R,2021-10,JPY,2580.0,0.022187004754358197,2.2187
3064.T,MR4TNK-R,2021-11,JPY,2256.0,-0.12558139534883717,-12.5581
3064.T,MR4TNK-R,2021-12,JPY,2073.0,-0.0811170212765957,-7.85683
3064.T,MR4TNK-R,2022-01,JPY,1859.0,-0.10323203087313071,-10.3232
3064.T,MR4TNK-R,2022-02,JPY,2150.0,0.15653577192038726,15.6536
3064.T,MR4TNK-R,2022-03,JPY,2634.0,0.2251162790697674,22.5116
3064.T,MR4TNK-R,2022-04,JPY,2259.0,-0.14236902050113898,-14.2369
3064.T,MR4TNK-R,2022-05,JPY,1888.0,-0.16423196104471005,-16.4232
3064.T,MR4TNK-R,2022-06,JPY,2016.0,0.06779661016949157,7.12394
3064.T,MR4TNK-R,2022-07,JPY,2365.0,0.1731150793650793,17.3115
3064.T,MR4TNK-R,2022-08,JPY,2524.0,0.06723044397463007,6.72305
3064.T,MR4TNK-R,2022-09,JPY,2222.0,-0.11965134706814584,-11.9651
3064.T,MR4TNK-R,2022-10,JPY,2268.0,0.02070207020702064,2.07021
3064.T,MR4TNK-R,2022-11,JPY,2336.0,0.029982363315696592,2.99823
3064.T,MR4TNK-R,2022-12,JPY,1857.0,-0.20505136986301364,-20.2055
3064.T,MR4TNK-R,2023-01,JPY,1954.0,0.05223478729133002,5.22348
3064.T,MR4TNK-R,2023-02,JPY,1852.0,-0.05220061412487209,-5.22006
3064.T,MR4TNK-R,2023-03,JPY,1657.0,-0.10529157667386613,-10.5292
TSM,N28HXY-R,2018-01,USD,45.31,,14.2749
TSM,N28HXY-R,2018-02,USD,43.35,-0.04325755903773998,-4.32576
TSM,N28HXY-R,2018-03,USD,43.76,0.009457900807381625,0.945795
TSM,N28HXY-R,2018-04,USD,38.45,-0.12134369287020097,-12.1344
TSM,N28HXY-R,2018-05,USD,38.7,0.006501950585175553,0.650191
TSM,N28HXY-R,2018-06,USD,36.56,-0.05529715762273901,-2.85333
TSM,N28HXY-R,2018-07,USD,41.21,0.1271881838074398,12.7188
TSM,N28HXY-R,2018-08,USD,43.6,0.05799563212812431,5.79957
TSM,N28HXY-R,2018-09,USD,44.16,0.01284403669724754,1.28441
TSM,N28HXY-R,2018-10,USD,38.1,-0.13722826086956508,-13.7228
TSM,N28HXY-R,2018-11,USD,37.59,-0.013385826771653453,-1.33858
TSM,N28HXY-R,2018-12,USD,36.91,-0.018089917531258548,-1.80899
TSM,N28HXY-R,2019-01,USD,37.62,0.01923597940937416,1.9236
TSM,N28HXY-R,2019-02,USD,39.05,0.03801169590643272,3.80117
TSM,N28HXY-R,2019-03,USD,40.96,0.048911651728553274,4.89117
TSM,N28HXY-R,2019-04,USD,43.82,0.06982421875,6.98242
TSM,N28HXY-R,2019-05,USD,38.35,-0.12482884527612959,-12.4829
TSM,N28HXY-R,2019-06,USD,39.17,0.021382007822685845,4.79288
TSM,N28HXY-R,2019-07,USD,42.63,0.08833290783763093,8.8333
TSM,N28HXY-R,2019-08,USD,42.63,0.0,0.0
TSM,N28HXY-R,2019-09,USD,46.48,0.09031198686371078,9.63209
TSM,N28HXY-R,2019-10,USD,51.63,0.11080034423407925,11.08
TSM,N28HXY-R,2019-11,USD,53.09,0.02827813286848735,2.82781
TSM,N28HXY-R,2019-12,USD,58.1,0.09436805424750427,10.0572
TSM,N28HXY-R,2020-01,USD,53.94,-0.07160068846815837,-7.16007
TSM,N28HXY-R,2020-02,USD,53.84,-0.0018539117538004524,-0.185388
TSM,N28HXY-R,2020-03,USD,47.79,-0.11236998514115903,-10.627
TSM,N28HXY-R,2020-04,USD,53.13,0.11173885750156942,11.1739
TSM,N28HXY-R,2020-05,USD,50.33,-0.05270092226613976,-5.27009
TSM,N28HXY-R,2020-06,USD,56.77,0.12795549374130744,13.4609
TSM,N28HXY-R,2020-07,USD,78.89,0.38964241676942035,38.9642
TSM,N28HXY-R,2020-08,USD,79.25,0.004563316009633667,0.456333
TSM,N28HXY-R,2020-09,USD,81.07,0.022965299684542417,2.73018
TSM,N28HXY-R,2020-10,USD,83.87,0.034538053533983204,3.45382
TSM,N28HXY-R,2020-11,USD,97.02,0.15679027065696904,15.679
TSM,N28HXY-R,2020-12,USD,109.04,0.12389198103483823,12.7527
TSM,N28HXY-R,2021-01,USD,121.52,0.11445341159207612,11.4453
TSM,N28HXY-R,2021-02,USD,125.94,0.036372613561553635,3.63727
TSM,N28HXY-R,2021-03,USD,118.28,-0.060822613943147474,-5.80636
TSM,N28HXY-R,2021-04,USD,116.74,-0.01301995265471767,-1.302
TSM,N28HXY-R,2021-05,USD,117.36,0.005310947404488564,0.531101
TSM,N28HXY-R,2021-06,USD,120.16,0.02385821404226318,2.68579
TSM,N28HXY-R,2021-07,USD,116.64,-0.02929427430093201,-2.92943
TSM,N28HXY-R,2021-08,USD,119.01,0.020318930041152372,2.0319
TSM,N28HXY-R,2021-09,USD,111.65,-0.061843542559448794,-5.85826
TSM,N28HXY-R,2021-10,USD,113.7,0.018360949395432202,1.83609
TSM,N28HXY-R,2021-11,USD,117.15,0.03034300791556732,3.03431
TSM,N28HXY-R,2021-12,USD,120.31,0.026973965002133893,3.03253
TSM,N28HXY-R,2022-01,USD,122.63,0.019283517579586018,1.92835
TSM,N28HXY-R,2022-02,USD,107.01,-0.12737503057979283,-12.7375
TSM,N28HXY-R,2022-03,USD,104.26,-0.025698532847397426,-2.21874
TSM,N28HXY-R,2022-04,USD,92.93,-0.10867063111452135,-10.8671
TSM,N28HXY-R,2022-05,USD,95.3,0.02550306682449155,2.5503
TSM,N28HXY-R,2022-06,USD,81.75,-0.14218258132214057,-13.8356
TSM,N28HXY-R,2022-07,USD,88.48,0.08232415902140677,8.23241
TSM,N28HXY-R,2022-08,USD,83.35,-0.05797920433996395,-5.79793
TSM,N28HXY-R,2022-09,USD,68.56,-0.17744451109778037,-17.3323
TSM,N28HXY-R,2022-10,USD,61.55,-0.10224620770128356,-10.2246
TSM,N28HXY-R,2022-11,USD,82.98,0.3481722177091797,34.8172
TSM,N28HXY-R,2022-12,USD,74.49,-0.10231381055676081,-9.80555
TSM,N28HXY-R,2023-01,USD,92.73,0.2448650825614178,24.4865
TSM,N28HXY-R,2023-02,USD,87.07,-0.061037420468025516,-6.10375
TSM,N28HXY-R,2023-03,USD,93.02,0.06833582175261288,7.24285
AML.L,N8P36V-R,2018-01,GBP,,,
AML.L,N8P36V-R,2018-02,GBP,,,
AML.L,N8P36V-R,2018-03,GBP,,,
AML.L,N8P36V-R,2018-04,GBP,,,
AML.L,N8P36V-R,2018-05,GBP,,,
AML.L,N8P36V-R,2018-06,GBP,,,
AML.L,N8P36V-R,2018-07,GBP,,,
AML.L,N8P36V-R,2018-08,GBP,,,
AML.L,N8P36V-R,2018-09,GBP,,,
AML.L,N8P36V-R,2018-10,GBP,36.2986,,
AML.L,N8P36V-R,2018-11,GBP,33.0809,-0.08864529210492966,-8.8644
AML.L,N8P36V-R,2018-12,GBP,29.1207,-0.11971258339404311,-11.9712
AML.L,N8P36V-R,2019-01,GBP,29.6395,0.017815505808582932,1.78163
AML.L,N8P36V-R,2019-02,GBP,25.7032,-0.13280588403987925,-13.2809
AML.L,N8P36V-R,2019-03,GBP,24.0372,-0.06481683214541378,-6.48148
AML.L,N8P36V-R,2019-04,GBP,23.6421,-0.01643702261494684,-1.64357
AML.L,N8P36V-R,2019-05,GBP,20.772,-0.12139784536906628,-12.1401
AML.L,N8P36V-R,2019-06,GBP,23.9182,0.15146350856922774,15.1467
AML.L,N8P36V-R,2019-07,GBP,11.852,-0.504477761704476,-50.4478
AML.L,N8P36V-R,2019-08,GBP,11.4379,-0.03493925075936544,-3.49398
AML.L,N8P36V-R,2019-09,GBP,12.5231,0.09487755619475591,9.48814
AML.L,N8P36V-R,2019-10,GBP,9.50302,-0.24116073496179058,-24.1163
AML.L,N8P36V-R,2019-11,GBP,13.0991,0.3784144408830037,37.8412
AML.L,N8P36V-R,2019-12,GBP,12.3708,-0.0555992396424182,-5.55959
AML.L,N8P36V-R,2020-01,GBP,11.871,-0.040401590842952695,-4.04001
AML.L,N8P36V-R,2020-02,GBP,8.04413,-0.3223713250779211,-32.2374
AML.L,N8P36V-R,2020-03,GBP,4.71938,-0.41331380770822945,-41.3314
AML.L,N8P36V-R,2020-04,GBP,4.24789,-0.09990507227644307,-9.99056
AML.L,N8P36V-R,2020-05,GBP,4.0885,-0.037522158059648425,-3.75218
AML.L,N8P36V-R,2020-06,GBP,3.66223,-0.10426073131955482,-10.4261
AML.L,N8P36V-R,2020-07,GBP,4.29237,0.17206456175608853,17.2065
AML.L,N8P36V-R,2020-08,GBP,4.17746,-0.02677075834562259,-2.67702
AML.L,N8P36V-R,2020-09,GBP,3.77714,-0.09582856568345355,-9.58297
AML.L,N8P36V-R,2020-10,GBP,4.02178,0.06476858151935039,6.47694
AML.L,N8P36V-R,2020-11,GBP,5.37473,0.3364057705791963,33.6406
AML.L,N8P36V-R,2020-12,GBP,7.44678,0.3855170399257266,38.5517
AML.L,N8P36V-R,2021-01,GBP,7.52462,0.010452840019444576,1.0453
AML.L,N8P36V-R,2021-02,GBP,7.44308,-0.010836427620265154,-1.08374
AML.L,N8P36V-R,2021-03,GBP,7.40972,-0.0044820155097083925,-0.448209
AML.L,N8P36V-R,2021-04,GBP,7.18917,-0.029764957380305934,-2.97648
AML.L,N8P36V-R,2021-05,GBP,7.80633,0.08584579304704154,8.58469
AML.L,N8P36V-R,2021-06,GBP,6.95935,-0.10849912827154373,-10.85
AML.L,N8P36V-R,2021-07,GBP,7.2355,0.03968042992520848,3.96804
AML.L,N8P36V-R,2021-08,GBP,7.42825,0.02663948586828835,2.66393
AML.L,N8P36V-R,2021-09,GBP,7.10021,-0.04416114158785722,-4.41617
AML.L,N8P36V-R,2021-10,GBP,6.33106,-0.10832778185433944,-10.8327
AML.L,N8P36V-R,2021-11,GBP,5.49149,-0.13261128468218597,-13.2611
AML.L,N8P36V-R,2021-12,GBP,5.01518,-0.0867360224638486,-8.67364
AML.L,N8P36V-R,2022-01,GBP,4.40543,-0.12158088044696302,-12.1582
AML.L,N8P36V-R,2022-02,GBP,3.79197,-0.13925087902883482,-13.9251
AML.L,N8P36V-R,2022-03,GBP,3.65185,-0.036951769133194645,-3.69501
AML.L,N8P36V-R,2022-04,GBP,3.16331,-0.1337787696646905,-13.378
AML.L,N8P36V-R,2022-05,GBP,2.66142,-0.15865975829115708,-15.866
AML.L,N8P36V-R,2022-06,GBP,1.63837,-0.3844000571123686,-38.4401
AML.L,N8P36V-R,2022-07,GBP,1.77329,0.08235014068861113,8.2353
AML.L,N8P36V-R,2022-08,GBP,1.65208,-0.06835317404372665,-6.83528
AML.L,N8P36V-R,2022-09,GBP,1.195,-0.27666941068229134,-27.667
AML.L,N8P36V-R,2022-10,GBP,1.056,-0.11631799163179912,-11.6318
AML.L,N8P36V-R,2022-11,GBP,1.3085,0.2391098484848484,23.911
AML.L,N8P36V-R,2022-12,GBP,1.5405,0.1773022544898739,17.7302
AML.L,N8P36V-R,2023-01,GBP,1.65,0.07108081791626097,7.10808
AML.L,N8P36V-R,2023-02,GBP,2.011,0.21878787878787898,21.8788
AML.L,N8P36V-R,2023-03,GBP,2.283,0.13525609149676776,13.5256
ROSE.SW,NB7GLC-R,2018-01,CHF,60.6145,,-0.763363
ROSE.SW,NB7GLC-R,2018-02,CHF,51.2892,-0.15384602694074845,-15.3846
ROSE.SW,NB7GLC-R,2018-03,CHF,50.7297,-0.01090872932313236,-1.09091
ROSE.SW,NB7GLC-R,2018-04,CHF,54.3666,0.07169173087954395,7.16912
ROSE.SW,NB7GLC-R,2018-05,CHF,59.682,0.09776958647404843,9.77701
ROSE.SW,NB7GLC-R,2018-06,CHF,60.6145,0.015624476391541853,1.5625
ROSE.SW,NB7GLC-R,2018-07,CHF,58.2832,-0.03846109429261968,-3.84616
ROSE.SW,NB7GLC-R,2018-08,CHF,64.5311,0.10719898701512598,10.72
ROSE.SW,NB7GLC-R,2018-09,CHF,59.4955,-0.07803369228170598,-7.80345
ROSE.SW,NB7GLC-R,2018-10,CHF,55.9519,-0.05956080711986622,-5.95611
ROSE.SW,NB7GLC-R,2018-11,CHF,44.1693,-0.21058444842802482,-21.0584
ROSE.SW,NB7GLC-R,2018-12,CHF,44.1693,0.0,0.0
ROSE.SW,NB7GLC-R,2019-01,CHF,43.9723,-0.004460111434865466,-0.445932
ROSE.SW,NB7GLC-R,2019-02,CHF,42.8398,-0.02575485021252011,-2.57559
ROSE.SW,NB7GLC-R,2019-03,CHF,42.6428,-0.004598527537476693,-0.459772
ROSE.SW,NB7GLC-R,2019-04,CHF,47.4684,0.11316330072134106,11.3164
ROSE.SW,NB7GLC-R,2019-05,CHF,47.9608,0.010373216708378541,1.03734
ROSE.SW,NB7GLC-R,2019-06,CHF,50.2259,0.04722815299160987,4.7228
ROSE.SW,NB7GLC-R,2019-07,CHF,46.7298,-0.0696075132551135,-6.96078
ROSE.SW,NB7GLC-R,2019-08,CHF,42.5443,-0.08956811285304023,-8.9568
ROSE.SW,NB7GLC-R,2019-09,CHF,43.5784,0.024306428828303694,2.43055
ROSE.SW,NB7GLC-R,2019-10,CHF,48.0593,0.10282387604868459,10.2825
ROSE.SW,NB7GLC-R,2019-11,CHF,46.6313,-0.029713291704207,-2.97132
ROSE.SW,NB7GLC-R,2019-12,CHF,52.688,0.12988486274240696,12.9884
ROSE.SW,NB7GLC-R,2020-01,CHF,58.6954,0.11401837230488909,11.4019
ROSE.SW,NB7GLC-R,2020-02,CHF,55.15,-0.06040337062188861,-6.04027
ROSE.SW,NB7GLC-R,2020-03,CHF,60.1726,0.09107162284678161,9.10714
ROSE.SW,NB7GLC-R,2020-04,CHF,77.9979,0.29623616064454583,29.6236
ROSE.SW,NB7GLC-R,2020-05,CHF,95.0353,0.21843408604590642,21.8434
ROSE.SW,NB7GLC-R,2020-06,CHF,127.288,0.3393760002862094,33.9378
ROSE.SW,NB7GLC-R,2020-07,CHF,124.334,-0.02320721513418389,-2.32108
ROSE.SW,NB7GLC-R,2020-08,CHF,120.887,-0.027723711937201467,-2.77228
ROSE.SW,NB7GLC-R,2020-09,CHF,108.33,-0.10387386567621004,-10.387
ROSE.SW,NB7GLC-R,2020-10,CHF,125.811,0.161368042093603,16.1364
ROSE.SW,NB7GLC-R,2020-11,CHF,134.428,0.06849162632838146,6.84931
ROSE.SW,NB7GLC-R,2020-12,CHF,139.352,0.03662927366322499,3.663
ROSE.SW,NB7GLC-R,2021-01,CHF,201.642,0.4469975314311958,44.6996
ROSE.SW,NB7GLC-R,2021-02,CHF,211.244,0.04761904761904767,4.76191
ROSE.SW,NB7GLC-R,2021-03,CHF,174.806,-0.17249247315900096,-17.2494
ROSE.SW,NB7GLC-R,2021-04,CHF,149.693,-0.1436621168609773,-14.3662
ROSE.SW,NB7GLC-R,2021-05,CHF,165.45,0.10526210310435347,10.5263
ROSE.SW,NB7GLC-R,2021-06,CHF,174.56,0.05506195225143551,5.50594
ROSE.SW,NB7GLC-R,2021-07,CHF,165.942,-0.04936984417965162,-4.93653
ROSE.SW,NB7GLC-R,2021-08,CHF,194.01,0.16914343565824197,16.9139
ROSE.SW,NB7GLC-R,2021-09,CHF,184.162,-0.05076027008917061,-5.07614
ROSE.SW,NB7GLC-R,2021-10,CHF,160.034,-0.13101508454512878,-13.1016
ROSE.SW,NB7GLC-R,2021-11,CHF,171.851,0.07384055888123786,7.38462
ROSE.SW,NB7GLC-R,2021-12,CHF,115.963,-0.3252119568696138,-32.5215
ROSE.SW,NB7GLC-R,2022-01,CHF,111.039,-0.042461819718358385,-4.24628
ROSE.SW,NB7GLC-R,2022-02,CHF,79.0812,-0.28780698673439065,-28.7805
ROSE.SW,NB7GLC-R,2022-03,CHF,66.8694,-0.15442102547761027,-15.4421
ROSE.SW,NB7GLC-R,2022-04,CHF,59.3848,-0.11192862505121925,-11.1929
ROSE.SW,NB7GLC-R,2022-05,CHF,56.2826,-0.0522389567700825,-5.22388
ROSE.SW,NB7GLC-R,2022-06,CHF,35.2813,-0.37314018897492296,-37.3141
ROSE.SW,NB7GLC-R,2022-07,CHF,33.4347,-0.05233934123742612,-5.23378
ROSE.SW,NB7GLC-R,2022-08,CHF,22.5623,-0.32518311813774314,-32.5184
ROSE.SW,NB7GLC-R,2022-09,CHF,14.5458,-0.3553050885769625,-35.5303
ROSE.SW,NB7GLC-R,2022-10,CHF,13.3246,-0.08395550605673108,-8.3954
ROSE.SW,NB7GLC-R,2022-11,CHF,11.68,-0.12342584392777267,-12.3429
ROSE.SW,NB7GLC-R,2022-12,CHF,12.586,0.07756849315068504,7.75716
ROSE.SW,NB7GLC-R,2023-01,CHF,16.8897,0.34194342920705556,34.1941
ROSE.SW,NB7GLC-R,2023-02,CHF,24.5615,0.45422950082002633,45.4227
ROSE.SW,NB7GLC-R,2023-03,CHF,20.7699,-0.1543716792541172,-15.437
LBIRD.PA,NL6284-R,2018-01,EUR,7.02392,,0.141847
LBIRD.PA,NL6284-R,2018-02,EUR,7.17316,0.02124739461725067,2.12464
LBIRD.PA,NL6284-R,2018-03,EUR,8.35707,0.16504720374284143,16.5049
LBIRD.PA,NL6284-R,2018-04,EUR,12.0183,0.4380997167667615,43.8095
LBIRD.PA,NL6284-R,2018-05,EUR,11.481,-0.04470682209630317,-4.47019
LBIRD.PA,NL6284-R,2018-06,EUR,12.9336,0.12652207995819187,12.6516
LBIRD.PA,NL6284-R,2018-07,EUR,14.207,0.0984567328508692,9.84615
LBIRD.PA,NL6284-R,2018-08,EUR,16.4157,0.15546561554163452,15.5462
LBIRD.PA,NL6284-R,2018-09,EUR,13.63,-0.16969730197311106,-16.9697
LBIRD.PA,NL6284-R,2018-10,EUR,11.8989,-0.12700660308143807,-12.7007
LBIRD.PA,NL6284-R,2018-11,EUR,12.34,0.03707065358982775,3.70723
LBIRD.PA,NL6284-R,2018-12,EUR,11.0,-0.10858995137763372,-10.859
LBIRD.PA,NL6284-R,2019-01,EUR,13.6,0.23636363636363633,23.6364
LBIRD.PA,NL6284-R,2019-02,EUR,14.7,0.0808823529411764,8.08823
LBIRD.PA,NL6284-R,2019-03,EUR,14.9,0.013605442176870763,1.36055
LBIRD.PA,NL6284-R,2019-04,EUR,17.8,0.19463087248322153,19.4631
LBIRD.PA,NL6284-R,2019-05,EUR,16.66,-0.06404494382022474,-6.40449
LBIRD.PA,NL6284-R,2019-06,EUR,16.04,-0.03721488595438183,-3.72148
LBIRD.PA,NL6284-R,2019-07,EUR,15.9,-0.00872817955112215,-0.872827
LBIRD.PA,NL6284-R,2019-08,EUR,16.44,0.03396226415094339,3.39624
LBIRD.PA,NL6284-R,2019-09,EUR,13.88,-0.15571776155717765,-15.5718
LBIRD.PA,NL6284-R,2019-10,EUR,12.98,-0.06484149855907784,-6.48416
LBIRD.PA,NL6284-R,2019-11,EUR,13.98,0.07704160246533132,7.70416
LBIRD.PA,NL6284-R,2019-12,EUR,15.2,0.08726752503576529,8.72675
LBIRD.PA,NL6284-R,2020-01,EUR,12.3,-0.1907894736842104,-19.0789
LBIRD.PA,NL6284-R,2020-02,EUR,10.58,-0.1398373983739838,-13.9837
LBIRD.PA,NL6284-R,2020-03,EUR,7.81,-0.26181474480151234,-26.1815
LBIRD.PA,NL6284-R,2020-04,EUR,10.5,0.3444302176696543,34.443
LBIRD.PA,NL6284-R,2020-05,EUR,10.52,0.0019047619047618536,0.190485
LBIRD.PA,NL6284-R,2020-06,EUR,11.36,0.07984790874524705,7.98478
LBIRD.PA,NL6284-R,2020-07,EUR,11.68,0.028169014084507005,2.8169
LBIRD.PA,NL6284-R,2020-08,EUR,11.8,0.010273972602739878,1.02739
LBIRD.PA,NL6284-R,2020-09,EUR,10.3,-0.1271186440677966,-12.7119
LBIRD.PA,NL6284-R,2020-10,EUR,9.38,-0.0893203883495145,-8.93204
LBIRD.PA,NL6284-R,2020-11,EUR,11.74,0.2515991471215351,25.1599
LBIRD.PA,NL6284-R,2020-12,EUR,14.04,0.19591141396933542,19.5911
LBIRD.PA,NL6284-R,2021-01,EUR,15.28,0.0883190883190883,8.83191
LBIRD.PA,NL6284-R,2021-02,EUR,16.26,0.06413612565445037,6.41361
LBIRD.PA,NL6284-R,2021-03,EUR,17.42,0.071340713407134,7.13407
LBIRD.PA,NL6284-R,2021-04,EUR,16.86,-0.032146957520092,-3.21469
LBIRD.PA,NL6284-R,2021-05,EUR,15.56,-0.07710557532621587,-7.71056
LBIRD.PA,NL6284-R,2021-06,EUR,16.0,0.028277634961439535,2.82776
LBIRD.PA,NL6284-R,2021-07,EUR,17.1,0.06875000000000009,6.875
LBIRD.PA,NL6284-R,2021-08,EUR,16.5,-0.03508771929824572,-3.50878
LBIRD.PA,NL6284-R,2021-09,EUR,18.9,0.14545454545454528,14.5455
LBIRD.PA,NL6284-R,2021-10,EUR,20.65,0.09259259259259256,9.25926
LBIRD.PA,NL6284-R,2021-11,EUR,20.6,-0.002421307506053183,-0.242126
LBIRD.PA,NL6284-R,2021-12,EUR,24.05,0.16747572815533984,16.7476
LBIRD.PA,NL6284-R,2022-01,EUR,20.3,-0.15592515592515588,-15.5925
LBIRD.PA,NL6284-R,2022-02,EUR,20.8,0.024630541871921263,2.46305
LBIRD.PA,NL6284-R,2022-03,EUR,20.85,0.0024038461538462563,0.240386
LBIRD.PA,NL6284-R,2022-04,EUR,21.45,0.028776978417266008,2.8777
LBIRD.PA,NL6284-R,2022-05,EUR,19.4,-0.09557109557109555,-9.55712
LBIRD.PA,NL6284-R,2022-06,EUR,17.4,-0.1030927835051546,-10.3093
LBIRD.PA,NL6284-R,2022-07,EUR,20.5,0.17816091954023006,17.8161
LBIRD.PA,NL6284-R,2022-08,EUR,20.6,0.004878048780487809,0.487804
LBIRD.PA,NL6284-R,2022-09,EUR,14.9,-0.2766990291262136,-27.6699
LBIRD.PA,NL6284-R,2022-10,EUR,16.68,0.119463087248322,11.9463
LBIRD.PA,NL6284-R,2022-11,EUR,16.96,0.016786570743405393,1.67865
LBIRD.PA,NL6284-R,2022-12,EUR,16.56,-0.02358490566037752,-2.35849
LBIRD.PA,NL6284-R,2023-01,EUR,18.2,0.09903381642512077,9.9034
LBIRD.PA,NL6284-R,2023-02,EUR,16.76,-0.07912087912087895,-7.91209
LBIRD.PA,NL6284-R,2023-03,EUR,14.2,-0.15274463007159922,-15.2745
MUSTI.HE,NQVWVF-R,2018-01,EUR,,,
MUSTI.HE,NQVWVF-R,2018-02,EUR,,,
MUSTI.HE,NQVWVF-R,2018-03,EUR,,,
MUSTI.HE,NQVWVF-R,2018-04,EUR,,,
MUSTI.HE,NQVWVF-R,2018-05,EUR,,,
MUSTI.HE,NQVWVF-R,2018-06,EUR,,,
MUSTI.HE,NQVWVF-R,2018-07,EUR,,,
MUSTI.HE,NQVWVF-R,2018-08,EUR,,,
MUSTI.HE,NQVWVF-R,2018-09,EUR,,,
MUSTI.HE,NQVWVF-R,2018-10,EUR,,,
MUSTI.HE,NQVWVF-R,2018-11,EUR,,,
MUSTI.HE,NQVWVF-R,2018-12,EUR,,,
MUSTI.HE,NQVWVF-R,2019-01,EUR,,,
MUSTI.HE,NQVWVF-R,2019-02,EUR,,,
MUSTI.HE,NQVWVF-R,2019-03,EUR,,,
MUSTI.HE,NQVWVF-R,2019-04,EUR,,,
MUSTI.HE,NQVWVF-R,2019-05,EUR,,,
MUSTI.HE,NQVWVF-R,2019-06,EUR,,,
MUSTI.HE,NQVWVF-R,2019-07,EUR,,,
MUSTI.HE,NQVWVF-R,2019-08,EUR,,,
MUSTI.HE,NQVWVF-R,2019-09,EUR,,,
MUSTI.HE,NQVWVF-R,2019-10,EUR,,,
MUSTI.HE,NQVWVF-R,2019-11,EUR,,,
MUSTI.HE,NQVWVF-R,2019-12,EUR,,,
MUSTI.HE,NQVWVF-R,2020-01,EUR,,,
MUSTI.HE,NQVWVF-R,2020-02,EUR,10.1,,
MUSTI.HE,NQVWVF-R,2020-03,EUR,8.3,-0.17821782178217815,-17.8218
MUSTI.HE,NQVWVF-R,2020-04,EUR,11.1,0.3373493975903612,33.7349
MUSTI.HE,NQVWVF-R,2020-05,EUR,13.2,0.18918918918918926,18.9189
MUSTI.HE,NQVWVF-R,2020-06,EUR,16.04,0.2151515151515151,21.5152
MUSTI.HE,NQVWVF-R,2020-07,EUR,17.2,0.07231920199501252,7.23191
MUSTI.HE,NQVWVF-R,2020-08,EUR,18.07,0.05058139534883721,5.05813
MUSTI.HE,NQVWVF-R,2020-09,EUR,20.8,0.15107913669064743,15.1079
MUSTI.HE,NQVWVF-R,2020-10,EUR,19.67,-0.054326923076922995,-5.43269
MUSTI.HE,NQVWVF-R,2020-11,EUR,21.8,0.10828673106253173,10.8287
MUSTI.HE,NQVWVF-R,2020-12,EUR,24.54,0.1256880733944954,12.5688
MUSTI.HE,NQVWVF-R,2021-01,EUR,25.78,0.050529747351263365,5.05297
MUSTI.HE,NQVWVF-R,2021-02,EUR,26.72,0.036462373933281444,3.64623
MUSTI.HE,NQVWVF-R,2021-03,EUR,27.52,0.029940119760479167,2.99401
MUSTI.HE,NQVWVF-R,2021-04,EUR,31.38,0.14026162790697683,14.0262
MUSTI.HE,NQVWVF-R,2021-05,EUR,31.66,0.008922880815806389,0.892293
MUSTI.HE,NQVWVF-R,2021-06,EUR,31.22,-0.013897662665824373,-1.38977
MUSTI.HE,NQVWVF-R,2021-07,EUR,34.84,0.11595131326073038,11.5951
MUSTI.HE,NQVWVF-R,2021-08,EUR,34.2,-0.018369690011481032,-1.83697
MUSTI.HE,NQVWVF-R,2021-09,EUR,30.9,-0.09649122807017552,-9.64913
MUSTI.HE,NQVWVF-R,2021-10,EUR,33.98,0.09967637540453067,9.96764
MUSTI.HE,NQVWVF-R,2021-11,EUR,29.72,-0.12536786344908768,-12.5368
MUSTI.HE,NQVWVF-R,2021-12,EUR,30.96,0.04172274562584133,4.17228
MUSTI.HE,NQVWVF-R,2022-01,EUR,26.4,-0.1472868217054264,-14.0181
MUSTI.HE,NQVWVF-R,2022-02,EUR,23.5,-0.10984848484848475,-10.9849
MUSTI.HE,NQVWVF-R,2022-03,EUR,23.96,0.019574468085106433,1.95744
MUSTI.HE,NQVWVF-R,2022-04,EUR,22.46,-0.06260434056761266,-6.26044
MUSTI.HE,NQVWVF-R,2022-05,EUR,18.22,-0.18878005342831705,-18.878
MUSTI.HE,NQVWVF-R,2022-06,EUR,17.04,-0.06476399560922064,-6.47639
MUSTI.HE,NQVWVF-R,2022-07,EUR,20.22,0.18661971830985924,18.662
MUSTI.HE,NQVWVF-R,2022-08,EUR,19.74,-0.023738872403560873,-1.28586
MUSTI.HE,NQVWVF-R,2022-09,EUR,17.82,-0.09726443768996951,-9.72645
MUSTI.HE,NQVWVF-R,2022-10,EUR,19.02,0.06734006734006726,6.73401
MUSTI.HE,NQVWVF-R,2022-11,EUR,15.26,-0.19768664563617244,-19.7687
MUSTI.HE,NQVWVF-R,2022-12,EUR,15.61,0.022935779816513735,2.29357
MUSTI.HE,NQVWVF-R,2023-01,EUR,15.54,-0.004484304932735439,1.15311
MUSTI.HE,NQVWVF-R,2023-02,EUR,17.75,0.1422136422136422,14.2214
MUSTI.HE,NQVWVF-R,2023-03,EUR,16.11,-0.09239436619718311,-9.23944
IFX.DE,P59ZZH-R,2018-01,EUR,23.41,,2.51807
IFX.DE,P59ZZH-R,2018-02,EUR,22.4,-0.04314395557454087,-3.24647
IFX.DE,P59ZZH-R,2018-03,EUR,21.74,-0.02946428571428572,-2.94643
IFX.DE,P59ZZH-R,2018-04,EUR,21.28,-0.021159153633854566,-2.11591
IFX.DE,P59ZZH-R,2018-05,EUR,23.49,0.10385338345864659,10.3853
IFX.DE,P59ZZH-R,2018-06,EUR,21.83,-0.07066836951894429,-7.06683
IFX.DE,P59ZZH-R,2018-07,EUR,22.66,0.03802107191937698,3.80211
IFX.DE,P59ZZH-R,2018-08,EUR,21.92,-0.032656663724624835,-3.26567
IFX.DE,P59ZZH-R,2018-09,EUR,19.57,-0.10720802919708039,-10.7208
IFX.DE,P59ZZH-R,2018-10,EUR,17.71,-0.09504343382728664,-9.50435
IFX.DE,P59ZZH-R,2018-11,EUR,18.495,0.04432523997741389,4.43253
IFX.DE,P59ZZH-R,2018-12,EUR,17.365,-0.06109759394430936,-6.10976
IFX.DE,P59ZZH-R,2019-01,EUR,19.415,0.11805355600345524,11.8054
IFX.DE,P59ZZH-R,2019-02,EUR,19.305,-0.005665722379603388,0.824106
IFX.DE,P59ZZH-R,2019-03,EUR,17.685,-0.08391608391608396,-8.39161
IFX.DE,P59ZZH-R,2019-04,EUR,21.025,0.18886061634153228,18.8861
IFX.DE,P59ZZH-R,2019-05,EUR,16.084,-0.2350059453032104,-23.5006
IFX.DE,P59ZZH-R,2019-06,EUR,15.55,-0.03320069634419287,-3.32007
IFX.DE,P59ZZH-R,2019-07,EUR,17.02,0.09453376205787767,9.45338
IFX.DE,P59ZZH-R,2019-08,EUR,15.748,-0.0747356051703878,-7.47356
IFX.DE,P59ZZH-R,2019-09,EUR,16.512,0.04851409702819409,4.8514
IFX.DE,P59ZZH-R,2019-10,EUR,17.378,0.052446705426356655,5.24467
IFX.DE,P59ZZH-R,2019-11,EUR,19.388,0.11566348256416159,11.5664
IFX.DE,P59ZZH-R,2019-12,EUR,20.31,0.04755518877656262,4.75551
IFX.DE,P59ZZH-R,2020-01,EUR,19.576,-0.03613983259478082,-3.61398
IFX.DE,P59ZZH-R,2020-02,EUR,18.794,-0.039946873722926046,-2.61545
IFX.DE,P59ZZH-R,2020-03,EUR,13.43,-0.28541023730977977,-28.541
IFX.DE,P59ZZH-R,2020-04,EUR,16.95,0.26209977661950856,26.21
IFX.DE,P59ZZH-R,2020-05,EUR,18.856,0.11244837758112114,11.2448
IFX.DE,P59ZZH-R,2020-06,EUR,20.875,0.10707467119219327,10.7075
IFX.DE,P59ZZH-R,2020-07,EUR,21.13,0.012215568862275372,1.22155
IFX.DE,P59ZZH-R,2020-08,EUR,23.16,0.09607193563653582,9.6072
IFX.DE,P59ZZH-R,2020-09,EUR,24.115,0.04123488773747841,4.12349
IFX.DE,P59ZZH-R,2020-10,EUR,23.9,-0.008915612689197605,-0.89156
IFX.DE,P59ZZH-R,2020-11,EUR,29.52,0.23514644351464442,23.5147
IFX.DE,P59ZZH-R,2020-12,EUR,31.39,0.06334688346883466,6.33469
IFX.DE,P59ZZH-R,2021-01,EUR,33.125,0.055272379738770194,5.52723
IFX.DE,P59ZZH-R,2021-02,EUR,36.0,0.08679245283018866,9.3434
IFX.DE,P59ZZH-R,2021-03,EUR,36.155,0.0043055555555555625,0.430548
IFX.DE,P59ZZH-R,2021-04,EUR,33.565,-0.07163601161665067,-7.1636
IFX.DE,P59ZZH-R,2021-05,EUR,33.265,-0.008937881722031804,-0.893784
IFX.DE,P59ZZH-R,2021-06,EUR,33.82,0.01668420261536152,1.66842
IFX.DE,P59ZZH-R,2021-07,EUR,32.135,-0.04982259018332358,-4.98226
IFX.DE,P59ZZH-R,2021-08,EUR,36.065,0.12229656138167111,12.2297
IFX.DE,P59ZZH-R,2021-09,EUR,35.525,-0.01497296547899618,-1.49729
IFX.DE,P59ZZH-R,2021-10,EUR,40.395,0.13708655876143583,13.7087
IFX.DE,P59ZZH-R,2021-11,EUR,39.93,-0.011511325659116278,-1.15113
IFX.DE,P59ZZH-R,2021-12,EUR,40.76,0.020786376158276942,2.07863
IFX.DE,P59ZZH-R,2022-01,EUR,36.335,-0.10856231599607447,-10.8562
IFX.DE,P59ZZH-R,2022-02,EUR,30.745,-0.15384615384615385,-14.6415
IFX.DE,P59ZZH-R,2022-03,EUR,30.985,0.007806147341030911,0.780618
IFX.DE,P59ZZH-R,2022-04,EUR,27.45,-0.11408746167500405,-11.4087
IFX.DE,P59ZZH-R,2022-05,EUR,28.94,0.0542805100182151,5.42805
IFX.DE,P59ZZH-R,2022-06,EUR,23.09,-0.2021423635107119,-20.2142
IFX.DE,P59ZZH-R,2022-07,EUR,26.55,0.14984841922910364,14.9848
IFX.DE,P59ZZH-R,2022-08,EUR,24.3,-0.0847457627118644,-8.47458
IFX.DE,P59ZZH-R,2022-09,EUR,22.71,-0.0654320987654321,-6.54321
IFX.DE,P59ZZH-R,2022-10,EUR,24.64,0.0849845882870981,8.49847
IFX.DE,P59ZZH-R,2022-11,EUR,31.52,0.27922077922077926,27.9221
IFX.DE,P59ZZH-R,2022-12,EUR,28.43,-0.09803299492385786,-9.8033
IFX.DE,P59ZZH-R,2023-01,EUR,32.915,0.15775589166373538,15.7756
IFX.DE,P59ZZH-R,2023-02,EUR,33.515,0.018228771077016592,2.79508
IFX.DE,P59ZZH-R,2023-03,EUR,37.68,0.12427271371027904,12.4273
ZAL.DE,PM6KP2-R,2018-01,EUR,47.18,,6.94774
ZAL.DE,PM6KP2-R,2018-02,EUR,46.9,-0.005934718100890191,-0.593472
ZAL.DE,PM6KP2-R,2018-03,EUR,44.28,-0.05586353944562894,-5.58636
ZAL.DE,PM6KP2-R,2018-04,EUR,42.75,-0.03455284552845528,-3.45528
ZAL.DE,PM6KP2-R,2018-05,EUR,45.55,0.06549707602339172,6.5497
ZAL.DE,PM6KP2-R,2018-06,EUR,47.87,0.050933040614709046,5.0933
ZAL.DE,PM6KP2-R,2018-07,EUR,49.06,0.024858993106329663,2.48591
ZAL.DE,PM6KP2-R,2018-08,EUR,45.32,-0.07623318385650224,-7.62332
ZAL.DE,PM6KP2-R,2018-09,EUR,33.51,-0.26059135039717574,-26.0591
ZAL.DE,PM6KP2-R,2018-10,EUR,34.2,0.020590868397493356,2.05909
ZAL.DE,PM6KP2-R,2018-11,EUR,27.4,-0.19883040935672525,-19.883
ZAL.DE,PM6KP2-R,2018-12,EUR,22.44,-0.18102189781021893,-18.1022
ZAL.DE,PM6KP2-R,2019-01,EUR,26.65,0.1876114081996434,18.7611
ZAL.DE,PM6KP2-R,2019-02,EUR,32.4,0.21575984990619146,21.576
ZAL.DE,PM6KP2-R,2019-03,EUR,34.75,0.07253086419753085,7.25309
ZAL.DE,PM6KP2-R,2019-04,EUR,41.94,0.2069064748201439,20.6906
ZAL.DE,PM6KP2-R,2019-05,EUR,35.54,-0.15259895088221265,-15.2599
ZAL.DE,PM6KP2-R,2019-06,EUR,39.02,0.09791783905458651,9.79178
ZAL.DE,PM6KP2-R,2019-07,EUR,41.68,0.06817016914402863,6.81702
ZAL.DE,PM6KP2-R,2019-08,EUR,45.0,0.07965451055662198,7.96545
ZAL.DE,PM6KP2-R,2019-09,EUR,41.88,-0.06933333333333325,-6.93333
ZAL.DE,PM6KP2-R,2019-10,EUR,38.85,-0.07234957020057309,-7.23496
ZAL.DE,PM6KP2-R,2019-11,EUR,39.1,0.006435006435006496,0.643504
ZAL.DE,PM6KP2-R,2019-12,EUR,45.18,0.15549872122762154,15.5499
ZAL.DE,PM6KP2-R,2020-01,EUR,43.43,-0.03873395307658256,-3.8734
ZAL.DE,PM6KP2-R,2020-02,EUR,39.53,-0.08979967764218277,-8.97997
ZAL.DE,PM6KP2-R,2020-03,EUR,34.99,-0.11484948140652662,-11.4849
ZAL.DE,PM6KP2-R,2020-04,EUR,44.49,0.27150614461274647,27.1506
ZAL.DE,PM6KP2-R,2020-05,EUR,60.84,0.36749831422791646,36.7498
ZAL.DE,PM6KP2-R,2020-06,EUR,62.78,0.03188691650230102,3.18869
ZAL.DE,PM6KP2-R,2020-07,EUR,61.24,-0.024530105129021984,-2.45301
ZAL.DE,PM6KP2-R,2020-08,EUR,73.14,0.19431743958197245,19.4317
ZAL.DE,PM6KP2-R,2020-09,EUR,79.9,0.09242548537052242,9.24255
ZAL.DE,PM6KP2-R,2020-10,EUR,80.18,0.0035043804755945374,0.35044
ZAL.DE,PM6KP2-R,2020-11,EUR,84.8,0.05762035420304312,5.76204
ZAL.DE,PM6KP2-R,2020-12,EUR,91.06,0.07382075471698113,7.38207
ZAL.DE,PM6KP2-R,2021-01,EUR,94.72,0.04019327915659998,4.01933
ZAL.DE,PM6KP2-R,2021-02,EUR,85.02,-0.10240709459459463,-10.2407
ZAL.DE,PM6KP2-R,2021-03,EUR,83.64,-0.016231474947071223,-1.62314
ZAL.DE,PM6KP2-R,2021-04,EUR,86.54,0.034672405547584884,3.46724
ZAL.DE,PM6KP2-R,2021-05,EUR,87.42,0.010168708111855773,1.01687
ZAL.DE,PM6KP2-R,2021-06,EUR,101.95,0.16620910546785628,16.6209
ZAL.DE,PM6KP2-R,2021-07,EUR,93.76,-0.08033349681216284,-8.03335
ZAL.DE,PM6KP2-R,2021-08,EUR,93.8,0.00042662116040936837,0.042665
ZAL.DE,PM6KP2-R,2021-09,EUR,79.32,-0.15437100213219623,-15.4371
ZAL.DE,PM6KP2-R,2021-10,EUR,81.58,0.028492183560262285,2.84922
ZAL.DE,PM6KP2-R,2021-11,EUR,80.26,-0.016180436381465935,-1.61805
ZAL.DE,PM6KP2-R,2021-12,EUR,71.14,-0.11363070022427113,-11.3631
ZAL.DE,PM6KP2-R,2022-01,EUR,69.98,-0.016305875737981368,-1.63058
ZAL.DE,PM6KP2-R,2022-02,EUR,59.58,-0.14861388968276656,-14.8614
ZAL.DE,PM6KP2-R,2022-03,EUR,46.0,-0.2279288351795904,-22.7929
ZAL.DE,PM6KP2-R,2022-04,EUR,37.83,-0.17760869565217396,-17.7609
ZAL.DE,PM6KP2-R,2022-05,EUR,37.85,0.0005286809410520732,0.0528574
ZAL.DE,PM6KP2-R,2022-06,EUR,24.96,-0.34055482166446505,-34.0555
ZAL.DE,PM6KP2-R,2022-07,EUR,27.35,0.09575320512820507,9.57533
ZAL.DE,PM6KP2-R,2022-08,EUR,23.11,-0.15502742230347355,-15.5027
ZAL.DE,PM6KP2-R,2022-09,EUR,20.23,-0.12462137602769363,-12.4621
ZAL.DE,PM6KP2-R,2022-10,EUR,23.33,0.15323776569451297,15.3238
ZAL.DE,PM6KP2-R,2022-11,EUR,29.74,0.27475353621945997,27.4754
ZAL.DE,PM6KP2-R,2022-12,EUR,33.11,0.11331540013449892,11.3315
ZAL.DE,PM6KP2-R,2023-01,EUR,42.59,0.2863183328299608,28.6318
ZAL.DE,PM6KP2-R,2023-02,EUR,37.6,-0.11716365343977464,-11.7164
ZAL.DE,PM6KP2-R,2023-03,EUR,38.54,0.02499999999999991,2.50001
ASC.L,PP8053-R,2018-01,GBP,72.814,,10.7074
ASC.L,PP8053-R,2018-02,GBP,72.9903,0.0024212376740737618,0.242126
ASC.L,PP8053-R,2018-03,GBP,68.1713,-0.06602247147908702,-6.60225
ASC.L,PP8053-R,2018-04,GBP,57.26,-0.16005709147397806,-16.0057
ASC.L,PP8053-R,2018-05,GBP,64.8607,0.13274013272790763,13.274
ASC.L,PP8053-R,2018-06,GBP,59.7674,-0.07852675040509882,-7.85261
ASC.L,PP8053-R,2018-07,GBP,59.454,-0.005243661260151855,-0.524425
ASC.L,PP8053-R,2018-08,GBP,59.885,0.007249301981363754,0.724876
ASC.L,PP8053-R,2018-09,GBP,56.4372,-0.0575736828922101,-5.75728
ASC.L,PP8053-R,2018-10,GBP,53.44,-0.053106816071669005,-5.31065
ASC.L,PP8053-R,2018-11,GBP,48.5623,-0.09127432634730537,-9.12756
ASC.L,PP8053-R,2018-12,GBP,22.3026,-0.5407425101364638,-54.0742
ASC.L,PP8053-R,2019-01,GBP,32.3226,0.44927497242473957,44.9275
ASC.L,PP8053-R,2019-02,GBP,31.3039,-0.031516647794422536,-3.15152
ASC.L,PP8053-R,2019-03,GBP,31.3431,0.0012522401362131674,0.125158
ASC.L,PP8053-R,2019-04,GBP,38.4051,0.2253127482603825,22.5312
ASC.L,PP8053-R,2019-05,GBP,33.6939,-0.12267120773022333,-12.2673
ASC.L,PP8053-R,2019-06,GBP,24.9766,-0.258720421203838,-25.8721
ASC.L,PP8053-R,2019-07,GBP,25.5251,0.0219605550795543,2.19607
ASC.L,PP8053-R,2019-08,GBP,23.3114,-0.08672639872125865,-8.6723
ASC.L,PP8053-R,2019-09,GBP,24.2517,0.04033648772703491,4.03361
ASC.L,PP8053-R,2019-10,GBP,34.5754,0.425689745461143,42.5686
ASC.L,PP8053-R,2019-11,GBP,31.3529,-0.09320210322946376,-9.32011
ASC.L,PP8053-R,2019-12,GBP,33.0376,0.05373346644170063,5.37332
ASC.L,PP8053-R,2020-01,GBP,30.0992,-0.08894108530886013,-8.89416
ASC.L,PP8053-R,2020-02,GBP,29.3548,-0.02473155432702523,-2.47315
ASC.L,PP8053-R,2020-03,GBP,11.7047,-0.6012679357379372,-60.1268
ASC.L,PP8053-R,2020-04,GBP,23.4486,1.0033490819927038,100.335
ASC.L,PP8053-R,2020-05,GBP,29.345,0.25146064157348413,25.1462
ASC.L,PP8053-R,2020-06,GBP,33.5273,0.1425217243141932,14.2523
ASC.L,PP8053-R,2020-07,GBP,32.8907,-0.018987511669594448,-1.89892
ASC.L,PP8053-R,2020-08,GBP,48.0823,0.46188132207584487,46.1882
ASC.L,PP8053-R,2020-09,GBP,50.4428,0.04909290944900735,4.90935
ASC.L,PP8053-R,2020-10,GBP,43.1751,-0.1440780448349417,-14.4078
ASC.L,PP8053-R,2020-11,GBP,45.4083,0.05172425773188705,5.17241
ASC.L,PP8053-R,2020-12,GBP,46.8482,0.03171006181689262,3.17085
ASC.L,PP8053-R,2021-01,GBP,43.8216,-0.06460440315743188,-6.46038
ASC.L,PP8053-R,2021-02,GBP,54.8505,0.251677255052303,25.1676
ASC.L,PP8053-R,2021-03,GBP,54.204,-0.011786583531599448,-1.17857
ASC.L,PP8053-R,2021-04,GBP,51.1285,-0.05673935502914906,-5.67402
ASC.L,PP8053-R,2021-05,GBP,47.7689,-0.06570894902060498,-6.57088
ASC.L,PP8053-R,2021-06,GBP,48.5818,0.017017348107241315,1.70187
ASC.L,PP8053-R,2021-07,GBP,37.2787,-0.23266120234326437,-23.2661
ASC.L,PP8053-R,2021-08,GBP,38.0427,0.02049427689270278,2.0494
ASC.L,PP8053-R,2021-09,GBP,29.4038,-0.2270843026388769,-22.7085
ASC.L,PP8053-R,2021-10,GBP,24.3105,-0.17321910773437443,-17.3218
ASC.L,PP8053-R,2021-11,GBP,23.0274,-0.05277966310853344,-5.278
ASC.L,PP8053-R,2021-12,GBP,23.4192,0.01701451314520952,1.7014
ASC.L,PP8053-R,2022-01,GBP,21.6757,-0.0744474619115939,-7.44458
ASC.L,PP8053-R,2022-02,GBP,19.134,-0.11726034222654858,-11.7262
ASC.L,PP8053-R,2022-03,GBP,15.7744,-0.1755827323089788,-17.5582
ASC.L,PP8053-R,2022-04,GBP,13.693,-0.13194796632518513,-13.1947
ASC.L,PP8053-R,2022-05,GBP,15.2602,0.11445264003505429,11.4449
ASC.L,PP8053-R,2022-06,GBP,8.21288,-0.46181046119972213,-46.181
ASC.L,PP8053-R,2022-07,GBP,10.1963,0.24150115428448982,24.1503
ASC.L,PP8053-R,2022-08,GBP,6.81223,-0.33189196080931327,-33.1892
ASC.L,PP8053-R,2022-09,GBP,5.5732,-0.18188317188350944,-18.1883
ASC.L,PP8053-R,2022-10,GBP,5.51933,-0.009665901098112384,-0.966608
ASC.L,PP8053-R,2022-11,GBP,6.18537,0.12067406732338881,12.0674
ASC.L,PP8053-R,2022-12,GBP,5.00021,-0.1916069693486404,-19.1607
ASC.L,PP8053-R,2023-01,GBP,8.5459,0.7091082174548669,70.9109
ASC.L,PP8053-R,2023-02,GBP,8.57038,0.0028645315297395335,0.286531
ASC.L,PP8053-R,2023-03,GBP,8.03657,-0.062285452920407325,-6.22857
6920.T,Q3WN7R-R,2018-01,JPY,1947.5,,36.8588
6920.T,Q3WN7R-R,2018-02,JPY,2217.5,0.1386392811296533,13.8639
6920.T,Q3WN7R-R,2018-03,JPY,1955.0,-0.11837655016910931,-11.8377
6920.T,Q3WN7R-R,2018-04,JPY,1825.0,-0.06649616368286448,-6.64962
6920.T,Q3WN7R-R,2018-05,JPY,1857.5,0.017808219178082174,1.78082
6920.T,Q3WN7R-R,2018-06,JPY,1560.0,-0.16016150740242263,-15.424
6920.T,Q3WN7R-R,2018-07,JPY,1650.0,0.05769230769230771,5.76923
6920.T,Q3WN7R-R,2018-08,JPY,2067.5,0.25303030303030294,25.303
6920.T,Q3WN7R-R,2018-09,JPY,1892.5,-0.08464328899637241,-8.46433
6920.T,Q3WN7R-R,2018-10,JPY,1620.0,-0.14398943196829594,-14.3989
6920.T,Q3WN7R-R,2018-11,JPY,1827.5,0.12808641975308643,12.8086
6920.T,Q3WN7R-R,2018-12,JPY,1401.0,-0.2333789329685363,-22.9001
6920.T,Q3WN7R-R,2019-01,JPY,1780.0,0.27052105638829405,27.0521
6920.T,Q3WN7R-R,2019-02,JPY,1957.5,0.09971910112359561,9.9719
6920.T,Q3WN7R-R,2019-03,JPY,2312.5,0.18135376756066401,18.1354
6920.T,Q3WN7R-R,2019-04,JPY,2515.0,0.08756756756756756,8.75676
6920.T,Q3WN7R-R,2019-05,JPY,1900.0,-0.24453280318091453,-24.4533
6920.T,Q3WN7R-R,2019-06,JPY,2135.0,0.12368421052631584,13.1842
6920.T,Q3WN7R-R,2019-07,JPY,2635.0,0.23419203747072603,23.4192
6920.T,Q3WN7R-R,2019-08,JPY,3045.0,0.15559772296015173,15.5598
6920.T,Q3WN7R-R,2019-09,JPY,3380.0,0.11001642036124792,11.0016
6920.T,Q3WN7R-R,2019-10,JPY,3920.0,0.15976331360946738,15.9763
6920.T,Q3WN7R-R,2019-11,JPY,4725.0,0.2053571428571428,20.5357
6920.T,Q3WN7R-R,2019-12,JPY,5560.0,0.1767195767195766,18.0
6920.T,Q3WN7R-R,2020-01,JPY,5510.0,-0.008992805755395739,-0.899279
6920.T,Q3WN7R-R,2020-02,JPY,4925.0,-0.10617059891107083,-10.6171
6920.T,Q3WN7R-R,2020-03,JPY,5060.0,0.02741116751269046,2.74112
6920.T,Q3WN7R-R,2020-04,JPY,7210.0,0.424901185770751,42.4901
6920.T,Q3WN7R-R,2020-05,JPY,8850.0,0.2274618585298196,22.7462
6920.T,Q3WN7R-R,2020-06,JPY,10160.0,0.14802259887005653,15.1073
6920.T,Q3WN7R-R,2020-07,JPY,9200.0,-0.09448818897637801,-9.44882
6920.T,Q3WN7R-R,2020-08,JPY,8000.0,-0.13043478260869568,-13.0435
6920.T,Q3WN7R-R,2020-09,JPY,8610.0,0.07624999999999993,7.625
6920.T,Q3WN7R-R,2020-10,JPY,9040.0,0.04994192799070851,4.99419
6920.T,Q3WN7R-R,2020-11,JPY,11000.0,0.2168141592920354,21.6814
6920.T,Q3WN7R-R,2020-12,JPY,12110.0,0.10090909090909084,10.2727
6920.T,Q3WN7R-R,2021-01,JPY,14050.0,0.1601981833195707,16.0198
6920.T,Q3WN7R-R,2021-02,JPY,12970.0,-0.07686832740213523,-7.68684
6920.T,Q3WN7R-R,2021-03,JPY,14520.0,0.11950655358519668,11.9507
6920.T,Q3WN7R-R,2021-04,JPY,19340.0,0.33195592286501374,33.1956
6920.T,Q3WN7R-R,2021-05,JPY,20600.0,0.06514994829369192,6.51499
6920.T,Q3WN7R-R,2021-06,JPY,21590.0,0.04805825242718442,5.07282
6920.T,Q3WN7R-R,2021-07,JPY,20470.0,-0.05187586845761927,-5.18759
6920.T,Q3WN7R-R,2021-08,JPY,24070.0,0.17586712261846604,17.5867
6920.T,Q3WN7R-R,2021-09,JPY,25590.0,0.06314914831740759,6.31491
6920.T,Q3WN7R-R,2021-10,JPY,25030.0,-0.021883548261039443,-2.18835
6920.T,Q3WN7R-R,2021-11,JPY,29745.0,0.18837395125848988,18.8374
6920.T,Q3WN7R-R,2021-12,JPY,35290.0,0.18641788535888382,18.7494
6920.T,Q3WN7R-R,2022-01,JPY,25075.0,-0.28945877018985544,-28.9459
6920.T,Q3WN7R-R,2022-02,JPY,20840.0,-0.16889332003988033,-16.8893
6920.T,Q3WN7R-R,2022-03,JPY,20785.0,-0.00263915547024951,-0.263917
6920.T,Q3WN7R-R,2022-04,JPY,17715.0,-0.14770267019485206,-14.7703
6920.T,Q3WN7R-R,2022-05,JPY,18780.0,0.06011854360711255,6.01186
6920.T,Q3WN7R-R,2022-06,JPY,16150.0,-0.1400425985090522,-13.6581
6920.T,Q3WN7R-R,2022-07,JPY,19335.0,0.19721362229102168,19.7214
6920.T,Q3WN7R-R,2022-08,JPY,19405.0,0.003620377553659182,0.362039
6920.T,Q3WN7R-R,2022-09,JPY,14695.0,-0.2427209482092244,-24.2721
6920.T,Q3WN7R-R,2022-10,JPY,21290.0,0.44879210615855736,44.8792
6920.T,Q3WN7R-R,2022-11,JPY,25135.0,0.18060122123062472,18.0601
6920.T,Q3WN7R-R,2022-12,JPY,21745.0,-0.1348716928585637,-13.2803
6920.T,Q3WN7R-R,2023-01,JPY,25530.0,0.17406300298919297,17.4063
6920.T,Q3WN7R-R,2023-02,JPY,22150.0,-0.13239326282804542,-13.2393
6920.T,Q3WN7R-R,2023-03,JPY,23280.0,0.05101580135440176,5.10159
RYAAY,Q630MX-R,2018-01,USD,49.084,,17.7752
RYAAY,Q630MX-R,2018-02,USD,48.504,-0.011816477874664,-1.18164
RYAAY,Q630MX-R,2018-03,USD,49.14,0.013112320633349883,1.31123
RYAAY,Q630MX-R,2018-04,USD,43.988,-0.10484330484330484,-10.4843
RYAAY,Q630MX-R,2018-05,USD,46.364,0.054014731290351836,5.40147
RYAAY,Q630MX-R,2018-06,USD,45.692,-0.014494003968596236,-1.4494
RYAAY,Q630MX-R,2018-07,USD,42.16,-0.0773001838396219,-7.73002
RYAAY,Q630MX-R,2018-08,USD,40.748,-0.03349146110056922,-3.34914
RYAAY,Q630MX-R,2018-09,USD,38.416,-0.05722980268970257,-5.72298
RYAAY,Q630MX-R,2018-10,USD,33.12,-0.13785922532278216,-13.7859
RYAAY,Q630MX-R,2018-11,USD,32.932,-0.005676328502415284,-0.567633
RYAAY,Q630MX-R,2018-12,USD,28.536,-0.13348718571602092,-13.3487
RYAAY,Q630MX-R,2019-01,USD,28.4,-0.0047659097280629,-0.476593
RYAAY,Q630MX-R,2019-02,USD,29.816,0.04985915492957749,4.9859
RYAAY,Q630MX-R,2019-03,USD,29.976,0.005366246310705591,0.536633
RYAAY,Q630MX-R,2019-04,USD,31.056,0.0360288230584469,3.60289
RYAAY,Q630MX-R,2019-05,USD,26.088,-0.15996908809891808,-15.9969
RYAAY,Q630MX-R,2019-06,USD,25.656,-0.016559337626494974,-1.65594
RYAAY,Q630MX-R,2019-07,USD,24.852,-0.03133769878391013,-3.13375
RYAAY,Q630MX-R,2019-08,USD,22.92,-0.07774022211492027,-7.77404
RYAAY,Q630MX-R,2019-09,USD,26.552,0.15846422338568922,15.8464
RYAAY,Q630MX-R,2019-10,USD,29.856,0.12443507080445926,12.4435
RYAAY,Q630MX-R,2019-11,USD,33.328,0.1162915326902465,11.6292
RYAAY,Q630MX-R,2019-12,USD,35.044,0.05148823811809877,5.14884
RYAAY,Q630MX-R,2020-01,USD,34.644,-0.011414222120762485,-1.14143
RYAAY,Q630MX-R,2020-02,USD,28.672,-0.17238194203902546,-17.2382
RYAAY,Q630MX-R,2020-03,USD,21.236,-0.2593470982142857,-25.9347
RYAAY,Q630MX-R,2020-04,USD,25.388,0.1955170465247693,19.5517
RYAAY,Q630MX-R,2020-05,USD,28.708,0.13077044272884808,13.077
RYAAY,Q630MX-R,2020-06,USD,26.536,-0.07565835307231428,-7.56583
RYAAY,Q630MX-R,2020-07,USD,30.0,0.1305396442568585,13.054
RYAAY,Q630MX-R,2020-08,USD,32.36,0.07866666666666666,7.86667
RYAAY,Q630MX-R,2020-09,USD,32.704,0.010630407911001338,1.06307
RYAAY,Q630MX-R,2020-10,USD,32.24,-0.014187866927592885,-1.4188
RYAAY,Q630MX-R,2020-11,USD,41.508,0.287468982630273,28.7469
RYAAY,Q630MX-R,2020-12,USD,43.992,0.059843885516045026,5.98439
RYAAY,Q630MX-R,2021-01,USD,38.028,-0.13557010365521005,-13.557
RYAAY,Q630MX-R,2021-02,USD,43.008,0.13095613758283386,13.0956
RYAAY,Q630MX-R,2021-03,USD,46.0,0.06956845238095233,6.95685
RYAAY,Q630MX-R,2021-04,USD,46.74,0.016086956521739193,1.60871
RYAAY,Q630MX-R,2021-05,USD,46.7,-0.0008557980316644676,-0.0855923
RYAAY,Q630MX-R,2021-06,USD,43.284,-0.07314775160599585,-7.31478
RYAAY,Q630MX-R,2021-07,USD,43.616,0.0076702707697995365,0.767028
RYAAY,Q630MX-R,2021-08,USD,43.08,-0.012289068231841505,-1.2289
RYAAY,Q630MX-R,2021-09,USD,44.024,0.021912720519962958,2.19127
RYAAY,Q630MX-R,2021-10,USD,45.404,0.03134653825186273,3.13467
RYAAY,Q630MX-R,2021-11,USD,38.22,-0.15822394502686998,-15.8224
RYAAY,Q630MX-R,2021-12,USD,40.932,0.07095761381475674,7.09578
RYAAY,Q630MX-R,2022-01,USD,44.648,0.09078471611453143,9.07848
RYAAY,Q630MX-R,2022-02,USD,39.884,-0.10670130800931743,-10.6701
RYAAY,Q630MX-R,2022-03,USD,34.848,-0.12626617189850575,-12.6266
RYAAY,Q630MX-R,2022-04,USD,34.928,0.0022956841138659367,0.229585
RYAAY,Q630MX-R,2022-05,USD,34.88,-0.0013742556115435844,-0.137436
RYAAY,Q630MX-R,2022-06,USD,26.9,-0.22878440366972486,-22.8784
RYAAY,Q630MX-R,2022-07,USD,29.2,0.08550185873605942,8.55018
RYAAY,Q630MX-R,2022-08,USD,29.084,-0.003972602739725994,-0.397259
RYAAY,Q630MX-R,2022-09,USD,23.368,-0.19653417686700592,-19.6534
RYAAY,Q630MX-R,2022-10,USD,27.556,0.17921944539541257,17.9219
RYAAY,Q630MX-R,2022-11,USD,30.276,0.0987080853534621,9.8708
RYAAY,Q630MX-R,2022-12,USD,29.904,-0.012286959968291766,-1.2287
RYAAY,Q630MX-R,2023-01,USD,36.212,0.21094168004280367,21.0942
RYAAY,Q630MX-R,2023-02,USD,37.108,0.02474317905666612,2.47431
RYAAY,Q630MX-R,2023-03,USD,37.716,0.0163846070928102,1.63846
SMDS.L,QCZ86Y-R,2018-01,GBP,4.68387,,-2.72464
SMDS.L,QCZ86Y-R,2018-02,GBP,4.46242,-0.04727927974089796,-4.72785
SMDS.L,QCZ86Y-R,2018-03,GBP,4.37868,-0.01876560252060533,-1.87657
SMDS.L,QCZ86Y-R,2018-04,GBP,4.86065,0.11007198516447869,12.0485
SMDS.L,QCZ86Y-R,2018-05,GBP,5.14537,0.058576527830640046,5.85758
SMDS.L,QCZ86Y-R,2018-06,GBP,4.84948,-0.057506068562610646,-5.75045
SMDS.L,QCZ86Y-R,2018-07,GBP,5.04,0.0392866864076149,3.92858
SMDS.L,QCZ86Y-R,2018-08,GBP,4.94,-0.01984126984126977,-1.98413
SMDS.L,QCZ86Y-R,2018-09,GBP,4.783,-0.03178137651821866,-3.17814
SMDS.L,QCZ86Y-R,2018-10,GBP,3.929,-0.17854902780681592,-15.806
SMDS.L,QCZ86Y-R,2018-11,GBP,3.341,-0.14965640111987777,-14.9656
SMDS.L,QCZ86Y-R,2018-12,GBP,2.993,-0.10416043100868011,-10.416
SMDS.L,QCZ86Y-R,2019-01,GBP,3.372,0.1266288005345806,12.6629
SMDS.L,QCZ86Y-R,2019-02,GBP,3.355,-0.005041518386714072,-0.504148
SMDS.L,QCZ86Y-R,2019-03,GBP,3.359,0.0011922503725783073,0.119221
SMDS.L,QCZ86Y-R,2019-04,GBP,3.57,0.06281631437927948,7.82971
SMDS.L,QCZ86Y-R,2019-05,GBP,3.16,-0.11484593837535007,-11.4846
SMDS.L,QCZ86Y-R,2019-06,GBP,3.625,0.1471518987341771,14.7152
SMDS.L,QCZ86Y-R,2019-07,GBP,3.567,-0.015999999999999903,-1.6
SMDS.L,QCZ86Y-R,2019-08,GBP,3.4,-0.046818054387440466,-4.6818
SMDS.L,QCZ86Y-R,2019-09,GBP,3.604,0.06000000000000005,5.99999
SMDS.L,QCZ86Y-R,2019-10,GBP,3.576,-0.007769145394006638,2.27524
SMDS.L,QCZ86Y-R,2019-11,GBP,3.818,0.06767337807606255,6.76734
SMDS.L,QCZ86Y-R,2019-12,GBP,3.842,0.0062860136196962735,0.628602
SMDS.L,QCZ86Y-R,2020-01,GBP,3.407,-0.11322228006246748,-11.3222
SMDS.L,QCZ86Y-R,2020-02,GBP,3.142,-0.07778103903727618,-7.77811
SMDS.L,QCZ86Y-R,2020-03,GBP,2.754,-0.1234882240611076,-12.3488
SMDS.L,QCZ86Y-R,2020-04,GBP,3.119,0.1325344952795935,13.2534
SMDS.L,QCZ86Y-R,2020-05,GBP,3.391,0.08720743828150046,8.72074
SMDS.L,QCZ86Y-R,2020-06,GBP,3.282,-0.032143910350928895,-3.21439
SMDS.L,QCZ86Y-R,2020-07,GBP,2.612,-0.2041438147471054,-20.4144
SMDS.L,QCZ86Y-R,2020-08,GBP,2.587,-0.009571209800918856,-0.957125
SMDS.L,QCZ86Y-R,2020-09,GBP,2.947,0.13915732508697332,13.9157
SMDS.L,QCZ86Y-R,2020-10,GBP,2.831,-0.03936206311503232,-3.9362
SMDS.L,QCZ86Y-R,2020-11,GBP,3.32,0.17273048392794066,17.273
SMDS.L,QCZ86Y-R,2020-12,GBP,3.746,0.12831325301204832,12.8313
SMDS.L,QCZ86Y-R,2021-01,GBP,3.64,-0.02829684997330484,-2.82968
SMDS.L,QCZ86Y-R,2021-02,GBP,3.974,0.09175824175824188,9.17582
SMDS.L,QCZ86Y-R,2021-03,GBP,4.077,0.025918470055359855,2.59185
SMDS.L,QCZ86Y-R,2021-04,GBP,4.208,0.03213146921756205,4.19426
SMDS.L,QCZ86Y-R,2021-05,GBP,4.184,-0.005703422053231932,-0.570345
SMDS.L,QCZ86Y-R,2021-06,GBP,4.179,-0.001195028680688326,-0.119507
SMDS.L,QCZ86Y-R,2021-07,GBP,4.23,0.012203876525484603,1.22039
SMDS.L,QCZ86Y-R,2021-08,GBP,4.424,0.045862884160756456,4.58628
SMDS.L,QCZ86Y-R,2021-09,GBP,4.129,-0.06668173598553362,-6.66816
SMDS.L,QCZ86Y-R,2021-10,GBP,3.834,-0.0714458706708645,-5.18285
SMDS.L,QCZ86Y-R,2021-11,GBP,3.583,-0.06546687532603024,-6.54669
SMDS.L,QCZ86Y-R,2021-12,GBP,3.838,0.07116941110801012,7.11695
SMDS.L,QCZ86Y-R,2022-01,GBP,3.76,-0.020323084940073066,-2.03231
SMDS.L,QCZ86Y-R,2022-02,GBP,3.446,-0.0835106382978722,-8.35106
SMDS.L,QCZ86Y-R,2022-03,GBP,3.221,-0.06529309344167156,-6.52931
SMDS.L,QCZ86Y-R,2022-04,GBP,3.309,0.02732070785470353,4.2223
SMDS.L,QCZ86Y-R,2022-05,GBP,3.064,-0.07404049561801151,-7.40405
SMDS.L,QCZ86Y-R,2022-06,GBP,2.773,-0.0949738903394256,-9.49739
SMDS.L,QCZ86Y-R,2022-07,GBP,2.912,0.05012621709340048,5.01262
SMDS.L,QCZ86Y-R,2022-08,GBP,2.677,-0.08070054945054939,-8.07005
SMDS.L,QCZ86Y-R,2022-09,GBP,2.569,-0.04034366828539415,-4.03437
SMDS.L,QCZ86Y-R,2022-10,GBP,2.902,0.12962242117555478,16.9327
SMDS.L,QCZ86Y-R,2022-11,GBP,3.033,0.04514128187456912,4.51413
SMDS.L,QCZ86Y-R,2022-12,GBP,3.215,0.06000659413122311,7.97889
SMDS.L,QCZ86Y-R,2023-01,GBP,3.535,0.09953343701399708,9.95334
SMDS.L,QCZ86Y-R,2023-02,GBP,3.373,-0.04582743988684579,-4.58275
SMDS.L,QCZ86Y-R,2023-03,GBP,3.145,-0.06759561221464572,-6.75956
7733.T,QG6F3V-R,2018-01,JPY,1048.75,,-2.89352
7733.T,QG6F3V-R,2018-02,JPY,1076.25,0.026221692491060766,2.62216
7733.T,QG6F3V-R,2018-03,JPY,1010.0,-0.061556329849012825,-5.50523
7733.T,QG6F3V-R,2018-04,JPY,1021.25,0.011138613861386037,1.11386
7733.T,QG6F3V-R,2018-05,JPY,965.0,-0.055079559363525044,-5.50796
7733.T,QG6F3V-R,2018-06,JPY,1037.5,0.07512953367875652,7.51295
7733.T,QG6F3V-R,2018-07,JPY,1131.25,0.09036144578313254,9.03615
7733.T,QG6F3V-R,2018-08,JPY,1131.25,0.0,0.0
7733.T,QG6F3V-R,2018-09,JPY,1108.75,-0.019889502762430955,-1.98895
7733.T,QG6F3V-R,2018-10,JPY,942.5,-0.1499436302142052,-14.9944
7733.T,QG6F3V-R,2018-11,JPY,798.75,-0.15251989389920428,-15.252
7733.T,QG6F3V-R,2018-12,JPY,843.75,0.05633802816901401,5.63381
7733.T,QG6F3V-R,2019-01,JPY,1117.5,0.32444444444444454,32.4444
7733.T,QG6F3V-R,2019-02,JPY,1231.25,0.10178970917225949,10.179
7733.T,QG6F3V-R,2019-03,JPY,1202.0,-0.023756345177665006,-1.7665
7733.T,QG6F3V-R,2019-04,JPY,1244.0,0.03494176372712143,3.49418
7733.T,QG6F3V-R,2019-05,JPY,1285.0,0.03295819935691324,3.29582
7733.T,QG6F3V-R,2019-06,JPY,1196.0,-0.06926070038910503,-6.92607
7733.T,QG6F3V-R,2019-07,JPY,1193.0,-0.0025083612040134318,-0.250834
7733.T,QG6F3V-R,2019-08,JPY,1244.0,0.042749371332774455,4.27494
7733.T,QG6F3V-R,2019-09,JPY,1456.0,0.17041800643086824,17.0418
7733.T,QG6F3V-R,2019-10,JPY,1480.0,0.016483516483516425,1.64835
7733.T,QG6F3V-R,2019-11,JPY,1624.0,0.09729729729729719,9.72973
7733.T,QG6F3V-R,2019-12,JPY,1689.0,0.040024630541871886,4.00246
7733.T,QG6F3V-R,2020-01,JPY,1784.5,0.056542332741267076,5.65423
7733.T,QG6F3V-R,2020-02,JPY,1962.0,0.09946763799383573,9.94676
7733.T,QG6F3V-R,2020-03,JPY,1562.0,-0.2038735983690112,-20.3874
7733.T,QG6F3V-R,2020-04,JPY,1725.5,0.10467349551856597,10.4674
7733.T,QG6F3V-R,2020-05,JPY,1871.5,0.08461315560707039,9.04086
7733.T,QG6F3V-R,2020-06,JPY,2075.5,0.10900347314987968,10.9003
7733.T,QG6F3V-R,2020-07,JPY,1883.5,-0.09250782943868952,-9.25078
7733.T,QG6F3V-R,2020-08,JPY,2099.0,0.11441465357048042,11.4415
7733.T,QG6F3V-R,2020-09,JPY,2182.0,0.03954263935207236,3.95427
7733.T,QG6F3V-R,2020-10,JPY,1989.0,-0.08845096241979833,-8.8451
7733.T,QG6F3V-R,2020-11,JPY,2256.5,0.1344896933132227,13.449
7733.T,QG6F3V-R,2020-12,JPY,2256.5,0.0,0.0
7733.T,QG6F3V-R,2021-01,JPY,1889.5,-0.16264125858630618,-16.2641
7733.T,QG6F3V-R,2021-02,JPY,2230.0,0.180206403810532,18.0206
7733.T,QG6F3V-R,2021-03,JPY,2291.0,0.02735426008968611,3.27355
7733.T,QG6F3V-R,2021-04,JPY,2247.5,-0.01898734177215189,-1.89874
7733.T,QG6F3V-R,2021-05,JPY,2351.0,0.04605116796440489,4.60511
7733.T,QG6F3V-R,2021-06,JPY,2208.0,-0.060825180774138676,-6.08252
7733.T,QG6F3V-R,2021-07,JPY,2245.5,0.016983695652173836,1.69837
7733.T,QG6F3V-R,2021-08,JPY,2311.5,0.029392117568470377,2.93921
7733.T,QG6F3V-R,2021-09,JPY,2456.5,0.06272982911529312,6.27298
7733.T,QG6F3V-R,2021-10,JPY,2460.5,0.00162833299409737,0.162828
7733.T,QG6F3V-R,2021-11,JPY,2539.0,0.03190408453566351,3.19041
7733.T,QG6F3V-R,2021-12,JPY,2649.5,0.04352107128790861,4.3521
7733.T,QG6F3V-R,2022-01,JPY,2546.5,-0.038875259482921254,-3.88753
7733.T,QG6F3V-R,2022-02,JPY,2299.5,-0.09699587669350085,-9.69959
7733.T,QG6F3V-R,2022-03,JPY,2339.0,0.01717764731463367,2.3266
7733.T,QG6F3V-R,2022-04,JPY,2309.0,-0.012825994014536102,-1.2826
7733.T,QG6F3V-R,2022-05,JPY,2690.5,0.16522304027717616,16.5223
7733.T,QG6F3V-R,2022-06,JPY,2726.5,0.0133804125627206,1.33804
7733.T,QG6F3V-R,2022-07,JPY,2818.0,0.03355950852741607,3.35596
7733.T,QG6F3V-R,2022-08,JPY,3010.0,0.0681334279630943,6.81335
7733.T,QG6F3V-R,2022-09,JPY,2778.5,-0.07691029900332225,-7.69103
7733.T,QG6F3V-R,2022-10,JPY,3140.0,0.1301061723951773,13.0106
7733.T,QG6F3V-R,2022-11,JPY,2806.0,-0.10636942675159233,-10.6369
7733.T,QG6F3V-R,2022-12,JPY,2352.0,-0.16179615110477552,-16.1796
7733.T,QG6F3V-R,2023-01,JPY,2428.5,0.032525510204081565,3.25255
7733.T,QG6F3V-R,2023-02,JPY,2294.0,-0.05538398188182003,-5.5384
7733.T,QG6F3V-R,2023-03,JPY,2318.5,0.010680034873583155,1.76548
ESLT,QG6H7X-R,2018-01,USD,151.433,,13.0582
ESLT,QG6H7X-R,2018-02,USD,142.983,-0.055800254898205726,-5.58002
ESLT,QG6H7X-R,2018-03,USD,119.914,-0.16134085870348225,-16.1335
ESLT,QG6H7X-R,2018-04,USD,115.762,-0.034624814450356145,-3.09281
ESLT,QG6H7X-R,2018-05,USD,119.992,0.03654048824311951,3.65419
ESLT,QG6H7X-R,2018-06,USD,117.277,-0.022626508433895576,-1.88855
ESLT,QG6H7X-R,2018-07,USD,119.809,0.021589911065255762,2.15893
ESLT,QG6H7X-R,2018-08,USD,129.244,0.07875034429800776,7.87448
ESLT,QG6H7X-R,2018-09,USD,126.836,-0.0186314258302126,-1.52557
ESLT,QG6H7X-R,2018-10,USD,119.553,-0.057420606137058905,-5.74188
ESLT,QG6H7X-R,2018-11,USD,122.018,0.02061847046916432,2.06211
ESLT,QG6H7X-R,2018-12,USD,114.752,-0.05954859119146361,-5.58863
ESLT,QG6H7X-R,2019-01,USD,123.636,0.07741912994980482,7.74168
ESLT,QG6H7X-R,2019-02,USD,131.709,0.06529651557798699,6.52944
ESLT,QG6H7X-R,2019-03,USD,129.086,-0.019915115899444946,-1.99085
ESLT,QG6H7X-R,2019-04,USD,139.072,0.07735927985993829,8.07674
ESLT,QG6H7X-R,2019-05,USD,143.322,0.030559710078232882,3.05544
ESLT,QG6H7X-R,2019-06,USD,148.883,0.03880074238428155,4.18625
ESLT,QG6H7X-R,2019-07,USD,161.514,0.084838430176716,8.48389
ESLT,QG6H7X-R,2019-08,USD,154.443,-0.04377948660797204,-4.37817
ESLT,QG6H7X-R,2019-09,USD,165.717,0.07299780501544251,7.58473
ESLT,QG6H7X-R,2019-10,USD,163.897,-0.010982578733624293,-1.09828
ESLT,QG6H7X-R,2019-11,USD,165.932,0.012416334649200333,1.2414
ESLT,QG6H7X-R,2019-12,USD,155.646,-0.06198924860786348,-5.9364
ESLT,QG6H7X-R,2020-01,USD,153.692,-0.012554129241997725,-1.25503
ESLT,QG6H7X-R,2020-02,USD,148.937,-0.03093850037737811,-3.09374
ESLT,QG6H7X-R,2020-03,USD,130.716,-0.12234031838965476,-12.2345
ESLT,QG6H7X-R,2020-04,USD,136.708,0.045839835980293175,4.92653
ESLT,QG6H7X-R,2020-05,USD,139.293,0.01890891535243,1.89104
ESLT,QG6H7X-R,2020-06,USD,136.957,-0.01677040483010639,-1.43189
ESLT,QG6H7X-R,2020-07,USD,140.495,0.025832925662799378,2.58377
ESLT,QG6H7X-R,2020-08,USD,135.153,-0.03802270543435715,-3.80224
ESLT,QG6H7X-R,2020-09,USD,121.89,-0.09813322678741865,-9.49364
ESLT,QG6H7X-R,2020-10,USD,113.339,-0.07015341701534172,-7.01541
ESLT,QG6H7X-R,2020-11,USD,128.141,0.13059935238532194,13.0602
ESLT,QG6H7X-R,2020-12,USD,131.774,0.028351581461046882,2.83507
ESLT,QG6H7X-R,2021-01,USD,139.529,0.058850759633918726,5.88522
ESLT,QG6H7X-R,2021-02,USD,130.015,-0.06818654186584872,-6.81894
ESLT,QG6H7X-R,2021-03,USD,141.752,0.09027419913086976,9.02751
ESLT,QG6H7X-R,2021-04,USD,137.79,-0.02795022292454441,-2.17824
ESLT,QG6H7X-R,2021-05,USD,130.06,-0.056099862109006415,-5.60971
ESLT,QG6H7X-R,2021-06,USD,129.507,-0.004251883745963414,-0.0885308
ESLT,QG6H7X-R,2021-07,USD,132.519,0.023257430100303456,2.32562
ESLT,QG6H7X-R,2021-08,USD,145.611,0.09879338057184239,10.2224
ESLT,QG6H7X-R,2021-09,USD,145.56,-0.0003502482642107063,-0.0344157
ESLT,QG6H7X-R,2021-10,USD,157.752,0.08375927452596876,8.37568
ESLT,QG6H7X-R,2021-11,USD,146.382,-0.07207515594097069,-7.20731
ESLT,QG6H7X-R,2021-12,USD,173.178,0.1830552936836496,18.6207
ESLT,QG6H7X-R,2022-01,USD,165.494,-0.0443705320537251,-4.43693
ESLT,QG6H7X-R,2022-02,USD,204.963,0.23849202992253482,23.8491
ESLT,QG6H7X-R,2022-03,USD,219.35,0.07019315681366889,7.01898
ESLT,QG6H7X-R,2022-04,USD,217.953,-0.006368816959197554,-0.409996
ESLT,QG6H7X-R,2022-05,USD,202.616,-0.07036838217413843,-7.03689
ESLT,QG6H7X-R,2022-06,USD,227.632,0.12346507679551455,12.599
ESLT,QG6H7X-R,2022-07,USD,227.329,-0.001331095803753457,-0.133055
ESLT,QG6H7X-R,2022-08,USD,214.373,-0.05699228870931561,-5.69926
ESLT,QG6H7X-R,2022-09,USD,190.326,-0.11217364127012264,-11.2171
ESLT,QG6H7X-R,2022-10,USD,203.211,0.0676996311591691,7.04378
ESLT,QG6H7X-R,2022-11,USD,172.159,-0.15280668861429758,-15.2806
ESLT,QG6H7X-R,2022-12,USD,162.222,-0.057719898465952935,-5.47899
ESLT,QG6H7X-R,2023-01,USD,167.069,0.029878808053161565,2.9882
ESLT,QG6H7X-R,2023-02,USD,169.559,0.014904021691636515,1.49031
ESLT,QG6H7X-R,2023-03,USD,169.136,-0.002494706857200213,-0.249553
7270.T,QH66VR-R,2018-01,JPY,3618.0,,0.976837
7270.T,QH66VR-R,2018-02,JPY,3780.0,0.04477611940298498,4.47761
7270.T,QH66VR-R,2018-03,JPY,3487.0,-0.07751322751322753,-5.84656
7270.T,QH66VR-R,2018-04,JPY,3679.0,0.05506165758531689,5.50617
7270.T,QH66VR-R,2018-05,JPY,3330.0,-0.09486273443870619,-9.48628
7270.T,QH66VR-R,2018-06,JPY,3225.0,-0.03153153153153154,-3.15315
7270.T,QH66VR-R,2018-07,JPY,3254.0,0.008992248062015484,0.899219
7270.T,QH66VR-R,2018-08,JPY,3301.0,0.014443761524277843,1.44438
7270.T,QH66VR-R,2018-09,JPY,3480.0,0.0542259921235988,7.60375
7270.T,QH66VR-R,2018-10,JPY,3053.0,-0.12270114942528731,-12.2701
7270.T,QH66VR-R,2018-11,JPY,2523.0,-0.1735997379626597,-17.36
7270.T,QH66VR-R,2018-12,JPY,2360.0,-0.06460562822037252,-6.46057
7270.T,QH66VR-R,2019-01,JPY,2552.0,0.08135593220338988,8.13559
7270.T,QH66VR-R,2019-02,JPY,2826.5,0.10756269592476486,10.7563
7270.T,QH66VR-R,2019-03,JPY,2522.5,-0.1075535114098709,-8.20803
7270.T,QH66VR-R,2019-04,JPY,2720.5,0.07849355797819624,7.84936
7270.T,QH66VR-R,2019-05,JPY,2522.0,-0.07296452857930524,-7.29646
7270.T,QH66VR-R,2019-06,JPY,2619.0,0.03846153846153855,3.84616
7270.T,QH66VR-R,2019-07,JPY,2544.5,-0.02844597174494079,-2.8446
7270.T,QH66VR-R,2019-08,JPY,2846.0,0.11849086264492037,11.8491
7270.T,QH66VR-R,2019-09,JPY,3040.0,0.0681658468025299,9.34645
7270.T,QH66VR-R,2019-10,JPY,3123.0,0.0273026315789473,2.73026
7270.T,QH66VR-R,2019-11,JPY,2866.5,-0.08213256484149856,-8.21326
7270.T,QH66VR-R,2019-12,JPY,2713.5,-0.053375196232339106,-5.33752
7270.T,QH66VR-R,2020-01,JPY,2760.0,0.01713653952459926,1.71366
7270.T,QH66VR-R,2020-02,JPY,2619.5,-0.05090579710144927,-5.09058
7270.T,QH66VR-R,2020-03,JPY,2073.5,-0.2084367245657568,-19.7748
7270.T,QH66VR-R,2020-04,JPY,2175.0,0.04895104895104896,4.8951
7270.T,QH66VR-R,2020-05,JPY,2378.5,0.09356321839080461,9.35632
7270.T,QH66VR-R,2020-06,JPY,2241.5,-0.05759932730712636,-5.75993
7270.T,QH66VR-R,2020-07,JPY,1994.5,-0.11019406647334373,-11.0194
7270.T,QH66VR-R,2020-08,JPY,2202.5,0.10428678866883923,10.4287
7270.T,QH66VR-R,2020-09,JPY,2032.0,-0.0774120317820658,-6.46992
7270.T,QH66VR-R,2020-10,JPY,1905.5,-0.06225393700787396,-6.2254
7270.T,QH66VR-R,2020-11,JPY,2073.0,0.08790343741800055,8.79034
7270.T,QH66VR-R,2020-12,JPY,2062.5,-0.00506512301013029,-0.506514
7270.T,QH66VR-R,2021-01,JPY,2006.0,-0.027393939393939415,-2.73939
7270.T,QH66VR-R,2021-02,JPY,1988.5,-0.008723828514456633,-0.872386
7270.T,QH66VR-R,2021-03,JPY,2204.0,0.10837314558712596,12.2454
7270.T,QH66VR-R,2021-04,JPY,2027.5,-0.08008166969147001,-8.00816
7270.T,QH66VR-R,2021-05,JPY,2130.5,0.05080147965474713,5.08015
7270.T,QH66VR-R,2021-06,JPY,2191.5,0.028631776578267987,2.86318
7270.T,QH66VR-R,2021-07,JPY,2141.0,-0.02304357745836183,-2.30436
7270.T,QH66VR-R,2021-08,JPY,2036.5,-0.04880896777206911,-4.8809
7270.T,QH66VR-R,2021-09,JPY,2078.5,0.02062361895408782,3.43727
7270.T,QH66VR-R,2021-10,JPY,2228.0,0.07192687033918688,7.19268
7270.T,QH66VR-R,2021-11,JPY,2142.5,-0.038375224416517084,-3.83752
7270.T,QH66VR-R,2021-12,JPY,2057.0,-0.0399066511085181,-3.99067
7270.T,QH66VR-R,2022-01,JPY,2089.5,0.0157997083130772,1.57998
7270.T,QH66VR-R,2022-02,JPY,1893.5,-0.0938023450586265,-9.38023
7270.T,QH66VR-R,2022-03,JPY,1948.0,0.02878267758119879,4.35702
7270.T,QH66VR-R,2022-04,JPY,1959.0,0.0056468172484600565,0.564682
7270.T,QH66VR-R,2022-05,JPY,2227.5,0.1370597243491578,13.706
7270.T,QH66VR-R,2022-06,JPY,2411.5,0.08260381593714916,8.26038
7270.T,QH66VR-R,2022-07,JPY,2317.0,-0.03918722786647311,-3.91873
7270.T,QH66VR-R,2022-08,JPY,2535.5,0.09430297798877851,9.4303
7270.T,QH66VR-R,2022-09,JPY,2167.0,-0.14533622559652926,-13.0349
7270.T,QH66VR-R,2022-10,JPY,2315.5,0.06852791878172582,6.85279
7270.T,QH66VR-R,2022-11,JPY,2351.5,0.015547397970200771,1.55474
7270.T,QH66VR-R,2022-12,JPY,2027.5,-0.13778439294067613,-13.7784
7270.T,QH66VR-R,2023-01,JPY,2131.5,0.05129469790382246,5.12947
7270.T,QH66VR-R,2023-02,JPY,2187.5,0.026272577996715896,2.62725
7270.T,QH66VR-R,2023-03,JPY,2114.5,-0.03337142857142861,-1.6
NAS.OL,QTFZXZ-R,2018-01,NOK,6028.88,,28.3523
NAS.OL,QTFZXZ-R,2018-02,NOK,4783.87,-0.20650767638433676,-20.6507
NAS.OL,QTFZXZ-R,2018-03,NOK,4513.09,-0.05660270868564565,-5.66031
NAS.OL,QTFZXZ-R,2018-04,NOK,8139.68,0.8035713890039862,80.3572
NAS.OL,QTFZXZ-R,2018-05,NOK,6842.17,-0.1594055294557034,-15.9406
NAS.OL,QTFZXZ-R,2018-06,NOK,6672.93,-0.024734842893409548,-2.4735
NAS.OL,QTFZXZ-R,2018-07,NOK,6406.98,-0.03985505617472396,-3.98551
NAS.OL,QTFZXZ-R,2018-08,NOK,7035.59,0.09811330767381832,9.81133
NAS.OL,QTFZXZ-R,2018-09,NOK,6581.59,-0.06452905868590975,-6.45285
NAS.OL,QTFZXZ-R,2018-10,NOK,5775.68,-0.12244913463160112,-12.2449
NAS.OL,QTFZXZ-R,2018-11,NOK,5815.98,0.0069775333813506535,0.69766
NAS.OL,QTFZXZ-R,2018-12,NOK,4659.5,-0.19884525049948587,-19.8845
NAS.OL,QTFZXZ-R,2019-01,NOK,3458.69,-0.25771220087992275,-25.7711
NAS.OL,QTFZXZ-R,2019-02,NOK,2713.03,-0.21559029574781197,-21.5592
NAS.OL,QTFZXZ-R,2019-03,NOK,2055.32,-0.24242636461815759,-24.2424
NAS.OL,QTFZXZ-R,2019-04,NOK,1685.37,-0.17999630227896402,-18.0
NAS.OL,QTFZXZ-R,2019-05,NOK,1503.19,-0.10809495837709215,-10.8093
NAS.OL,QTFZXZ-R,2019-06,NOK,1664.81,0.1075180116951282,10.752
NAS.OL,QTFZXZ-R,2019-07,NOK,1861.47,0.11812759413987184,11.8126
NAS.OL,QTFZXZ-R,2019-08,NOK,1700.78,-0.08632424911494685,-8.63237
NAS.OL,QTFZXZ-R,2019-09,NOK,1681.63,-0.011259539740589575,-1.12606
NAS.OL,QTFZXZ-R,2019-10,NOK,2086.62,0.24083181199193615,24.0833
NAS.OL,QTFZXZ-R,2019-11,NOK,1836.71,-0.11976785423316172,-11.9767
NAS.OL,QTFZXZ-R,2019-12,NOK,1763.37,-0.039930092393464456,-3.99288
NAS.OL,QTFZXZ-R,2020-01,NOK,1671.35,-0.0521841700834198,-5.21854
NAS.OL,QTFZXZ-R,2020-02,NOK,884.49,-0.4707930714691716,-47.0794
NAS.OL,QTFZXZ-R,2020-03,NOK,422.276,-0.5225768521973114,-52.2577
NAS.OL,QTFZXZ-R,2020-04,NOK,239.071,-0.4338513199897698,-43.385
NAS.OL,QTFZXZ-R,2020-05,NOK,175.637,-0.2653354024536644,-26.5338
NAS.OL,QTFZXZ-R,2020-06,NOK,126.87,-0.27765789668463936,-27.766
NAS.OL,QTFZXZ-R,2020-07,NOK,106.129,-0.16348230472136838,-16.3476
NAS.OL,QTFZXZ-R,2020-08,NOK,56.6849,-0.46588679814188394,-46.5889
NAS.OL,QTFZXZ-R,2020-09,NOK,43.9092,-0.22538100975744868,-22.5381
NAS.OL,QTFZXZ-R,2020-10,NOK,28.27,-0.35617137183096026,-35.617
NAS.OL,QTFZXZ-R,2020-11,NOK,16.7556,-0.40730102582242655,-40.7303
NAS.OL,QTFZXZ-R,2020-12,NOK,40.6113,1.423744897228389,142.375
NAS.OL,QTFZXZ-R,2021-01,NOK,27.0462,-0.3340227966107956,-33.4023
NAS.OL,QTFZXZ-R,2021-02,NOK,25.6729,-0.050776079449238676,-5.07772
NAS.OL,QTFZXZ-R,2021-03,NOK,31.0167,0.2081494494194267,20.8151
NAS.OL,QTFZXZ-R,2021-04,NOK,26.3222,-0.15135394803444602,-15.1355
NAS.OL,QTFZXZ-R,2021-05,NOK,11.3,-0.5707045763651974,-57.0704
NAS.OL,QTFZXZ-R,2021-06,NOK,11.128,-0.015221238938053161,-1.52212
NAS.OL,QTFZXZ-R,2021-07,NOK,10.63,-0.04475197699496758,-4.4752
NAS.OL,QTFZXZ-R,2021-08,NOK,9.551,-0.10150517403574788,-10.1505
NAS.OL,QTFZXZ-R,2021-09,NOK,9.935,0.04020521411370548,4.02052
NAS.OL,QTFZXZ-R,2021-10,NOK,10.3,0.03673880221439352,3.67388
NAS.OL,QTFZXZ-R,2021-11,NOK,9.06,-0.12038834951456312,-12.0388
NAS.OL,QTFZXZ-R,2021-12,NOK,10.75,0.1865342163355408,18.6534
NAS.OL,QTFZXZ-R,2022-01,NOK,12.02,0.11813953488372086,11.814
NAS.OL,QTFZXZ-R,2022-02,NOK,10.824,-0.09950083194675541,-9.95008
NAS.OL,QTFZXZ-R,2022-03,NOK,10.746,-0.007206208425720617,-0.72062
NAS.OL,QTFZXZ-R,2022-04,NOK,13.2,0.228364042434394,22.8364
NAS.OL,QTFZXZ-R,2022-05,NOK,11.375,-0.1382575757575757,-13.8258
NAS.OL,QTFZXZ-R,2022-06,NOK,8.138,-0.2845714285714286,-28.4571
NAS.OL,QTFZXZ-R,2022-07,NOK,9.366,0.15089702629638735,15.0897
NAS.OL,QTFZXZ-R,2022-08,NOK,8.492,-0.0933162502669228,-9.33163
NAS.OL,QTFZXZ-R,2022-09,NOK,7.254,-0.14578426754592577,-14.5784
NAS.OL,QTFZXZ-R,2022-10,NOK,8.322,0.1472291149710505,14.7229
NAS.OL,QTFZXZ-R,2022-11,NOK,8.808,0.05839942321557334,5.83994
NAS.OL,QTFZXZ-R,2022-12,NOK,7.344,-0.1662125340599454,-16.6213
NAS.OL,QTFZXZ-R,2023-01,NOK,9.45,0.2867647058823528,28.6765
NAS.OL,QTFZXZ-R,2023-02,NOK,11.39,0.20529100529100552,20.5291
NAS.OL,QTFZXZ-R,2023-03,NOK,10.735,-0.05750658472344172,-5.75066
BOSS.DE,QVQPN7-R,2018-01,EUR,73.98,,4.28531
BOSS.DE,QVQPN7-R,2018-02,EUR,73.36,-0.008380643417139844,-0.838065
BOSS.DE,QVQPN7-R,2018-03,EUR,70.76,-0.035441657579062036,-3.54416
BOSS.DE,QVQPN7-R,2018-04,EUR,77.8,0.09949123798756343,9.94912
BOSS.DE,QVQPN7-R,2018-05,EUR,76.88,-0.011825192802056628,2.22365
BOSS.DE,QVQPN7-R,2018-06,EUR,77.76,0.011446409989594342,1.14465
BOSS.DE,QVQPN7-R,2018-07,EUR,77.08,-0.008744855967078302,-0.874484
BOSS.DE,QVQPN7-R,2018-08,EUR,68.82,-0.10716139076284392,-10.7161
BOSS.DE,QVQPN7-R,2018-09,EUR,66.32,-0.03632664922987505,-3.63266
BOSS.DE,QVQPN7-R,2018-10,EUR,63.18,-0.047346200241254466,-4.73462
BOSS.DE,QVQPN7-R,2018-11,EUR,61.0,-0.03450459006014561,-3.45046
BOSS.DE,QVQPN7-R,2018-12,EUR,53.92,-0.11606557377049176,-11.6066
BOSS.DE,QVQPN7-R,2019-01,EUR,62.64,0.16172106824925803,16.1721
BOSS.DE,QVQPN7-R,2019-02,EUR,65.02,0.037994891443167145,3.79949
BOSS.DE,QVQPN7-R,2019-03,EUR,60.88,-0.0636727160873577,-6.36727
BOSS.DE,QVQPN7-R,2019-04,EUR,62.16,0.021024967148488782,2.10249
BOSS.DE,QVQPN7-R,2019-05,EUR,52.1,-0.16184041184041176,-11.8404
BOSS.DE,QVQPN7-R,2019-06,EUR,58.5,0.12284069097888684,12.2841
BOSS.DE,QVQPN7-R,2019-07,EUR,57.16,-0.022905982905983002,-2.2906
BOSS.DE,QVQPN7-R,2019-08,EUR,50.68,-0.11336599020293903,-11.3366
BOSS.DE,QVQPN7-R,2019-09,EUR,49.15,-0.030189423835832674,-3.01894
BOSS.DE,QVQPN7-R,2019-10,EUR,37.72,-0.2325534079348932,-23.2553
BOSS.DE,QVQPN7-R,2019-11,EUR,42.75,0.13335100742311767,13.3351
BOSS.DE,QVQPN7-R,2019-12,EUR,43.26,0.011929824561403457,1.19298
BOSS.DE,QVQPN7-R,2020-01,EUR,42.8,-0.010633379565418433,-1.06333
BOSS.DE,QVQPN7-R,2020-02,EUR,39.56,-0.07570093457943916,-7.57009
BOSS.DE,QVQPN7-R,2020-03,EUR,23.11,-0.4158240647118302,-41.5824
BOSS.DE,QVQPN7-R,2020-04,EUR,25.38,0.09822587624405021,9.82258
BOSS.DE,QVQPN7-R,2020-05,EUR,24.54,-0.03309692671394804,-3.15208
BOSS.DE,QVQPN7-R,2020-06,EUR,26.9,0.09616951915240413,9.61695
BOSS.DE,QVQPN7-R,2020-07,EUR,23.12,-0.14052044609665415,-14.052
BOSS.DE,QVQPN7-R,2020-08,EUR,22.2,-0.03979238754325265,-3.97924
BOSS.DE,QVQPN7-R,2020-09,EUR,21.38,-0.036936936936937004,-3.6937
BOSS.DE,QVQPN7-R,2020-10,EUR,19.665,-0.08021515434985971,-8.02151
BOSS.DE,QVQPN7-R,2020-11,EUR,25.81,0.31248410882278166,31.2484
BOSS.DE,QVQPN7-R,2020-12,EUR,27.29,0.05734211545912449,5.73422
BOSS.DE,QVQPN7-R,2021-01,EUR,29.4,0.07731769879076578,7.73176
BOSS.DE,QVQPN7-R,2021-02,EUR,31.34,0.06598639455782318,6.59864
BOSS.DE,QVQPN7-R,2021-03,EUR,33.47,0.06796426292278235,6.79643
BOSS.DE,QVQPN7-R,2021-04,EUR,38.38,0.14669853600239025,14.6698
BOSS.DE,QVQPN7-R,2021-05,EUR,46.5,0.21156852527357994,21.2611
BOSS.DE,QVQPN7-R,2021-06,EUR,45.88,-0.013333333333333308,-1.33333
BOSS.DE,QVQPN7-R,2021-07,EUR,50.54,0.10156931124673063,10.1569
BOSS.DE,QVQPN7-R,2021-08,EUR,47.26,-0.06489908982983783,-6.48992
BOSS.DE,QVQPN7-R,2021-09,EUR,52.08,0.10198899703766395,10.1989
BOSS.DE,QVQPN7-R,2021-10,EUR,54.06,0.03801843317972353,3.80185
BOSS.DE,QVQPN7-R,2021-11,EUR,51.62,-0.04513503514613404,-4.51351
BOSS.DE,QVQPN7-R,2021-12,EUR,53.5,0.036419992251065514,3.642
BOSS.DE,QVQPN7-R,2022-01,EUR,55.76,0.04224299065420567,4.2243
BOSS.DE,QVQPN7-R,2022-02,EUR,54.8,-0.017216642754662836,-1.72166
BOSS.DE,QVQPN7-R,2022-03,EUR,52.64,-0.039416058394160514,-3.94161
BOSS.DE,QVQPN7-R,2022-04,EUR,53.86,0.023176291793313153,2.31763
BOSS.DE,QVQPN7-R,2022-05,EUR,49.98,-0.07203861864092098,-5.9042
BOSS.DE,QVQPN7-R,2022-06,EUR,50.36,0.0076030412164866945,0.760305
BOSS.DE,QVQPN7-R,2022-07,EUR,57.5,0.14177918983320104,14.1779
BOSS.DE,QVQPN7-R,2022-08,EUR,54.4,-0.05391304347826087,-5.3913
BOSS.DE,QVQPN7-R,2022-09,EUR,48.06,-0.11654411764705874,-11.6544
BOSS.DE,QVQPN7-R,2022-10,EUR,46.64,-0.029546400332917222,-2.95464
BOSS.DE,QVQPN7-R,2022-11,EUR,53.38,0.14451114922813035,14.4511
BOSS.DE,QVQPN7-R,2022-12,EUR,54.16,0.014612214312476501,1.46122
BOSS.DE,QVQPN7-R,2023-01,EUR,62.22,0.14881831610044327,14.8818
BOSS.DE,QVQPN7-R,2023-02,EUR,64.74,0.04050144648023135,4.05014
BOSS.DE,QVQPN7-R,2023-03,EUR,66.12,0.021316033364226383,2.13161
3031.T,R05C6F-R,2018-01,JPY,769.0,,-11.7107
3031.T,R05C6F-R,2018-02,JPY,666.0,-0.13394018205461633,-13.394
3031.T,R05C6F-R,2018-03,JPY,626.0,-0.06006006006006004,-6.00601
3031.T,R05C6F-R,2018-04,JPY,643.0,0.02715654952076685,3.54633
3031.T,R05C6F-R,2018-05,JPY,653.0,0.015552099533437058,1.5552
3031.T,R05C6F-R,2018-06,JPY,563.0,-0.13782542113323126,-13.7825
3031.T,R05C6F-R,2018-07,JPY,506.0,-0.10124333925399642,-10.1243
3031.T,R05C6F-R,2018-08,JPY,658.0,0.3003952569169961,30.0395
3031.T,R05C6F-R,2018-09,JPY,609.0,-0.07446808510638303,-7.44681
3031.T,R05C6F-R,2018-10,JPY,616.0,0.011494252873563315,1.14943
3031.T,R05C6F-R,2018-11,JPY,705.0,0.14448051948051943,14.448
3031.T,R05C6F-R,2018-12,JPY,700.0,-0.007092198581560294,-0.709218
3031.T,R05C6F-R,2019-01,JPY,686.0,-0.020000000000000018,-2.0
3031.T,R05C6F-R,2019-02,JPY,707.0,0.030612244897959107,3.06122
3031.T,R05C6F-R,2019-03,JPY,713.0,0.008486562942008558,0.848651
3031.T,R05C6F-R,2019-04,JPY,695.0,-0.02524544179523147,-1.68303
3031.T,R05C6F-R,2019-05,JPY,639.0,-0.08057553956834529,-8.05755
3031.T,R05C6F-R,2019-06,JPY,632.0,-0.010954616588419452,-1.09546
3031.T,R05C6F-R,2019-07,JPY,633.0,0.0015822784810126667,0.158226
3031.T,R05C6F-R,2019-08,JPY,645.0,0.018957345971563955,1.89574
3031.T,R05C6F-R,2019-09,JPY,668.0,0.0356589147286821,3.5659
3031.T,R05C6F-R,2019-10,JPY,686.0,0.026946107784431073,2.69461
3031.T,R05C6F-R,2019-11,JPY,686.0,0.0,0.0
3031.T,R05C6F-R,2019-12,JPY,831.0,0.21137026239067058,21.137
3031.T,R05C6F-R,2020-01,JPY,796.0,-0.04211793020457277,-4.2118
3031.T,R05C6F-R,2020-02,JPY,679.0,-0.14698492462311563,-14.6985
3031.T,R05C6F-R,2020-03,JPY,510.0,-0.24889543446244478,-24.8895
3031.T,R05C6F-R,2020-04,JPY,655.0,0.2843137254901962,29.7059
3031.T,R05C6F-R,2020-05,JPY,780.0,0.19083969465648853,19.084
3031.T,R05C6F-R,2020-06,JPY,938.0,0.2025641025641025,20.2564
3031.T,R05C6F-R,2020-07,JPY,1172.0,0.24946695095948823,24.9467
3031.T,R05C6F-R,2020-08,JPY,1273.0,0.08617747440273038,8.61775
3031.T,R05C6F-R,2020-09,JPY,2102.0,0.6512175962293794,65.1218
3031.T,R05C6F-R,2020-10,JPY,1987.0,-0.05470980019029492,-5.09039
3031.T,R05C6F-R,2020-11,JPY,2175.0,0.09461499748364366,9.4615
3031.T,R05C6F-R,2020-12,JPY,1708.0,-0.2147126436781609,-21.4713
3031.T,R05C6F-R,2021-01,JPY,1926.0,0.1276346604215457,12.7635
3031.T,R05C6F-R,2021-02,JPY,2138.0,0.11007268951194193,11.0073
3031.T,R05C6F-R,2021-03,JPY,2704.0,0.2647333956969129,26.4733
3031.T,R05C6F-R,2021-04,JPY,3200.0,0.18343195266272194,18.676
3031.T,R05C6F-R,2021-05,JPY,2687.0,-0.16031249999999997,-16.0312
3031.T,R05C6F-R,2021-06,JPY,2296.0,-0.145515444733904,-14.5515
3031.T,R05C6F-R,2021-07,JPY,2347.0,0.022212543554007036,2.22125
3031.T,R05C6F-R,2021-08,JPY,2265.0,-0.03493821900298255,-3.49382
3031.T,R05C6F-R,2021-09,JPY,1574.0,-0.3050772626931567,-30.5077
3031.T,R05C6F-R,2021-10,JPY,1590.0,0.010165184243964509,1.65185
3031.T,R05C6F-R,2021-11,JPY,1533.0,-0.03584905660377358,-3.5849
3031.T,R05C6F-R,2021-12,JPY,1413.0,-0.07827788649706457,-7.82779
3031.T,R05C6F-R,2022-01,JPY,1194.0,-0.1549893842887473,-15.4989
3031.T,R05C6F-R,2022-02,JPY,1117.0,-0.06448911222780573,-6.44891
3031.T,R05C6F-R,2022-03,JPY,1270.0,0.13697403760071625,13.6974
3031.T,R05C6F-R,2022-04,JPY,1413.0,0.11259842519685037,12.0472
3031.T,R05C6F-R,2022-05,JPY,1462.0,0.0346779900920029,3.4678
3031.T,R05C6F-R,2022-06,JPY,1669.0,0.14158686730506154,14.1587
3031.T,R05C6F-R,2022-07,JPY,1526.0,-0.08568004793289397,-8.56801
3031.T,R05C6F-R,2022-08,JPY,1397.0,-0.08453473132372213,-8.45347
3031.T,R05C6F-R,2022-09,JPY,1023.0,-0.26771653543307083,-26.7717
3031.T,R05C6F-R,2022-10,JPY,1234.0,0.20625610948191597,21.5054
3031.T,R05C6F-R,2022-11,JPY,1260.0,0.021069692058346856,2.10696
3031.T,R05C6F-R,2022-12,JPY,1081.0,-0.14206349206349211,-14.2064
3031.T,R05C6F-R,2023-01,JPY,1175.0,0.08695652173913038,8.69565
3031.T,R05C6F-R,2023-02,JPY,1088.0,-0.07404255319148934,-7.40426
3031.T,R05C6F-R,2023-03,JPY,823.0,-0.2435661764705882,-24.3566
6861.T,R4NT59-R,2018-01,JPY,33215.0,,5.24398
6861.T,R4NT59-R,2018-02,JPY,32635.0,-0.017461990064729815,-1.7462
6861.T,R4NT59-R,2018-03,JPY,33020.0,0.011797150298759052,1.25632
6861.T,R4NT59-R,2018-04,JPY,33485.0,0.014082374318594715,1.40824
6861.T,R4NT59-R,2018-05,JPY,33415.0,-0.00209048827833358,-0.209051
6861.T,R4NT59-R,2018-06,JPY,31280.0,-0.06389346102049975,-6.38934
6861.T,R4NT59-R,2018-07,JPY,29455.0,-0.058343989769821025,-5.8344
6861.T,R4NT59-R,2018-08,JPY,31445.0,0.06756068579188601,6.75607
6861.T,R4NT59-R,2018-09,JPY,32990.0,0.049133407536969376,5.07234
6861.T,R4NT59-R,2018-10,JPY,27650.0,-0.16186723249469537,-16.1867
6861.T,R4NT59-R,2018-11,JPY,30800.0,0.11392405063291133,11.3924
6861.T,R4NT59-R,2018-12,JPY,27840.0,-0.09610389610389614,-9.61039
6861.T,R4NT59-R,2019-01,JPY,27930.0,0.003232758620689724,0.323272
6861.T,R4NT59-R,2019-02,JPY,32465.0,0.1623702112423917,16.237
6861.T,R4NT59-R,2019-03,JPY,34485.0,0.062220853226551576,6.3761
6861.T,R4NT59-R,2019-04,JPY,34560.0,0.002174858634188759,0.217485
6861.T,R4NT59-R,2019-05,JPY,30755.0,-0.11009837962962965,-11.0098
6861.T,R4NT59-R,2019-06,JPY,33065.0,0.07510973825394252,7.51097
6861.T,R4NT59-R,2019-07,JPY,31565.0,-0.045365189777710535,-4.53652
6861.T,R4NT59-R,2019-08,JPY,31450.0,-0.0036432757801362348,-0.364327
6861.T,R4NT59-R,2019-09,JPY,33450.0,0.06359300476947527,6.51828
6861.T,R4NT59-R,2019-10,JPY,34410.0,0.028699551569506765,2.86995
6861.T,R4NT59-R,2019-11,JPY,37440.0,0.08805579773321703,8.80559
6861.T,R4NT59-R,2019-12,JPY,38490.0,0.028044871794871806,2.80448
6861.T,R4NT59-R,2020-01,JPY,37370.0,-0.029098467134320627,-2.90984
6861.T,R4NT59-R,2020-02,JPY,34410.0,-0.07920792079207917,-7.92079
6861.T,R4NT59-R,2020-03,JPY,34830.0,0.012205754141237923,1.51119
6861.T,R4NT59-R,2020-04,JPY,38770.0,0.1131208728107953,11.3121
6861.T,R4NT59-R,2020-05,JPY,44350.0,0.1439257157596079,14.3926
6861.T,R4NT59-R,2020-06,JPY,45030.0,0.015332581736189344,1.53326
6861.T,R4NT59-R,2020-07,JPY,44220.0,-0.017988007994670263,-1.7988
6861.T,R4NT59-R,2020-08,JPY,43680.0,-0.012211668928086894,-1.22117
6861.T,R4NT59-R,2020-09,JPY,48980.0,0.12133699633699635,12.3626
6861.T,R4NT59-R,2020-10,JPY,47250.0,-0.035320538995508355,-3.53205
6861.T,R4NT59-R,2020-11,JPY,53290.0,0.12783068783068785,12.7831
6861.T,R4NT59-R,2020-12,JPY,58000.0,0.08838431225370624,8.83843
6861.T,R4NT59-R,2021-01,JPY,56140.0,-0.032068965517241366,-3.2069
6861.T,R4NT59-R,2021-02,JPY,50560.0,-0.09939437121482009,-9.93944
6861.T,R4NT59-R,2021-03,JPY,50270.0,-0.005735759493670889,-0.375789
6861.T,R4NT59-R,2021-04,JPY,52520.0,0.04475830515217827,4.47583
6861.T,R4NT59-R,2021-05,JPY,53870.0,0.025704493526275796,2.57045
6861.T,R4NT59-R,2021-06,JPY,56070.0,0.04083905698904777,4.08391
6861.T,R4NT59-R,2021-07,JPY,60740.0,0.08328874621009463,8.32888
6861.T,R4NT59-R,2021-08,JPY,66130.0,0.0887388870595982,8.87389
6861.T,R4NT59-R,2021-09,JPY,67000.0,0.013155905035536097,1.46681
6861.T,R4NT59-R,2021-10,JPY,68510.0,0.022537313432835715,2.25374
6861.T,R4NT59-R,2021-11,JPY,70330.0,0.026565464895635715,2.65654
6861.T,R4NT59-R,2021-12,JPY,72280.0,0.02772643253234741,2.77264
6861.T,R4NT59-R,2022-01,JPY,58230.0,-0.19438295517432214,-19.4383
6861.T,R4NT59-R,2022-02,JPY,53780.0,-0.07642108878584919,-7.64211
6861.T,R4NT59-R,2022-03,JPY,57250.0,0.06452212718482708,6.63816
6861.T,R4NT59-R,2022-04,JPY,52850.0,-0.0768558951965066,-7.68559
6861.T,R4NT59-R,2022-05,JPY,51590.0,-0.02384105960264904,-2.38411
6861.T,R4NT59-R,2022-06,JPY,46380.0,-0.10098856367513087,-10.0989
6861.T,R4NT59-R,2022-07,JPY,52430.0,0.13044415696420875,13.0444
6861.T,R4NT59-R,2022-08,JPY,52840.0,0.007819950410070664,0.781989
6861.T,R4NT59-R,2022-09,JPY,47900.0,-0.09348978046934142,-9.0651
6861.T,R4NT59-R,2022-10,JPY,56320.0,0.1757828810020876,17.5783
6861.T,R4NT59-R,2022-11,JPY,57140.0,0.014559659090909172,1.45596
6861.T,R4NT59-R,2022-12,JPY,51420.0,-0.10010500525026256,-10.0105
6861.T,R4NT59-R,2023-01,JPY,59280.0,0.1528588098016337,15.2859
6861.T,R4NT59-R,2023-02,JPY,58890.0,-0.006578947368421018,-0.657892
6861.T,R4NT59-R,2023-03,JPY,64450.0,0.09441331295635935,9.69604
EBRO.MC,RBH78M-R,2018-01,EUR,19.84,,1.63934
EBRO.MC,RBH78M-R,2018-02,EUR,20.64,0.040322580645161255,4.03225
EBRO.MC,RBH78M-R,2018-03,EUR,20.66,0.0009689922480620172,0.842547
EBRO.MC,RBH78M-R,2018-04,EUR,20.0,-0.03194578896418199,-3.19458
EBRO.MC,RBH78M-R,2018-05,EUR,20.82,0.040999999999999925,4.1
EBRO.MC,RBH78M-R,2018-06,EUR,19.99,-0.039865513928914575,-3.24736
EBRO.MC,RBH78M-R,2018-07,EUR,18.5,-0.07453726863431709,-7.45373
EBRO.MC,RBH78M-R,2018-08,EUR,18.53,0.001621621621621605,0.16216
EBRO.MC,RBH78M-R,2018-09,EUR,18.81,0.015110631408526531,2.3416
EBRO.MC,RBH78M-R,2018-10,EUR,17.34,-0.0781499202551833,-7.81499
EBRO.MC,RBH78M-R,2018-11,EUR,18.03,0.03979238754325265,3.97924
EBRO.MC,RBH78M-R,2018-12,EUR,17.44,-0.03272323904603436,-3.27232
EBRO.MC,RBH78M-R,2019-01,EUR,17.99,0.03153669724770625,3.15367
EBRO.MC,RBH78M-R,2019-02,EUR,18.75,0.042245692051139594,4.22457
EBRO.MC,RBH78M-R,2019-03,EUR,19.06,0.01653333333333329,2.47413
EBRO.MC,RBH78M-R,2019-04,EUR,18.8,-0.01364113326337868,-1.36411
EBRO.MC,RBH78M-R,2019-05,EUR,18.82,0.0010638297872340718,0.106382
EBRO.MC,RBH78M-R,2019-06,EUR,18.82,0.0,0.817752
EBRO.MC,RBH78M-R,2019-07,EUR,18.22,-0.03188097768331566,-3.1881
EBRO.MC,RBH78M-R,2019-08,EUR,18.95,0.04006586169045012,4.00659
EBRO.MC,RBH78M-R,2019-09,EUR,18.34,-0.03218997361477571,-2.40687
EBRO.MC,RBH78M-R,2019-10,EUR,19.68,0.0730643402399127,7.30643
EBRO.MC,RBH78M-R,2019-11,EUR,19.85,0.008638211382113958,0.863826
EBRO.MC,RBH78M-R,2019-12,EUR,19.29,-0.028211586901763286,-2.82115
EBRO.MC,RBH78M-R,2020-01,EUR,18.67,-0.03214100570243639,-3.2141
EBRO.MC,RBH78M-R,2020-02,EUR,17.1,-0.08409212640599895,-8.40921
EBRO.MC,RBH78M-R,2020-03,EUR,18.61,0.08830409356725144,9.73041
EBRO.MC,RBH78M-R,2020-04,EUR,19.4,0.0424502955400321,4.24502
EBRO.MC,RBH78M-R,2020-05,EUR,18.82,-0.02989690721649474,-2.98969
EBRO.MC,RBH78M-R,2020-06,EUR,18.44,-0.020191285866099862,-1.20137
EBRO.MC,RBH78M-R,2020-07,EUR,19.0,0.030368763557483636,3.03687
EBRO.MC,RBH78M-R,2020-08,EUR,20.55,0.0815789473684212,8.15789
EBRO.MC,RBH78M-R,2020-09,EUR,19.86,-0.033576642335766516,-2.60875
EBRO.MC,RBH78M-R,2020-10,EUR,19.22,-0.03222557905337364,-3.22257
EBRO.MC,RBH78M-R,2020-11,EUR,19.88,0.03433922996878258,3.43392
EBRO.MC,RBH78M-R,2020-12,EUR,18.94,-0.0472837022132796,-4.72837
EBRO.MC,RBH78M-R,2021-01,EUR,17.96,-0.05174234424498414,-5.17424
EBRO.MC,RBH78M-R,2021-02,EUR,17.84,-0.006681514476614803,-0.668144
EBRO.MC,RBH78M-R,2021-03,EUR,17.58,-0.014573991031390232,-0.594729
EBRO.MC,RBH78M-R,2021-04,EUR,17.02,-0.03185437997724683,-3.18543
EBRO.MC,RBH78M-R,2021-05,EUR,17.46,0.02585193889541726,2.58518
EBRO.MC,RBH78M-R,2021-06,EUR,17.72,0.014891179839633395,2.37056
EBRO.MC,RBH78M-R,2021-07,EUR,17.1,-0.03498871331828424,-3.49886
EBRO.MC,RBH78M-R,2021-08,EUR,17.0,-0.005847953216374324,-0.584799
EBRO.MC,RBH78M-R,2021-09,EUR,16.46,-0.03176470588235292,-2.27118
EBRO.MC,RBH78M-R,2021-10,EUR,17.16,0.04252733900364514,4.25274
EBRO.MC,RBH78M-R,2021-11,EUR,17.0,-0.009324009324009341,-0.932401
EBRO.MC,RBH78M-R,2021-12,EUR,16.88,-0.007058823529411784,-0.705886
EBRO.MC,RBH78M-R,2022-01,EUR,16.48,-0.023696682464454888,-2.36967
EBRO.MC,RBH78M-R,2022-02,EUR,16.54,0.003640776699028958,0.364089
EBRO.MC,RBH78M-R,2022-03,EUR,15.94,-0.03627569528415964,-2.69711
EBRO.MC,RBH78M-R,2022-04,EUR,17.0,0.06649937264742789,6.64994
EBRO.MC,RBH78M-R,2022-05,EUR,16.5,-0.02941176470588236,-2.94118
EBRO.MC,RBH78M-R,2022-06,EUR,16.1,-0.024242424242424176,-1.49151
EBRO.MC,RBH78M-R,2022-07,EUR,16.26,0.009937888198757738,0.993788
EBRO.MC,RBH78M-R,2022-08,EUR,15.76,-0.03075030750307517,-3.07503
EBRO.MC,RBH78M-R,2022-09,EUR,14.92,-0.053299492385786795,-4.35343
EBRO.MC,RBH78M-R,2022-10,EUR,15.78,0.057640750670241214,5.76407
EBRO.MC,RBH78M-R,2022-11,EUR,15.14,-0.040557667934093766,-4.05576
EBRO.MC,RBH78M-R,2022-12,EUR,14.66,-0.031704095112285335,-3.17041
EBRO.MC,RBH78M-R,2023-01,EUR,15.78,0.07639836289222379,7.63984
EBRO.MC,RBH78M-R,2023-02,EUR,16.24,0.0291508238276299,2.91508
EBRO.MC,RBH78M-R,2023-03,EUR,16.3,0.003694581280788256,1.31712
WMH.L,RH0YNP-R,2018-01,GBP,3.1,,-3.72671
WMH.L,RH0YNP-R,2018-02,GBP,3.285,0.059677419354838834,5.96775
WMH.L,RH0YNP-R,2018-03,GBP,3.303,0.005479452054794498,0.547945
WMH.L,RH0YNP-R,2018-04,GBP,2.928,-0.11353315168029066,-8.64669
WMH.L,RH0YNP-R,2018-05,GBP,3.2,0.09289617486338808,9.28962
WMH.L,RH0YNP-R,2018-06,GBP,3.034,-0.051875000000000115,-5.18751
WMH.L,RH0YNP-R,2018-07,GBP,2.975,-0.019446275543836378,-1.94463
WMH.L,RH0YNP-R,2018-08,GBP,2.576,-0.13411764705882356,-13.4118
WMH.L,RH0YNP-R,2018-09,GBP,2.521,-0.021350931677018736,-2.1351
WMH.L,RH0YNP-R,2018-10,GBP,2.102,-0.1662038873462912,-14.9306
WMH.L,RH0YNP-R,2018-11,GBP,1.62,-0.22930542340627968,-22.9305
WMH.L,RH0YNP-R,2018-12,GBP,1.55,-0.04320987654320996,-4.32099
WMH.L,RH0YNP-R,2019-01,GBP,1.762,0.13677419354838705,13.6774
WMH.L,RH0YNP-R,2019-02,GBP,1.8755,0.06441543700340513,6.44155
WMH.L,RH0YNP-R,2019-03,GBP,1.6055,-0.14396161023727005,-14.3962
WMH.L,RH0YNP-R,2019-04,GBP,1.607,0.0009342883836811477,4.91436
WMH.L,RH0YNP-R,2019-05,GBP,1.3405,-0.16583696328562536,-16.5837
WMH.L,RH0YNP-R,2019-06,GBP,1.5455,0.15292801193584493,15.2928
WMH.L,RH0YNP-R,2019-07,GBP,1.5255,-0.012940795858945364,-1.29408
WMH.L,RH0YNP-R,2019-08,GBP,1.782,0.16814159292035402,16.8141
WMH.L,RH0YNP-R,2019-09,GBP,1.8765,0.05303030303030298,5.30304
WMH.L,RH0YNP-R,2019-10,GBP,1.976,0.053024247268851576,6.71996
WMH.L,RH0YNP-R,2019-11,GBP,1.787,-0.09564777327935226,-9.56477
WMH.L,RH0YNP-R,2019-12,GBP,1.8845,0.05456071628427539,5.45608
WMH.L,RH0YNP-R,2020-01,GBP,1.729,-0.08251525603608378,-8.25153
WMH.L,RH0YNP-R,2020-02,GBP,1.4885,-0.1390977443609024,-13.9098
WMH.L,RH0YNP-R,2020-03,GBP,0.6814,-0.5422237151494793,-54.2224
WMH.L,RH0YNP-R,2020-04,GBP,1.141,0.6744936894628706,67.4494
WMH.L,RH0YNP-R,2020-05,GBP,1.3355,0.17046450482033304,17.0465
WMH.L,RH0YNP-R,2020-06,GBP,1.138,-0.14788468738300264,-14.7885
WMH.L,RH0YNP-R,2020-07,GBP,1.0435,-0.0830404217926185,-8.30405
WMH.L,RH0YNP-R,2020-08,GBP,1.7315,0.6593195975083852,65.932
WMH.L,RH0YNP-R,2020-09,GBP,2.78,0.6055443257291364,60.5544
WMH.L,RH0YNP-R,2020-10,GBP,2.744,-0.012949640287769681,-1.29496
WMH.L,RH0YNP-R,2020-11,GBP,2.682,-0.022594752186589018,-2.25948
WMH.L,RH0YNP-R,2020-12,GBP,2.701,0.0070842654735272514,0.708425
WMH.L,RH0YNP-R,2021-01,GBP,2.7,-0.0003702332469455172,-0.0370204
WMH.L,RH0YNP-R,2021-02,GBP,2.706,0.0022222222222221255,0.222218
WMH.L,RH0YNP-R,2021-03,GBP,2.72,0.005173688100517548,0.517368
WMH.L,RH0YNP-R,2021-04,GBP,2.718,-0.0007352941176471672,-0.0735343
WMH.L,RH0YNP-R,2021-05,GBP,,,
WMH.L,RH0YNP-R,2021-06,GBP,,,
WMH.L,RH0YNP-R,2021-07,GBP,,,
WMH.L,RH0YNP-R,2021-08,GBP,,,
WMH.L,RH0YNP-R,2021-09,GBP,,,
WMH.L,RH0YNP-R,2021-10,GBP,,,
WMH.L,RH0YNP-R,2021-11,GBP,,,
WMH.L,RH0YNP-R,2021-12,GBP,,,
WMH.L,RH0YNP-R,2022-01,GBP,,,
WMH.L,RH0YNP-R,2022-02,GBP,,,
WMH.L,RH0YNP-R,2022-03,GBP,,,
WMH.L,RH0YNP-R,2022-04,GBP,,,
WMH.L,RH0YNP-R,2022-05,GBP,,,
WMH.L,RH0YNP-R,2022-06,GBP,,,
WMH.L,RH0YNP-R,2022-07,GBP,,,
WMH.L,RH0YNP-R,2022-08,GBP,,,
WMH.L,RH0YNP-R,2022-09,GBP,,,
WMH.L,RH0YNP-R,2022-10,GBP,,,
WMH.L,RH0YNP-R,2022-11,GBP,,,
WMH.L,RH0YNP-R,2022-12,GBP,,,
WMH.L,RH0YNP-R,2023-01,GBP,,,
WMH.L,RH0YNP-R,2023-02,GBP,,,
WMH.L,RH0YNP-R,2023-03,GBP,,,
SGO.PA,RK87TQ-R,2018-01,EUR,46.815,,1.81601
SGO.PA,RK87TQ-R,2018-02,EUR,46.745,-0.001495247249813092,-0.149524
SGO.PA,RK87TQ-R,2018-03,EUR,42.86,-0.08311049310086638,-8.31105
SGO.PA,RK87TQ-R,2018-04,EUR,43.495,0.014815678954736233,1.48157
SGO.PA,RK87TQ-R,2018-05,EUR,42.875,-0.014254512012874976,-1.42545
SGO.PA,RK87TQ-R,2018-06,EUR,38.27,-0.10740524781341099,-7.70845
SGO.PA,RK87TQ-R,2018-07,EUR,38.075,-0.005095374967337363,-0.509536
SGO.PA,RK87TQ-R,2018-08,EUR,37.065,-0.02652659225213405,-2.65266
SGO.PA,RK87TQ-R,2018-09,EUR,37.145,0.002158370430325185,0.21584
SGO.PA,RK87TQ-R,2018-10,EUR,33.24,-0.10512855027594559,-10.5129
SGO.PA,RK87TQ-R,2018-11,EUR,32.735,-0.015192539109506686,-1.51926
SGO.PA,RK87TQ-R,2018-12,EUR,29.165,-0.1090575836260883,-10.9058
SGO.PA,RK87TQ-R,2019-01,EUR,30.12,0.03274472827018693,3.27448
SGO.PA,RK87TQ-R,2019-02,EUR,31.66,0.05112881806108893,5.11287
SGO.PA,RK87TQ-R,2019-03,EUR,32.31,0.020530638029058856,2.05307
SGO.PA,RK87TQ-R,2019-04,EUR,36.44,0.12782420303311648,12.7824
SGO.PA,RK87TQ-R,2019-05,EUR,32.415,-0.11045554335894614,-11.0456
SGO.PA,RK87TQ-R,2019-06,EUR,34.275,0.057380842202684024,9.84113
SGO.PA,RK87TQ-R,2019-07,EUR,34.755,0.014004376367614979,1.40044
SGO.PA,RK87TQ-R,2019-08,EUR,32.82,-0.05567544238239108,-5.56755
SGO.PA,RK87TQ-R,2019-09,EUR,36.0,0.09689213893967086,9.68921
SGO.PA,RK87TQ-R,2019-10,EUR,36.47,0.013055555555555598,1.30556
SGO.PA,RK87TQ-R,2019-11,EUR,36.75,0.007677543186180413,0.767756
SGO.PA,RK87TQ-R,2019-12,EUR,36.5,-0.006802721088435382,-0.680274
SGO.PA,RK87TQ-R,2020-01,EUR,34.235,-0.06205479452054796,-6.20548
SGO.PA,RK87TQ-R,2020-02,EUR,31.6,-0.07696801518913388,-7.6968
SGO.PA,RK87TQ-R,2020-03,EUR,22.165,-0.29857594936708864,-29.8576
SGO.PA,RK87TQ-R,2020-04,EUR,24.21,0.09226257613354405,9.22625
SGO.PA,RK87TQ-R,2020-05,EUR,29.07,0.2007434944237918,20.0744
SGO.PA,RK87TQ-R,2020-06,EUR,32.05,0.10251117991056069,10.2511
SGO.PA,RK87TQ-R,2020-07,EUR,31.17,-0.02745709828393117,-2.74571
SGO.PA,RK87TQ-R,2020-08,EUR,33.98,0.09015078601219106,9.01507
SGO.PA,RK87TQ-R,2020-09,EUR,36.01,0.059741024131842346,5.9741
SGO.PA,RK87TQ-R,2020-10,EUR,33.5,-0.06970286031657869,-6.97028
SGO.PA,RK87TQ-R,2020-11,EUR,39.82,0.18865671641791049,18.8657
SGO.PA,RK87TQ-R,2020-12,EUR,37.5,-0.05826217980914117,-5.82622
SGO.PA,RK87TQ-R,2021-01,EUR,41.08,0.09546666666666659,9.54667
SGO.PA,RK87TQ-R,2021-02,EUR,44.42,0.0813047711781889,8.13047
SGO.PA,RK87TQ-R,2021-03,EUR,50.32,0.13282305267897332,13.2823
SGO.PA,RK87TQ-R,2021-04,EUR,52.5,0.043322734499205096,4.33227
SGO.PA,RK87TQ-R,2021-05,EUR,54.82,0.04419047619047611,4.41905
SGO.PA,RK87TQ-R,2021-06,EUR,55.54,0.013133892739875863,3.73951
SGO.PA,RK87TQ-R,2021-07,EUR,60.25,0.08480374504861365,8.48037
SGO.PA,RK87TQ-R,2021-08,EUR,61.39,0.01892116182572612,1.89211
SGO.PA,RK87TQ-R,2021-09,EUR,58.24,-0.05131128848346633,-5.13113
SGO.PA,RK87TQ-R,2021-10,EUR,59.56,0.022664835164835084,2.26648
SGO.PA,RK87TQ-R,2021-11,EUR,56.18,-0.05674949630624582,-5.67495
SGO.PA,RK87TQ-R,2021-12,EUR,61.87,0.10128159487362054,10.1282
SGO.PA,RK87TQ-R,2022-01,EUR,59.65,-0.035881687409083596,-3.58816
SGO.PA,RK87TQ-R,2022-02,EUR,55.95,-0.06202849958088841,-6.20285
SGO.PA,RK87TQ-R,2022-03,EUR,54.27,-0.03002680965147453,-3.00268
SGO.PA,RK87TQ-R,2022-04,EUR,56.33,0.03795835636631639,3.79584
SGO.PA,RK87TQ-R,2022-05,EUR,55.1,-0.021835611574649305,-2.18357
SGO.PA,RK87TQ-R,2022-06,EUR,40.945,-0.25689655172413794,-22.7314
SGO.PA,RK87TQ-R,2022-07,EUR,45.325,0.10697276834778369,10.6973
SGO.PA,RK87TQ-R,2022-08,EUR,40.35,-0.10976282404853832,-10.9763
SGO.PA,RK87TQ-R,2022-09,EUR,37.05,-0.08178438661710052,-8.17844
SGO.PA,RK87TQ-R,2022-10,EUR,41.4,0.1174089068825912,11.7409
SGO.PA,RK87TQ-R,2022-11,EUR,43.745,0.05664251207729465,5.66424
SGO.PA,RK87TQ-R,2022-12,EUR,45.65,0.04354783403817586,4.35479
SGO.PA,RK87TQ-R,2023-01,EUR,52.55,0.1511500547645126,15.115
SGO.PA,RK87TQ-R,2023-02,EUR,56.33,0.07193149381541386,7.19316
SGO.PA,RK87TQ-R,2023-03,EUR,52.32,-0.07118764423930402,-7.11877
4385.T,RQ314Y-R,2018-01,JPY,,,
4385.T,RQ314Y-R,2018-02,JPY,,,
4385.T,RQ314Y-R,2018-03,JPY,,,
4385.T,RQ314Y-R,2018-04,JPY,,,
4385.T,RQ314Y-R,2018-05,JPY,,,
4385.T,RQ314Y-R,2018-06,JPY,4535.0,,
4385.T,RQ314Y-R,2018-07,JPY,4710.0,0.03858875413450935,3.85888
4385.T,RQ314Y-R,2018-08,JPY,3700.0,-0.2144373673036093,-21.4437
4385.T,RQ314Y-R,2018-09,JPY,3755.0,0.014864864864864824,1.48649
4385.T,RQ314Y-R,2018-10,JPY,2856.0,-0.2394141145139813,-23.9414
4385.T,RQ314Y-R,2018-11,JPY,2725.0,-0.04586834733893552,-4.58683
4385.T,RQ314Y-R,2018-12,JPY,1842.0,-0.32403669724770645,-32.4037
4385.T,RQ314Y-R,2019-01,JPY,2301.0,0.2491856677524431,24.9186
4385.T,RQ314Y-R,2019-02,JPY,3120.0,0.35593220338983045,35.5932
4385.T,RQ314Y-R,2019-03,JPY,3400.0,0.08974358974358965,8.97436
4385.T,RQ314Y-R,2019-04,JPY,3435.0,0.010294117647058787,1.02941
4385.T,RQ314Y-R,2019-05,JPY,3200.0,-0.06841339155749637,-6.84134
4385.T,RQ314Y-R,2019-06,JPY,2858.0,-0.10687500000000005,-10.6875
4385.T,RQ314Y-R,2019-07,JPY,2931.0,0.02554233729881039,2.55424
4385.T,RQ314Y-R,2019-08,JPY,2485.0,-0.1521664960764244,-15.2166
4385.T,RQ314Y-R,2019-09,JPY,2685.0,0.08048289738430592,8.04829
4385.T,RQ314Y-R,2019-10,JPY,2451.0,-0.08715083798882683,-8.71508
4385.T,RQ314Y-R,2019-11,JPY,2414.0,-0.01509587923296618,-1.50959
4385.T,RQ314Y-R,2019-12,JPY,2235.0,-0.07415078707539358,-7.41508
4385.T,RQ314Y-R,2020-01,JPY,1923.0,-0.13959731543624165,-13.9597
4385.T,RQ314Y-R,2020-02,JPY,2443.0,0.2704108164326573,27.0411
4385.T,RQ314Y-R,2020-03,JPY,2100.0,-0.1404011461318052,-14.0401
4385.T,RQ314Y-R,2020-04,JPY,2713.0,0.2919047619047619,29.1905
4385.T,RQ314Y-R,2020-05,JPY,3210.0,0.1831920383339476,18.3192
4385.T,RQ314Y-R,2020-06,JPY,3330.0,0.03738317757009346,3.73832
4385.T,RQ314Y-R,2020-07,JPY,4420.0,0.3273273273273274,32.7327
4385.T,RQ314Y-R,2020-08,JPY,4810.0,0.08823529411764697,8.82353
4385.T,RQ314Y-R,2020-09,JPY,4850.0,0.008316008316008316,0.831604
4385.T,RQ314Y-R,2020-10,JPY,4400.0,-0.09278350515463918,-9.27835
4385.T,RQ314Y-R,2020-11,JPY,4780.0,0.08636363636363642,8.63637
4385.T,RQ314Y-R,2020-12,JPY,4575.0,-0.042887029288702916,-4.2887
4385.T,RQ314Y-R,2021-01,JPY,5040.0,0.10163934426229515,10.1639
4385.T,RQ314Y-R,2021-02,JPY,5120.0,0.015873015873015817,1.58731
4385.T,RQ314Y-R,2021-03,JPY,5020.0,-0.01953125,-1.95313
4385.T,RQ314Y-R,2021-04,JPY,5400.0,0.07569721115537842,7.56972
4385.T,RQ314Y-R,2021-05,JPY,5190.0,-0.03888888888888886,-3.88889
4385.T,RQ314Y-R,2021-06,JPY,5900.0,0.1368015414258188,13.6802
4385.T,RQ314Y-R,2021-07,JPY,5720.0,-0.03050847457627115,-3.05085
4385.T,RQ314Y-R,2021-08,JPY,5440.0,-0.04895104895104896,-4.8951
4385.T,RQ314Y-R,2021-09,JPY,6160.0,0.13235294117647056,13.2353
4385.T,RQ314Y-R,2021-10,JPY,6150.0,-0.0016233766233766378,-0.162339
4385.T,RQ314Y-R,2021-11,JPY,6890.0,0.12032520325203255,12.0325
4385.T,RQ314Y-R,2021-12,JPY,5860.0,-0.14949201741654572,-14.9492
4385.T,RQ314Y-R,2022-01,JPY,4270.0,-0.27133105802047786,-27.1331
4385.T,RQ314Y-R,2022-02,JPY,3550.0,-0.16861826697892268,-16.8618
4385.T,RQ314Y-R,2022-03,JPY,3225.0,-0.09154929577464788,-9.15493
4385.T,RQ314Y-R,2022-04,JPY,2210.0,-0.3147286821705426,-31.4729
4385.T,RQ314Y-R,2022-05,JPY,2129.0,-0.03665158371040722,-3.66516
4385.T,RQ314Y-R,2022-06,JPY,1950.0,-0.08407703147017376,-8.40771
4385.T,RQ314Y-R,2022-07,JPY,2285.0,0.17179487179487185,17.1795
4385.T,RQ314Y-R,2022-08,JPY,2280.0,-0.002188183807439792,-0.218821
4385.T,RQ314Y-R,2022-09,JPY,1934.0,-0.1517543859649123,-15.1754
4385.T,RQ314Y-R,2022-10,JPY,2475.0,0.279731127197518,27.9731
4385.T,RQ314Y-R,2022-11,JPY,2811.0,0.13575757575757574,13.5758
4385.T,RQ314Y-R,2022-12,JPY,2699.0,-0.03984347207399497,-3.98435
4385.T,RQ314Y-R,2023-01,JPY,2799.0,0.03705075954057069,3.70507
4385.T,RQ314Y-R,2023-02,JPY,2418.0,-0.1361200428724545,-13.612
4385.T,RQ314Y-R,2023-03,JPY,2309.0,-0.04507857733664189,-4.50786
RACE,RSKRFX-R,2018-01,USD,119.642,,13.9338
RACE,RSKRFX-R,2018-02,USD,125.014,0.04490062018354757,4.49032
RACE,RSKRFX-R,2018-03,USD,119.962,-0.0404114739149215,-4.04093
RACE,RSKRFX-R,2018-04,USD,123.297,0.02780047014888032,3.50928
RACE,RSKRFX-R,2018-05,USD,130.154,0.05561368078704265,5.56149
RACE,RSKRFX-R,2018-06,USD,136.02,0.04506968667885736,4.50668
RACE,RSKRFX-R,2018-07,USD,133.152,-0.021085134539038597,-2.10844
RACE,RSKRFX-R,2018-08,USD,131.126,-0.015215693342946257,-1.521
RACE,RSKRFX-R,2018-09,USD,137.754,0.050546802312279704,5.05425
RACE,RSKRFX-R,2018-10,USD,117.271,-0.14869259694818293,-14.8694
RACE,RSKRFX-R,2018-11,USD,109.307,-0.06791107776006,-6.7905
RACE,RSKRFX-R,2018-12,USD,99.2026,-0.09244055732935674,-9.24444
RACE,RSKRFX-R,2019-01,USD,124.613,0.2561465122889923,25.6148
RACE,RSKRFX-R,2019-02,USD,128.844,0.03395311885597807,3.39518
RACE,RSKRFX-R,2019-03,USD,134.181,0.0414221849678682,4.14196
RACE,RSKRFX-R,2019-04,USD,135.325,0.008525797244020916,1.72011
RACE,RSKRFX-R,2019-05,USD,142.191,0.05073711435433226,5.07412
RACE,RSKRFX-R,2019-06,USD,162.621,0.14367997974555347,14.3677
RACE,RSKRFX-R,2019-07,USD,162.167,-0.0027917673609190174,-0.279129
RACE,RSKRFX-R,2019-08,USD,157.699,-0.027551844703299633,-2.75501
RACE,RSKRFX-R,2019-09,USD,154.318,-0.021439577930107312,-2.14408
RACE,RSKRFX-R,2019-10,USD,160.04,0.03707927785481924,3.70805
RACE,RSKRFX-R,2019-11,USD,169.139,0.05685453636590854,5.68535
RACE,RSKRFX-R,2019-12,USD,166.018,-0.018452278894873553,-1.84528
RACE,RSKRFX-R,2020-01,USD,169.0,0.01796190774494333,1.79665
RACE,RSKRFX-R,2020-02,USD,155.486,-0.07996449704142017,-7.99696
RACE,RSKRFX-R,2020-03,USD,155.316,-0.0010933460247224414,-0.109243
RACE,RSKRFX-R,2020-04,USD,157.066,0.011267351721651275,1.92379
RACE,RSKRFX-R,2020-05,USD,168.966,0.07576432837151259,7.57639
RACE,RSKRFX-R,2020-06,USD,170.55,0.009374667092787892,0.937676
RACE,RSKRFX-R,2020-07,USD,178.971,0.049375549692172394,4.93758
RACE,RSKRFX-R,2020-08,USD,195.179,0.09056215811500179,9.05601
RACE,RSKRFX-R,2020-09,USD,183.696,-0.05883317365085383,-5.88353
RACE,RSKRFX-R,2020-10,USD,178.397,-0.028846572598205777,-2.88458
RACE,RSKRFX-R,2020-11,USD,211.488,0.18549078740113356,18.5493
RACE,RSKRFX-R,2020-12,USD,230.823,0.09142362687244665,9.14214
RACE,RSKRFX-R,2021-01,USD,209.267,-0.09338757402858477,-9.33885
RACE,RSKRFX-R,2021-02,USD,196.029,-0.06325889891860637,-6.32582
RACE,RSKRFX-R,2021-03,USD,209.615,0.06930607206076655,6.93065
RACE,RSKRFX-R,2021-04,USD,214.457,0.023099491925673288,2.80517
RACE,RSKRFX-R,2021-05,USD,211.457,-0.01398881827126186,-1.39872
RACE,RSKRFX-R,2021-06,USD,206.347,-0.024165669616044827,-2.4169
RACE,RSKRFX-R,2021-07,USD,218.009,0.05651645044512388,5.65201
RACE,RSKRFX-R,2021-08,USD,216.849,-0.00532088124802188,-0.532395
RACE,RSKRFX-R,2021-09,USD,209.712,-0.032912303031141454,-3.29108
RACE,RSKRFX-R,2021-10,USD,237.236,0.13124666208896008,13.1248
RACE,RSKRFX-R,2021-11,USD,260.801,0.09933146739955157,9.93324
RACE,RSKRFX-R,2021-12,USD,258.713,-0.0080061042710724,-0.800812
RACE,RSKRFX-R,2022-01,USD,227.451,-0.1208366027219352,-12.0837
RACE,RSKRFX-R,2022-02,USD,216.497,-0.04815982343449787,-4.81604
RACE,RSKRFX-R,2022-03,USD,221.084,0.021187360563887703,2.11862
RACE,RSKRFX-R,2022-04,USD,214.155,-0.03134102874925371,-2.44975
RACE,RSKRFX-R,2022-05,USD,194.325,-0.09259648385515173,-9.2597
RACE,RSKRFX-R,2022-06,USD,183.163,-0.05743985591148837,-5.74394
RACE,RSKRFX-R,2022-07,USD,210.252,0.14789559026659305,14.7896
RACE,RSKRFX-R,2022-08,USD,194.272,-0.07600403325533178,-7.60021
RACE,RSKRFX-R,2022-09,USD,187.799,-0.03331926371273264,-3.33211
RACE,RSKRFX-R,2022-10,USD,197.176,0.049931043296290056,4.99307
RACE,RSKRFX-R,2022-11,USD,218.183,0.10653933541607508,10.6539
RACE,RSKRFX-R,2022-12,USD,213.663,-0.020716554451996605,-2.07137
RACE,RSKRFX-R,2023-01,USD,248.597,0.16350046568661858,16.3497
RACE,RSKRFX-R,2023-02,USD,260.141,0.04643660221161161,4.64358
RACE,RSKRFX-R,2023-03,USD,270.852,0.04117382496415378,4.11751
HSBC,RWBRW0-R,2018-01,USD,53.91,,4.39582
HSBC,RWBRW0-R,2018-02,USD,49.63,-0.07939157855685386,-5.99146
HSBC,RWBRW0-R,2018-03,USD,47.67,-0.03949224259520456,-3.94923
HSBC,RWBRW0-R,2018-04,USD,50.26,0.05433186490455211,5.43319
HSBC,RWBRW0-R,2018-05,USD,48.38,-0.03740549144448857,-2.74572
HSBC,RWBRW0-R,2018-06,USD,47.14,-0.02563042579578345,-2.56305
HSBC,RWBRW0-R,2018-07,USD,48.42,0.027153160797624087,2.71531
HSBC,RWBRW0-R,2018-08,USD,44.01,-0.09107806691449827,-8.07518
HSBC,RWBRW0-R,2018-09,USD,43.99,-0.00045444217223344907,-0.0454366
HSBC,RWBRW0-R,2018-10,USD,41.09,-0.06592407365310293,-5.45579
HSBC,RWBRW0-R,2018-11,USD,42.54,0.035288391336091296,3.52885
HSBC,RWBRW0-R,2018-12,USD,41.11,-0.033615420780441885,-3.36154
HSBC,RWBRW0-R,2019-01,USD,42.13,0.024811481391389112,2.48115
HSBC,RWBRW0-R,2019-02,USD,40.83,-0.030856871587942147,-0.5934
HSBC,RWBRW0-R,2019-03,USD,40.58,-0.006122948812147921,-0.612295
HSBC,RWBRW0-R,2019-04,USD,43.57,0.0736816165598817,7.36816
HSBC,RWBRW0-R,2019-05,USD,40.77,-0.0642644021115446,-5.27886
HSBC,RWBRW0-R,2019-06,USD,41.74,0.02379200392445413,2.3792
HSBC,RWBRW0-R,2019-07,USD,40.16,-0.037853378054623965,-3.78534
HSBC,RWBRW0-R,2019-08,USD,35.9,-0.10607569721115528,-9.36255
HSBC,RWBRW0-R,2019-09,USD,38.27,0.06601671309192203,6.60167
HSBC,RWBRW0-R,2019-10,USD,37.79,-0.01254246145806126,0.039196
HSBC,RWBRW0-R,2019-11,USD,37.26,-0.014024874305371804,-1.40249
HSBC,RWBRW0-R,2019-12,USD,39.09,0.04911433172302759,4.91143
HSBC,RWBRW0-R,2020-01,USD,36.29,-0.07162957278076243,-7.16295
HSBC,RWBRW0-R,2020-02,USD,33.57,-0.07495177734913194,-7.49518
HSBC,RWBRW0-R,2020-03,USD,28.01,-0.1656240691093238,-16.5624
HSBC,RWBRW0-R,2020-04,USD,25.73,-0.08139950017850772,-8.13995
HSBC,RWBRW0-R,2020-05,USD,23.05,-0.10415856976292259,-10.4159
HSBC,RWBRW0-R,2020-06,USD,23.33,0.012147505422993365,1.21475
HSBC,RWBRW0-R,2020-07,USD,22.65,-0.029147021003000373,-2.9147
HSBC,RWBRW0-R,2020-08,USD,21.63,-0.04503311258278142,-4.50332
HSBC,RWBRW0-R,2020-09,USD,19.58,-0.0947757743874249,-9.47757
HSBC,RWBRW0-R,2020-10,USD,20.98,0.07150153217568955,7.15015
HSBC,RWBRW0-R,2020-11,USD,25.89,0.23403241182078172,23.4032
HSBC,RWBRW0-R,2020-12,USD,25.91,0.0007724990343762617,0.0772476
HSBC,RWBRW0-R,2021-01,USD,26.15,0.009262832883056626,0.92628
HSBC,RWBRW0-R,2021-02,USD,29.71,0.13613766730401533,13.6138
HSBC,RWBRW0-R,2021-03,USD,29.14,-0.019185459441265595,0.589037
HSBC,RWBRW0-R,2021-04,USD,31.22,0.07137954701441318,7.13795
HSBC,RWBRW0-R,2021-05,USD,32.38,0.03715566944266513,3.71557
HSBC,RWBRW0-R,2021-06,USD,28.85,-0.10901791229153801,-10.9018
HSBC,RWBRW0-R,2021-07,USD,27.57,-0.04436741767764307,-4.43674
HSBC,RWBRW0-R,2021-08,USD,26.44,-0.0409865796155241,-2.8473
HSBC,RWBRW0-R,2021-09,USD,26.15,-0.010968229954614328,-1.09683
HSBC,RWBRW0-R,2021-10,USD,30.07,0.14990439770554498,14.9904
HSBC,RWBRW0-R,2021-11,USD,27.68,-0.07948121050881274,-7.94812
HSBC,RWBRW0-R,2021-12,USD,30.15,0.08923410404624277,8.92341
HSBC,RWBRW0-R,2022-01,USD,35.57,0.17976782752902154,17.9768
HSBC,RWBRW0-R,2022-02,USD,34.54,-0.028956986224346393,-2.89569
HSBC,RWBRW0-R,2022-03,USD,34.22,-0.00926462072958889,1.66473
HSBC,RWBRW0-R,2022-04,USD,31.01,-0.09380479251899465,-9.38048
HSBC,RWBRW0-R,2022-05,USD,33.46,0.07900677200902928,7.90068
HSBC,RWBRW0-R,2022-06,USD,32.67,-0.02361028093245665,-2.36103
HSBC,RWBRW0-R,2022-07,USD,31.4,-0.03887358432812993,-3.88736
HSBC,RWBRW0-R,2022-08,USD,30.83,-0.018152866242038268,-0.398087
HSBC,RWBRW0-R,2022-09,USD,26.07,-0.1543950697372688,-15.4395
HSBC,RWBRW0-R,2022-10,USD,25.91,-0.006137322593018801,-0.613731
HSBC,RWBRW0-R,2022-11,USD,30.86,0.19104592821304522,19.1046
HSBC,RWBRW0-R,2022-12,USD,31.16,0.009721322099805585,0.972128
HSBC,RWBRW0-R,2023-01,USD,36.94,0.18549422336328614,18.5494
HSBC,RWBRW0-R,2023-02,USD,38.31,0.037087168381158664,3.70872
HSBC,RWBRW0-R,2023-03,USD,34.13,-0.10910989297833462,-7.92221
CRESY,S6KYTP-R,2018-01,USD,19.4444,,-1.90133
CRESY,S6KYTP-R,2018-02,USD,20.1264,0.03507436588426471,3.50742
CRESY,S6KYTP-R,2018-03,USD,18.0806,-0.10164758724858891,-10.1652
CRESY,S6KYTP-R,2018-04,USD,18.4306,0.01935776467595085,1.93577
CRESY,S6KYTP-R,2018-05,USD,15.1913,-0.17575662213926835,-17.5756
CRESY,S6KYTP-R,2018-06,USD,13.298,-0.124630545114638,-12.4632
CRESY,S6KYTP-R,2018-07,USD,15.2272,0.14507444728530605,14.5074
CRESY,S6KYTP-R,2018-08,USD,13.0467,-0.14319769885468114,-14.3193
CRESY,S6KYTP-R,2018-09,USD,12.7057,-0.026136877524584712,-2.6136
CRESY,S6KYTP-R,2018-10,USD,10.6599,-0.16101434789110403,-16.1016
CRESY,S6KYTP-R,2018-11,USD,11.1554,0.04648261240724594,4.64816
CRESY,S6KYTP-R,2018-12,USD,11.3707,0.01930006992129374,1.92956
CRESY,S6KYTP-R,2019-01,USD,12.6153,0.10945676167694174,10.9463
CRESY,S6KYTP-R,2019-02,USD,11.6701,-0.07492489278891501,-7.49256
CRESY,S6KYTP-R,2019-03,USD,10.8466,-0.0705649480295798,-7.05683
CRESY,S6KYTP-R,2019-04,USD,9.35856,-0.13718953404753564,-13.7187
CRESY,S6KYTP-R,2019-05,USD,9.33983,-0.0020013762801116552,-0.200129
CRESY,S6KYTP-R,2019-06,USD,9.80777,0.05010155431094576,5.01015
CRESY,S6KYTP-R,2019-07,USD,9.50829,-0.030534973801383924,-3.05349
CRESY,S6KYTP-R,2019-08,USD,5.27823,-0.44488125625112407,-44.4881
CRESY,S6KYTP-R,2019-09,USD,5.53091,0.047872108642480704,4.78721
CRESY,S6KYTP-R,2019-10,USD,4.79158,-0.13367239748974413,-13.3672
CRESY,S6KYTP-R,2019-11,USD,5.52436,0.15293076605211642,15.2931
CRESY,S6KYTP-R,2019-12,USD,6.76374,0.2243481597868351,22.4348
CRESY,S6KYTP-R,2020-01,USD,5.39946,-0.20170497387540032,-20.1705
CRESY,S6KYTP-R,2020-02,USD,4.64046,-0.14056961251680733,-14.057
CRESY,S6KYTP-R,2020-03,USD,3.34344,-0.2795024631178805,-27.9502
CRESY,S6KYTP-R,2020-04,USD,3.0456,-0.08908190366807844,-8.90819
CRESY,S6KYTP-R,2020-05,USD,3.08403,0.012618203309692655,1.26182
CRESY,S6KYTP-R,2020-06,USD,2.84384,-0.07788186236839445,-7.78819
CRESY,S6KYTP-R,2020-07,USD,3.51638,0.23649009789580266,23.649
CRESY,S6KYTP-R,2020-08,USD,3.26658,-0.07103896620956784,-7.1039
CRESY,S6KYTP-R,2020-09,USD,2.69973,-0.17353011406425056,-17.353
CRESY,S6KYTP-R,2020-10,USD,3.02639,0.12099728491367645,12.0997
CRESY,S6KYTP-R,2020-11,USD,3.81421,0.26031674701542107,26.0317
CRESY,S6KYTP-R,2020-12,USD,4.60203,0.20654866931815508,20.6549
CRESY,S6KYTP-R,2021-01,USD,4.63086,0.00626462669734873,0.626469
CRESY,S6KYTP-R,2021-02,USD,4.87105,0.05186725575810969,5.18672
CRESY,S6KYTP-R,2021-03,USD,5.01517,0.02958705002001616,2.95872
CRESY,S6KYTP-R,2021-04,USD,5.40907,0.07854170446864206,7.85416
CRESY,S6KYTP-R,2021-05,USD,6.04317,0.11722902458278406,11.7229
CRESY,S6KYTP-R,2021-06,USD,5.74535,-0.049282082086057444,-4.92821
CRESY,S6KYTP-R,2021-07,USD,6.04317,0.05183670272481211,5.18367
CRESY,S6KYTP-R,2021-08,USD,5.59161,-0.07472237252964908,-7.47223
CRESY,S6KYTP-R,2021-09,USD,4.65968,-0.1666657724698254,-16.6666
CRESY,S6KYTP-R,2021-10,USD,5.09203,0.09278534148267692,9.27854
CRESY,S6KYTP-R,2021-11,USD,4.26577,-0.16226534407692028,-16.2265
CRESY,S6KYTP-R,2021-12,USD,4.53478,0.06306247172257295,6.30624
CRESY,S6KYTP-R,2022-01,USD,4.88065,0.07627051367431292,7.62705
CRESY,S6KYTP-R,2022-02,USD,6.27375,0.2854332926966694,28.5433
CRESY,S6KYTP-R,2022-03,USD,7.87822,0.25574337517433743,25.5743
CRESY,S6KYTP-R,2022-04,USD,7.54195,-0.04268349957223838,-4.26835
CRESY,S6KYTP-R,2022-05,USD,6.73492,-0.10700548266694954,-10.7005
CRESY,S6KYTP-R,2022-06,USD,4.84222,-0.2810278370047453,-28.1028
CRESY,S6KYTP-R,2022-07,USD,5.60122,0.1567462857945321,15.6746
CRESY,S6KYTP-R,2022-08,USD,6.00474,0.07204144811308977,7.20415
CRESY,S6KYTP-R,2022-09,USD,5.25535,-0.12479974153751872,-12.48
CRESY,S6KYTP-R,2022-10,USD,5.09203,-0.031076902584984745,-3.10769
CRESY,S6KYTP-R,2022-11,USD,5.75494,0.13018580016221426,13.0186
CRESY,S6KYTP-R,2022-12,USD,6.42747,0.1168613399965941,13.9494
CRESY,S6KYTP-R,2023-01,USD,6.5908,0.025411242681801838,2.54111
CRESY,S6KYTP-R,2023-02,USD,7.3402,0.11370395096194708,11.3704
CRESY,S6KYTP-R,2023-03,USD,6.12003,-0.1662311653633417,-16.6231
TOBII.ST,SJ6JSD-R,2018-01,SEK,25.117,,-1.52543
TOBII.ST,SJ6JSD-R,2018-02,SEK,26.1257,0.040160050961500104,4.01607
TOBII.ST,SJ6JSD-R,2018-03,SEK,23.2005,-0.11196637793437103,-11.1969
TOBII.ST,SJ6JSD-R,2018-04,SEK,26.1545,0.12732484213702278,12.7329
TOBII.ST,SJ6JSD-R,2018-05,SEK,27.3938,0.04738381540461489,4.7383
TOBII.ST,SJ6JSD-R,2018-06,SEK,28.8925,0.054709459804773264,5.4708
TOBII.ST,SJ6JSD-R,2018-07,SEK,28.0567,-0.02892792247122955,-2.89277
TOBII.ST,SJ6JSD-R,2018-08,SEK,30.7082,0.09450505583336599,9.45044
TOBII.ST,SJ6JSD-R,2018-09,SEK,32.0195,0.04270194931646909,4.2703
TOBII.ST,SJ6JSD-R,2018-10,SEK,24.4974,-0.23492246912037984,-23.4924
TOBII.ST,SJ6JSD-R,2018-11,SEK,22.8546,-0.06706017781478846,-6.70587
TOBII.ST,SJ6JSD-R,2018-12,SEK,19.5114,-0.1462812737917094,-14.628
TOBII.ST,SJ6JSD-R,2019-01,SEK,24.2524,0.24298615168568127,24.2984
TOBII.ST,SJ6JSD-R,2019-02,SEK,24.0651,-0.007722947007306469,-0.772435
TOBII.ST,SJ6JSD-R,2019-03,SEK,23.4166,-0.026947737595106713,-2.69461
TOBII.ST,SJ6JSD-R,2019-04,SEK,25.2323,0.07753901078721936,7.75385
TOBII.ST,SJ6JSD-R,2019-05,SEK,27.7253,0.09880193244373303,9.88007
TOBII.ST,SJ6JSD-R,2019-06,SEK,29.7571,0.073283246709684,7.32849
TOBII.ST,SJ6JSD-R,2019-07,SEK,30.5929,0.028087414432185875,2.80871
TOBII.ST,SJ6JSD-R,2019-08,SEK,26.7742,-0.12482307986493602,-12.4823
TOBII.ST,SJ6JSD-R,2019-09,SEK,26.2554,-0.0193768628007559,-1.93757
TOBII.ST,SJ6JSD-R,2019-10,SEK,26.3275,0.0027461017543057853,0.274432
TOBII.ST,SJ6JSD-R,2019-11,SEK,26.6589,0.012587598518659204,1.25889
TOBII.ST,SJ6JSD-R,2019-12,SEK,27.0624,0.015135658260468476,1.51352
TOBII.ST,SJ6JSD-R,2020-01,SEK,28.0135,0.03514470261321989,3.51437
TOBII.ST,SJ6JSD-R,2020-02,SEK,29.3536,0.04783764970460669,4.78395
TOBII.ST,SJ6JSD-R,2020-03,SEK,18.5892,-0.3667148152185762,-36.6716
TOBII.ST,SJ6JSD-R,2020-04,SEK,19.8861,0.06976631592537585,6.97674
TOBII.ST,SJ6JSD-R,2020-05,SEK,22.9122,0.15217161736087004,15.2174
TOBII.ST,SJ6JSD-R,2020-06,SEK,25.8375,0.12767433943488626,12.7673
TOBII.ST,SJ6JSD-R,2020-07,SEK,25.679,-0.006134494436381255,-0.613499
TOBII.ST,SJ6JSD-R,2020-08,SEK,37.5386,0.46184041434635326,46.184
TOBII.ST,SJ6JSD-R,2020-09,SEK,38.151,0.016313874252103178,1.63147
TOBII.ST,SJ6JSD-R,2020-10,SEK,32.9273,-0.13692170585305763,-13.6922
TOBII.ST,SJ6JSD-R,2020-11,SEK,39.484,0.19912656063509604,19.9125
TOBII.ST,SJ6JSD-R,2020-12,SEK,40.7809,0.0328462161888361,3.28467
TOBII.ST,SJ6JSD-R,2021-01,SEK,38.6194,-0.053002753740108766,-5.30035
TOBII.ST,SJ6JSD-R,2021-02,SEK,44.3835,0.1492540018747055,14.9254
TOBII.ST,SJ6JSD-R,2021-03,SEK,44.9239,0.01217569592303458,1.21753
TOBII.ST,SJ6JSD-R,2021-04,SEK,51.8768,0.1547706232094721,15.4771
TOBII.ST,SJ6JSD-R,2021-05,SEK,46.0046,-0.11319510841069613,-11.3194
TOBII.ST,SJ6JSD-R,2021-06,SEK,47.7338,0.037587545593266825,3.75881
TOBII.ST,SJ6JSD-R,2021-07,SEK,49.2829,0.03245289501359605,3.24528
TOBII.ST,SJ6JSD-R,2021-08,SEK,49.1028,-0.003654411570747529,-0.365502
TOBII.ST,SJ6JSD-R,2021-09,SEK,42.9064,-0.12619239636028912,-12.6192
TOBII.ST,SJ6JSD-R,2021-10,SEK,44.7437,0.042821117595510216,4.28212
TOBII.ST,SJ6JSD-R,2021-11,SEK,51.5165,0.1513687960539698,15.1369
TOBII.ST,SJ6JSD-R,2021-12,SEK,26.4572,-0.48643250220803047,-48.6434
TOBII.ST,SJ6JSD-R,2022-01,SEK,23.186,-0.12364120163887338,-12.3638
TOBII.ST,SJ6JSD-R,2022-02,SEK,21.7018,-0.06401276632450625,-6.40149
TOBII.ST,SJ6JSD-R,2022-03,SEK,22.5952,0.04116709213060665,4.11687
TOBII.ST,SJ6JSD-R,2022-04,SEK,18.8197,-0.16709301090497086,-16.7092
TOBII.ST,SJ6JSD-R,2022-05,SEK,17.0761,-0.09264759799571731,-9.26492
TOBII.ST,SJ6JSD-R,2022-06,SEK,12.7242,-0.2548532744596249,-25.4852
TOBII.ST,SJ6JSD-R,2022-07,SEK,19.0071,0.4937756401188289,49.3771
TOBII.ST,SJ6JSD-R,2022-08,SEK,17.2202,-0.09401223753229071,-9.40106
TOBII.ST,SJ6JSD-R,2022-09,SEK,14.2589,-0.17196664382527482,-17.1967
TOBII.ST,SJ6JSD-R,2022-10,SEK,13.1709,-0.07630322114609123,-7.63012
TOBII.ST,SJ6JSD-R,2022-11,SEK,12.0397,-0.08588630997122437,-8.58862
TOBII.ST,SJ6JSD-R,2022-12,SEK,12.0469,0.0005980215453873505,0.059855
TOBII.ST,SJ6JSD-R,2023-01,SEK,15.001,0.24521661174243992,24.5215
TOBII.ST,SJ6JSD-R,2023-02,SEK,17.2346,0.1488967402173189,14.8895
TOBII.ST,SJ6JSD-R,2023-03,SEK,15.4333,-0.1045164958861825,-10.4515
ALK-B.CO,SJKQMD-R,2018-01,DKK,38.1,,2.97298
ALK-B.CO,SJKQMD-R,2018-02,DKK,36.0,-0.055118110236220486,-5.51181
ALK-B.CO,SJKQMD-R,2018-03,DKK,37.85,0.05138888888888893,5.1389
ALK-B.CO,SJKQMD-R,2018-04,DKK,39.2,0.03566710700132103,3.56671
ALK-B.CO,SJKQMD-R,2018-05,DKK,51.6,0.3163265306122449,31.6327
ALK-B.CO,SJKQMD-R,2018-06,DKK,53.3,0.032945736434108364,3.29458
ALK-B.CO,SJKQMD-R,2018-07,DKK,59.2,0.11069418386491559,11.0694
ALK-B.CO,SJKQMD-R,2018-08,DKK,58.3,-0.015202702702702853,-1.52027
ALK-B.CO,SJKQMD-R,2018-09,DKK,53.6,-0.0806174957118353,-8.06175
ALK-B.CO,SJKQMD-R,2018-10,DKK,52.8,-0.014925373134328401,-1.49254
ALK-B.CO,SJKQMD-R,2018-11,DKK,45.55,-0.13731060606060608,-13.7311
ALK-B.CO,SJKQMD-R,2018-12,DKK,48.0,0.053787047200878124,5.37871
ALK-B.CO,SJKQMD-R,2019-01,DKK,50.2,0.04583333333333339,4.58334
ALK-B.CO,SJKQMD-R,2019-02,DKK,51.4,0.0239043824701195,2.39044
ALK-B.CO,SJKQMD-R,2019-03,DKK,55.0,0.07003891050583655,7.00389
ALK-B.CO,SJKQMD-R,2019-04,DKK,56.55,0.028181818181818086,2.81818
ALK-B.CO,SJKQMD-R,2019-05,DKK,76.9,0.35985853227232556,35.9859
ALK-B.CO,SJKQMD-R,2019-06,DKK,76.5,-0.005201560468140465,-0.520158
ALK-B.CO,SJKQMD-R,2019-07,DKK,76.35,-0.0019607843137255943,-0.196081
ALK-B.CO,SJKQMD-R,2019-08,DKK,68.45,-0.10347085789128996,-10.3471
ALK-B.CO,SJKQMD-R,2019-09,DKK,70.45,0.029218407596786067,2.92184
ALK-B.CO,SJKQMD-R,2019-10,DKK,71.95,0.02129169623846705,2.12917
ALK-B.CO,SJKQMD-R,2019-11,DKK,83.3,0.15774843641417635,15.7748
ALK-B.CO,SJKQMD-R,2019-12,DKK,81.75,-0.018607442977190858,-1.86075
ALK-B.CO,SJKQMD-R,2020-01,DKK,90.0,0.10091743119266061,10.0917
ALK-B.CO,SJKQMD-R,2020-02,DKK,86.25,-0.04166666666666663,-4.16667
ALK-B.CO,SJKQMD-R,2020-03,DKK,77.1,-0.10608695652173916,-10.6087
ALK-B.CO,SJKQMD-R,2020-04,DKK,86.7,0.12451361867704303,12.4514
ALK-B.CO,SJKQMD-R,2020-05,DKK,89.25,0.02941176470588225,2.94117
ALK-B.CO,SJKQMD-R,2020-06,DKK,88.55,-0.007843137254902044,-0.784308
ALK-B.CO,SJKQMD-R,2020-07,DKK,89.0,0.005081874647091977,0.508189
ALK-B.CO,SJKQMD-R,2020-08,DKK,105.5,0.1853932584269662,18.5393
ALK-B.CO,SJKQMD-R,2020-09,DKK,104.9,-0.005687203791469142,-0.568718
ALK-B.CO,SJKQMD-R,2020-10,DKK,106.6,0.016205910390848288,1.62059
ALK-B.CO,SJKQMD-R,2020-11,DKK,110.4,0.03564727954971869,3.56473
ALK-B.CO,SJKQMD-R,2020-12,DKK,125.0,0.13224637681159424,13.2246
ALK-B.CO,SJKQMD-R,2021-01,DKK,120.4,-0.036799999999999944,-3.68
ALK-B.CO,SJKQMD-R,2021-02,DKK,129.9,0.07890365448504988,7.89037
ALK-B.CO,SJKQMD-R,2021-03,DKK,120.5,-0.07236335642802161,-7.23634
ALK-B.CO,SJKQMD-R,2021-04,DKK,134.1,0.11286307053941913,11.2863
ALK-B.CO,SJKQMD-R,2021-05,DKK,136.0,0.014168530947054503,1.41685
ALK-B.CO,SJKQMD-R,2021-06,DKK,149.6,0.09999999999999987,10.0
ALK-B.CO,SJKQMD-R,2021-07,DKK,154.6,0.03342245989304815,3.34225
ALK-B.CO,SJKQMD-R,2021-08,DKK,153.9,-0.004527813712807194,-0.452781
ALK-B.CO,SJKQMD-R,2021-09,DKK,134.9,-0.12345679012345678,-12.3457
ALK-B.CO,SJKQMD-R,2021-10,DKK,139.4,0.033358042994811044,3.33581
ALK-B.CO,SJKQMD-R,2021-11,DKK,164.8,0.182209469153515,18.2209
ALK-B.CO,SJKQMD-R,2021-12,DKK,171.5,0.04065533980582514,4.06554
ALK-B.CO,SJKQMD-R,2022-01,DKK,139.3,-0.18775510204081625,-18.7755
ALK-B.CO,SJKQMD-R,2022-02,DKK,126.8,-0.08973438621679841,-8.97344
ALK-B.CO,SJKQMD-R,2022-03,DKK,149.44,0.17854889589905354,17.8549
ALK-B.CO,SJKQMD-R,2022-04,DKK,155.25,0.038878479657387555,3.88784
ALK-B.CO,SJKQMD-R,2022-05,DKK,138.24,-0.10956521739130431,-10.9565
ALK-B.CO,SJKQMD-R,2022-06,DKK,123.2,-0.10879629629629628,-10.8796
ALK-B.CO,SJKQMD-R,2022-07,DKK,145.0,0.17694805194805197,17.6948
ALK-B.CO,SJKQMD-R,2022-08,DKK,138.1,-0.0475862068965518,-4.75861
ALK-B.CO,SJKQMD-R,2022-09,DKK,120.8,-0.12527154236060822,-12.5272
ALK-B.CO,SJKQMD-R,2022-10,DKK,124.8,0.0331125827814569,3.31125
ALK-B.CO,SJKQMD-R,2022-11,DKK,101.1,-0.18990384615384615,-18.9904
ALK-B.CO,SJKQMD-R,2022-12,DKK,96.05,-0.04995054401582588,-4.99505
ALK-B.CO,SJKQMD-R,2023-01,DKK,101.8,0.059864653826132264,5.98646
ALK-B.CO,SJKQMD-R,2023-02,DKK,104.9,0.03045186640471531,3.04519
ALK-B.CO,SJKQMD-R,2023-03,DKK,106.1,0.011439466158245759,1.14394
ACSO.L,SRS2M0-R,2018-01,GBP,22.1851,,14.1401
ACSO.L,SRS2M0-R,2018-02,GBP,22.6803,0.022321287711121407,2.23215
ACSO.L,SRS2M0-R,2018-03,GBP,22.7298,0.002182510813349081,0.218344
ACSO.L,SRS2M0-R,2018-04,GBP,21.6899,-0.04575051254300522,-4.57517
ACSO.L,SRS2M0-R,2018-05,GBP,25.8496,0.1917805061341913,19.1781
ACSO.L,SRS2M0-R,2018-06,GBP,24.9582,-0.03448409259717744,-3.44828
ACSO.L,SRS2M0-R,2018-07,GBP,26.7905,0.07341474946109905,7.34127
ACSO.L,SRS2M0-R,2018-08,GBP,27.4342,0.024027173811612235,2.40296
ACSO.L,SRS2M0-R,2018-09,GBP,29.0189,0.05776366724745019,5.77618
ACSO.L,SRS2M0-R,2018-10,GBP,20.1052,-0.3071687762113656,-30.7167
ACSO.L,SRS2M0-R,2018-11,GBP,14.9551,-0.2561576109663172,-25.6158
ACSO.L,SRS2M0-R,2018-12,GBP,14.3609,-0.039732265247306886,-3.97351
ACSO.L,SRS2M0-R,2019-01,GBP,14.1628,-0.013794400072418833,-1.37931
ACSO.L,SRS2M0-R,2019-02,GBP,8.35902,-0.4097904369192533,-40.979
ACSO.L,SRS2M0-R,2019-03,GBP,8.57691,0.026066452765994175,2.60663
ACSO.L,SRS2M0-R,2019-04,GBP,8.41844,-0.01847635104017642,-1.84757
ACSO.L,SRS2M0-R,2019-05,GBP,7.62612,-0.094117199861257,-9.41176
ACSO.L,SRS2M0-R,2019-06,GBP,6.83379,-0.10389687023020888,-10.3896
ACSO.L,SRS2M0-R,2019-07,GBP,10.2012,0.4927587766085877,49.2754
ACSO.L,SRS2M0-R,2019-08,GBP,9.01269,-0.11650688154334787,-11.6505
ACSO.L,SRS2M0-R,2019-09,GBP,8.57691,-0.048351823928261095,-4.83517
ACSO.L,SRS2M0-R,2019-10,GBP,5.74435,-0.3302541358134806,-33.0254
ACSO.L,SRS2M0-R,2019-11,GBP,5.29867,-0.07758580170080154,-7.75862
ACSO.L,SRS2M0-R,2019-12,GBP,4.80346,-0.09345930205126951,-9.34579
ACSO.L,SRS2M0-R,2020-01,GBP,3.61498,-0.24742165022712792,-24.7423
ACSO.L,SRS2M0-R,2020-02,GBP,4.55586,0.26027253262811967,26.0274
ACSO.L,SRS2M0-R,2020-03,GBP,1.83225,-0.59782565750484,-59.7826
ACSO.L,SRS2M0-R,2020-04,GBP,2.22841,0.21621503615772952,21.6216
ACSO.L,SRS2M0-R,2020-05,GBP,3.5,0.5706265902594228,57.0626
ACSO.L,SRS2M0-R,2020-06,GBP,2.85,-0.18571428571428572,-18.5714
ACSO.L,SRS2M0-R,2020-07,GBP,2.65,-0.07017543859649134,-7.01754
ACSO.L,SRS2M0-R,2020-08,GBP,2.625,-0.009433962264150941,-0.943399
ACSO.L,SRS2M0-R,2020-09,GBP,2.975,0.1333333333333333,13.3333
ACSO.L,SRS2M0-R,2020-10,GBP,2.75,-0.0756302521008404,-7.56302
ACSO.L,SRS2M0-R,2020-11,GBP,3.75,0.36363636363636354,36.3636
ACSO.L,SRS2M0-R,2020-12,GBP,4.75,0.2666666666666666,26.6667
ACSO.L,SRS2M0-R,2021-01,GBP,4.2,-0.11578947368421044,-11.579
ACSO.L,SRS2M0-R,2021-02,GBP,5.5,0.30952380952380953,30.9524
ACSO.L,SRS2M0-R,2021-03,GBP,6.35,0.15454545454545454,15.4545
ACSO.L,SRS2M0-R,2021-04,GBP,6.75,0.06299212598425208,6.29921
ACSO.L,SRS2M0-R,2021-05,GBP,6.6,-0.022222222222222254,-2.22222
ACSO.L,SRS2M0-R,2021-06,GBP,5.9,-0.10606060606060597,-10.6061
ACSO.L,SRS2M0-R,2021-07,GBP,6.2,0.05084745762711851,5.08474
ACSO.L,SRS2M0-R,2021-08,GBP,7.62,0.2290322580645161,22.9032
ACSO.L,SRS2M0-R,2021-09,GBP,9.15,0.20078740157480324,20.0787
ACSO.L,SRS2M0-R,2021-10,GBP,8.86,-0.031693989071038375,-3.1694
ACSO.L,SRS2M0-R,2021-11,GBP,8.24,-0.0699774266365688,-6.99774
ACSO.L,SRS2M0-R,2021-12,GBP,8.18,-0.00728155339805836,-0.728148
ACSO.L,SRS2M0-R,2022-01,GBP,7.5,-0.08312958435207818,-8.31296
ACSO.L,SRS2M0-R,2022-02,GBP,7.58,0.010666666666666602,1.06666
ACSO.L,SRS2M0-R,2022-03,GBP,8.4,0.10817941952506605,10.8179
ACSO.L,SRS2M0-R,2022-04,GBP,7.42,-0.1166666666666667,-11.6667
ACSO.L,SRS2M0-R,2022-05,GBP,6.84,-0.07816711590296499,-7.81671
ACSO.L,SRS2M0-R,2022-06,GBP,6.14,-0.10233918128654973,-10.2339
ACSO.L,SRS2M0-R,2022-07,GBP,6.1,-0.006514657980456029,-0.651467
ACSO.L,SRS2M0-R,2022-08,GBP,5.8,-0.0491803278688524,-4.91803
ACSO.L,SRS2M0-R,2022-09,GBP,5.42,-0.06551724137931036,-6.55172
ACSO.L,SRS2M0-R,2022-10,GBP,6.2,0.1439114391143912,14.3911
ACSO.L,SRS2M0-R,2022-11,GBP,7.92,0.2774193548387096,27.7419
ACSO.L,SRS2M0-R,2022-12,GBP,8.28,0.045454545454545414,4.54545
ACSO.L,SRS2M0-R,2023-01,GBP,8.18,-0.01207729468599028,-1.20772
ACSO.L,SRS2M0-R,2023-02,GBP,8.02,-0.019559902200488977,-1.95599
ACSO.L,SRS2M0-R,2023-03,GBP,6.94,-0.13466334164588523,-13.4663
RKUNY,SSMH3Y-R,2018-01,USD,9.031,,-1.47284
RKUNY,SSMH3Y-R,2018-02,USD,9.159,0.014173402723950845,1.41734
RKUNY,SSMH3Y-R,2018-03,USD,8.207,-0.10394147832732825,-10.3942
RKUNY,SSMH3Y-R,2018-04,USD,7.13,-0.1312294382843915,-13.1229
RKUNY,SSMH3Y-R,2018-05,USD,6.734,-0.055539971949509104,-5.554
RKUNY,SSMH3Y-R,2018-06,USD,6.766,0.004752004752004657,0.475192
RKUNY,SSMH3Y-R,2018-07,USD,7.03,0.039018622524386704,3.90186
RKUNY,SSMH3Y-R,2018-08,USD,7.665,0.09032716927453777,9.03272
RKUNY,SSMH3Y-R,2018-09,USD,7.667,0.0002609262883235264,0.0260949
RKUNY,SSMH3Y-R,2018-10,USD,6.77,-0.11699491326464073,-11.6995
RKUNY,SSMH3Y-R,2018-11,USD,8.049,0.18892171344165432,18.8922
RKUNY,SSMH3Y-R,2018-12,USD,6.708,-0.1666045471487141,-16.2443
RKUNY,SSMH3Y-R,2019-01,USD,7.526,0.12194394752534277,12.1944
RKUNY,SSMH3Y-R,2019-02,USD,7.869,0.04557533882540521,4.55754
RKUNY,SSMH3Y-R,2019-03,USD,9.468,0.2032024399542509,20.3202
RKUNY,SSMH3Y-R,2019-04,USD,11.089,0.17120828052386994,17.1208
RKUNY,SSMH3Y-R,2019-05,USD,10.454,-0.057263955270989264,-5.72639
RKUNY,SSMH3Y-R,2019-06,USD,11.881,0.1365027740577769,13.6503
RKUNY,SSMH3Y-R,2019-07,USD,10.279,-0.1348371349213029,-13.4837
RKUNY,SSMH3Y-R,2019-08,USD,9.431,-0.0824982974997569,-8.24984
RKUNY,SSMH3Y-R,2019-09,USD,9.854,0.04485208355423609,4.48521
RKUNY,SSMH3Y-R,2019-10,USD,9.602,-0.02557337121980907,-2.55734
RKUNY,SSMH3Y-R,2019-11,USD,8.666,-0.09747969173088944,-9.74797
RKUNY,SSMH3Y-R,2019-12,USD,8.604,-0.007154396492037973,-0.31389
RKUNY,SSMH3Y-R,2020-01,USD,7.898,-0.08205485820548575,-8.20549
RKUNY,SSMH3Y-R,2020-02,USD,8.372,0.06001519371992914,6.00152
RKUNY,SSMH3Y-R,2020-03,USD,7.596,-0.09268991877687527,-9.26899
RKUNY,SSMH3Y-R,2020-04,USD,8.566,0.12769878883622976,12.7699
RKUNY,SSMH3Y-R,2020-05,USD,9.059,0.057553116974083496,5.75532
RKUNY,SSMH3Y-R,2020-06,USD,8.787,-0.03002538911579633,-3.00254
RKUNY,SSMH3Y-R,2020-07,USD,9.127,0.038693524524866296,3.86935
RKUNY,SSMH3Y-R,2020-08,USD,8.798,-0.03604689383148907,-3.60469
RKUNY,SSMH3Y-R,2020-09,USD,10.727,0.21925437599454423,21.9254
RKUNY,SSMH3Y-R,2020-10,USD,9.709,-0.09490071781485976,-9.49008
RKUNY,SSMH3Y-R,2020-11,USD,11.211,0.15470182305077773,15.4702
RKUNY,SSMH3Y-R,2020-12,USD,9.628,-0.14120060654714117,-13.816
RKUNY,SSMH3Y-R,2021-01,USD,9.829,0.020876609887827247,2.08766
RKUNY,SSMH3Y-R,2021-02,USD,11.179,0.13734866212229124,13.7349
RKUNY,SSMH3Y-R,2021-03,USD,11.937,0.06780570712943912,6.78058
RKUNY,SSMH3Y-R,2021-04,USD,12.708,0.06458909273686864,6.45891
RKUNY,SSMH3Y-R,2021-05,USD,11.621,-0.0855366698142902,-8.55367
RKUNY,SSMH3Y-R,2021-06,USD,11.298,-0.027794509938903755,-2.77945
RKUNY,SSMH3Y-R,2021-07,USD,10.961,-0.029828288192600416,-2.98283
RKUNY,SSMH3Y-R,2021-08,USD,10.486,-0.043335462092874755,-4.33355
RKUNY,SSMH3Y-R,2021-09,USD,9.689,-0.07600610337592983,-7.60061
RKUNY,SSMH3Y-R,2021-10,USD,10.963,0.13148931778305295,13.1489
RKUNY,SSMH3Y-R,2021-11,USD,10.225,-0.06731734014412105,-6.73173
RKUNY,SSMH3Y-R,2021-12,USD,10.021,-0.019951100244498643,-1.68662
RKUNY,SSMH3Y-R,2022-01,USD,8.601,-0.1417024249076938,-14.1702
RKUNY,SSMH3Y-R,2022-02,USD,8.457,-0.016742239274503024,-1.67422
RKUNY,SSMH3Y-R,2022-03,USD,7.967,-0.05794016790824186,-5.79401
RKUNY,SSMH3Y-R,2022-04,USD,7.086,-0.11058114723233325,-11.0581
RKUNY,SSMH3Y-R,2022-05,USD,5.628,-0.20575783234546996,-20.5758
RKUNY,SSMH3Y-R,2022-06,USD,4.505,-0.19953802416488986,-19.9538
RKUNY,SSMH3Y-R,2022-07,USD,4.901,0.0879023307436182,8.79023
RKUNY,SSMH3Y-R,2022-08,USD,4.877,-0.004896959804121637,-0.4897
RKUNY,SSMH3Y-R,2022-09,USD,4.29,-0.12036087758868153,-12.0361
RKUNY,SSMH3Y-R,2022-10,USD,4.481,0.044522144522144425,4.45222
RKUNY,SSMH3Y-R,2022-11,USD,4.68,0.04440972997098869,4.44098
RKUNY,SSMH3Y-R,2022-12,USD,4.517,-0.034829059829059705,-2.7789
RKUNY,SSMH3Y-R,2023-01,USD,5.052,0.11844144343590868,11.8441
RKUNY,SSMH3Y-R,2023-02,USD,4.933,-0.023555027711797294,-2.3555
RKUNY,SSMH3Y-R,2023-03,USD,4.613,-0.06486924792215676,-6.48693
2146.T,SXD4G8-R,2018-01,JPY,239.668,,9.77099
2146.T,SXD4G8-R,2018-02,JPY,253.668,0.05841413955972419,5.84145
2146.T,SXD4G8-R,2018-03,JPY,233.335,-0.08015595187410318,-8.01577
2146.T,SXD4G8-R,2018-04,JPY,201.668,-0.13571474489467927,-13.5714
2146.T,SXD4G8-R,2018-05,JPY,261.335,0.29586746533907204,29.5868
2146.T,SXD4G8-R,2018-06,JPY,276.668,0.05867181969502755,5.86736
2146.T,SXD4G8-R,2018-07,JPY,259.335,-0.06264909566700894,-6.26507
2146.T,SXD4G8-R,2018-08,JPY,249.335,-0.03856016349509306,-3.85604
2146.T,SXD4G8-R,2018-09,JPY,270.335,0.08422403593558858,8.42246
2146.T,SXD4G8-R,2018-10,JPY,226.334,-0.16276471785007485,-16.2762
2146.T,SXD4G8-R,2018-11,JPY,175.734,-0.22356340629335403,-22.3564
2146.T,SXD4G8-R,2018-12,JPY,125.334,-0.2867970910580764,-28.6798
2146.T,SXD4G8-R,2019-01,JPY,141.401,0.1281934670560263,12.8191
2146.T,SXD4G8-R,2019-02,JPY,169.068,0.19566339700567892,19.5662
2146.T,SXD4G8-R,2019-03,JPY,169.068,0.0,1.45622
2146.T,SXD4G8-R,2019-04,JPY,212.001,0.2539392433813612,25.3943
2146.T,SXD4G8-R,2019-05,JPY,166.868,-0.21289050523346598,-21.2893
2146.T,SXD4G8-R,2019-06,JPY,174.334,0.04474195172231954,4.47462
2146.T,SXD4G8-R,2019-07,JPY,161.401,-0.07418518476028768,-7.41874
2146.T,SXD4G8-R,2019-08,JPY,130.001,-0.1945465021901971,-19.4548
2146.T,SXD4G8-R,2019-09,JPY,153.934,0.18409858385704725,18.4103
2146.T,SXD4G8-R,2019-10,JPY,181.601,0.17973287252978554,17.9731
2146.T,SXD4G8-R,2019-11,JPY,206.668,0.1380333808734533,13.8032
2146.T,SXD4G8-R,2019-12,JPY,219.334,0.061286701376120245,6.12904
2146.T,SXD4G8-R,2020-01,JPY,186.601,-0.1492381482123155,-14.924
2146.T,SXD4G8-R,2020-02,JPY,143.334,-0.23186906822578657,-23.1869
2146.T,SXD4G8-R,2020-03,JPY,74.0004,-0.48372054083469385,-48.3721
2146.T,SXD4G8-R,2020-04,JPY,102.734,0.3882897930281457,38.8288
2146.T,SXD4G8-R,2020-05,JPY,134.667,0.31083185702883176,31.0837
2146.T,SXD4G8-R,2020-06,JPY,163.401,0.21337075898326985,21.3366
2146.T,SXD4G8-R,2020-07,JPY,142.201,-0.12974216804058736,-12.9743
2146.T,SXD4G8-R,2020-08,JPY,210.668,0.4814804396593555,48.1481
2146.T,SXD4G8-R,2020-09,JPY,237.335,0.12658305960088856,12.6582
2146.T,SXD4G8-R,2020-10,JPY,216.334,-0.08848673815492869,-8.84831
2146.T,SXD4G8-R,2020-11,JPY,219.668,0.015411354664546462,1.54084
2146.T,SXD4G8-R,2020-12,JPY,213.334,-0.028834422856310438,-2.88316
2146.T,SXD4G8-R,2021-01,JPY,214.334,0.004687485351608345,0.468755
2146.T,SXD4G8-R,2021-02,JPY,224.668,0.04821446900631732,4.82115
2146.T,SXD4G8-R,2021-03,JPY,242.335,0.07863603183363899,8.81306
2146.T,SXD4G8-R,2021-04,JPY,242.335,0.0,0.0
2146.T,SXD4G8-R,2021-05,JPY,197.934,-0.1832215734417233,-18.3219
2146.T,SXD4G8-R,2021-06,JPY,216.001,0.09127790071437958,9.12765
2146.T,SXD4G8-R,2021-07,JPY,228.334,0.057096957884454236,5.70987
2146.T,SXD4G8-R,2021-08,JPY,201.334,-0.11824782993334326,-11.8248
2146.T,SXD4G8-R,2021-09,JPY,225.001,0.11755093526180382,11.755
2146.T,SXD4G8-R,2021-10,JPY,242.001,0.0755552197545788,7.55556
2146.T,SXD4G8-R,2021-11,JPY,270.001,0.11570200123139984,11.5703
2146.T,SXD4G8-R,2021-12,JPY,288.335,0.06790345220943639,6.79013
2146.T,SXD4G8-R,2022-01,JPY,216.334,-0.24971300743926328,-24.9711
2146.T,SXD4G8-R,2022-02,JPY,231.668,0.07088113750034664,7.08783
2146.T,SXD4G8-R,2022-03,JPY,207.001,-0.10647564618333127,-9.95684
2146.T,SXD4G8-R,2022-04,JPY,196.601,-0.050241303182110286,-5.02415
2146.T,SXD4G8-R,2022-05,JPY,162.201,-0.17497367765169047,-17.4975
2146.T,SXD4G8-R,2022-06,JPY,149.001,-0.08138050936800634,-8.1381
2146.T,SXD4G8-R,2022-07,JPY,171.668,0.15212649579533033,15.2125
2146.T,SXD4G8-R,2022-08,JPY,187.134,0.09009250413588998,9.00971
2146.T,SXD4G8-R,2022-09,JPY,158.801,-0.15140487565060334,-15.1407
2146.T,SXD4G8-R,2022-10,JPY,162.201,0.021410444518611405,2.14106
2146.T,SXD4G8-R,2022-11,JPY,179.668,0.10768737554022478,10.7686
2146.T,SXD4G8-R,2022-12,JPY,150.667,-0.16141438653516493,-16.141
2146.T,SXD4G8-R,2023-01,JPY,174.668,0.15929832013645995,15.9292
2146.T,SXD4G8-R,2023-02,JPY,165.334,-0.05343852337005062,-5.34351
2146.T,SXD4G8-R,2023-03,JPY,163.734,-0.009677380333143804,-0.967753
INRN.SW,TLX4L7-R,2018-01,CHF,1540.0,,6.7221
INRN.SW,TLX4L7-R,2018-02,CHF,1636.0,0.06233766233766236,6.23376
INRN.SW,TLX4L7-R,2018-03,CHF,1500.0,-0.08312958435207829,-8.31296
INRN.SW,TLX4L7-R,2018-04,CHF,1646.0,0.09733333333333327,9.73333
INRN.SW,TLX4L7-R,2018-05,CHF,1700.0,0.03280680437424066,4.28311
INRN.SW,TLX4L7-R,2018-06,CHF,1740.0,0.0235294117647058,2.35294
INRN.SW,TLX4L7-R,2018-07,CHF,1770.0,0.01724137931034475,1.72414
INRN.SW,TLX4L7-R,2018-08,CHF,2005.0,0.13276836158192085,13.2768
INRN.SW,TLX4L7-R,2018-09,CHF,1914.0,-0.04538653366583545,-4.53866
INRN.SW,TLX4L7-R,2018-10,CHF,1864.0,-0.02612330198537094,-2.61233
INRN.SW,TLX4L7-R,2018-11,CHF,1768.0,-0.05150214592274682,-5.15022
INRN.SW,TLX4L7-R,2018-12,CHF,1452.0,-0.17873303167420818,-17.8733
INRN.SW,TLX4L7-R,2019-01,CHF,1798.0,0.23829201101928366,23.8292
INRN.SW,TLX4L7-R,2019-02,CHF,1774.0,-0.013348164627363768,-1.33482
INRN.SW,TLX4L7-R,2019-03,CHF,2020.0,0.13866967305524236,13.867
INRN.SW,TLX4L7-R,2019-04,CHF,2225.0,0.10148514851485158,10.1485
INRN.SW,TLX4L7-R,2019-05,CHF,2125.0,-0.0449438202247191,-3.50562
INRN.SW,TLX4L7-R,2019-06,CHF,2455.0,0.1552941176470588,15.5294
INRN.SW,TLX4L7-R,2019-07,CHF,2020.0,-0.17718940936863548,-17.7189
INRN.SW,TLX4L7-R,2019-08,CHF,1834.0,-0.09207920792079205,-9.20792
INRN.SW,TLX4L7-R,2019-09,CHF,1850.0,0.008724100327153872,0.872409
INRN.SW,TLX4L7-R,2019-10,CHF,2040.0,0.10270270270270276,10.2703
INRN.SW,TLX4L7-R,2019-11,CHF,2155.0,0.056372549019607865,5.63725
INRN.SW,TLX4L7-R,2019-12,CHF,2175.0,0.009280742459396807,0.92808
INRN.SW,TLX4L7-R,2020-01,CHF,1886.0,-0.13287356321839083,-13.2874
INRN.SW,TLX4L7-R,2020-02,CHF,1722.0,-0.08695652173913049,-8.69565
INRN.SW,TLX4L7-R,2020-03,CHF,1600.0,-0.07084785133565619,-7.08479
INRN.SW,TLX4L7-R,2020-04,CHF,1834.0,0.14625,14.625
INRN.SW,TLX4L7-R,2020-05,CHF,2100.0,0.1450381679389312,15.7306
INRN.SW,TLX4L7-R,2020-06,CHF,1912.0,-0.08952380952380956,-8.95238
INRN.SW,TLX4L7-R,2020-07,CHF,2150.0,0.12447698744769875,12.4477
INRN.SW,TLX4L7-R,2020-08,CHF,2420.0,0.12558139534883717,12.5581
INRN.SW,TLX4L7-R,2020-09,CHF,2325.0,-0.039256198347107474,-3.92562
INRN.SW,TLX4L7-R,2020-10,CHF,2460.0,0.058064516129032295,5.80645
INRN.SW,TLX4L7-R,2020-11,CHF,2585.0,0.05081300813008127,5.0813
INRN.SW,TLX4L7-R,2020-12,CHF,2695.0,0.042553191489361764,4.25532
INRN.SW,TLX4L7-R,2021-01,CHF,2935.0,0.08905380333951762,8.90537
INRN.SW,TLX4L7-R,2021-02,CHF,2900.0,-0.011925042589437829,-1.1925
INRN.SW,TLX4L7-R,2021-03,CHF,3340.0,0.15172413793103456,15.1724
INRN.SW,TLX4L7-R,2021-04,CHF,3120.0,-0.06586826347305386,-6.58683
INRN.SW,TLX4L7-R,2021-05,CHF,3590.0,0.15064102564102555,15.9295
INRN.SW,TLX4L7-R,2021-06,CHF,3670.0,0.022284122562674202,2.22842
INRN.SW,TLX4L7-R,2021-07,CHF,4140.0,0.12806539509536785,12.8065
INRN.SW,TLX4L7-R,2021-08,CHF,4070.0,-0.016908212560386437,-1.69082
INRN.SW,TLX4L7-R,2021-09,CHF,3950.0,-0.029484029484029506,-2.9484
INRN.SW,TLX4L7-R,2021-10,CHF,4445.0,0.12531645569620253,12.5317
INRN.SW,TLX4L7-R,2021-11,CHF,4215.0,-0.05174353205849269,-5.17435
INRN.SW,TLX4L7-R,2021-12,CHF,4105.0,-0.0260972716488731,-2.60973
INRN.SW,TLX4L7-R,2022-01,CHF,3900.0,-0.049939098660170544,-4.99391
INRN.SW,TLX4L7-R,2022-02,CHF,3410.0,-0.12564102564102564,-12.5641
INRN.SW,TLX4L7-R,2022-03,CHF,3055.0,-0.10410557184750735,-10.4106
INRN.SW,TLX4L7-R,2022-04,CHF,2970.0,-0.02782324058919805,-2.78233
INRN.SW,TLX4L7-R,2022-05,CHF,2830.0,-0.047138047138047146,-3.67003
INRN.SW,TLX4L7-R,2022-06,CHF,2140.0,-0.2438162544169611,-24.3816
INRN.SW,TLX4L7-R,2022-07,CHF,2505.0,0.17056074766355134,17.0561
INRN.SW,TLX4L7-R,2022-08,CHF,2240.0,-0.10578842315369263,-10.5788
INRN.SW,TLX4L7-R,2022-09,CHF,1890.0,-0.15625,-15.625
INRN.SW,TLX4L7-R,2022-10,CHF,2110.0,0.1164021164021165,11.6402
INRN.SW,TLX4L7-R,2022-11,CHF,2190.0,0.03791469194312791,3.79146
INRN.SW,TLX4L7-R,2022-12,CHF,2350.0,0.0730593607305936,7.30593
INRN.SW,TLX4L7-R,2023-01,CHF,2840.0,0.2085106382978723,20.8511
INRN.SW,TLX4L7-R,2023-02,CHF,2925.0,0.029929577464788748,2.99295
INRN.SW,TLX4L7-R,2023-03,CHF,3285.0,0.12307692307692308,12.3077
G5EN.ST,TSHCZT-R,2018-01,SEK,362.6,,14.0252
G5EN.ST,TSHCZT-R,2018-02,SEK,313.4,-0.13568670711527864,-13.5687
G5EN.ST,TSHCZT-R,2018-03,SEK,305.2,-0.0261646458200383,-2.61646
G5EN.ST,TSHCZT-R,2018-04,SEK,371.6,0.21756225425950215,21.7562
G5EN.ST,TSHCZT-R,2018-05,SEK,572.0,0.5392895586652313,54.6017
G5EN.ST,TSHCZT-R,2018-06,SEK,446.4,-0.21958041958041963,-21.958
G5EN.ST,TSHCZT-R,2018-07,SEK,409.4,-0.08288530465949817,-8.28853
G5EN.ST,TSHCZT-R,2018-08,SEK,346.0,-0.15486077186126035,-15.4861
G5EN.ST,TSHCZT-R,2018-09,SEK,305.0,-0.11849710982658956,-11.8497
G5EN.ST,TSHCZT-R,2018-10,SEK,261.8,-0.14163934426229507,-14.1639
G5EN.ST,TSHCZT-R,2018-11,SEK,158.3,-0.39533995416348355,-39.534
G5EN.ST,TSHCZT-R,2018-12,SEK,125.5,-0.20720151610865456,-20.7202
G5EN.ST,TSHCZT-R,2019-01,SEK,128.0,0.019920318725099584,1.99203
G5EN.ST,TSHCZT-R,2019-02,SEK,110.8,-0.13437500000000002,-13.4375
G5EN.ST,TSHCZT-R,2019-03,SEK,97.0,-0.12454873646209386,-12.4549
G5EN.ST,TSHCZT-R,2019-04,SEK,95.7,-0.013402061855670055,-1.34021
G5EN.ST,TSHCZT-R,2019-05,SEK,91.05,-0.048589341692790056,-2.2466
G5EN.ST,TSHCZT-R,2019-06,SEK,89.9,-0.012630422844590816,-1.26305
G5EN.ST,TSHCZT-R,2019-07,SEK,86.0,-0.04338153503893216,-4.33816
G5EN.ST,TSHCZT-R,2019-08,SEK,100.6,0.1697674418604651,16.9767
G5EN.ST,TSHCZT-R,2019-09,SEK,126.6,0.25844930417495027,25.8449
G5EN.ST,TSHCZT-R,2019-10,SEK,128.2,0.012638230647709303,1.26382
G5EN.ST,TSHCZT-R,2019-11,SEK,89.95,-0.298361934477379,-29.8362
G5EN.ST,TSHCZT-R,2019-12,SEK,101.1,0.12395775430794886,12.3958
G5EN.ST,TSHCZT-R,2020-01,SEK,115.3,0.14045499505440162,14.0455
G5EN.ST,TSHCZT-R,2020-02,SEK,84.0,-0.27146574154379877,-27.1466
G5EN.ST,TSHCZT-R,2020-03,SEK,109.0,0.29761904761904767,29.7619
G5EN.ST,TSHCZT-R,2020-04,SEK,134.9,0.23761467889908272,23.7615
G5EN.ST,TSHCZT-R,2020-05,SEK,164.9,0.2223869532987397,22.2387
G5EN.ST,TSHCZT-R,2020-06,SEK,193.8,0.17525773195876293,19.0418
G5EN.ST,TSHCZT-R,2020-07,SEK,201.8,0.04127966976264186,4.12797
G5EN.ST,TSHCZT-R,2020-08,SEK,376.2,0.8642220019821605,86.4222
G5EN.ST,TSHCZT-R,2020-09,SEK,375.4,-0.0021265284423179764,-0.212657
G5EN.ST,TSHCZT-R,2020-10,SEK,397.6,0.05913692061800768,5.9137
G5EN.ST,TSHCZT-R,2020-11,SEK,354.0,-0.1096579476861167,-10.9658
G5EN.ST,TSHCZT-R,2020-12,SEK,404.8,0.1435028248587571,14.3503
G5EN.ST,TSHCZT-R,2021-01,SEK,410.0,0.012845849802371578,1.28459
G5EN.ST,TSHCZT-R,2021-02,SEK,487.0,0.18780487804878043,18.7805
G5EN.ST,TSHCZT-R,2021-03,SEK,497.0,0.02053388090349073,2.05339
G5EN.ST,TSHCZT-R,2021-04,SEK,613.5,0.23440643863179078,23.4406
G5EN.ST,TSHCZT-R,2021-05,SEK,542.5,-0.11572942135289321,-11.5729
G5EN.ST,TSHCZT-R,2021-06,SEK,525.5,-0.03133640552995387,-1.98157
G5EN.ST,TSHCZT-R,2021-07,SEK,450.4,-0.14291151284490966,-14.2912
G5EN.ST,TSHCZT-R,2021-08,SEK,442.2,-0.018206039076376523,-1.8206
G5EN.ST,TSHCZT-R,2021-09,SEK,398.2,-0.09950248756218905,-9.95025
G5EN.ST,TSHCZT-R,2021-10,SEK,470.6,0.18181818181818188,18.1818
G5EN.ST,TSHCZT-R,2021-11,SEK,437.4,-0.07054823629409279,-7.05482
G5EN.ST,TSHCZT-R,2021-12,SEK,396.8,-0.09282121627800632,-9.28212
G5EN.ST,TSHCZT-R,2022-01,SEK,310.0,-0.21875,-21.875
G5EN.ST,TSHCZT-R,2022-02,SEK,225.0,-0.27419354838709675,-27.4194
G5EN.ST,TSHCZT-R,2022-03,SEK,209.0,-0.07111111111111112,-7.11111
G5EN.ST,TSHCZT-R,2022-04,SEK,186.5,-0.10765550239234445,-10.7656
G5EN.ST,TSHCZT-R,2022-05,SEK,270.4,0.44986595174262733,44.9866
G5EN.ST,TSHCZT-R,2022-06,SEK,190.6,-0.2951183431952662,-26.9231
G5EN.ST,TSHCZT-R,2022-07,SEK,222.6,0.16789087093389288,16.7891
G5EN.ST,TSHCZT-R,2022-08,SEK,176.5,-0.20709793351302785,-20.7098
G5EN.ST,TSHCZT-R,2022-09,SEK,190.1,0.07705382436260622,7.70539
G5EN.ST,TSHCZT-R,2022-10,SEK,181.3,-0.046291425565491706,-4.62914
G5EN.ST,TSHCZT-R,2022-11,SEK,197.1,0.08714837286265853,8.71484
G5EN.ST,TSHCZT-R,2022-12,SEK,210.4,0.0674784373414512,6.74784
G5EN.ST,TSHCZT-R,2023-01,SEK,194.0,-0.07794676806083656,-7.79467
G5EN.ST,TSHCZT-R,2023-02,SEK,194.4,0.0020618556701030855,0.206184
G5EN.ST,TSHCZT-R,2023-03,SEK,214.2,0.10185185185185186,10.1852
4755.T,TTK7NN-R,2018-01,JPY,985.8,,-4.523
4755.T,TTK7NN-R,2018-02,JPY,977.3,-0.008622438628525075,-0.862247
4755.T,TTK7NN-R,2018-03,JPY,899.1,-0.08001637163614028,-8.00164
4755.T,TTK7NN-R,2018-04,JPY,780.2,-0.13224335446557667,-13.2243
4755.T,TTK7NN-R,2018-05,JPY,731.6,-0.062291720071776524,-6.22917
4755.T,TTK7NN-R,2018-06,JPY,749.4,0.024330235101148068,2.43303
4755.T,TTK7NN-R,2018-07,JPY,786.9,0.05004003202562046,5.004
4755.T,TTK7NN-R,2018-08,JPY,849.9,0.08006099885627149,8.0061
4755.T,TTK7NN-R,2018-09,JPY,870.8,0.024591128368043336,2.45911
4755.T,TTK7NN-R,2018-10,JPY,764.0,-0.12264584290307756,-12.2646
4755.T,TTK7NN-R,2018-11,JPY,914.0,0.19633507853403143,19.6335
4755.T,TTK7NN-R,2018-12,JPY,736.0,-0.19474835886214437,-18.9825
4755.T,TTK7NN-R,2019-01,JPY,819.0,0.11277173913043481,11.2772
4755.T,TTK7NN-R,2019-02,JPY,876.0,0.06959706959706957,6.95971
4755.T,TTK7NN-R,2019-03,JPY,1048.0,0.19634703196347036,19.6347
4755.T,TTK7NN-R,2019-04,JPY,1235.0,0.17843511450381677,17.8435
4755.T,TTK7NN-R,2019-05,JPY,1135.0,-0.08097165991902833,-8.09717
4755.T,TTK7NN-R,2019-06,JPY,1280.0,0.12775330396475781,12.7753
4755.T,TTK7NN-R,2019-07,JPY,1116.0,-0.12812500000000004,-12.8125
4755.T,TTK7NN-R,2019-08,JPY,1001.0,-0.1030465949820788,-10.3047
4755.T,TTK7NN-R,2019-09,JPY,1065.0,0.06393606393606399,6.39361
4755.T,TTK7NN-R,2019-10,JPY,1038.0,-0.025352112676056304,-2.53521
4755.T,TTK7NN-R,2019-11,JPY,949.0,-0.08574181117533719,-8.57418
4755.T,TTK7NN-R,2019-12,JPY,935.0,-0.01475237091675452,-1.00105
4755.T,TTK7NN-R,2020-01,JPY,856.0,-0.08449197860962565,-8.4492
4755.T,TTK7NN-R,2020-02,JPY,903.0,0.054906542056074814,5.49065
4755.T,TTK7NN-R,2020-03,JPY,820.0,-0.09191583610188259,-9.19158
4755.T,TTK7NN-R,2020-04,JPY,916.0,0.11707317073170742,11.7073
4755.T,TTK7NN-R,2020-05,JPY,976.0,0.06550218340611358,6.55022
4755.T,TTK7NN-R,2020-06,JPY,948.0,-0.02868852459016391,-2.86886
4755.T,TTK7NN-R,2020-07,JPY,965.0,0.01793248945147674,1.79325
4755.T,TTK7NN-R,2020-08,JPY,933.0,-0.033160621761658016,-3.31606
4755.T,TTK7NN-R,2020-09,JPY,1132.0,0.21329046087888526,21.329
4755.T,TTK7NN-R,2020-10,JPY,1015.0,-0.10335689045936391,-10.3357
4755.T,TTK7NN-R,2020-11,JPY,1169.0,0.15172413793103456,15.1724
4755.T,TTK7NN-R,2020-12,JPY,994.0,-0.14970059880239517,-14.5851
4755.T,TTK7NN-R,2021-01,JPY,1029.0,0.035211267605633756,3.52113
4755.T,TTK7NN-R,2021-02,JPY,1191.0,0.1574344023323615,15.7434
4755.T,TTK7NN-R,2021-03,JPY,1319.0,0.10747271200671715,10.7473
4755.T,TTK7NN-R,2021-04,JPY,1389.0,0.05307050796057622,5.30705
4755.T,TTK7NN-R,2021-05,JPY,1255.0,-0.09647228221742266,-9.64723
4755.T,TTK7NN-R,2021-06,JPY,1254.0,-0.0007968127490040056,-0.0796795
4755.T,TTK7NN-R,2021-07,JPY,1203.0,-0.04066985645933019,-4.06699
4755.T,TTK7NN-R,2021-08,JPY,1152.0,-0.04239401496259354,-4.2394
4755.T,TTK7NN-R,2021-09,JPY,1081.0,-0.06163194444444442,-6.16319
4755.T,TTK7NN-R,2021-10,JPY,1250.0,0.15633672525439413,15.6337
4755.T,TTK7NN-R,2021-11,JPY,1161.0,-0.07120000000000004,-7.12
4755.T,TTK7NN-R,2021-12,JPY,1154.0,-0.006029285099052539,-0.215334
4755.T,TTK7NN-R,2022-01,JPY,991.0,-0.14124783362218374,-14.1248
4755.T,TTK7NN-R,2022-02,JPY,974.0,-0.017154389505549927,-1.71544
4755.T,TTK7NN-R,2022-03,JPY,967.0,-0.007186858316221789,-0.718683
4755.T,TTK7NN-R,2022-04,JPY,918.0,-0.05067218200620471,-5.06722
4755.T,TTK7NN-R,2022-05,JPY,724.0,-0.21132897603485834,-21.1329
4755.T,TTK7NN-R,2022-06,JPY,612.0,-0.15469613259668513,-15.4696
4755.T,TTK7NN-R,2022-07,JPY,655.0,0.0702614379084967,7.02615
4755.T,TTK7NN-R,2022-08,JPY,676.0,0.032061068702289974,3.20611
4755.T,TTK7NN-R,2022-09,JPY,621.0,-0.08136094674556216,-8.13609
4755.T,TTK7NN-R,2022-10,JPY,666.0,0.07246376811594213,7.24638
4755.T,TTK7NN-R,2022-11,JPY,653.0,-0.019519519519519468,-1.95195
4755.T,TTK7NN-R,2022-12,JPY,596.0,-0.08728943338437978,-8.03981
4755.T,TTK7NN-R,2023-01,JPY,657.0,0.1023489932885906,10.2349
4755.T,TTK7NN-R,2023-02,JPY,672.0,0.022831050228310446,2.28311
4755.T,TTK7NN-R,2023-03,JPY,614.0,-0.08630952380952384,-8.63096
NTR,TW27V9-R,2018-01,USD,,,
NTR,TW27V9-R,2018-02,USD,,,
NTR,TW27V9-R,2018-03,USD,47.2293,,
NTR,TW27V9-R,2018-04,USD,45.5946,-0.03461198874427529,-3.46113
NTR,TW27V9-R,2018-05,USD,50.5782,0.10930241739153335,10.9302
NTR,TW27V9-R,2018-06,USD,54.3692,0.07495324072426457,8.30807
NTR,TW27V9-R,2018-07,USD,54.2627,-0.001958829631482528,-0.195986
NTR,TW27V9-R,2018-08,USD,56.2445,0.03652232564911073,3.65227
NTR,TW27V9-R,2018-09,USD,57.6977,0.025837192969979217,3.29447
NTR,TW27V9-R,2018-10,USD,53.0668,-0.08026143156486298,-8.02605
NTR,TW27V9-R,2018-11,USD,51.4935,-0.02964753857402369,-2.96481
NTR,TW27V9-R,2018-12,USD,46.9468,-0.0882965811218891,-7.96694
NTR,TW27V9-R,2019-01,USD,51.8313,0.10404330007583051,10.4042
NTR,TW27V9-R,2019-02,USD,54.3888,0.04934277164570444,4.93428
NTR,TW27V9-R,2019-03,USD,52.7565,-0.030011693583973154,-2.20259
NTR,TW27V9-R,2019-04,USD,54.0143,0.023841611934074303,2.38417
NTR,TW27V9-R,2019-05,USD,48.761,-0.09725757808580315,-9.72571
NTR,TW27V9-R,2019-06,USD,53.6063,0.09936834765488811,10.8009
NTR,TW27V9-R,2019-07,USD,55.1041,0.027940745770553166,2.79419
NTR,TW27V9-R,2019-08,USD,50.4591,-0.08429499801285212,-8.42963
NTR,TW27V9-R,2019-09,USD,49.8489,-0.012092962419068098,-0.31544
NTR,TW27V9-R,2019-10,USD,47.94,-0.038293723632818466,-3.82937
NTR,TW27V9-R,2019-11,USD,47.205,-0.015331664580725879,-1.53332
NTR,TW27V9-R,2019-12,USD,47.9429,0.01563181866327734,2.50602
NTR,TW27V9-R,2020-01,USD,42.7129,-0.10908810272219671,-10.9088
NTR,TW27V9-R,2020-02,USD,40.4142,-0.05381746498130535,-5.38183
NTR,TW27V9-R,2020-03,USD,33.8005,-0.1636479257290755,-15.191
NTR,TW27V9-R,2020-04,USD,35.7896,0.05884824188991278,5.88478
NTR,TW27V9-R,2020-05,USD,34.0038,-0.049897176833493595,-4.9899
NTR,TW27V9-R,2020-06,USD,32.0264,-0.05815232415200644,-4.50684
NTR,TW27V9-R,2020-07,USD,32.5644,0.016798641121074986,1.67974
NTR,TW27V9-R,2020-08,USD,37.0774,0.1385869231430641,13.8587
NTR,TW27V9-R,2020-09,USD,39.0867,0.05419204151315915,6.64034
NTR,TW27V9-R,2020-10,USD,40.6195,0.03921538528450852,3.92165
NTR,TW27V9-R,2020-11,USD,49.4637,0.21773286229520306,21.7733
NTR,TW27V9-R,2020-12,USD,48.0691,-0.028194413276807162,-1.92907
NTR,TW27V9-R,2021-01,USD,49.3013,0.025633931153277167,2.56354
NTR,TW27V9-R,2021-02,USD,54.2575,0.10052878930170195,10.0528
NTR,TW27V9-R,2021-03,USD,53.8648,-0.007237709072478449,0.121737
NTR,TW27V9-R,2021-04,USD,55.1536,0.02392657171288115,2.39267
NTR,TW27V9-R,2021-05,USD,61.5512,0.11599605465463725,11.5995
NTR,TW27V9-R,2021-06,USD,60.6557,-0.014548863385279276,-0.700551
NTR,TW27V9-R,2021-07,USD,59.4224,-0.020332796423089716,-2.03328
NTR,TW27V9-R,2021-08,USD,60.6972,0.021453189369665226,2.14524
NTR,TW27V9-R,2021-09,USD,64.8932,0.06913004224247565,7.67721
NTR,TW27V9-R,2021-10,USD,69.7834,0.07535766459351678,7.53567
NTR,TW27V9-R,2021-11,USD,66.0118,-0.05404723759518748,-5.40463
NTR,TW27V9-R,2021-12,USD,75.2721,0.14028249494787293,14.7351
NTR,TW27V9-R,2022-01,USD,69.8066,-0.07260990459944638,-7.26108
NTR,TW27V9-R,2022-02,USD,85.9463,0.23120593181733518,23.1207
NTR,TW27V9-R,2022-03,USD,103.455,0.20371673940588497,20.92
NTR,TW27V9-R,2022-04,USD,98.7755,-0.04523222657193948,-4.52289
NTR,TW27V9-R,2022-05,USD,97.727,-0.010614980435431742,-1.06148
NTR,TW27V9-R,2022-06,USD,79.4682,-0.18683475395745297,-18.1881
NTR,TW27V9-R,2022-07,USD,85.5504,0.07653627488731352,7.65363
NTR,TW27V9-R,2022-08,USD,92.0663,0.07616445978043362,7.61642
NTR,TW27V9-R,2022-09,USD,83.8397,-0.08935517121900205,-8.3883
NTR,TW27V9-R,2022-10,USD,84.3884,0.006544632196918698,0.654411
NTR,TW27V9-R,2022-11,USD,79.7448,-0.055026520232638654,-5.50267
NTR,TW27V9-R,2022-12,USD,72.9547,-0.08514787171075722,-7.91317
NTR,TW27V9-R,2023-01,USD,82.5421,0.13141579637775225,13.1415
NTR,TW27V9-R,2023-02,USD,78.0932,-0.05389855600960003,-5.3898
NTR,TW27V9-R,2023-03,USD,73.7503,-0.05561175620924741,-4.88217
BOOZT.ST,TY2YK8-R,2018-01,SEK,85.9,,17.2696
BOOZT.ST,TY2YK8-R,2018-02,SEK,80.0,-0.06868451688009314,-6.86845
BOOZT.ST,TY2YK8-R,2018-03,SEK,74.0,-0.07499999999999996,-7.5
BOOZT.ST,TY2YK8-R,2018-04,SEK,78.8,0.06486486486486487,6.48649
BOOZT.ST,TY2YK8-R,2018-05,SEK,75.0,-0.048223350253807085,-4.82234
BOOZT.ST,TY2YK8-R,2018-06,SEK,72.8,-0.029333333333333322,-2.93333
BOOZT.ST,TY2YK8-R,2018-07,SEK,79.5,0.09203296703296715,9.20329
BOOZT.ST,TY2YK8-R,2018-08,SEK,81.7,0.02767295597484276,2.76729
BOOZT.ST,TY2YK8-R,2018-09,SEK,75.0,-0.08200734394124853,-8.20073
BOOZT.ST,TY2YK8-R,2018-10,SEK,72.3,-0.03600000000000003,-3.6
BOOZT.ST,TY2YK8-R,2018-11,SEK,58.0,-0.1977869986168741,-19.7787
BOOZT.ST,TY2YK8-R,2018-12,SEK,45.25,-0.21982758620689657,-21.9828
BOOZT.ST,TY2YK8-R,2019-01,SEK,54.3,0.19999999999999996,20.0
BOOZT.ST,TY2YK8-R,2019-02,SEK,62.1,0.14364640883977908,14.3646
BOOZT.ST,TY2YK8-R,2019-03,SEK,67.0,0.07890499194847012,7.8905
BOOZT.ST,TY2YK8-R,2019-04,SEK,79.9,0.19253731343283587,19.2537
BOOZT.ST,TY2YK8-R,2019-05,SEK,54.1,-0.3229036295369212,-32.2904
BOOZT.ST,TY2YK8-R,2019-06,SEK,51.0,-0.0573012939001849,-5.73013
BOOZT.ST,TY2YK8-R,2019-07,SEK,54.3,0.06470588235294117,6.47058
BOOZT.ST,TY2YK8-R,2019-08,SEK,60.3,0.11049723756906071,11.0497
BOOZT.ST,TY2YK8-R,2019-09,SEK,67.9,0.12603648424543956,12.6037
BOOZT.ST,TY2YK8-R,2019-10,SEK,64.4,-0.05154639175257736,-5.15464
BOOZT.ST,TY2YK8-R,2019-11,SEK,53.0,-0.17701863354037273,-17.7019
BOOZT.ST,TY2YK8-R,2019-12,SEK,53.0,0.0,0.0
BOOZT.ST,TY2YK8-R,2020-01,SEK,46.45,-0.12358490566037728,-12.3585
BOOZT.ST,TY2YK8-R,2020-02,SEK,52.4,0.1280947255113023,12.8095
BOOZT.ST,TY2YK8-R,2020-03,SEK,40.0,-0.23664122137404575,-23.6641
BOOZT.ST,TY2YK8-R,2020-04,SEK,60.4,0.51,51.0
BOOZT.ST,TY2YK8-R,2020-05,SEK,69.4,0.1490066225165565,14.9007
BOOZT.ST,TY2YK8-R,2020-06,SEK,91.8,0.3227665706051872,32.2767
BOOZT.ST,TY2YK8-R,2020-07,SEK,93.1,0.014161220043573008,1.41612
BOOZT.ST,TY2YK8-R,2020-08,SEK,129.6,0.39205155746509135,39.2052
BOOZT.ST,TY2YK8-R,2020-09,SEK,124.8,-0.03703703703703698,-3.70371
BOOZT.ST,TY2YK8-R,2020-10,SEK,143.8,0.15224358974358987,15.2244
BOOZT.ST,TY2YK8-R,2020-11,SEK,162.0,0.12656467315716258,12.6565
BOOZT.ST,TY2YK8-R,2020-12,SEK,186.8,0.15308641975308657,15.3086
BOOZT.ST,TY2YK8-R,2021-01,SEK,166.6,-0.10813704496788012,-10.8137
BOOZT.ST,TY2YK8-R,2021-02,SEK,176.2,0.05762304921968786,5.7623
BOOZT.ST,TY2YK8-R,2021-03,SEK,182.2,0.034052213393870545,3.40523
BOOZT.ST,TY2YK8-R,2021-04,SEK,197.1,0.08177826564215152,8.17783
BOOZT.ST,TY2YK8-R,2021-05,SEK,196.4,-0.003551496702181578,-0.355154
BOOZT.ST,TY2YK8-R,2021-06,SEK,188.0,-0.04276985743380857,-4.27698
BOOZT.ST,TY2YK8-R,2021-07,SEK,185.3,-0.014361702127659526,-1.43617
BOOZT.ST,TY2YK8-R,2021-08,SEK,175.9,-0.05072854830005402,-5.07286
BOOZT.ST,TY2YK8-R,2021-09,SEK,145.1,-0.17509948834565103,-17.5099
BOOZT.ST,TY2YK8-R,2021-10,SEK,144.7,-0.002756719503790528,-0.275677
BOOZT.ST,TY2YK8-R,2021-11,SEK,171.6,0.1859018659295093,18.5902
BOOZT.ST,TY2YK8-R,2021-12,SEK,183.8,0.07109557109557119,7.10956
BOOZT.ST,TY2YK8-R,2022-01,SEK,173.5,-0.05603917301414585,-5.60392
BOOZT.ST,TY2YK8-R,2022-02,SEK,155.8,-0.10201729106628232,-10.2017
BOOZT.ST,TY2YK8-R,2022-03,SEK,121.1,-0.2227214377406933,-22.2721
BOOZT.ST,TY2YK8-R,2022-04,SEK,103.7,-0.143682906688687,-14.3683
BOOZT.ST,TY2YK8-R,2022-05,SEK,99.0,-0.045323047251687565,-4.5323
BOOZT.ST,TY2YK8-R,2022-06,SEK,67.5,-0.31818181818181823,-31.8182
BOOZT.ST,TY2YK8-R,2022-07,SEK,71.35,0.057037037037037,5.7037
BOOZT.ST,TY2YK8-R,2022-08,SEK,62.65,-0.12193412754029431,-12.1934
BOOZT.ST,TY2YK8-R,2022-09,SEK,57.8,-0.07741420590582604,-7.74142
BOOZT.ST,TY2YK8-R,2022-10,SEK,80.6,0.39446366782006925,39.4464
BOOZT.ST,TY2YK8-R,2022-11,SEK,113.0,0.40198511166253104,40.1985
BOOZT.ST,TY2YK8-R,2022-12,SEK,120.3,0.06460176991150446,6.46018
BOOZT.ST,TY2YK8-R,2023-01,SEK,135.9,0.1296758104738156,12.9676
BOOZT.ST,TY2YK8-R,2023-02,SEK,124.1,-0.08682855040470938,-8.68285
BOOZT.ST,TY2YK8-R,2023-03,SEK,126.3,0.017727639000805873,1.77277
GVC.L,TY565Q-R,2018-01,GBP,9.27,,0.216222
GVC.L,TY565Q-R,2018-02,GBP,8.93,-0.03667745415318224,-3.66775
GVC.L,TY565Q-R,2018-03,GBP,9.19,0.02911534154535267,4.61254
GVC.L,TY565Q-R,2018-04,GBP,8.925,-0.02883569096844385,-2.88357
GVC.L,TY565Q-R,2018-05,GBP,10.17,0.13949579831932768,13.9496
GVC.L,TY565Q-R,2018-06,GBP,10.51,0.0334316617502457,3.34317
GVC.L,TY565Q-R,2018-07,GBP,11.7,0.11322549952426253,11.3225
GVC.L,TY565Q-R,2018-08,GBP,11.02,-0.058119658119658135,-5.81196
GVC.L,TY565Q-R,2018-09,GBP,9.185,-0.16651542649727757,-15.1996
GVC.L,TY565Q-R,2018-10,GBP,9.37,0.020141535111594777,2.01415
GVC.L,TY565Q-R,2018-11,GBP,7.39,-0.21131270010672354,-21.1313
GVC.L,TY565Q-R,2018-12,GBP,6.74,-0.08795669824086594,-8.79567
GVC.L,TY565Q-R,2019-01,GBP,6.72,-0.0029673590504452063,-0.296736
GVC.L,TY565Q-R,2019-02,GBP,6.565,-0.023065476190476053,-2.30654
GVC.L,TY565Q-R,2019-03,GBP,5.59,-0.14851485148514854,-12.4143
GVC.L,TY565Q-R,2019-04,GBP,6.528,0.16779964221824684,16.78
GVC.L,TY565Q-R,2019-05,GBP,5.994,-0.08180147058823528,-8.18015
GVC.L,TY565Q-R,2019-06,GBP,6.518,0.08742075408742078,8.74208
GVC.L,TY565Q-R,2019-07,GBP,5.916,-0.09235961951518867,-9.23597
GVC.L,TY565Q-R,2019-08,GBP,6.29,0.06321839080459757,9.29682
GVC.L,TY565Q-R,2019-09,GBP,7.434,0.1818759936406995,18.1876
GVC.L,TY565Q-R,2019-10,GBP,8.9,0.19720204465967184,19.7202
GVC.L,TY565Q-R,2019-11,GBP,8.516,-0.04314606741573035,-4.31461
GVC.L,TY565Q-R,2019-12,GBP,8.842,0.03828088304368249,3.8281
GVC.L,TY565Q-R,2020-01,GBP,8.772,-0.007916760913820431,-0.791675
GVC.L,TY565Q-R,2020-02,GBP,7.896,-0.09986320109439129,-9.98632
GVC.L,TY565Q-R,2020-03,GBP,5.61,-0.28951367781155013,-28.9514
GVC.L,TY565Q-R,2020-04,GBP,7.54,0.3440285204991087,34.4028
GVC.L,TY565Q-R,2020-05,GBP,7.928,0.051458885941644494,5.14588
GVC.L,TY565Q-R,2020-06,GBP,7.406,-0.06584258324924319,-6.58426
GVC.L,TY565Q-R,2020-07,GBP,6.646,-0.1026194977045638,-10.262
GVC.L,TY565Q-R,2020-08,GBP,8.042,0.21005115859163404,21.0051
GVC.L,TY565Q-R,2020-09,GBP,9.74,0.21114150708778912,21.1141
GVC.L,TY565Q-R,2020-10,GBP,9.662,-0.008008213552361365,-0.800824
GVC.L,TY565Q-R,2020-11,GBP,10.355,0.07172428068722825,7.17243
GVC.L,TY565Q-R,2020-12,GBP,11.335,0.09464027040077272,9.46404
GVC.L,TY565Q-R,2021-01,GBP,12.41,0.0948389942655492,9.4839
GVC.L,TY565Q-R,2021-02,GBP,14.13,0.13859790491539092,13.8598
GVC.L,TY565Q-R,2021-03,GBP,15.18,0.07430997876857748,7.43099
GVC.L,TY565Q-R,2021-04,GBP,16.915,0.11429512516469043,11.4295
GVC.L,TY565Q-R,2021-05,GBP,16.495,-0.02483003251551863,-2.483
GVC.L,TY565Q-R,2021-06,GBP,17.455,0.05819945438011498,5.81994
GVC.L,TY565Q-R,2021-07,GBP,18.165,0.04067602406187354,4.06761
GVC.L,TY565Q-R,2021-08,GBP,19.33,0.06413432424993104,6.41342
GVC.L,TY565Q-R,2021-09,GBP,21.3,0.10191412312467674,10.1914
GVC.L,TY565Q-R,2021-10,GBP,20.48,-0.03849765258215965,-3.84976
GVC.L,TY565Q-R,2021-11,GBP,16.69,-0.18505859375,-18.5059
GVC.L,TY565Q-R,2021-12,GBP,16.83,0.008388256440982511,0.838816
GVC.L,TY565Q-R,2022-01,GBP,15.91,-0.05466428995840755,-5.46643
GVC.L,TY565Q-R,2022-02,GBP,16.84,0.05845380263984912,5.84538
GVC.L,TY565Q-R,2022-03,GBP,16.435,-0.024049881235154502,-2.40499
GVC.L,TY565Q-R,2022-04,GBP,15.185,-0.0760571950106479,-7.60571
GVC.L,TY565Q-R,2022-05,GBP,14.62,-0.03720777082647353,-3.72078
GVC.L,TY565Q-R,2022-06,GBP,12.45,-0.14842681258549928,-14.8427
GVC.L,TY565Q-R,2022-07,GBP,12.025,-0.034136546184738825,-3.41365
GVC.L,TY565Q-R,2022-08,GBP,12.73,0.058627858627858576,6.56965
GVC.L,TY565Q-R,2022-09,GBP,10.86,-0.1468970934799686,-14.6897
GVC.L,TY565Q-R,2022-10,GBP,12.63,0.16298342541436472,16.2983
GVC.L,TY565Q-R,2022-11,GBP,14.02,0.11005542359461584,11.0055
GVC.L,TY565Q-R,2022-12,GBP,13.215,-0.05741797432239659,-5.7418
GVC.L,TY565Q-R,2023-01,GBP,14.885,0.12637154748391977,12.6371
GVC.L,TY565Q-R,2023-02,GBP,13.595,-0.08666442727578094,-8.66644
GVC.L,TY565Q-R,2023-03,GBP,12.565,-0.07576314821625607,-6.95109
STM,TZ751N-R,2018-01,USD,23.9,,9.43223
STM,TZ751N-R,2018-02,USD,22.8,-0.046025104602510414,-4.60251
STM,TZ751N-R,2018-03,USD,22.29,-0.022368421052631593,-2.01315
STM,TZ751N-R,2018-04,USD,21.74,-0.024674742036787878,-2.46748
STM,TZ751N-R,2018-05,USD,23.87,0.0979760809567618,9.79761
STM,TZ751N-R,2018-06,USD,22.12,-0.07331378299120239,-7.11772
STM,TZ751N-R,2018-07,USD,21.57,-0.024864376130198984,-2.48644
STM,TZ751N-R,2018-08,USD,20.69,-0.04079740380157626,-4.07974
STM,TZ751N-R,2018-09,USD,18.34,-0.11358144030932826,-11.1116
STM,TZ751N-R,2018-10,USD,15.23,-0.16957470010905118,-16.9575
STM,TZ751N-R,2018-11,USD,14.85,-0.024950755088640864,-2.49507
STM,TZ751N-R,2018-12,USD,13.88,-0.06531986531986522,-6.18855
STM,TZ751N-R,2019-01,USD,15.84,0.1412103746397695,14.121
STM,TZ751N-R,2019-02,USD,16.36,0.03282828282828287,3.28283
STM,TZ751N-R,2019-03,USD,14.85,-0.09229828850855748,-8.91809
STM,TZ751N-R,2019-04,USD,18.35,0.23569023569023573,23.569
STM,TZ751N-R,2019-05,USD,15.04,-0.1803814713896459,-18.0381
STM,TZ751N-R,2019-06,USD,17.62,0.1715425531914896,17.4934
STM,TZ751N-R,2019-07,USD,18.25,0.03575482406356412,3.57548
STM,TZ751N-R,2019-08,USD,17.7,-0.03013698630136985,-3.01369
STM,TZ751N-R,2019-09,USD,19.34,0.09265536723163836,9.55367
STM,TZ751N-R,2019-10,USD,22.68,0.17269906928645296,17.2699
STM,TZ751N-R,2019-11,USD,24.37,0.07451499118165783,7.4515
STM,TZ751N-R,2019-12,USD,26.91,0.10422650800164135,10.6319
STM,TZ751N-R,2020-01,USD,27.85,0.03493125232255667,3.49313
STM,TZ751N-R,2020-02,USD,27.4,-0.016157989228007263,-1.6158
STM,TZ751N-R,2020-03,USD,21.37,-0.22007299270072989,-21.8212
STM,TZ751N-R,2020-04,USD,25.57,0.19653720168460453,19.6537
STM,TZ751N-R,2020-05,USD,24.85,-0.028157997653500133,-2.8158
STM,TZ751N-R,2020-06,USD,27.41,0.10301810865191152,10.4455
STM,TZ751N-R,2020-07,USD,27.94,0.019336008755928447,1.9336
STM,TZ751N-R,2020-08,USD,30.25,0.08267716535433056,8.26771
STM,TZ751N-R,2020-09,USD,30.69,0.014545454545454639,1.57256
STM,TZ751N-R,2020-10,USD,30.54,-0.00488758553274693,-0.488758
STM,TZ751N-R,2020-11,USD,39.65,0.2982973149967256,29.8297
STM,TZ751N-R,2020-12,USD,37.12,-0.06380832282471627,-6.29079
STM,TZ751N-R,2021-01,USD,39.95,0.07623922413793127,7.62392
STM,TZ751N-R,2021-02,USD,38.86,-0.027284105131414327,-2.72841
STM,TZ751N-R,2021-03,USD,38.33,-0.013638703036541466,-1.27199
STM,TZ751N-R,2021-04,USD,37.29,-0.02713279415601355,-2.71328
STM,TZ751N-R,2021-05,USD,37.34,0.0013408420488068007,0.134087
STM,TZ751N-R,2021-06,USD,36.38,-0.025709694697375496,-2.43438
STM,TZ751N-R,2021-07,USD,41.27,0.13441451346893896,13.4414
STM,TZ751N-R,2021-08,USD,44.43,0.07656893627332195,7.6569
STM,TZ751N-R,2021-09,USD,43.63,-0.018005851901868097,-1.6858
STM,TZ751N-R,2021-10,USD,47.64,0.09190923676369467,9.19092
STM,TZ751N-R,2021-11,USD,48.54,0.018891687657430767,1.88917
STM,TZ751N-R,2021-12,USD,48.88,0.007004532344458303,0.805521
STM,TZ751N-R,2022-01,USD,46.94,-0.03968903436988558,-3.96891
STM,TZ751N-R,2022-02,USD,42.32,-0.09842351938645078,-9.84235
STM,TZ751N-R,2022-03,USD,43.22,0.021266540642722154,2.24717
STM,TZ751N-R,2022-04,USD,36.62,-0.1527070800555299,-15.2707
STM,TZ751N-R,2022-05,USD,40.08,0.09448388858547241,9.4484
STM,TZ751N-R,2022-06,USD,31.47,-0.21482035928143717,-21.3548
STM,TZ751N-R,2022-07,USD,37.94,0.205592627899587,20.5593
STM,TZ751N-R,2022-08,USD,34.9,-0.0801265155508698,-8.01265
STM,TZ751N-R,2022-09,USD,30.94,-0.11346704871060165,-11.2006
STM,TZ751N-R,2022-10,USD,31.12,0.005817711700064621,0.581777
STM,TZ751N-R,2022-11,USD,38.88,0.24935732647814923,24.9357
STM,TZ751N-R,2022-12,USD,35.57,-0.08513374485596714,-8.38221
STM,TZ751N-R,2023-01,USD,47.22,0.3275231937025582,32.7523
STM,TZ751N-R,2023-02,USD,48.16,0.019906819144430266,1.99068
STM,TZ751N-R,2023-03,USD,53.49,0.1106727574750832,11.1732
IBAB.BR,V84K61-R,2018-01,EUR,24.68,,3.32845
IBAB.BR,V84K61-R,2018-02,EUR,21.14,-0.14343598055105344,-14.3436
IBAB.BR,V84K61-R,2018-03,EUR,16.39,-0.22469252601702927,-22.4693
IBAB.BR,V84K61-R,2018-04,EUR,16.99,0.03660768761439881,3.66077
IBAB.BR,V84K61-R,2018-05,EUR,22.52,0.3254855797527958,32.5486
IBAB.BR,V84K61-R,2018-06,EUR,22.9,0.01687388987566596,1.68738
IBAB.BR,V84K61-R,2018-07,EUR,22.36,-0.02358078602620084,-2.35807
IBAB.BR,V84K61-R,2018-08,EUR,21.5,-0.038461538461538436,-3.84616
IBAB.BR,V84K61-R,2018-09,EUR,17.6,-0.1813953488372092,-18.1395
IBAB.BR,V84K61-R,2018-10,EUR,15.55,-0.11647727272727271,-11.6477
IBAB.BR,V84K61-R,2018-11,EUR,16.5,0.06109324758842449,6.10932
IBAB.BR,V84K61-R,2018-12,EUR,12.84,-0.2218181818181818,-22.1818
IBAB.BR,V84K61-R,2019-01,EUR,12.39,-0.03504672897196259,-3.50467
IBAB.BR,V84K61-R,2019-02,EUR,11.64,-0.060532687651331685,-6.05327
IBAB.BR,V84K61-R,2019-03,EUR,15.07,0.2946735395189004,29.4673
IBAB.BR,V84K61-R,2019-04,EUR,16.0,0.06171201061712006,6.1712
IBAB.BR,V84K61-R,2019-05,EUR,14.49,-0.09437499999999999,-9.4375
IBAB.BR,V84K61-R,2019-06,EUR,13.34,-0.07936507936507942,-7.93651
IBAB.BR,V84K61-R,2019-07,EUR,17.37,0.3020989505247378,30.2099
IBAB.BR,V84K61-R,2019-08,EUR,16.0,-0.07887161773172147,-7.88717
IBAB.BR,V84K61-R,2019-09,EUR,15.78,-0.01375000000000004,-1.375
IBAB.BR,V84K61-R,2019-10,EUR,14.3,-0.09378960709759177,-9.37896
IBAB.BR,V84K61-R,2019-11,EUR,13.81,-0.034265734265734316,-3.42657
IBAB.BR,V84K61-R,2019-12,EUR,13.04,-0.05575669804489514,-5.57568
IBAB.BR,V84K61-R,2020-01,EUR,10.38,-0.20398773006134963,-20.3988
IBAB.BR,V84K61-R,2020-02,EUR,8.865,-0.14595375722543358,-14.5954
IBAB.BR,V84K61-R,2020-03,EUR,7.88,-0.11111111111111116,-11.1111
IBAB.BR,V84K61-R,2020-04,EUR,7.57,-0.03934010152284262,-3.93401
IBAB.BR,V84K61-R,2020-05,EUR,7.69,0.01585204755614278,1.5852
IBAB.BR,V84K61-R,2020-06,EUR,7.64,-0.006501950585175664,0.041604
IBAB.BR,V84K61-R,2020-07,EUR,7.25,-0.05104712041884818,-5.10471
IBAB.BR,V84K61-R,2020-08,EUR,9.07,0.25103448275862084,25.1034
IBAB.BR,V84K61-R,2020-09,EUR,11.02,0.2149944873208378,21.4995
IBAB.BR,V84K61-R,2020-10,EUR,11.22,0.01814882032667886,1.81488
IBAB.BR,V84K61-R,2020-11,EUR,12.14,0.08199643493761144,8.19964
IBAB.BR,V84K61-R,2020-12,EUR,12.2,0.0049423393739702615,0.49423
IBAB.BR,V84K61-R,2021-01,EUR,14.34,0.1754098360655738,17.541
IBAB.BR,V84K61-R,2021-02,EUR,14.2,-0.009762900976290179,-0.976294
IBAB.BR,V84K61-R,2021-03,EUR,16.4,0.15492957746478875,15.493
IBAB.BR,V84K61-R,2021-04,EUR,17.08,0.04146341463414638,4.14634
IBAB.BR,V84K61-R,2021-05,EUR,16.62,-0.026932084309133297,-2.6932
IBAB.BR,V84K61-R,2021-06,EUR,16.66,0.002406738868832692,1.08303
IBAB.BR,V84K61-R,2021-07,EUR,16.0,-0.03961584633853543,-3.96158
IBAB.BR,V84K61-R,2021-08,EUR,16.82,0.05125000000000002,5.125
IBAB.BR,V84K61-R,2021-09,EUR,19.0,0.12960760998810938,12.9608
IBAB.BR,V84K61-R,2021-10,EUR,17.0,-0.10526315789473684,-10.5263
IBAB.BR,V84K61-R,2021-11,EUR,14.2,-0.16470588235294126,-16.4706
IBAB.BR,V84K61-R,2021-12,EUR,15.24,0.07323943661971843,7.32394
IBAB.BR,V84K61-R,2022-01,EUR,15.14,-0.006561679790026198,-0.656164
IBAB.BR,V84K61-R,2022-02,EUR,18.6,0.2285336856010569,22.8534
IBAB.BR,V84K61-R,2022-03,EUR,17.44,-0.062365591397849474,-6.23656
IBAB.BR,V84K61-R,2022-04,EUR,15.56,-0.10779816513761475,-10.7798
IBAB.BR,V84K61-R,2022-05,EUR,15.36,-0.01285347043701801,-1.28535
IBAB.BR,V84K61-R,2022-06,EUR,15.56,0.013020833333333481,2.16798
IBAB.BR,V84K61-R,2022-07,EUR,17.08,0.09768637532133662,9.76863
IBAB.BR,V84K61-R,2022-08,EUR,17.7,0.03629976580796268,3.62998
IBAB.BR,V84K61-R,2022-09,EUR,12.0,-0.32203389830508466,-32.2034
IBAB.BR,V84K61-R,2022-10,EUR,14.12,0.17666666666666653,17.6667
IBAB.BR,V84K61-R,2022-11,EUR,14.4,0.019830028328611915,1.983
IBAB.BR,V84K61-R,2022-12,EUR,15.56,0.08055555555555549,8.05556
IBAB.BR,V84K61-R,2023-01,EUR,16.58,0.06555269922879159,6.55527
IBAB.BR,V84K61-R,2023-02,EUR,18.46,0.11338962605548875,11.339
IBAB.BR,V84K61-R,2023-03,EUR,15.96,-0.13542795232936078,-13.5428
AIXA.DE,VBDWB1-R,2018-01,EUR,12.14,,4.83593
AIXA.DE,VBDWB1-R,2018-02,EUR,16.415,0.35214168039538696,35.2142
AIXA.DE,VBDWB1-R,2018-03,EUR,15.675,-0.04508071885470599,-4.50808
AIXA.DE,VBDWB1-R,2018-04,EUR,11.855,-0.2437001594896332,-24.37
AIXA.DE,VBDWB1-R,2018-05,EUR,12.855,0.08435259384226068,8.43526
AIXA.DE,VBDWB1-R,2018-06,EUR,11.1,-0.13652275379229872,-13.6523
AIXA.DE,VBDWB1-R,2018-07,EUR,12.305,0.10855855855855867,10.8559
AIXA.DE,VBDWB1-R,2018-08,EUR,10.76,-0.12555871596911827,-12.5559
AIXA.DE,VBDWB1-R,2018-09,EUR,8.72,-0.18959107806691444,-18.9591
AIXA.DE,VBDWB1-R,2018-10,EUR,11.105,0.27350917431192645,27.3509
AIXA.DE,VBDWB1-R,2018-11,EUR,9.658,-0.13030166591625403,-13.0302
AIXA.DE,VBDWB1-R,2018-12,EUR,8.408,-0.12942638227376269,-12.9426
AIXA.DE,VBDWB1-R,2019-01,EUR,8.704,0.03520456707897246,3.52047
AIXA.DE,VBDWB1-R,2019-02,EUR,7.858,-0.09719669117647067,-9.71968
AIXA.DE,VBDWB1-R,2019-03,EUR,8.012,0.019597862051412784,1.95979
AIXA.DE,VBDWB1-R,2019-04,EUR,10.25,0.2793310034947578,27.9331
AIXA.DE,VBDWB1-R,2019-05,EUR,8.664,-0.1547317073170732,-15.4732
AIXA.DE,VBDWB1-R,2019-06,EUR,8.394,-0.03116343490304707,-3.11634
AIXA.DE,VBDWB1-R,2019-07,EUR,10.22,0.21753633547772222,21.7536
AIXA.DE,VBDWB1-R,2019-08,EUR,8.976,-0.12172211350293538,-12.1722
AIXA.DE,VBDWB1-R,2019-09,EUR,9.36,0.04278074866310133,4.27808
AIXA.DE,VBDWB1-R,2019-10,EUR,8.18,-0.12606837606837606,-12.6068
AIXA.DE,VBDWB1-R,2019-11,EUR,8.59,0.05012224938875298,5.01223
AIXA.DE,VBDWB1-R,2019-12,EUR,8.528,-0.007217694994179236,-0.72177
AIXA.DE,VBDWB1-R,2020-01,EUR,9.572,0.12242026266416484,12.242
AIXA.DE,VBDWB1-R,2020-02,EUR,9.152,-0.04387797743418298,-4.38779
AIXA.DE,VBDWB1-R,2020-03,EUR,8.006,-0.12521853146853135,-12.5219
AIXA.DE,VBDWB1-R,2020-04,EUR,8.498,0.06145390956782393,6.14539
AIXA.DE,VBDWB1-R,2020-05,EUR,9.49,0.11673334902329979,11.6733
AIXA.DE,VBDWB1-R,2020-06,EUR,10.73,0.1306638566912539,13.0664
AIXA.DE,VBDWB1-R,2020-07,EUR,10.28,-0.041938490214352364,-4.19385
AIXA.DE,VBDWB1-R,2020-08,EUR,9.652,-0.06108949416342413,-6.10895
AIXA.DE,VBDWB1-R,2020-09,EUR,10.3,0.06713634479900565,6.71363
AIXA.DE,VBDWB1-R,2020-10,EUR,9.674,-0.0607766990291263,-6.07767
AIXA.DE,VBDWB1-R,2020-11,EUR,12.165,0.25749431465784567,25.7494
AIXA.DE,VBDWB1-R,2020-12,EUR,14.265,0.1726263871763256,17.2626
AIXA.DE,VBDWB1-R,2021-01,EUR,15.42,0.08096740273396419,8.09674
AIXA.DE,VBDWB1-R,2021-02,EUR,18.85,0.22243839169909219,22.2438
AIXA.DE,VBDWB1-R,2021-03,EUR,19.375,0.027851458885941538,2.78515
AIXA.DE,VBDWB1-R,2021-04,EUR,17.765,-0.08309677419354833,-8.30968
AIXA.DE,VBDWB1-R,2021-05,EUR,16.885,-0.049535603715170184,-4.33435
AIXA.DE,VBDWB1-R,2021-06,EUR,22.85,0.35327213503109256,35.3272
AIXA.DE,VBDWB1-R,2021-07,EUR,20.78,-0.0905908096280088,-9.05908
AIXA.DE,VBDWB1-R,2021-08,EUR,24.43,0.1756496631376323,17.565
AIXA.DE,VBDWB1-R,2021-09,EUR,21.67,-0.11297584936553406,-11.2976
AIXA.DE,VBDWB1-R,2021-10,EUR,20.55,-0.051684356252884256,-5.16844
AIXA.DE,VBDWB1-R,2021-11,EUR,17.705,-0.1384428223844283,-13.8443
AIXA.DE,VBDWB1-R,2021-12,EUR,17.87,0.009319401299068275,0.931942
AIXA.DE,VBDWB1-R,2022-01,EUR,18.17,0.01678791270285407,1.67879
AIXA.DE,VBDWB1-R,2022-02,EUR,19.385,0.06686846450192618,6.68684
AIXA.DE,VBDWB1-R,2022-03,EUR,19.995,0.03146762961052363,3.14677
AIXA.DE,VBDWB1-R,2022-04,EUR,24.75,0.2378094523630907,23.7809
AIXA.DE,VBDWB1-R,2022-05,EUR,27.44,0.10868686868686872,12.0808
AIXA.DE,VBDWB1-R,2022-06,EUR,24.18,-0.11880466472303208,-11.8805
AIXA.DE,VBDWB1-R,2022-07,EUR,25.13,0.03928866832092637,3.92886
AIXA.DE,VBDWB1-R,2022-08,EUR,23.38,-0.0696378830083565,-6.96379
AIXA.DE,VBDWB1-R,2022-09,EUR,24.93,0.06629597946963228,6.6296
AIXA.DE,VBDWB1-R,2022-10,EUR,24.89,-0.0016044925792217946,-0.160456
AIXA.DE,VBDWB1-R,2022-11,EUR,31.06,0.24789071916432293,24.7891
AIXA.DE,VBDWB1-R,2022-12,EUR,26.97,-0.13168061815840304,-13.1681
AIXA.DE,VBDWB1-R,2023-01,EUR,27.24,0.010011123470522687,1.00112
AIXA.DE,VBDWB1-R,2023-02,EUR,29.08,0.06754772393538921,6.75477
AIXA.DE,VBDWB1-R,2023-03,EUR,31.23,0.07393397524071532,7.3934
PCELL.ST,VBY93Y-R,2018-01,SEK,29.8,,-21.5789
PCELL.ST,VBY93Y-R,2018-02,SEK,26.52,-0.11006711409395975,-11.0067
PCELL.ST,VBY93Y-R,2018-03,SEK,25.0,-0.05731523378582204,-5.73152
PCELL.ST,VBY93Y-R,2018-04,SEK,25.7,0.028000000000000025,2.8
PCELL.ST,VBY93Y-R,2018-05,SEK,23.5,-0.08560311284046696,-8.56031
PCELL.ST,VBY93Y-R,2018-06,SEK,27.3,0.16170212765957448,16.1702
PCELL.ST,VBY93Y-R,2018-07,SEK,27.5,0.0073260073260073,0.732601
PCELL.ST,VBY93Y-R,2018-08,SEK,34.4,0.25090909090909075,25.0909
PCELL.ST,VBY93Y-R,2018-09,SEK,35.26,0.02499999999999991,2.49999
PCELL.ST,VBY93Y-R,2018-10,SEK,40.0,0.1344299489506524,13.443
PCELL.ST,VBY93Y-R,2018-11,SEK,35.4,-0.11499999999999999,-11.5
PCELL.ST,VBY93Y-R,2018-12,SEK,35.18,-0.006214689265536699,-0.621474
PCELL.ST,VBY93Y-R,2019-01,SEK,43.9,0.24786810687890837,24.7868
PCELL.ST,VBY93Y-R,2019-02,SEK,55.8,0.2710706150341686,27.1071
PCELL.ST,VBY93Y-R,2019-03,SEK,65.9,0.1810035842293909,18.1004
PCELL.ST,VBY93Y-R,2019-04,SEK,93.9,0.424886191198786,42.4886
PCELL.ST,VBY93Y-R,2019-05,SEK,92.0,-0.020234291799787085,-2.02343
PCELL.ST,VBY93Y-R,2019-06,SEK,78.9,-0.142391304347826,-14.2391
PCELL.ST,VBY93Y-R,2019-07,SEK,93.3,0.18250950570342184,18.251
PCELL.ST,VBY93Y-R,2019-08,SEK,86.9,-0.06859592711682738,-6.85959
PCELL.ST,VBY93Y-R,2019-09,SEK,110.8,0.27502876869965465,27.5029
PCELL.ST,VBY93Y-R,2019-10,SEK,154.0,0.3898916967509025,38.9892
PCELL.ST,VBY93Y-R,2019-11,SEK,149.8,-0.027272727272727226,-2.72727
PCELL.ST,VBY93Y-R,2019-12,SEK,154.2,0.029372496662216196,2.93725
PCELL.ST,VBY93Y-R,2020-01,SEK,193.8,0.256809338521401,25.6809
PCELL.ST,VBY93Y-R,2020-02,SEK,196.8,0.015479876160990669,1.54799
PCELL.ST,VBY93Y-R,2020-03,SEK,203.0,0.0315040650406504,3.1504
PCELL.ST,VBY93Y-R,2020-04,SEK,252.4,0.24334975369458123,24.335
PCELL.ST,VBY93Y-R,2020-05,SEK,269.4,0.06735340729001571,6.73534
PCELL.ST,VBY93Y-R,2020-06,SEK,305.6,0.13437268002969582,13.4373
PCELL.ST,VBY93Y-R,2020-07,SEK,255.0,-0.1655759162303666,-16.5576
PCELL.ST,VBY93Y-R,2020-08,SEK,237.0,-0.07058823529411762,-7.05882
PCELL.ST,VBY93Y-R,2020-09,SEK,234.0,-0.012658227848101222,-1.26582
PCELL.ST,VBY93Y-R,2020-10,SEK,222.6,-0.04871794871794877,-4.87179
PCELL.ST,VBY93Y-R,2020-11,SEK,278.4,0.2506738544474394,25.0674
PCELL.ST,VBY93Y-R,2020-12,SEK,325.2,0.1681034482758621,16.8104
PCELL.ST,VBY93Y-R,2021-01,SEK,378.0,0.16236162361623618,16.2362
PCELL.ST,VBY93Y-R,2021-02,SEK,293.2,-0.2243386243386244,-22.4339
PCELL.ST,VBY93Y-R,2021-03,SEK,257.8,-0.12073669849931778,-12.0737
PCELL.ST,VBY93Y-R,2021-04,SEK,220.0,-0.14662529092319632,-14.6625
PCELL.ST,VBY93Y-R,2021-05,SEK,210.5,-0.04318181818181821,-4.31818
PCELL.ST,VBY93Y-R,2021-06,SEK,225.9,0.0731591448931117,7.31591
PCELL.ST,VBY93Y-R,2021-07,SEK,188.75,-0.16445329791943342,-16.4453
PCELL.ST,VBY93Y-R,2021-08,SEK,193.05,0.02278145695364242,2.27815
PCELL.ST,VBY93Y-R,2021-09,SEK,169.6,-0.1214711214711216,-12.1471
PCELL.ST,VBY93Y-R,2021-10,SEK,191.8,0.13089622641509435,13.0896
PCELL.ST,VBY93Y-R,2021-11,SEK,222.0,0.15745568300312818,15.7456
PCELL.ST,VBY93Y-R,2021-12,SEK,185.1,-0.1662162162162163,-16.6216
PCELL.ST,VBY93Y-R,2022-01,SEK,146.3,-0.20961642355483512,-20.9616
PCELL.ST,VBY93Y-R,2022-02,SEK,178.75,0.22180451127819545,22.1805
PCELL.ST,VBY93Y-R,2022-03,SEK,186.65,0.044195804195804156,4.41958
PCELL.ST,VBY93Y-R,2022-04,SEK,146.15,-0.21698365925529062,-21.6984
PCELL.ST,VBY93Y-R,2022-05,SEK,149.05,0.019842627437564264,1.98427
PCELL.ST,VBY93Y-R,2022-06,SEK,135.6,-0.09023817510902388,-9.02382
PCELL.ST,VBY93Y-R,2022-07,SEK,181.2,0.33628318584070804,33.6283
PCELL.ST,VBY93Y-R,2022-08,SEK,174.5,-0.03697571743929351,-3.69757
PCELL.ST,VBY93Y-R,2022-09,SEK,138.3,-0.20744985673352434,-20.745
PCELL.ST,VBY93Y-R,2022-10,SEK,121.5,-0.12147505422993499,-12.1475
PCELL.ST,VBY93Y-R,2022-11,SEK,123.95,0.02016460905349793,2.01646
PCELL.ST,VBY93Y-R,2022-12,SEK,119.05,-0.03953206938281573,-3.9532
PCELL.ST,VBY93Y-R,2023-01,SEK,139.3,0.17009659806803867,17.0097
PCELL.ST,VBY93Y-R,2023-02,SEK,137.15,-0.01543431442928933,-1.54344
PCELL.ST,VBY93Y-R,2023-03,SEK,117.45,-0.14363835216915788,-14.3638
SHOP,VC0Z7G-R,2018-01,USD,12.8003,,26.1749
SHOP,VC0Z7G-R,2018-02,USD,13.8526,0.08220901072631115,8.22105
SHOP,VC0Z7G-R,2018-03,USD,12.4352,-0.1023201420671932,-10.2318
SHOP,VC0Z7G-R,2018-04,USD,13.4178,0.07901762738033957,7.90206
SHOP,VC0Z7G-R,2018-05,USD,14.8265,0.10498740479065116,10.4988
SHOP,VC0Z7G-R,2018-06,USD,14.5737,-0.01705055137760081,-1.70522
SHOP,VC0Z7G-R,2018-07,USD,13.9186,-0.04495083609515782,-4.49533
SHOP,VC0Z7G-R,2018-08,USD,14.5604,0.046110959435575305,4.61102
SHOP,VC0Z7G-R,2018-09,USD,16.4243,0.12801159308810184,12.8011
SHOP,VC0Z7G-R,2018-10,USD,13.8488,-0.15681033590472648,-15.6805
SHOP,VC0Z7G-R,2018-11,USD,15.2163,0.09874501761885512,9.87419
SHOP,VC0Z7G-R,2018-12,USD,13.8227,-0.09158599659575595,-9.15888
SHOP,VC0Z7G-R,2019-01,USD,16.8415,0.21839438025856017,21.84
SHOP,VC0Z7G-R,2019-02,USD,18.9279,0.12388445209749732,12.388
SHOP,VC0Z7G-R,2019-03,USD,20.649,0.0909292631512213,9.09299
SHOP,VC0Z7G-R,2019-04,USD,24.2157,0.17272991428156304,17.2733
SHOP,VC0Z7G-R,2019-05,USD,27.505,0.13583336430497583,13.5832
SHOP,VC0Z7G-R,2019-06,USD,30.119,0.09503726595164519,9.50374
SHOP,VC0Z7G-R,2019-07,USD,31.9392,0.06043361333377595,6.04349
SHOP,VC0Z7G-R,2019-08,USD,38.5927,0.2083176785893197,20.8317
SHOP,VC0Z7G-R,2019-09,USD,31.1405,-0.1930986948308877,-19.3099
SHOP,VC0Z7G-R,2019-10,USD,31.4224,0.009052520030185862,0.905228
SHOP,VC0Z7G-R,2019-11,USD,33.5366,0.06728321197616993,6.72842
SHOP,VC0Z7G-R,2019-12,USD,39.8149,0.18720740921858514,18.7208
SHOP,VC0Z7G-R,2020-01,USD,46.6016,0.1704562864656196,17.0457
SHOP,VC0Z7G-R,2020-02,USD,46.4275,-0.0037359232301036327,-0.373608
SHOP,VC0Z7G-R,2020-03,USD,41.4248,-0.10775294814495728,-10.7753
SHOP,VC0Z7G-R,2020-04,USD,63.5574,0.5342838106641434,53.4283
SHOP,VC0Z7G-R,2020-05,USD,75.6019,0.18950586399066038,18.9507
SHOP,VC0Z7G-R,2020-06,USD,94.6968,0.25257169462672224,25.2571
SHOP,VC0Z7G-R,2020-07,USD,102.261,0.07987809514154653,7.98739
SHOP,VC0Z7G-R,2020-08,USD,106.929,0.04564790095931004,4.56512
SHOP,VC0Z7G-R,2020-09,USD,101.942,-0.046638423626892744,-4.66376
SHOP,VC0Z7G-R,2020-10,USD,92.1161,-0.09638716132702896,-9.63869
SHOP,VC0Z7G-R,2020-11,USD,107.861,0.17092451808098685,17.0924
SHOP,VC0Z7G-R,2020-12,USD,112.819,0.04596656808299571,4.59714
SHOP,VC0Z7G-R,2021-01,USD,109.146,-0.032556572917682325,-3.25575
SHOP,VC0Z7G-R,2021-02,USD,130.231,0.1931816099536401,19.3182
SHOP,VC0Z7G-R,2021-03,USD,110.389,-0.15236003716473034,-15.2359
SHOP,VC0Z7G-R,2021-04,USD,117.94,0.06840355470200832,6.84004
SHOP,VC0Z7G-R,2021-05,USD,122.533,0.038943530608784194,3.89411
SHOP,VC0Z7G-R,2021-06,USD,146.4,0.19478018166534738,19.478
SHOP,VC0Z7G-R,2021-07,USD,150.038,0.024849726775956427,2.48507
SHOP,VC0Z7G-R,2021-08,USD,152.462,0.016155907170183337,1.61579
SHOP,VC0Z7G-R,2021-09,USD,135.708,-0.10988967742781808,-10.989
SHOP,VC0Z7G-R,2021-10,USD,145.78,0.07421817431544198,7.42186
SHOP,VC0Z7G-R,2021-11,USD,151.312,0.037947592262313146,3.79452
SHOP,VC0Z7G-R,2021-12,USD,137.885,-0.08873717880934773,-8.87394
SHOP,VC0Z7G-R,2022-01,USD,96.4735,-0.3003336113427856,-30.0332
SHOP,VC0Z7G-R,2022-02,USD,69.3752,-0.2808885341570483,-28.0889
SHOP,VC0Z7G-R,2022-03,USD,67.689,-0.024305515515631093,-2.43046
SHOP,VC0Z7G-R,2022-04,USD,42.9975,-0.36477861986437965,-36.4778
SHOP,VC0Z7G-R,2022-05,USD,37.542,-0.12687946973661257,-12.688
SHOP,VC0Z7G-R,2022-06,USD,31.1795,-0.16947685259176393,-16.9477
SHOP,VC0Z7G-R,2022-07,USD,34.8148,0.11659263298000289,11.6594
SHOP,VC0Z7G-R,2022-08,USD,31.7502,-0.08802578213863066,-8.80283
SHOP,VC0Z7G-R,2022-09,USD,27.066,-0.147532928926432,-14.7533
SHOP,VC0Z7G-R,2022-10,USD,34.2436,0.26518879775363935,26.519
SHOP,VC0Z7G-R,2022-11,USD,40.7612,0.1903304559100094,19.0331
SHOP,VC0Z7G-R,2022-12,USD,34.695,-0.14882290020902234,-14.8823
SHOP,VC0Z7G-R,2023-01,USD,49.14,0.41634241245136194,41.6343
SHOP,VC0Z7G-R,2023-02,USD,41.2648,-0.16026048026048023,-16.026
SHOP,VC0Z7G-R,2023-03,USD,47.8812,0.16034004769197963,16.0339
BCART.BR,VHJB07-R,2018-01,EUR,12.6307,,21.273
BCART.BR,VHJB07-R,2018-02,EUR,11.3746,-0.09944816993515804,-9.94475
BCART.BR,VHJB07-R,2018-03,EUR,10.6419,-0.06441545197193743,-6.44172
BCART.BR,VHJB07-R,2018-04,EUR,11.1653,0.049182946654262816,4.91804
BCART.BR,VHJB07-R,2018-05,EUR,10.9908,-0.015628778447511538,-1.5625
BCART.BR,VHJB07-R,2018-06,EUR,10.6768,-0.028569348909997405,-2.85714
BCART.BR,VHJB07-R,2018-07,EUR,10.9734,0.02777985913382275,2.77778
BCART.BR,VHJB07-R,2018-08,EUR,10.2406,-0.06677966719521744,-6.67727
BCART.BR,VHJB07-R,2018-09,EUR,10.7466,0.04941116731441508,4.94037
BCART.BR,VHJB07-R,2018-10,EUR,10.45,-0.027599426795451687,-2.75974
BCART.BR,VHJB07-R,2018-11,EUR,10.3628,-0.008344497607655432,-0.834727
BCART.BR,VHJB07-R,2018-12,EUR,8.67053,-0.16330238931562902,-16.33
BCART.BR,VHJB07-R,2019-01,EUR,10.6419,0.22736441716942335,22.7364
BCART.BR,VHJB07-R,2019-02,EUR,10.2058,-0.040979524333060846,-4.09836
BCART.BR,VHJB07-R,2019-03,EUR,9.94407,-0.025645221344725577,-2.5641
BCART.BR,VHJB07-R,2019-04,EUR,10.0313,0.00877206214356896,0.87719
BCART.BR,VHJB07-R,2019-05,EUR,9.47304,-0.05565180983521589,-5.56522
BCART.BR,VHJB07-R,2019-06,EUR,9.07178,-0.042358102573197054,-4.23573
BCART.BR,VHJB07-R,2019-07,EUR,9.4207,0.038462132018192596,3.84614
BCART.BR,VHJB07-R,2019-08,EUR,9.01945,-0.04259237636269064,-4.25926
BCART.BR,VHJB07-R,2019-09,EUR,5.40818,-0.40038694155408594,-40.0387
BCART.BR,VHJB07-R,2019-10,EUR,5.60008,0.035483286429075944,3.54838
BCART.BR,VHJB07-R,2019-11,EUR,5.32095,-0.04984393080098859,-4.98443
BCART.BR,VHJB07-R,2019-12,EUR,4.98948,-0.06229526682265374,-6.22951
BCART.BR,VHJB07-R,2020-01,EUR,4.9982,0.0017476771126447854,0.17482
BCART.BR,VHJB07-R,2020-02,EUR,4.33527,-0.1326337481493336,-13.2635
BCART.BR,VHJB07-R,2020-03,EUR,3.01375,-0.3048299183211196,-30.4829
BCART.BR,VHJB07-R,2020-04,EUR,4.36143,0.4471771049357114,44.7178
BCART.BR,VHJB07-R,2020-05,EUR,4.28293,-0.01799868391788928,-1.80001
BCART.BR,VHJB07-R,2020-06,EUR,4.02997,-0.059062370853598,-5.90631
BCART.BR,VHJB07-R,2020-07,EUR,3.85551,-0.04329064484350986,-4.329
BCART.BR,VHJB07-R,2020-08,EUR,4.13028,0.07126683629403097,7.1267
BCART.BR,VHJB07-R,2020-09,EUR,3.92529,-0.0496310177518231,-4.96305
BCART.BR,VHJB07-R,2020-10,EUR,3.25363,-0.17111092428839658,-17.1111
BCART.BR,VHJB07-R,2020-11,EUR,4.18698,0.2868642101283798,28.6863
BCART.BR,VHJB07-R,2020-12,EUR,4.05613,-0.031251641994946344,-3.12499
BCART.BR,VHJB07-R,2021-01,EUR,3.92965,-0.031182432515722946,-3.11828
BCART.BR,VHJB07-R,2021-02,EUR,3.84679,-0.02108584734009389,-2.10876
BCART.BR,VHJB07-R,2021-03,EUR,3.90348,0.014736962506401552,1.47392
BCART.BR,VHJB07-R,2021-04,EUR,3.73339,-0.043573939151731245,-4.35754
BCART.BR,VHJB07-R,2021-05,EUR,3.48042,-0.0677587929468928,-6.7757
BCART.BR,VHJB07-R,2021-06,EUR,3.55457,0.0213048999833354,2.13033
BCART.BR,VHJB07-R,2021-07,EUR,3.49787,-0.015951296499998602,-1.5951
BCART.BR,VHJB07-R,2021-08,EUR,3.78572,0.08229293827386397,8.22942
BCART.BR,VHJB07-R,2021-09,EUR,3.33214,-0.11981340405523921,-11.9816
BCART.BR,VHJB07-R,2021-10,EUR,3.44553,0.03402918244731623,3.40314
BCART.BR,VHJB07-R,2021-11,EUR,3.14023,-0.08860755819859367,-8.86076
BCART.BR,VHJB07-R,2021-12,EUR,3.15332,0.004168484474067258,0.416672
BCART.BR,VHJB07-R,2022-01,EUR,2.57325,-0.18395532327832254,-18.3956
BCART.BR,VHJB07-R,2022-02,EUR,2.1371,-0.1694938307587679,-16.9492
BCART.BR,VHJB07-R,2022-03,EUR,1.91031,-0.10612044359178341,-10.6122
BCART.BR,VHJB07-R,2022-04,EUR,1.81872,-0.047945097916045065,-4.79452
BCART.BR,VHJB07-R,2022-05,EUR,1.76202,-0.031175771971496458,-3.11751
BCART.BR,VHJB07-R,2022-06,EUR,1.66607,-0.05445454648641901,-5.44555
BCART.BR,VHJB07-R,2022-07,EUR,1.50033,-0.09947961370170522,-9.94765
BCART.BR,VHJB07-R,2022-08,EUR,1.448,-0.034878993288143256,-3.48837
BCART.BR,VHJB07-R,2022-09,EUR,0.75889,-0.47590469613259667,-47.5904
BCART.BR,VHJB07-R,2022-10,EUR,1.06419,0.4022980932677991,40.2299
BCART.BR,VHJB07-R,2022-11,EUR,0.76,-0.28584181396179253,-28.5842
BCART.BR,VHJB07-R,2022-12,EUR,0.528,-0.3052631578947368,-30.5263
BCART.BR,VHJB07-R,2023-01,EUR,0.706,0.33712121212121193,33.7121
BCART.BR,VHJB07-R,2023-02,EUR,0.629,-0.10906515580736542,-10.9065
BCART.BR,VHJB07-R,2023-03,EUR,0.611,-0.02861685214626397,-2.86168
AM3D.DE,VJ2Q9P-R,2018-01,EUR,44.5,,-6.80628
AM3D.DE,VJ2Q9P-R,2018-02,EUR,35.6,-0.19999999999999996,-20.0
AM3D.DE,VJ2Q9P-R,2018-03,EUR,32.15,-0.0969101123595506,-9.69101
AM3D.DE,VJ2Q9P-R,2018-04,EUR,33.5,0.04199066874028001,4.19906
AM3D.DE,VJ2Q9P-R,2018-05,EUR,34.5,0.029850746268656803,2.98507
AM3D.DE,VJ2Q9P-R,2018-06,EUR,32.7,-0.05217391304347818,-5.21739
AM3D.DE,VJ2Q9P-R,2018-07,EUR,24.7,-0.2446483180428135,-24.4648
AM3D.DE,VJ2Q9P-R,2018-08,EUR,24.0,-0.028340080971659853,-2.83401
AM3D.DE,VJ2Q9P-R,2018-09,EUR,20.9,-0.12916666666666676,-12.9167
AM3D.DE,VJ2Q9P-R,2018-10,EUR,15.3,-0.26794258373205737,-26.7943
AM3D.DE,VJ2Q9P-R,2018-11,EUR,12.74,-0.16732026143790857,-16.732
AM3D.DE,VJ2Q9P-R,2018-12,EUR,9.0,-0.293563579277865,-29.3564
AM3D.DE,VJ2Q9P-R,2019-01,EUR,10.9,0.21111111111111125,21.1111
AM3D.DE,VJ2Q9P-R,2019-02,EUR,8.92,-0.18165137614678906,-18.1651
AM3D.DE,VJ2Q9P-R,2019-03,EUR,9.7,0.08744394618834073,8.74439
AM3D.DE,VJ2Q9P-R,2019-04,EUR,10.3,0.06185567010309301,6.18557
AM3D.DE,VJ2Q9P-R,2019-05,EUR,10.1,-0.019417475728155442,-1.94175
AM3D.DE,VJ2Q9P-R,2019-06,EUR,12.7,0.25742574257425743,25.7426
AM3D.DE,VJ2Q9P-R,2019-07,EUR,13.06,0.02834645669291347,2.83465
AM3D.DE,VJ2Q9P-R,2019-08,EUR,13.4,0.026033690658499253,2.60336
AM3D.DE,VJ2Q9P-R,2019-09,EUR,14.48,0.08059701492537319,8.0597
AM3D.DE,VJ2Q9P-R,2019-10,EUR,16.12,0.11325966850828739,11.326
AM3D.DE,VJ2Q9P-R,2019-11,EUR,16.08,-0.002481389578163906,-0.248146
AM3D.DE,VJ2Q9P-R,2019-12,EUR,17.64,0.0970149253731345,9.70149
AM3D.DE,VJ2Q9P-R,2020-01,EUR,12.0,-0.3197278911564626,-31.9728
AM3D.DE,VJ2Q9P-R,2020-02,EUR,8.61,-0.2825000000000001,-28.25
AM3D.DE,VJ2Q9P-R,2020-03,EUR,7.1,-0.1753774680603949,-17.5377
AM3D.DE,VJ2Q9P-R,2020-04,EUR,6.74,-0.05070422535211261,-5.07042
AM3D.DE,VJ2Q9P-R,2020-05,EUR,9.57,0.4198813056379822,41.9881
AM3D.DE,VJ2Q9P-R,2020-06,EUR,6.5,-0.32079414838035525,-32.0794
AM3D.DE,VJ2Q9P-R,2020-07,EUR,7.51,0.15538461538461545,15.5385
AM3D.DE,VJ2Q9P-R,2020-08,EUR,7.52,0.0013315579227695107,0.133157
AM3D.DE,VJ2Q9P-R,2020-09,EUR,9.43,0.2539893617021276,25.3989
AM3D.DE,VJ2Q9P-R,2020-10,EUR,10.2,0.08165429480381747,8.16542
AM3D.DE,VJ2Q9P-R,2020-11,EUR,16.2,0.5882352941176472,58.8235
AM3D.DE,VJ2Q9P-R,2020-12,EUR,17.42,0.07530864197530884,7.53086
AM3D.DE,VJ2Q9P-R,2021-01,EUR,18.54,0.06429391504018356,6.4294
AM3D.DE,VJ2Q9P-R,2021-02,EUR,17.28,-0.06796116504854355,-6.79612
AM3D.DE,VJ2Q9P-R,2021-03,EUR,17.92,0.03703703703703698,3.7037
AM3D.DE,VJ2Q9P-R,2021-04,EUR,18.66,0.041294642857142794,4.12946
AM3D.DE,VJ2Q9P-R,2021-05,EUR,19.08,0.022508038585209,2.2508
AM3D.DE,VJ2Q9P-R,2021-06,EUR,22.5,0.179245283018868,17.9245
AM3D.DE,VJ2Q9P-R,2021-07,EUR,19.38,-0.13866666666666672,-13.8667
AM3D.DE,VJ2Q9P-R,2021-08,EUR,20.85,0.0758513931888547,7.58514
AM3D.DE,VJ2Q9P-R,2021-09,EUR,18.5,-0.11270983213429264,-11.271
AM3D.DE,VJ2Q9P-R,2021-10,EUR,17.1,-0.07567567567567557,-7.56757
AM3D.DE,VJ2Q9P-R,2021-11,EUR,15.24,-0.10877192982456152,-10.8772
AM3D.DE,VJ2Q9P-R,2021-12,EUR,16.98,0.11417322834645671,11.4173
AM3D.DE,VJ2Q9P-R,2022-01,EUR,14.22,-0.16254416961130735,-16.2544
AM3D.DE,VJ2Q9P-R,2022-02,EUR,14.0,-0.015471167369901617,-1.54712
AM3D.DE,VJ2Q9P-R,2022-03,EUR,14.0,0.0,0.0
AM3D.DE,VJ2Q9P-R,2022-04,EUR,11.22,-0.1985714285714285,-19.8571
AM3D.DE,VJ2Q9P-R,2022-05,EUR,10.16,-0.09447415329768272,-9.44742
AM3D.DE,VJ2Q9P-R,2022-06,EUR,10.24,0.007874015748031482,0.787401
AM3D.DE,VJ2Q9P-R,2022-07,EUR,12.1,0.181640625,18.1641
AM3D.DE,VJ2Q9P-R,2022-08,EUR,11.74,-0.02975206611570247,-2.97521
AM3D.DE,VJ2Q9P-R,2022-09,EUR,19.64,0.6729131175468483,67.2913
AM3D.DE,VJ2Q9P-R,2022-10,EUR,19.9,0.01323828920570258,1.32383
AM3D.DE,VJ2Q9P-R,2022-11,EUR,18.4,-0.07537688442211055,-7.53769
AM3D.DE,VJ2Q9P-R,2022-12,EUR,16.86,-0.08369565217391295,-8.36956
AM3D.DE,VJ2Q9P-R,2023-01,EUR,18.8,0.11506524317912237,11.5065
AM3D.DE,VJ2Q9P-R,2023-02,EUR,19.74,0.04999999999999982,5.00001
AM3D.DE,VJ2Q9P-R,2023-03,EUR,19.46,-0.014184397163120477,-1.41844
MONC.MI,VK44PN-R,2018-01,EUR,26.54,,1.76381
MONC.MI,VK44PN-R,2018-02,EUR,28.7,0.08138658628485307,8.13866
MONC.MI,VK44PN-R,2018-03,EUR,30.9,0.0766550522648084,7.6655
MONC.MI,VK44PN-R,2018-04,EUR,37.44,0.21165048543689324,21.165
MONC.MI,VK44PN-R,2018-05,EUR,39.27,0.04887820512820529,5.63569
MONC.MI,VK44PN-R,2018-06,EUR,39.0,-0.006875477463712865,-0.687551
MONC.MI,VK44PN-R,2018-07,EUR,37.72,-0.032820512820512904,-3.28205
MONC.MI,VK44PN-R,2018-08,EUR,38.96,0.0328738069989396,3.28738
MONC.MI,VK44PN-R,2018-09,EUR,37.1,-0.047741273100616044,-4.77413
MONC.MI,VK44PN-R,2018-10,EUR,30.7,-0.1725067385444744,-17.2507
MONC.MI,VK44PN-R,2018-11,EUR,28.78,-0.06254071661237781,-6.25407
MONC.MI,VK44PN-R,2018-12,EUR,28.93,0.005211952744961668,0.521195
MONC.MI,VK44PN-R,2019-01,EUR,32.9,0.1372277912201867,13.7228
MONC.MI,VK44PN-R,2019-02,EUR,33.72,0.02492401215805473,2.4924
MONC.MI,VK44PN-R,2019-03,EUR,35.92,0.0652431791221828,6.52431
MONC.MI,VK44PN-R,2019-04,EUR,36.57,0.01809576837416471,1.80959
MONC.MI,VK44PN-R,2019-05,EUR,33.0,-0.09762100082034453,-8.6683
MONC.MI,VK44PN-R,2019-06,EUR,37.6,0.1393939393939394,13.9394
MONC.MI,VK44PN-R,2019-07,EUR,37.17,-0.011436170212765995,-1.14362
MONC.MI,VK44PN-R,2019-08,EUR,34.09,-0.08286252354048962,-8.28625
MONC.MI,VK44PN-R,2019-09,EUR,32.7,-0.04077442065121739,-4.07744
MONC.MI,VK44PN-R,2019-10,EUR,34.54,0.05626911314984695,5.62692
MONC.MI,VK44PN-R,2019-11,EUR,39.77,0.15141864504921831,15.1419
MONC.MI,VK44PN-R,2019-12,EUR,40.07,0.007543374402816161,0.754333
MONC.MI,VK44PN-R,2020-01,EUR,39.0,-0.02670326927876221,-2.67032
MONC.MI,VK44PN-R,2020-02,EUR,35.22,-0.096923076923077,-9.69231
MONC.MI,VK44PN-R,2020-03,EUR,33.29,-0.054798409994321395,-5.47984
MONC.MI,VK44PN-R,2020-04,EUR,34.3,0.03033944127365573,3.03394
MONC.MI,VK44PN-R,2020-05,EUR,33.45,-0.024781341107871557,-2.47813
MONC.MI,VK44PN-R,2020-06,EUR,34.04,0.01763826606875929,1.76383
MONC.MI,VK44PN-R,2020-07,EUR,32.6,-0.04230317273795525,-4.23033
MONC.MI,VK44PN-R,2020-08,EUR,32.45,-0.004601226993865004,-0.460118
MONC.MI,VK44PN-R,2020-09,EUR,34.98,0.07796610169491514,7.79661
MONC.MI,VK44PN-R,2020-10,EUR,34.36,-0.01772441395082902,-1.77244
MONC.MI,VK44PN-R,2020-11,EUR,41.16,0.1979045401629802,19.7904
MONC.MI,VK44PN-R,2020-12,EUR,50.14,0.21817298347910596,21.8173
MONC.MI,VK44PN-R,2021-01,EUR,46.61,-0.07040287195851613,-7.04029
MONC.MI,VK44PN-R,2021-02,EUR,51.3,0.10062218408066936,10.0622
MONC.MI,VK44PN-R,2021-03,EUR,48.87,-0.047368421052631615,-4.73684
MONC.MI,VK44PN-R,2021-04,EUR,51.02,0.0439942705136076,4.39943
MONC.MI,VK44PN-R,2021-05,EUR,58.12,0.13916111328890612,14.7981
MONC.MI,VK44PN-R,2021-06,EUR,57.06,-0.018238128011011656,-1.82381
MONC.MI,VK44PN-R,2021-07,EUR,58.0,0.016473887136347676,1.64739
MONC.MI,VK44PN-R,2021-08,EUR,54.2,-0.06551724137931025,-6.55172
MONC.MI,VK44PN-R,2021-09,EUR,53.02,-0.02177121771217716,-2.17713
MONC.MI,VK44PN-R,2021-10,EUR,62.12,0.1716333459072048,17.1633
MONC.MI,VK44PN-R,2021-11,EUR,64.08,0.03155183515775928,3.15518
MONC.MI,VK44PN-R,2021-12,EUR,64.02,-0.0009363295880150391,-0.0936389
MONC.MI,VK44PN-R,2022-01,EUR,56.34,-0.11996251171508898,-11.9962
MONC.MI,VK44PN-R,2022-02,EUR,54.18,-0.03833865814696491,-3.83387
MONC.MI,VK44PN-R,2022-03,EUR,50.74,-0.06349206349206349,-6.34921
MONC.MI,VK44PN-R,2022-04,EUR,50.28,-0.009065825778478587,-0.906587
MONC.MI,VK44PN-R,2022-05,EUR,44.7,-0.1109785202863961,-9.90453
MONC.MI,VK44PN-R,2022-06,EUR,40.93,-0.08434004474272938,-8.434
MONC.MI,VK44PN-R,2022-07,EUR,48.67,0.18910334717810895,18.9103
MONC.MI,VK44PN-R,2022-08,EUR,44.64,-0.08280254777070062,-8.28025
MONC.MI,VK44PN-R,2022-09,EUR,42.39,-0.050403225806451624,-5.04032
MONC.MI,VK44PN-R,2022-10,EUR,43.69,0.030667610285444624,3.06675
MONC.MI,VK44PN-R,2022-11,EUR,49.05,0.12268253604943924,12.2683
MONC.MI,VK44PN-R,2022-12,EUR,49.5,0.009174311926605672,0.917435
MONC.MI,VK44PN-R,2023-01,EUR,57.2,0.15555555555555567,15.5556
MONC.MI,VK44PN-R,2023-02,EUR,57.8,0.010489510489510412,1.04895
MONC.MI,VK44PN-R,2023-03,EUR,63.54,0.09930795847750873,9.9308
DSY.PA,VMHPTJ-R,2018-01,EUR,18.576,,4.84253
DSY.PA,VMHPTJ-R,2018-02,EUR,21.25,0.14394918173987947,14.3949
DSY.PA,VMHPTJ-R,2018-03,EUR,22.08,0.03905882352941159,3.90588
DSY.PA,VMHPTJ-R,2018-04,EUR,21.45,-0.028532608695652106,-2.85326
DSY.PA,VMHPTJ-R,2018-05,EUR,24.03,0.12027972027972034,12.5688
DSY.PA,VMHPTJ-R,2018-06,EUR,24.0,-0.0012484394506866447,-0.124848
DSY.PA,VMHPTJ-R,2018-07,EUR,25.56,0.06499999999999995,6.49999
DSY.PA,VMHPTJ-R,2018-08,EUR,27.92,0.09233176838810664,9.23318
DSY.PA,VMHPTJ-R,2018-09,EUR,25.75,-0.07772206303724938,-7.77221
DSY.PA,VMHPTJ-R,2018-10,EUR,22.17,-0.1390291262135922,-13.9029
DSY.PA,VMHPTJ-R,2018-11,EUR,21.2,-0.043752819124943776,-4.37528
DSY.PA,VMHPTJ-R,2018-12,EUR,20.74,-0.02169811320754722,-2.16982
DSY.PA,VMHPTJ-R,2019-01,EUR,21.91,0.05641272902603678,5.64128
DSY.PA,VMHPTJ-R,2019-02,EUR,25.73,0.17434961204929267,17.435
DSY.PA,VMHPTJ-R,2019-03,EUR,26.55,0.03186941313641656,3.18694
DSY.PA,VMHPTJ-R,2019-04,EUR,28.21,0.06252354048964226,6.25235
DSY.PA,VMHPTJ-R,2019-05,EUR,26.57,-0.058135412974122724,-5.35271
DSY.PA,VMHPTJ-R,2019-06,EUR,28.06,0.056078283778697724,5.60783
DSY.PA,VMHPTJ-R,2019-07,EUR,27.6,-0.016393442622950727,-1.63934
DSY.PA,VMHPTJ-R,2019-08,EUR,25.63,-0.07137681159420295,-7.13769
DSY.PA,VMHPTJ-R,2019-09,EUR,26.15,0.020288724151385162,2.02887
DSY.PA,VMHPTJ-R,2019-10,EUR,27.21,0.04053537284894837,4.05353
DSY.PA,VMHPTJ-R,2019-11,EUR,28.6,0.051084160235207676,5.10842
DSY.PA,VMHPTJ-R,2019-12,EUR,29.31,0.024825174825174656,2.48251
DSY.PA,VMHPTJ-R,2020-01,EUR,31.34,0.06925963834868654,6.92596
DSY.PA,VMHPTJ-R,2020-02,EUR,28.4,-0.09380982769623492,-9.38098
DSY.PA,VMHPTJ-R,2020-03,EUR,27.0,-0.04929577464788726,-4.92958
DSY.PA,VMHPTJ-R,2020-04,EUR,26.71,-0.010740740740740717,-1.07408
DSY.PA,VMHPTJ-R,2020-05,EUR,30.45,0.14002246349681768,14.5264
DSY.PA,VMHPTJ-R,2020-06,EUR,30.72,0.008866995073891548,0.886691
DSY.PA,VMHPTJ-R,2020-07,EUR,30.82,0.0032552083333334814,0.325525
DSY.PA,VMHPTJ-R,2020-08,EUR,31.57,0.024334847501622292,2.43348
DSY.PA,VMHPTJ-R,2020-09,EUR,31.95,0.012036743744060718,1.20368
DSY.PA,VMHPTJ-R,2020-10,EUR,29.31,-0.0826291079812207,-8.26291
DSY.PA,VMHPTJ-R,2020-11,EUR,31.01,0.058000682360969114,5.80007
DSY.PA,VMHPTJ-R,2020-12,EUR,33.23,0.0715898097387937,7.15898
DSY.PA,VMHPTJ-R,2021-01,EUR,32.95,-0.008426120975022378,-0.842607
DSY.PA,VMHPTJ-R,2021-02,EUR,34.38,0.04339908952959037,4.33991
DSY.PA,VMHPTJ-R,2021-03,EUR,36.48,0.061082024432809634,6.1082
DSY.PA,VMHPTJ-R,2021-04,EUR,38.59,0.057839912280701844,5.78399
DSY.PA,VMHPTJ-R,2021-05,EUR,37.65,-0.024358642135268282,-2.14563
DSY.PA,VMHPTJ-R,2021-06,EUR,40.9,0.0863213811420982,8.63214
DSY.PA,VMHPTJ-R,2021-07,EUR,46.52,0.13740831295843536,13.7408
DSY.PA,VMHPTJ-R,2021-08,EUR,48.305,0.038370593293207245,3.83706
DSY.PA,VMHPTJ-R,2021-09,EUR,45.465,-0.05879308560190444,-5.87931
DSY.PA,VMHPTJ-R,2021-10,EUR,50.38,0.10810513581876169,10.8105
DSY.PA,VMHPTJ-R,2021-11,EUR,53.19,0.055776101627629915,5.5776
DSY.PA,VMHPTJ-R,2021-12,EUR,52.31,-0.01654446324497072,-1.65444
DSY.PA,VMHPTJ-R,2022-01,EUR,42.45,-0.1884916841904033,-18.8492
DSY.PA,VMHPTJ-R,2022-02,EUR,43.49,0.024499411071849275,2.44994
DSY.PA,VMHPTJ-R,2022-03,EUR,44.715,0.028167394803403134,2.81674
DSY.PA,VMHPTJ-R,2022-04,EUR,42.535,-0.04875321480487549,-4.87532
DSY.PA,VMHPTJ-R,2022-05,EUR,39.185,-0.07875866933113895,-7.4762
DSY.PA,VMHPTJ-R,2022-06,EUR,35.115,-0.10386627536046955,-10.3866
DSY.PA,VMHPTJ-R,2022-07,EUR,41.66,0.186387583653709,18.6388
DSY.PA,VMHPTJ-R,2022-08,EUR,38.575,-0.0740518482957272,-7.40518
DSY.PA,VMHPTJ-R,2022-09,EUR,35.735,-0.07362281270252757,-7.36228
DSY.PA,VMHPTJ-R,2022-10,EUR,33.95,-0.04995102840352583,-4.9951
DSY.PA,VMHPTJ-R,2022-11,EUR,35.085,0.03343151693667146,3.34314
DSY.PA,VMHPTJ-R,2022-12,EUR,33.495,-0.045318512184694404,-4.53185
DSY.PA,VMHPTJ-R,2023-01,EUR,34.06,0.016868189281982637,1.68682
DSY.PA,VMHPTJ-R,2023-02,EUR,36.58,0.07398708162066936,7.39871
DSY.PA,VMHPTJ-R,2023-03,EUR,37.875,0.03540185893931125,3.54018
PETS.L,VZY7HR-R,2018-01,GBP,1.787,,1.30385
PETS.L,VZY7HR-R,2018-02,GBP,1.715,-0.040290990486849365,-4.0291
PETS.L,VZY7HR-R,2018-03,GBP,1.69,-0.014577259475218707,-1.45773
PETS.L,VZY7HR-R,2018-04,GBP,1.53,-0.09467455621301768,-9.46746
PETS.L,VZY7HR-R,2018-05,GBP,1.255,-0.1797385620915034,-17.9739
PETS.L,VZY7HR-R,2018-06,GBP,1.295,0.031872509960159334,7.17131
PETS.L,VZY7HR-R,2018-07,GBP,1.161,-0.1034749034749034,-10.3475
PETS.L,VZY7HR-R,2018-08,GBP,1.164,0.0025839793281652312,0.258398
PETS.L,VZY7HR-R,2018-09,GBP,1.194,0.02577319587628879,2.57732
PETS.L,VZY7HR-R,2018-10,GBP,1.1,-0.07872696817420421,-7.8727
PETS.L,VZY7HR-R,2018-11,GBP,1.281,0.16454545454545433,16.4545
PETS.L,VZY7HR-R,2018-12,GBP,1.158,-0.09601873536299765,-7.65027
PETS.L,VZY7HR-R,2019-01,GBP,1.318,0.138169257340242,13.8169
PETS.L,VZY7HR-R,2019-02,GBP,1.514,0.14871016691957517,14.871
PETS.L,VZY7HR-R,2019-03,GBP,1.586,0.047556142668428114,4.7556
PETS.L,VZY7HR-R,2019-04,GBP,1.514,-0.045397225725094636,-4.53972
PETS.L,VZY7HR-R,2019-05,GBP,1.839,0.21466314398943198,21.4663
PETS.L,VZY7HR-R,2019-06,GBP,1.871,0.017400761283306254,4.45895
PETS.L,VZY7HR-R,2019-07,GBP,2.08,0.11170497060395523,11.1705
PETS.L,VZY7HR-R,2019-08,GBP,2.312,0.11153846153846136,11.1539
PETS.L,VZY7HR-R,2019-09,GBP,2.082,-0.09948096885813151,-9.9481
PETS.L,VZY7HR-R,2019-10,GBP,2.062,-0.009606147934678178,-0.960612
PETS.L,VZY7HR-R,2019-11,GBP,2.52,0.22211445198836088,22.2114
PETS.L,VZY7HR-R,2019-12,GBP,2.796,0.10952380952380936,11.9444
PETS.L,VZY7HR-R,2020-01,GBP,2.82,0.008583690987124415,0.858367
PETS.L,VZY7HR-R,2020-02,GBP,2.574,-0.08723404255319145,-8.72341
PETS.L,VZY7HR-R,2020-03,GBP,2.574,0.0,0.0
PETS.L,VZY7HR-R,2020-04,GBP,2.566,-0.0031080031080030768,-0.310796
PETS.L,VZY7HR-R,2020-05,GBP,2.282,-0.11067809820732655,-11.0678
PETS.L,VZY7HR-R,2020-06,GBP,2.39,0.04732690622261182,6.92375
PETS.L,VZY7HR-R,2020-07,GBP,3.114,0.30292887029288695,30.2929
PETS.L,VZY7HR-R,2020-08,GBP,2.944,-0.05459216441875403,-5.45922
PETS.L,VZY7HR-R,2020-09,GBP,4.228,0.43614130434782594,43.6141
PETS.L,VZY7HR-R,2020-10,GBP,3.856,-0.08798486281929985,-8.79849
PETS.L,VZY7HR-R,2020-11,GBP,4.194,0.08765560165975117,8.76555
PETS.L,VZY7HR-R,2020-12,GBP,4.162,-0.007629947544110616,-0.166893
PETS.L,VZY7HR-R,2021-01,GBP,4.026,-0.03267659778952425,-3.26766
PETS.L,VZY7HR-R,2021-02,GBP,3.944,-0.0203676105315449,-2.03676
PETS.L,VZY7HR-R,2021-03,GBP,4.13,0.04716024340770786,4.71603
PETS.L,VZY7HR-R,2021-04,GBP,4.442,0.07554479418886206,7.55447
PETS.L,VZY7HR-R,2021-05,GBP,4.49,0.010805943268797913,1.0806
PETS.L,VZY7HR-R,2021-06,GBP,4.56,0.015590200445434244,2.78397
PETS.L,VZY7HR-R,2021-07,GBP,4.68,0.026315789473684292,2.63158
PETS.L,VZY7HR-R,2021-08,GBP,5.005,0.06944444444444442,6.94445
PETS.L,VZY7HR-R,2021-09,GBP,4.806,-0.03976023976023968,-3.97602
PETS.L,VZY7HR-R,2021-10,GBP,4.824,0.0037453183520599342,0.37452
PETS.L,VZY7HR-R,2021-11,GBP,4.67,-0.03192371475953559,-3.19237
PETS.L,VZY7HR-R,2021-12,GBP,4.65,-0.004282655246252598,0.492513
PETS.L,VZY7HR-R,2022-01,GBP,4.27,-0.08172043010752705,-8.17205
PETS.L,VZY7HR-R,2022-02,GBP,3.648,-0.1456674473067915,-14.5667
PETS.L,VZY7HR-R,2022-03,GBP,3.614,-0.009320175438596534,-0.932014
PETS.L,VZY7HR-R,2022-04,GBP,3.108,-0.14001106806862196,-14.0011
PETS.L,VZY7HR-R,2022-05,GBP,3.47,0.11647361647361643,11.6474
PETS.L,VZY7HR-R,2022-06,GBP,3.072,-0.11469740634005765,-9.30836
PETS.L,VZY7HR-R,2022-07,GBP,3.28,0.06770833333333326,6.77084
PETS.L,VZY7HR-R,2022-08,GBP,3.17,-0.03353658536585358,-3.35366
PETS.L,VZY7HR-R,2022-09,GBP,2.64,-0.16719242902208198,-16.7192
PETS.L,VZY7HR-R,2022-10,GBP,2.878,0.0901515151515151,9.01514
PETS.L,VZY7HR-R,2022-11,GBP,2.634,-0.08478109798471167,-8.47811
PETS.L,VZY7HR-R,2022-12,GBP,2.836,0.07668944570994674,9.37737
PETS.L,VZY7HR-R,2023-01,GBP,3.524,0.24259520451339922,24.2595
PETS.L,VZY7HR-R,2023-02,GBP,3.87,0.09818388195232686,9.81839
PETS.L,VZY7HR-R,2023-03,GBP,3.69,-0.04651162790697683,-4.65116
IQE.L,WC6J51-R,2018-01,GBP,1.068,,-22.0438
IQE.L,WC6J51-R,2018-02,GBP,1.281,0.19943820224719078,19.9438
IQE.L,WC6J51-R,2018-03,GBP,1.284,0.0023419203747072626,0.234199
IQE.L,WC6J51-R,2018-04,GBP,1.052,-0.18068535825545173,-18.0685
IQE.L,WC6J51-R,2018-05,GBP,1.096,0.041825095057034245,4.18251
IQE.L,WC6J51-R,2018-06,GBP,1.021,-0.06843065693430672,-6.84306
IQE.L,WC6J51-R,2018-07,GBP,0.989,-0.03134182174338873,-3.13419
IQE.L,WC6J51-R,2018-08,GBP,0.974,-0.015166835187057637,-1.51669
IQE.L,WC6J51-R,2018-09,GBP,0.8205,-0.1575975359342916,-15.7597
IQE.L,WC6J51-R,2018-10,GBP,0.905,0.10298598415600235,10.2986
IQE.L,WC6J51-R,2018-11,GBP,0.721,-0.20331491712707184,-20.3315
IQE.L,WC6J51-R,2018-12,GBP,0.65,-0.09847434119278775,-9.84744
IQE.L,WC6J51-R,2019-01,GBP,0.785,0.20769230769230762,20.7692
IQE.L,WC6J51-R,2019-02,GBP,0.909,0.1579617834394904,15.7962
IQE.L,WC6J51-R,2019-03,GBP,0.737,-0.18921892189218925,-18.9219
IQE.L,WC6J51-R,2019-04,GBP,0.7965,0.08073270013568523,8.07327
IQE.L,WC6J51-R,2019-05,GBP,0.75,-0.058380414312617646,-5.83804
IQE.L,WC6J51-R,2019-06,GBP,0.607,-0.19066666666666665,-19.0667
IQE.L,WC6J51-R,2019-07,GBP,0.6635,0.09308072487644159,9.30808
IQE.L,WC6J51-R,2019-08,GBP,0.5145,-0.22456669178598343,-22.4567
IQE.L,WC6J51-R,2019-09,GBP,0.626,0.21671525753158427,21.6715
IQE.L,WC6J51-R,2019-10,GBP,0.75,0.19808306709265167,19.8083
IQE.L,WC6J51-R,2019-11,GBP,0.485,-0.3533333333333334,-35.3333
IQE.L,WC6J51-R,2019-12,GBP,0.49,0.010309278350515427,1.03092
IQE.L,WC6J51-R,2020-01,GBP,0.5095,0.03979591836734686,3.9796
IQE.L,WC6J51-R,2020-02,GBP,0.48,-0.057899901864573056,-5.79
IQE.L,WC6J51-R,2020-03,GBP,0.2666,-0.44458333333333333,-44.4583
IQE.L,WC6J51-R,2020-04,GBP,0.41,0.5378844711177793,53.7884
IQE.L,WC6J51-R,2020-05,GBP,0.3754,-0.08439024390243899,-8.43902
IQE.L,WC6J51-R,2020-06,GBP,0.5105,0.35988279168886494,35.9883
IQE.L,WC6J51-R,2020-07,GBP,0.525,0.028403525954946218,2.84034
IQE.L,WC6J51-R,2020-08,GBP,0.6185,0.17809523809523808,17.8095
IQE.L,WC6J51-R,2020-09,GBP,0.51,-0.17542441390460795,-17.5424
IQE.L,WC6J51-R,2020-10,GBP,0.548,0.07450980392156858,7.45097
IQE.L,WC6J51-R,2020-11,GBP,0.6775,0.23631386861313852,23.6314
IQE.L,WC6J51-R,2020-12,GBP,0.7345,0.08413284132841325,8.41328
IQE.L,WC6J51-R,2021-01,GBP,0.793,0.07964601769911495,7.9646
IQE.L,WC6J51-R,2021-02,GBP,0.734,-0.07440100882723844,-7.4401
IQE.L,WC6J51-R,2021-03,GBP,0.587,-0.2002724795640327,-20.0272
IQE.L,WC6J51-R,2021-04,GBP,0.586,-0.0017035775127768327,-0.170356
IQE.L,WC6J51-R,2021-05,GBP,0.539,-0.08020477815699645,-8.02049
IQE.L,WC6J51-R,2021-06,GBP,0.4765,-0.11595547309833032,-11.5955
IQE.L,WC6J51-R,2021-07,GBP,0.4775,0.0020986358866736943,0.209856
IQE.L,WC6J51-R,2021-08,GBP,0.524,0.09738219895287958,9.73822
IQE.L,WC6J51-R,2021-09,GBP,0.4745,-0.09446564885496189,-9.44656
IQE.L,WC6J51-R,2021-10,GBP,0.4695,-0.010537407797681753,-1.05374
IQE.L,WC6J51-R,2021-11,GBP,0.3455,-0.26411075612353574,-26.4111
IQE.L,WC6J51-R,2021-12,GBP,0.3455,0.0,0.0
IQE.L,WC6J51-R,2022-01,GBP,0.318,-0.07959479015918947,-7.95948
IQE.L,WC6J51-R,2022-02,GBP,0.4235,0.33176100628930816,33.1761
IQE.L,WC6J51-R,2022-03,GBP,0.338,-0.2018890200708382,-20.1889
IQE.L,WC6J51-R,2022-04,GBP,0.3005,-0.11094674556213024,-11.0947
IQE.L,WC6J51-R,2022-05,GBP,0.352,0.17138103161397678,17.1381
IQE.L,WC6J51-R,2022-06,GBP,0.3435,-0.024147727272727182,-2.41478
IQE.L,WC6J51-R,2022-07,GBP,0.439,0.2780203784570596,27.8021
IQE.L,WC6J51-R,2022-08,GBP,0.3405,-0.22437357630979493,-22.4374
IQE.L,WC6J51-R,2022-09,GBP,0.34,-0.001468428781204123,-0.146842
IQE.L,WC6J51-R,2022-10,GBP,0.419,0.23235294117647043,23.2353
IQE.L,WC6J51-R,2022-11,GBP,0.519,0.23866348448687358,23.8663
IQE.L,WC6J51-R,2022-12,GBP,0.4965,-0.043352601156069426,-4.33526
IQE.L,WC6J51-R,2023-01,GBP,0.475,-0.043303121852970805,-4.33031
IQE.L,WC6J51-R,2023-02,GBP,0.47,-0.010526315789473717,-1.05263
IQE.L,WC6J51-R,2023-03,GBP,0.271,-0.4234042553191488,-42.3404
FDEV.L,WD63JS-R,2018-01,GBP,13.5,,1.92525
FDEV.L,WD63JS-R,2018-02,GBP,12.1,-0.10370370370370374,-10.3704
FDEV.L,WD63JS-R,2018-03,GBP,13.15,0.08677685950413228,8.67769
FDEV.L,WD63JS-R,2018-04,GBP,13.1,-0.0038022813688213253,-0.380224
FDEV.L,WD63JS-R,2018-05,GBP,17.4,0.3282442748091603,32.8244
FDEV.L,WD63JS-R,2018-06,GBP,13.4,-0.2298850574712643,-22.9885
FDEV.L,WD63JS-R,2018-07,GBP,11.3,-0.15671641791044777,-15.6716
FDEV.L,WD63JS-R,2018-08,GBP,11.2,-0.008849557522124019,-0.884962
FDEV.L,WD63JS-R,2018-09,GBP,13.35,0.1919642857142858,19.1964
FDEV.L,WD63JS-R,2018-10,GBP,9.82,-0.26441947565543067,-26.4419
FDEV.L,WD63JS-R,2018-11,GBP,8.64,-0.12016293279022405,-12.0163
FDEV.L,WD63JS-R,2018-12,GBP,8.0,-0.07407407407407418,-7.40741
FDEV.L,WD63JS-R,2019-01,GBP,8.9,0.11250000000000004,11.25
FDEV.L,WD63JS-R,2019-02,GBP,9.0,0.011235955056179803,1.1236
FDEV.L,WD63JS-R,2019-03,GBP,9.72,0.08000000000000007,8.0
FDEV.L,WD63JS-R,2019-04,GBP,9.76,0.00411522633744843,0.411522
FDEV.L,WD63JS-R,2019-05,GBP,11.06,0.13319672131147553,13.3197
FDEV.L,WD63JS-R,2019-06,GBP,9.99,-0.09674502712477395,-9.67451
FDEV.L,WD63JS-R,2019-07,GBP,9.8,-0.019019019019018923,-1.90189
FDEV.L,WD63JS-R,2019-08,GBP,10.38,0.0591836734693878,5.91837
FDEV.L,WD63JS-R,2019-09,GBP,10.18,-0.019267822736030893,-1.92678
FDEV.L,WD63JS-R,2019-10,GBP,10.92,0.07269155206286837,7.26916
FDEV.L,WD63JS-R,2019-11,GBP,12.2,0.11721611721611724,11.7216
FDEV.L,WD63JS-R,2019-12,GBP,12.22,0.0016393442622952836,0.163937
FDEV.L,WD63JS-R,2020-01,GBP,14.12,0.15548281505728312,15.5483
FDEV.L,WD63JS-R,2020-02,GBP,11.36,-0.1954674220963173,-19.5467
FDEV.L,WD63JS-R,2020-03,GBP,12.38,0.08978873239436624,8.97888
FDEV.L,WD63JS-R,2020-04,GBP,15.2,0.22778675282714045,22.7787
FDEV.L,WD63JS-R,2020-05,GBP,20.65,0.35855263157894735,35.8553
FDEV.L,WD63JS-R,2020-06,GBP,18.5,-0.10411622276029053,-10.4116
FDEV.L,WD63JS-R,2020-07,GBP,19.44,0.05081081081081096,5.08108
FDEV.L,WD63JS-R,2020-08,GBP,22.7,0.16769547325102874,16.7696
FDEV.L,WD63JS-R,2020-09,GBP,27.2,0.19823788546255505,19.8238
FDEV.L,WD63JS-R,2020-10,GBP,26.1,-0.0404411764705882,-4.04412
FDEV.L,WD63JS-R,2020-11,GBP,24.8,-0.04980842911877392,-4.98084
FDEV.L,WD63JS-R,2020-12,GBP,30.8,0.24193548387096775,24.1935
FDEV.L,WD63JS-R,2021-01,GBP,31.55,0.024350649350649345,2.43506
FDEV.L,WD63JS-R,2021-02,GBP,24.7,-0.21711568938193349,-21.7116
FDEV.L,WD63JS-R,2021-03,GBP,27.2,0.10121457489878538,10.1215
FDEV.L,WD63JS-R,2021-04,GBP,32.25,0.18566176470588247,18.5662
FDEV.L,WD63JS-R,2021-05,GBP,25.7,-0.20310077519379843,-20.3101
FDEV.L,WD63JS-R,2021-06,GBP,23.1,-0.10116731517509725,-10.1167
FDEV.L,WD63JS-R,2021-07,GBP,26.55,0.14935064935064934,14.9351
FDEV.L,WD63JS-R,2021-08,GBP,28.2,0.062146892655367214,6.21469
FDEV.L,WD63JS-R,2021-09,GBP,24.5,-0.13120567375886527,-13.1206
FDEV.L,WD63JS-R,2021-10,GBP,24.65,0.006122448979591688,0.612247
FDEV.L,WD63JS-R,2021-11,GBP,17.74,-0.2803245436105477,-28.0325
FDEV.L,WD63JS-R,2021-12,GBP,17.8,0.0033821871476888976,0.338221
FDEV.L,WD63JS-R,2022-01,GBP,13.84,-0.22247191011235956,-22.2472
FDEV.L,WD63JS-R,2022-02,GBP,12.9,-0.06791907514450868,-6.79191
FDEV.L,WD63JS-R,2022-03,GBP,12.48,-0.032558139534883734,-3.25581
FDEV.L,WD63JS-R,2022-04,GBP,12.84,0.028846153846153744,2.88461
FDEV.L,WD63JS-R,2022-05,GBP,12.48,-0.028037383177570097,-2.80374
FDEV.L,WD63JS-R,2022-06,GBP,13.8,0.10576923076923084,10.5769
FDEV.L,WD63JS-R,2022-07,GBP,15.5,0.12318840579710133,12.3188
FDEV.L,WD63JS-R,2022-08,GBP,14.6,-0.058064516129032295,-5.80645
FDEV.L,WD63JS-R,2022-09,GBP,13.38,-0.08356164383561637,-8.35617
FDEV.L,WD63JS-R,2022-10,GBP,13.26,-0.008968609865470878,-0.896859
FDEV.L,WD63JS-R,2022-11,GBP,11.42,-0.13876319758672695,-13.8763
FDEV.L,WD63JS-R,2022-12,GBP,9.61,-0.15849387040280216,-15.8494
FDEV.L,WD63JS-R,2023-01,GBP,4.84,-0.4963579604578564,-49.6358
FDEV.L,WD63JS-R,2023-02,GBP,4.315,-0.10847107438016523,-10.8471
FDEV.L,WD63JS-R,2023-03,GBP,4.69,0.08690614136732333,8.69062
AMP.MI,WJWHT6-R,2018-01,EUR,14.31,,11.4486
AMP.MI,WJWHT6-R,2018-02,EUR,13.05,-0.08805031446540879,-8.80503
AMP.MI,WJWHT6-R,2018-03,EUR,14.45,0.10727969348658983,10.728
AMP.MI,WJWHT6-R,2018-04,EUR,15.5,0.0726643598615917,7.26644
AMP.MI,WJWHT6-R,2018-05,EUR,15.42,-0.005161290322580614,0.193548
AMP.MI,WJWHT6-R,2018-06,EUR,17.76,0.15175097276264604,15.1751
AMP.MI,WJWHT6-R,2018-07,EUR,19.16,0.0788288288288288,7.88288
AMP.MI,WJWHT6-R,2018-08,EUR,18.54,-0.03235908141962429,-3.2359
AMP.MI,WJWHT6-R,2018-09,EUR,19.14,0.032362459546925626,3.23623
AMP.MI,WJWHT6-R,2018-10,EUR,15.66,-0.18181818181818188,-18.1818
AMP.MI,WJWHT6-R,2018-11,EUR,14.78,-0.056194125159642505,-5.61941
AMP.MI,WJWHT6-R,2018-12,EUR,14.05,-0.04939106901217849,-4.9391
AMP.MI,WJWHT6-R,2019-01,EUR,15.64,0.11316725978647679,11.3167
AMP.MI,WJWHT6-R,2019-02,EUR,16.36,0.04603580562659837,4.60358
AMP.MI,WJWHT6-R,2019-03,EUR,17.35,0.06051344743276288,6.05134
AMP.MI,WJWHT6-R,2019-04,EUR,17.13,-0.012680115273775328,-1.26802
AMP.MI,WJWHT6-R,2019-05,EUR,19.86,0.159369527145359,16.7542
AMP.MI,WJWHT6-R,2019-06,EUR,20.56,0.03524672708962728,3.52466
AMP.MI,WJWHT6-R,2019-07,EUR,22.28,0.08365758754863828,8.36576
AMP.MI,WJWHT6-R,2019-08,EUR,23.36,0.04847396768402157,4.8474
AMP.MI,WJWHT6-R,2019-09,EUR,22.5,-0.03681506849315064,-3.68151
AMP.MI,WJWHT6-R,2019-10,EUR,22.52,0.000888888888888939,0.0888944
AMP.MI,WJWHT6-R,2019-11,EUR,26.56,0.17939609236234455,17.9396
AMP.MI,WJWHT6-R,2019-12,EUR,25.64,-0.034638554216867457,-3.46386
AMP.MI,WJWHT6-R,2020-01,EUR,25.68,0.0015600624024960652,0.156009
AMP.MI,WJWHT6-R,2020-02,EUR,25.76,0.0031152647975078995,0.31153
AMP.MI,WJWHT6-R,2020-03,EUR,18.72,-0.2732919254658386,-27.3292
AMP.MI,WJWHT6-R,2020-04,EUR,20.91,0.11698717948717952,11.6987
AMP.MI,WJWHT6-R,2020-05,EUR,24.95,0.19320899091343846,19.3209
AMP.MI,WJWHT6-R,2020-06,EUR,23.71,-0.04969939879759511,-4.96995
AMP.MI,WJWHT6-R,2020-07,EUR,28.95,0.2210037958667228,22.1004
AMP.MI,WJWHT6-R,2020-08,EUR,27.92,-0.03557858376511214,-3.55786
AMP.MI,WJWHT6-R,2020-09,EUR,30.55,0.09419770773638958,9.41976
AMP.MI,WJWHT6-R,2020-10,EUR,31.21,0.02160392798690669,2.16039
AMP.MI,WJWHT6-R,2020-11,EUR,33.57,0.07561678949054795,7.56168
AMP.MI,WJWHT6-R,2020-12,EUR,34.04,0.014000595770032653,1.40007
AMP.MI,WJWHT6-R,2021-01,EUR,32.73,-0.038484136310223294,-3.84842
AMP.MI,WJWHT6-R,2021-02,EUR,33.0,0.008249312557286892,0.824928
AMP.MI,WJWHT6-R,2021-03,EUR,31.74,-0.038181818181818206,-3.81818
AMP.MI,WJWHT6-R,2021-04,EUR,35.13,0.10680529300567132,10.6805
AMP.MI,WJWHT6-R,2021-05,EUR,38.95,0.10873896954170226,11.5001
AMP.MI,WJWHT6-R,2021-06,EUR,41.64,0.0690629011553272,6.90628
AMP.MI,WJWHT6-R,2021-07,EUR,41.68,0.0009606147934677622,0.0960588
AMP.MI,WJWHT6-R,2021-08,EUR,44.28,0.062380038387716,6.238
AMP.MI,WJWHT6-R,2021-09,EUR,41.2,-0.06955736224028908,-6.95573
AMP.MI,WJWHT6-R,2021-10,EUR,43.95,0.066747572815534,6.67475
AMP.MI,WJWHT6-R,2021-11,EUR,43.12,-0.018885096700796522,-1.88851
AMP.MI,WJWHT6-R,2021-12,EUR,47.45,0.10041743970315409,10.0418
AMP.MI,WJWHT6-R,2022-01,EUR,37.53,-0.2090621707060063,-20.9062
AMP.MI,WJWHT6-R,2022-02,EUR,38.45,0.02451372235544902,2.45137
AMP.MI,WJWHT6-R,2022-03,EUR,40.54,0.05435630689206761,5.43563
AMP.MI,WJWHT6-R,2022-04,EUR,38.22,-0.05722742969906269,-5.72274
AMP.MI,WJWHT6-R,2022-05,EUR,32.06,-0.16117216117216104,-15.4369
AMP.MI,WJWHT6-R,2022-06,EUR,29.25,-0.0876481597005615,-8.76482
AMP.MI,WJWHT6-R,2022-07,EUR,32.21,0.10119658119658115,10.1197
AMP.MI,WJWHT6-R,2022-08,EUR,26.05,-0.1912449549829246,-19.1245
AMP.MI,WJWHT6-R,2022-09,EUR,26.9,0.03262955854126681,3.26296
AMP.MI,WJWHT6-R,2022-10,EUR,25.14,-0.06542750929368024,-6.54275
AMP.MI,WJWHT6-R,2022-11,EUR,26.85,0.06801909307875897,6.80192
AMP.MI,WJWHT6-R,2022-12,EUR,27.82,0.036126629422718715,3.61266
AMP.MI,WJWHT6-R,2023-01,EUR,25.27,-0.09166067577282533,-9.16607
AMP.MI,WJWHT6-R,2023-02,EUR,27.38,0.08349821923229128,8.34981
AMP.MI,WJWHT6-R,2023-03,EUR,31.94,0.16654492330168025,16.6545
3990.T,WRR2XC-R,2018-01,JPY,1833.33,,6.1776
3990.T,WRR2XC-R,2018-02,JPY,1670.0,-0.08908925288955072,-8.90909
3990.T,WRR2XC-R,2018-03,JPY,1666.67,-0.0019940119760478714,-0.199604
3990.T,WRR2XC-R,2018-04,JPY,1626.67,-0.02399995200009597,-2.4
3990.T,WRR2XC-R,2018-05,JPY,1648.33,0.013315546484535812,1.33196
3990.T,WRR2XC-R,2018-06,JPY,1608.33,-0.02426698537307459,-2.4267
3990.T,WRR2XC-R,2018-07,JPY,1976.67,0.22902016377236034,22.9016
3990.T,WRR2XC-R,2018-08,JPY,2840.0,0.43675980310319873,43.6762
3990.T,WRR2XC-R,2018-09,JPY,4090.0,0.4401408450704225,44.0141
3990.T,WRR2XC-R,2018-10,JPY,3115.0,-0.23838630806845962,-23.8386
3990.T,WRR2XC-R,2018-11,JPY,3830.0,0.2295345104333868,22.9535
3990.T,WRR2XC-R,2018-12,JPY,4165.0,0.08746736292428192,8.74673
3990.T,WRR2XC-R,2019-01,JPY,5820.0,0.39735894357743096,39.7359
3990.T,WRR2XC-R,2019-02,JPY,5880.0,0.010309278350515427,1.03092
3990.T,WRR2XC-R,2019-03,JPY,5300.0,-0.09863945578231292,-9.86394
3990.T,WRR2XC-R,2019-04,JPY,4570.0,-0.13773584905660374,-13.7736
3990.T,WRR2XC-R,2019-05,JPY,4345.0,-0.049234135667396095,-4.92342
3990.T,WRR2XC-R,2019-06,JPY,4125.0,-0.05063291139240511,-5.06329
3990.T,WRR2XC-R,2019-07,JPY,5190.0,0.2581818181818183,25.8182
3990.T,WRR2XC-R,2019-08,JPY,4930.0,-0.050096339113680166,-5.00963
3990.T,WRR2XC-R,2019-09,JPY,5270.0,0.06896551724137923,6.89656
3990.T,WRR2XC-R,2019-10,JPY,4885.0,-0.07305502846299805,-7.3055
3990.T,WRR2XC-R,2019-11,JPY,5460.0,0.11770726714431934,11.7707
3990.T,WRR2XC-R,2019-12,JPY,4760.0,-0.1282051282051282,-12.8205
3990.T,WRR2XC-R,2020-01,JPY,3180.0,-0.33193277310924374,-33.1933
3990.T,WRR2XC-R,2020-02,JPY,2321.0,-0.270125786163522,-27.0126
3990.T,WRR2XC-R,2020-03,JPY,2056.0,-0.11417492460146483,-11.4175
3990.T,WRR2XC-R,2020-04,JPY,2397.0,0.16585603112840475,16.5856
3990.T,WRR2XC-R,2020-05,JPY,2767.0,0.1543596161869003,15.436
3990.T,WRR2XC-R,2020-06,JPY,2473.0,-0.10625225876400435,-10.6252
3990.T,WRR2XC-R,2020-07,JPY,1917.0,-0.22482814395471085,-22.4828
3990.T,WRR2XC-R,2020-08,JPY,2290.0,0.1945748565466876,19.4575
3990.T,WRR2XC-R,2020-09,JPY,2252.0,-0.016593886462882068,-1.65939
3990.T,WRR2XC-R,2020-10,JPY,1807.0,-0.19760213143872118,-19.7602
3990.T,WRR2XC-R,2020-11,JPY,1855.0,0.026563364692861136,2.65634
3990.T,WRR2XC-R,2020-12,JPY,1595.0,-0.14016172506738545,-14.0162
3990.T,WRR2XC-R,2021-01,JPY,1760.0,0.10344827586206895,10.3448
3990.T,WRR2XC-R,2021-02,JPY,1808.0,0.027272727272727337,2.72727
3990.T,WRR2XC-R,2021-03,JPY,1839.0,0.017146017699114946,1.7146
3990.T,WRR2XC-R,2021-04,JPY,1620.0,-0.11908646003262646,-11.9086
3990.T,WRR2XC-R,2021-05,JPY,1500.0,-0.07407407407407407,-7.40741
3990.T,WRR2XC-R,2021-06,JPY,1539.0,0.026000000000000023,2.6
3990.T,WRR2XC-R,2021-07,JPY,1355.0,-0.11955815464587394,-11.9558
3990.T,WRR2XC-R,2021-08,JPY,1399.0,0.03247232472324724,3.24724
3990.T,WRR2XC-R,2021-09,JPY,1331.0,-0.04860614724803436,-4.86062
3990.T,WRR2XC-R,2021-10,JPY,1007.0,-0.2434259954921112,-24.3426
3990.T,WRR2XC-R,2021-11,JPY,830.0,-0.17576961271102287,-17.577
3990.T,WRR2XC-R,2021-12,JPY,802.0,-0.03373493975903619,-3.37349
3990.T,WRR2XC-R,2022-01,JPY,852.0,0.06234413965087282,6.23442
3990.T,WRR2XC-R,2022-02,JPY,895.0,0.05046948356807501,5.04695
3990.T,WRR2XC-R,2022-03,JPY,1198.0,0.3385474860335196,33.8547
3990.T,WRR2XC-R,2022-04,JPY,1271.0,0.06093489148580966,6.09349
3990.T,WRR2XC-R,2022-05,JPY,1421.0,0.11801730920535003,11.8017
3990.T,WRR2XC-R,2022-06,JPY,1355.0,-0.04644616467276563,-4.64461
3990.T,WRR2XC-R,2022-07,JPY,1150.0,-0.1512915129151291,-15.1291
3990.T,WRR2XC-R,2022-08,JPY,1093.0,-0.04956521739130437,-4.95652
3990.T,WRR2XC-R,2022-09,JPY,896.0,-0.18023787740164687,-18.0238
3990.T,WRR2XC-R,2022-10,JPY,973.0,0.0859375,8.59375
3990.T,WRR2XC-R,2022-11,JPY,1051.0,0.0801644398766701,8.01644
3990.T,WRR2XC-R,2022-12,JPY,828.0,-0.2121788772597526,-21.2179
3990.T,WRR2XC-R,2023-01,JPY,817.0,-0.01328502415458932,-1.3285
3990.T,WRR2XC-R,2023-02,JPY,781.0,-0.044063647490820035,-4.40636
3990.T,WRR2XC-R,2023-03,JPY,757.0,-0.030729833546734975,-3.07298
FEVR.L,WWF124-R,2018-01,GBP,24.48,,7.50988
FEVR.L,WWF124-R,2018-02,GBP,24.83,0.014297385620914982,1.42974
FEVR.L,WWF124-R,2018-03,GBP,26.32,0.06000805477245286,6.00081
FEVR.L,WWF124-R,2018-04,GBP,28.36,0.07750759878419444,8.04104
FEVR.L,WWF124-R,2018-05,GBP,30.04,0.05923836389280668,5.92383
FEVR.L,WWF124-R,2018-06,GBP,33.9,0.12849533954727033,12.8495
FEVR.L,WWF124-R,2018-07,GBP,34.45,0.016224188790560534,1.62241
FEVR.L,WWF124-R,2018-08,GBP,37.23,0.08069666182873703,8.19216
FEVR.L,WWF124-R,2018-09,GBP,36.08,-0.03088906795594948,-3.0889
FEVR.L,WWF124-R,2018-10,GBP,27.81,-0.22921286031042132,-22.9213
FEVR.L,WWF124-R,2018-11,GBP,23.92,-0.1398777418194893,-13.9878
FEVR.L,WWF124-R,2018-12,GBP,21.99,-0.08068561872909707,-8.06856
FEVR.L,WWF124-R,2019-01,GBP,25.71,0.16916780354706695,16.9168
FEVR.L,WWF124-R,2019-02,GBP,26.78,0.04161804745235309,4.16181
FEVR.L,WWF124-R,2019-03,GBP,30.19,0.12733383121732644,12.7334
FEVR.L,WWF124-R,2019-04,GBP,31.44,0.04140443855581322,4.48096
FEVR.L,WWF124-R,2019-05,GBP,26.54,-0.15585241730279908,-15.5852
FEVR.L,WWF124-R,2019-06,GBP,23.18,-0.12660135644310477,-12.6601
FEVR.L,WWF124-R,2019-07,GBP,23.36,0.007765314926660993,0.776529
FEVR.L,WWF124-R,2019-08,GBP,22.6,-0.03253424657534243,-3.03082
FEVR.L,WWF124-R,2019-09,GBP,24.23,0.0721238938053097,7.21239
FEVR.L,WWF124-R,2019-10,GBP,18.6,-0.23235658274865867,-23.2357
FEVR.L,WWF124-R,2019-11,GBP,21.88,0.1763440860215053,17.6344
FEVR.L,WWF124-R,2019-12,GBP,20.93,-0.0434186471663619,-4.34186
FEVR.L,WWF124-R,2020-01,GBP,13.76,-0.34257047300525556,-34.2571
FEVR.L,WWF124-R,2020-02,GBP,12.62,-0.08284883720930236,-8.28488
FEVR.L,WWF124-R,2020-03,GBP,12.12,-0.03961965134706813,-3.96196
FEVR.L,WWF124-R,2020-04,GBP,17.4,0.4356435643564356,43.5644
FEVR.L,WWF124-R,2020-05,GBP,20.54,0.18045977011494263,18.6138
FEVR.L,WWF124-R,2020-06,GBP,20.46,-0.003894839337877265,-0.389493
FEVR.L,WWF124-R,2020-07,GBP,21.9,0.07038123167155419,7.03813
FEVR.L,WWF124-R,2020-08,GBP,20.55,-0.06164383561643827,-6.16438
FEVR.L,WWF124-R,2020-09,GBP,23.16,0.12700729927007304,12.964
FEVR.L,WWF124-R,2020-10,GBP,20.15,-0.12996545768566503,-12.9965
FEVR.L,WWF124-R,2020-11,GBP,23.11,0.14689826302729525,14.6898
FEVR.L,WWF124-R,2020-12,GBP,25.27,0.0934660320207703,9.3466
FEVR.L,WWF124-R,2021-01,GBP,24.41,-0.03403244954491491,-3.40325
FEVR.L,WWF124-R,2021-02,GBP,22.79,-0.06636624334289232,-6.63662
FEVR.L,WWF124-R,2021-03,GBP,21.4,-0.06099166301009218,-6.09917
FEVR.L,WWF124-R,2021-04,GBP,25.08,0.17196261682242997,17.6762
FEVR.L,WWF124-R,2021-05,GBP,25.55,0.018740031897926723,1.87401
FEVR.L,WWF124-R,2021-06,GBP,25.73,0.007045009784735878,0.704503
FEVR.L,WWF124-R,2021-07,GBP,23.91,-0.07073455110765647,-7.07346
FEVR.L,WWF124-R,2021-08,GBP,22.22,-0.07068172312839827,-7.06818
FEVR.L,WWF124-R,2021-09,GBP,23.29,0.0481548154815481,5.06392
FEVR.L,WWF124-R,2021-10,GBP,22.69,-0.025762129669385958,-2.57621
FEVR.L,WWF124-R,2021-11,GBP,25.9,0.14147201410312893,14.1472
FEVR.L,WWF124-R,2021-12,GBP,27.05,0.044401544401544424,4.44015
FEVR.L,WWF124-R,2022-01,GBP,21.33,-0.21146025878003705,-21.146
FEVR.L,WWF124-R,2022-02,GBP,18.735,-0.12165963431786209,-12.166
FEVR.L,WWF124-R,2022-03,GBP,17.91,-0.044035228182546016,-4.40353
FEVR.L,WWF124-R,2022-04,GBP,18.15,0.01340033500837512,1.92462
FEVR.L,WWF124-R,2022-05,GBP,15.38,-0.1526170798898071,-15.2617
FEVR.L,WWF124-R,2022-06,GBP,12.2,-0.20676202860858262,-20.6762
FEVR.L,WWF124-R,2022-07,GBP,10.72,-0.121311475409836,-12.1311
FEVR.L,WWF124-R,2022-08,GBP,9.15,-0.14645522388059706,-14.6455
FEVR.L,WWF124-R,2022-09,GBP,8.375,-0.08469945355191255,-7.85464
FEVR.L,WWF124-R,2022-10,GBP,9.555,0.1408955223880597,14.0896
FEVR.L,WWF124-R,2022-11,GBP,11.65,0.21925693354264797,21.9257
FEVR.L,WWF124-R,2022-12,GBP,10.31,-0.11502145922746776,-11.5021
FEVR.L,WWF124-R,2023-01,GBP,10.89,0.0562560620756547,5.62561
FEVR.L,WWF124-R,2023-02,GBP,10.65,-0.02203856749311295,-2.20386
FEVR.L,WWF124-R,2023-03,GBP,12.84,0.20563380281690136,20.5634
ADE.OL,WY3QLM-R,2018-01,NOK,,,
ADE.OL,WY3QLM-R,2018-02,NOK,,,
ADE.OL,WY3QLM-R,2018-03,NOK,,,
ADE.OL,WY3QLM-R,2018-04,NOK,,,
ADE.OL,WY3QLM-R,2018-05,NOK,,,
ADE.OL,WY3QLM-R,2018-06,NOK,,,
ADE.OL,WY3QLM-R,2018-07,NOK,,,
ADE.OL,WY3QLM-R,2018-08,NOK,,,
ADE.OL,WY3QLM-R,2018-09,NOK,,,
ADE.OL,WY3QLM-R,2018-10,NOK,,,
ADE.OL,WY3QLM-R,2018-11,NOK,,,
ADE.OL,WY3QLM-R,2018-12,NOK,,,
ADE.OL,WY3QLM-R,2019-01,NOK,,,
ADE.OL,WY3QLM-R,2019-02,NOK,,,
ADE.OL,WY3QLM-R,2019-03,NOK,,,
ADE.OL,WY3QLM-R,2019-04,NOK,84.88,,
ADE.OL,WY3QLM-R,2019-05,NOK,97.11,0.14408576814326124,14.4086
ADE.OL,WY3QLM-R,2019-06,NOK,94.0,-0.03202553804963448,-3.20255
ADE.OL,WY3QLM-R,2019-07,NOK,98.5,0.0478723404255319,4.78723
ADE.OL,WY3QLM-R,2019-08,NOK,113.6,0.15329949238578666,15.3299
ADE.OL,WY3QLM-R,2019-09,NOK,105.2,-0.07394366197183089,-7.39437
ADE.OL,WY3QLM-R,2019-10,NOK,105.0,-0.0019011406844107182,-0.190109
ADE.OL,WY3QLM-R,2019-11,NOK,96.0,-0.08571428571428574,-8.57143
ADE.OL,WY3QLM-R,2019-12,NOK,104.0,0.08333333333333326,8.33334
ADE.OL,WY3QLM-R,2020-01,NOK,112.2,0.07884615384615379,7.88461
ADE.OL,WY3QLM-R,2020-02,NOK,98.6,-0.12121212121212133,-12.1212
ADE.OL,WY3QLM-R,2020-03,NOK,93.1,-0.055780933062880345,-5.57809
ADE.OL,WY3QLM-R,2020-04,NOK,84.75,-0.08968850698174002,-8.96885
ADE.OL,WY3QLM-R,2020-05,NOK,103.2,0.21769911504424777,21.7699
ADE.OL,WY3QLM-R,2020-06,NOK,96.9,-0.061046511627906974,-6.10465
ADE.OL,WY3QLM-R,2020-07,NOK,146.8,0.5149638802889578,51.4964
ADE.OL,WY3QLM-R,2020-08,NOK,163.0,0.11035422343324242,11.0354
ADE.OL,WY3QLM-R,2020-09,NOK,160.3,-0.016564417177914015,-1.65644
ADE.OL,WY3QLM-R,2020-10,NOK,147.5,-0.0798502807236432,-7.98503
ADE.OL,WY3QLM-R,2020-11,NOK,146.8,-0.004745762711864332,-0.474572
ADE.OL,WY3QLM-R,2020-12,NOK,144.0,-0.019073569482288888,-1.90736
ADE.OL,WY3QLM-R,2021-01,NOK,127.8,-0.11250000000000004,-11.25
ADE.OL,WY3QLM-R,2021-02,NOK,121.1,-0.05242566510172142,-5.24257
ADE.OL,WY3QLM-R,2021-03,NOK,125.9,0.03963666391412057,3.96367
ADE.OL,WY3QLM-R,2021-04,NOK,152.5,0.21127879269261318,21.1279
ADE.OL,WY3QLM-R,2021-05,NOK,161.25,0.05737704918032782,5.73771
ADE.OL,WY3QLM-R,2021-06,NOK,165.0,0.023255813953488413,2.32558
ADE.OL,WY3QLM-R,2021-07,NOK,169.85,0.029393939393939306,2.9394
ADE.OL,WY3QLM-R,2021-08,NOK,175.0,0.030320871357079726,3.03209
ADE.OL,WY3QLM-R,2021-09,NOK,150.0,-0.1428571428571429,-14.2857
ADE.OL,WY3QLM-R,2021-10,NOK,139.05,-0.07299999999999995,-7.3
ADE.OL,WY3QLM-R,2021-11,NOK,129.6,-0.06796116504854377,-6.79612
ADE.OL,WY3QLM-R,2021-12,NOK,117.3,-0.09490740740740744,-9.49074
ADE.OL,WY3QLM-R,2022-01,NOK,92.6,-0.21057118499573746,-21.0571
ADE.OL,WY3QLM-R,2022-02,NOK,94.46,0.020086393088552867,2.00864
ADE.OL,WY3QLM-R,2022-03,NOK,80.86,-0.14397628625873382,-14.3976
ADE.OL,WY3QLM-R,2022-04,NOK,73.7,-0.08854810784071232,-8.85481
ADE.OL,WY3QLM-R,2022-05,NOK,78.4,0.06377204884667576,6.37721
ADE.OL,WY3QLM-R,2022-06,NOK,71.15,-0.09247448979591832,-9.24745
ADE.OL,WY3QLM-R,2022-07,NOK,72.7,0.021784961349262,2.17849
ADE.OL,WY3QLM-R,2022-08,NOK,81.15,0.11623108665749649,11.6231
ADE.OL,WY3QLM-R,2022-09,NOK,65.0,-0.1990141712877388,-19.9014
ADE.OL,WY3QLM-R,2022-10,NOK,71.2,0.0953846153846154,9.53846
ADE.OL,WY3QLM-R,2022-11,NOK,77.25,0.0849719101123596,8.49719
ADE.OL,WY3QLM-R,2022-12,NOK,65.6,-0.15080906148867324,-15.0809
ADE.OL,WY3QLM-R,2023-01,NOK,85.1,0.2972560975609757,29.7256
ADE.OL,WY3QLM-R,2023-02,NOK,77.7,-0.08695652173913038,-8.69566
ADE.OL,WY3QLM-R,2023-03,NOK,74.25,-0.044401544401544424,-4.44015
WDI.DE,X42QXQ-R,2018-01,EUR,100.3,,7.76835
WDI.DE,X42QXQ-R,2018-02,EUR,98.72,-0.015752741774676005,-1.57527
WDI.DE,X42QXQ-R,2018-03,EUR,95.92,-0.028363047001620734,-2.83631
WDI.DE,X42QXQ-R,2018-04,EUR,113.1,0.1791075896580483,17.9108
WDI.DE,X42QXQ-R,2018-05,EUR,132.15,0.16843501326259958,16.8435
WDI.DE,X42QXQ-R,2018-06,EUR,137.95,0.04388951948543318,4.52516
WDI.DE,X42QXQ-R,2018-07,EUR,159.75,0.1580282711127221,15.8028
WDI.DE,X42QXQ-R,2018-08,EUR,191.3,0.19749608763693272,19.7496
WDI.DE,X42QXQ-R,2018-09,EUR,186.7,-0.024046001045478382,-2.4046
WDI.DE,X42QXQ-R,2018-10,EUR,165.4,-0.11408677021960356,-11.4087
WDI.DE,X42QXQ-R,2018-11,EUR,133.45,-0.19316807738815,-19.3168
WDI.DE,X42QXQ-R,2018-12,EUR,132.8,-0.004870738104158723,-0.487071
WDI.DE,X42QXQ-R,2019-01,EUR,144.7,0.08960843373493965,8.96084
WDI.DE,X42QXQ-R,2019-02,EUR,120.5,-0.16724257083621275,-16.7243
WDI.DE,X42QXQ-R,2019-03,EUR,111.7,-0.07302904564315349,-7.3029
WDI.DE,X42QXQ-R,2019-04,EUR,133.7,0.19695613249776178,19.6956
WDI.DE,X42QXQ-R,2019-05,EUR,140.1,0.04786836200448774,4.78685
WDI.DE,X42QXQ-R,2019-06,EUR,148.05,0.05674518201284817,5.81727
WDI.DE,X42QXQ-R,2019-07,EUR,151.6,0.023978385680513137,2.39784
WDI.DE,X42QXQ-R,2019-08,EUR,145.1,-0.04287598944591031,-4.2876
WDI.DE,X42QXQ-R,2019-09,EUR,146.75,0.011371467953135816,1.13714
WDI.DE,X42QXQ-R,2019-10,EUR,113.55,-0.2262350936967632,-22.6235
WDI.DE,X42QXQ-R,2019-11,EUR,119.8,0.055041831792162155,5.50418
WDI.DE,X42QXQ-R,2019-12,EUR,107.5,-0.10267111853088484,-10.2671
WDI.DE,X42QXQ-R,2020-01,EUR,133.2,0.23906976744186026,23.907
WDI.DE,X42QXQ-R,2020-02,EUR,114.95,-0.13701201201201196,-13.7012
WDI.DE,X42QXQ-R,2020-03,EUR,104.65,-0.0896041757285776,-8.96041
WDI.DE,X42QXQ-R,2020-04,EUR,90.4,-0.13616817964644046,-13.6168
WDI.DE,X42QXQ-R,2020-05,EUR,94.56,0.046017699115044275,4.60176
WDI.DE,X42QXQ-R,2020-06,EUR,5.73,-0.9394035532994924,-93.9403
WDI.DE,X42QXQ-R,2020-07,EUR,1.9344,-0.6624083769633509,-66.2408
WDI.DE,X42QXQ-R,2020-08,EUR,0.62,-0.6794871794871795,-67.9487
WDI.DE,X42QXQ-R,2020-09,EUR,0.7764,0.252258064516129,25.2258
WDI.DE,X42QXQ-R,2020-10,EUR,0.5999,-0.2273312725399279,-22.7331
WDI.DE,X42QXQ-R,2020-11,EUR,0.5124,-0.14585764294049008,-14.5858
WDI.DE,X42QXQ-R,2020-12,EUR,0.311,-0.39305230288836845,-39.3052
WDI.DE,X42QXQ-R,2021-01,EUR,0.4899,0.5752411575562701,57.5241
WDI.DE,X42QXQ-R,2021-02,EUR,0.4109,-0.16125739946927953,-16.1257
WDI.DE,X42QXQ-R,2021-03,EUR,0.392,-0.04599659284497437,-4.59966
WDI.DE,X42QXQ-R,2021-04,EUR,0.3337,-0.14872448979591846,-14.8724
WDI.DE,X42QXQ-R,2021-05,EUR,0.4099,0.22834881630206771,22.8349
WDI.DE,X42QXQ-R,2021-06,EUR,0.3801,-0.07270065869724318,-7.27007
WDI.DE,X42QXQ-R,2021-07,EUR,0.34,-0.1054985530123651,-10.5499
WDI.DE,X42QXQ-R,2021-08,EUR,0.2811,-0.17323529411764704,-17.3235
WDI.DE,X42QXQ-R,2021-09,EUR,0.2298,-0.18249733191035222,-18.2497
WDI.DE,X42QXQ-R,2021-10,EUR,0.1701,-0.2597911227154047,-25.9791
WDI.DE,X42QXQ-R,2021-11,EUR,0.022,-0.8706643151087595,-87.0664
WDI.DE,X42QXQ-R,2021-12,EUR,0.0411,0.8681818181818182,86.8182
WDI.DE,X42QXQ-R,2022-01,EUR,0.0366,-0.10948905109489049,-10.9489
WDI.DE,X42QXQ-R,2022-02,EUR,0.033,-0.09836065573770492,-9.83607
WDI.DE,X42QXQ-R,2022-03,EUR,0.0343,0.039393939393939315,3.93939
WDI.DE,X42QXQ-R,2022-04,EUR,0.035,0.020408163265306367,2.04082
WDI.DE,X42QXQ-R,2022-05,EUR,0.0351,0.0028571428571426694,0.285721
WDI.DE,X42QXQ-R,2022-06,EUR,0.0305,-0.1310541310541311,-13.1054
WDI.DE,X42QXQ-R,2022-07,EUR,0.0273,-0.10491803278688516,-10.4918
WDI.DE,X42QXQ-R,2022-08,EUR,0.0291,0.06593406593406592,6.59341
WDI.DE,X42QXQ-R,2022-09,EUR,0.0131,-0.5498281786941581,-54.9828
WDI.DE,X42QXQ-R,2022-10,EUR,0.0164,0.25190839694656497,25.1908
WDI.DE,X42QXQ-R,2022-11,EUR,0.0143,-0.128048780487805,-12.8049
WDI.DE,X42QXQ-R,2022-12,EUR,0.0131,-0.08391608391608385,-8.39161
WDI.DE,X42QXQ-R,2023-01,EUR,0.0191,0.4580152671755724,45.8015
WDI.DE,X42QXQ-R,2023-02,EUR,0.0159,-0.16753926701570676,-16.7539
WDI.DE,X42QXQ-R,2023-03,EUR,0.017,0.0691823899371069,6.91824
NOK,X699Q2-R,2018-01,USD,4.81,,3.21889
NOK,X699Q2-R,2018-02,USD,5.8,0.2058212058212059,20.5821
NOK,X699Q2-R,2018-03,USD,5.47,-0.05689655172413799,-5.68966
NOK,X699Q2-R,2018-04,USD,6.01,0.09872029250457048,9.87204
NOK,X699Q2-R,2018-05,USD,5.79,-0.03660565723793674,-1.05989
NOK,X699Q2-R,2018-06,USD,5.75,-0.006908462867012077,-0.690848
NOK,X699Q2-R,2018-07,USD,5.4,-0.060869565217391286,-6.08696
NOK,X699Q2-R,2018-08,USD,5.55,0.02777777777777768,2.77778
NOK,X699Q2-R,2018-09,USD,5.58,0.00540540540540535,0.540531
NOK,X699Q2-R,2018-10,USD,5.62,0.007168458781362075,0.716841
NOK,X699Q2-R,2018-11,USD,5.47,-0.026690391459074814,-2.66904
NOK,X699Q2-R,2018-12,USD,5.82,0.06398537477148092,6.39855
NOK,X699Q2-R,2019-01,USD,6.35,0.09106529209621983,9.10653
NOK,X699Q2-R,2019-02,USD,6.09,-0.04094488188976375,-4.09448
NOK,X699Q2-R,2019-03,USD,5.72,-0.06075533661740562,-6.07554
NOK,X699Q2-R,2019-04,USD,5.28,-0.07692307692307687,-7.6923
NOK,X699Q2-R,2019-05,USD,5.05,-0.04356060606060619,-3.55288
NOK,X699Q2-R,2019-06,USD,5.01,-0.007920792079207928,-0.79208
NOK,X699Q2-R,2019-07,USD,5.41,0.07984031936127756,8.83492
NOK,X699Q2-R,2019-08,USD,4.96,-0.08317929759704257,-8.31792
NOK,X699Q2-R,2019-09,USD,5.06,0.020161290322580516,2.01613
NOK,X699Q2-R,2019-10,USD,3.65,-0.2786561264822134,-27.8656
NOK,X699Q2-R,2019-11,USD,3.5,-0.041095890410958846,-4.10959
NOK,X699Q2-R,2019-12,USD,3.71,0.06000000000000005,6.00001
NOK,X699Q2-R,2020-01,USD,3.88,0.04582210242587603,4.58221
NOK,X699Q2-R,2020-02,USD,3.87,-0.002577319587628857,-0.257736
NOK,X699Q2-R,2020-03,USD,3.1,-0.1989664082687338,-19.8966
NOK,X699Q2-R,2020-04,USD,3.58,0.1548387096774193,15.4839
NOK,X699Q2-R,2020-05,USD,3.95,0.1033519553072626,10.3352
NOK,X699Q2-R,2020-06,USD,4.4,0.11392405063291133,11.3924
NOK,X699Q2-R,2020-07,USD,4.78,0.08636363636363642,8.63637
NOK,X699Q2-R,2020-08,USD,4.9,0.025104602510460206,2.51045
NOK,X699Q2-R,2020-09,USD,3.91,-0.2020408163265306,-20.2041
NOK,X699Q2-R,2020-10,USD,3.37,-0.13810741687979544,-13.8107
NOK,X699Q2-R,2020-11,USD,4.03,0.19584569732937696,19.5846
NOK,X699Q2-R,2020-12,USD,3.91,-0.02977667493796532,-2.97767
NOK,X699Q2-R,2021-01,USD,4.56,0.166240409207161,16.624
NOK,X699Q2-R,2021-02,USD,3.92,-0.14035087719298245,-14.0351
NOK,X699Q2-R,2021-03,USD,3.96,0.010204081632652962,1.02041
NOK,X699Q2-R,2021-04,USD,4.68,0.18181818181818166,18.1818
NOK,X699Q2-R,2021-05,USD,5.16,0.10256410256410264,10.2564
NOK,X699Q2-R,2021-06,USD,5.32,0.03100775193798455,3.10078
NOK,X699Q2-R,2021-07,USD,6.08,0.1428571428571428,14.2857
NOK,X699Q2-R,2021-08,USD,5.96,-0.019736842105263164,-1.97368
NOK,X699Q2-R,2021-09,USD,5.45,-0.08557046979865768,-8.55705
NOK,X699Q2-R,2021-10,USD,5.68,0.04220183486238516,4.22019
NOK,X699Q2-R,2021-11,USD,5.6,-0.014084507042253502,-1.40845
NOK,X699Q2-R,2021-12,USD,6.22,0.11071428571428577,11.0714
NOK,X699Q2-R,2022-01,USD,5.9,-0.05144694533762051,-5.14469
NOK,X699Q2-R,2022-02,USD,5.35,-0.09322033898305093,-9.32203
NOK,X699Q2-R,2022-03,USD,5.46,0.020560747663551426,2.05607
NOK,X699Q2-R,2022-04,USD,5.04,-0.07692307692307687,-7.69231
NOK,X699Q2-R,2022-05,USD,5.01,-0.005952380952381042,-0.304544
NOK,X699Q2-R,2022-06,USD,4.61,-0.07984031936127733,-7.98404
NOK,X699Q2-R,2022-07,USD,5.18,0.12364425162689785,12.6769
NOK,X699Q2-R,2022-08,USD,5.05,-0.025096525096525046,-2.50965
NOK,X699Q2-R,2022-09,USD,4.27,-0.15445544554455448,-15.4455
NOK,X699Q2-R,2022-10,USD,4.4,0.030444964871194635,3.36328
NOK,X699Q2-R,2022-11,USD,4.93,0.12045454545454537,12.0454
NOK,X699Q2-R,2022-12,USD,4.64,-0.05882352941176472,-5.88235
NOK,X699Q2-R,2023-01,USD,4.76,0.02586206896551735,2.92
NOK,X699Q2-R,2023-02,USD,4.6,-0.03361344537815125,-3.36135
NOK,X699Q2-R,2023-03,USD,4.91,0.06739130434782625,6.73913
FNAC.PA,X9KJT3-R,2018-01,EUR,93.8,,-6.85203
FNAC.PA,X9KJT3-R,2018-02,EUR,92.2,-0.017057569296375252,-1.70577
FNAC.PA,X9KJT3-R,2018-03,EUR,87.05,-0.05585683297180044,-5.58568
FNAC.PA,X9KJT3-R,2018-04,EUR,89.0,0.02240091901206198,2.24009
FNAC.PA,X9KJT3-R,2018-05,EUR,90.0,0.011235955056179803,1.1236
FNAC.PA,X9KJT3-R,2018-06,EUR,81.45,-0.09499999999999997,-9.5
FNAC.PA,X9KJT3-R,2018-07,EUR,77.7,-0.046040515653775316,-4.60405
FNAC.PA,X9KJT3-R,2018-08,EUR,72.7,-0.0643500643500643,-6.43501
FNAC.PA,X9KJT3-R,2018-09,EUR,67.95,-0.06533700137551579,-6.5337
FNAC.PA,X9KJT3-R,2018-10,EUR,62.9,-0.07431935246504784,-7.43193
FNAC.PA,X9KJT3-R,2018-11,EUR,59.95,-0.04689984101748801,-4.68999
FNAC.PA,X9KJT3-R,2018-12,EUR,57.1,-0.047539616346955804,-4.75397
FNAC.PA,X9KJT3-R,2019-01,EUR,61.5,0.07705779334500873,7.70578
FNAC.PA,X9KJT3-R,2019-02,EUR,74.05,0.20406504065040654,20.4065
FNAC.PA,X9KJT3-R,2019-03,EUR,66.55,-0.10128291694800806,-10.1283
FNAC.PA,X9KJT3-R,2019-04,EUR,78.35,0.17731029301277235,17.731
FNAC.PA,X9KJT3-R,2019-05,EUR,68.2,-0.12954690491384802,-12.9547
FNAC.PA,X9KJT3-R,2019-06,EUR,65.3,-0.042521994134897434,-4.25219
FNAC.PA,X9KJT3-R,2019-07,EUR,63.45,-0.02833078101071962,-2.83308
FNAC.PA,X9KJT3-R,2019-08,EUR,59.35,-0.06461780929866034,-6.46179
FNAC.PA,X9KJT3-R,2019-09,EUR,58.0,-0.022746419545071617,-2.27464
FNAC.PA,X9KJT3-R,2019-10,EUR,51.85,-0.10603448275862071,-10.6035
FNAC.PA,X9KJT3-R,2019-11,EUR,51.0,-0.016393442622950838,-1.63934
FNAC.PA,X9KJT3-R,2019-12,EUR,52.8,0.0352941176470587,3.52941
FNAC.PA,X9KJT3-R,2020-01,EUR,44.06,-0.16553030303030292,-16.553
FNAC.PA,X9KJT3-R,2020-02,EUR,41.12,-0.06672719019518847,-6.67272
FNAC.PA,X9KJT3-R,2020-03,EUR,23.66,-0.4246108949416342,-42.4611
FNAC.PA,X9KJT3-R,2020-04,EUR,29.42,0.24344885883347422,24.3449
FNAC.PA,X9KJT3-R,2020-05,EUR,29.34,-0.002719238613188346,-0.271922
FNAC.PA,X9KJT3-R,2020-06,EUR,36.76,0.252897068847989,25.2897
FNAC.PA,X9KJT3-R,2020-07,EUR,33.48,-0.08922742110990212,-8.92274
FNAC.PA,X9KJT3-R,2020-08,EUR,36.6,0.0931899641577063,9.31899
FNAC.PA,X9KJT3-R,2020-09,EUR,38.4,0.04918032786885229,4.91804
FNAC.PA,X9KJT3-R,2020-10,EUR,36.88,-0.03958333333333319,-3.95833
FNAC.PA,X9KJT3-R,2020-11,EUR,45.08,0.22234273318872,22.2343
FNAC.PA,X9KJT3-R,2020-12,EUR,52.7,0.1690328305235138,16.9033
FNAC.PA,X9KJT3-R,2021-01,EUR,46.42,-0.11916508538899429,-11.9165
FNAC.PA,X9KJT3-R,2021-02,EUR,50.25,0.08250753985351134,8.25076
FNAC.PA,X9KJT3-R,2021-03,EUR,52.35,0.04179104477611939,4.1791
FNAC.PA,X9KJT3-R,2021-04,EUR,58.65,0.12034383954154726,12.0344
FNAC.PA,X9KJT3-R,2021-05,EUR,57.8,-0.01449275362318847,-1.44928
FNAC.PA,X9KJT3-R,2021-06,EUR,54.25,-0.061418685121107264,-6.14187
FNAC.PA,X9KJT3-R,2021-07,EUR,58.5,0.07834101382488479,9.67742
FNAC.PA,X9KJT3-R,2021-08,EUR,57.7,-0.013675213675213627,-1.36752
FNAC.PA,X9KJT3-R,2021-09,EUR,56.8,-0.015597920277296451,-1.55979
FNAC.PA,X9KJT3-R,2021-10,EUR,56.05,-0.01320422535211263,-1.32042
FNAC.PA,X9KJT3-R,2021-11,EUR,53.45,-0.046387154326494096,-4.63871
FNAC.PA,X9KJT3-R,2021-12,EUR,57.5,0.07577174929840957,7.57717
FNAC.PA,X9KJT3-R,2022-01,EUR,52.45,-0.08782608695652172,-8.78261
FNAC.PA,X9KJT3-R,2022-02,EUR,49.38,-0.05853193517635846,-5.85319
FNAC.PA,X9KJT3-R,2022-03,EUR,46.56,-0.057108140947752184,-5.71081
FNAC.PA,X9KJT3-R,2022-04,EUR,47.36,0.01718213058419238,1.71821
FNAC.PA,X9KJT3-R,2022-05,EUR,47.3,-0.0012668918918918859,-0.12669
FNAC.PA,X9KJT3-R,2022-06,EUR,40.44,-0.14503171247357294,-10.2748
FNAC.PA,X9KJT3-R,2022-07,EUR,39.12,-0.03264094955489616,-3.26409
FNAC.PA,X9KJT3-R,2022-08,EUR,33.6,-0.14110429447852757,-14.1104
FNAC.PA,X9KJT3-R,2022-09,EUR,28.4,-0.15476190476190488,-15.4762
FNAC.PA,X9KJT3-R,2022-10,EUR,31.28,0.10140845070422544,10.1408
FNAC.PA,X9KJT3-R,2022-11,EUR,35.22,0.1259590792838874,12.5959
FNAC.PA,X9KJT3-R,2022-12,EUR,34.44,-0.022146507666098825,-2.21466
FNAC.PA,X9KJT3-R,2023-01,EUR,34.06,-0.011033681765388992,-1.10336
FNAC.PA,X9KJT3-R,2023-02,EUR,36.08,0.0593071051086318,5.93071
FNAC.PA,X9KJT3-R,2023-03,EUR,33.98,-0.05820399113082042,-5.82041
ONWD.BR,X9PJS6-R,2018-01,EUR,,,
ONWD.BR,X9PJS6-R,2018-02,EUR,,,
ONWD.BR,X9PJS6-R,2018-03,EUR,,,
ONWD.BR,X9PJS6-R,2018-04,EUR,,,
ONWD.BR,X9PJS6-R,2018-05,EUR,,,
ONWD.BR,X9PJS6-R,2018-06,EUR,,,
ONWD.BR,X9PJS6-R,2018-07,EUR,,,
ONWD.BR,X9PJS6-R,2018-08,EUR,,,
ONWD.BR,X9PJS6-R,2018-09,EUR,,,
ONWD.BR,X9PJS6-R,2018-10,EUR,,,
ONWD.BR,X9PJS6-R,2018-11,EUR,,,
ONWD.BR,X9PJS6-R,2018-12,EUR,,,
ONWD.BR,X9PJS6-R,2019-01,EUR,,,
ONWD.BR,X9PJS6-R,2019-02,EUR,,,
ONWD.BR,X9PJS6-R,2019-03,EUR,,,
ONWD.BR,X9PJS6-R,2019-04,EUR,,,
ONWD.BR,X9PJS6-R,2019-05,EUR,,,
ONWD.BR,X9PJS6-R,2019-06,EUR,,,
ONWD.BR,X9PJS6-R,2019-07,EUR,,,
ONWD.BR,X9PJS6-R,2019-08,EUR,,,
ONWD.BR,X9PJS6-R,2019-09,EUR,,,
ONWD.BR,X9PJS6-R,2019-10,EUR,,,
ONWD.BR,X9PJS6-R,2019-11,EUR,,,
ONWD.BR,X9PJS6-R,2019-12,EUR,,,
ONWD.BR,X9PJS6-R,2020-01,EUR,,,
ONWD.BR,X9PJS6-R,2020-02,EUR,,,
ONWD.BR,X9PJS6-R,2020-03,EUR,,,
ONWD.BR,X9PJS6-R,2020-04,EUR,,,
ONWD.BR,X9PJS6-R,2020-05,EUR,,,
ONWD.BR,X9PJS6-R,2020-06,EUR,,,
ONWD.BR,X9PJS6-R,2020-07,EUR,,,
ONWD.BR,X9PJS6-R,2020-08,EUR,,,
ONWD.BR,X9PJS6-R,2020-09,EUR,,,
ONWD.BR,X9PJS6-R,2020-10,EUR,,,
ONWD.BR,X9PJS6-R,2020-11,EUR,,,
ONWD.BR,X9PJS6-R,2020-12,EUR,,,
ONWD.BR,X9PJS6-R,2021-01,EUR,,,
ONWD.BR,X9PJS6-R,2021-02,EUR,,,
ONWD.BR,X9PJS6-R,2021-03,EUR,,,
ONWD.BR,X9PJS6-R,2021-04,EUR,,,
ONWD.BR,X9PJS6-R,2021-05,EUR,,,
ONWD.BR,X9PJS6-R,2021-06,EUR,,,
ONWD.BR,X9PJS6-R,2021-07,EUR,,,
ONWD.BR,X9PJS6-R,2021-08,EUR,,,
ONWD.BR,X9PJS6-R,2021-09,EUR,,,
ONWD.BR,X9PJS6-R,2021-10,EUR,12.9,,
ONWD.BR,X9PJS6-R,2021-11,EUR,9.1,-0.2945736434108528,-29.4574
ONWD.BR,X9PJS6-R,2021-12,EUR,10.2,0.1208791208791209,12.0879
ONWD.BR,X9PJS6-R,2022-01,EUR,7.97,-0.21862745098039216,-21.8627
ONWD.BR,X9PJS6-R,2022-02,EUR,9.5,0.19196988707653695,19.197
ONWD.BR,X9PJS6-R,2022-03,EUR,7.6,-0.20000000000000007,-20.0
ONWD.BR,X9PJS6-R,2022-04,EUR,7.8,0.026315789473684292,2.63158
ONWD.BR,X9PJS6-R,2022-05,EUR,6.75,-0.13461538461538458,-13.4615
ONWD.BR,X9PJS6-R,2022-06,EUR,5.2,-0.22962962962962963,-22.963
ONWD.BR,X9PJS6-R,2022-07,EUR,4.975,-0.04326923076923084,-4.32692
ONWD.BR,X9PJS6-R,2022-08,EUR,4.86,-0.02311557788944707,-2.31155
ONWD.BR,X9PJS6-R,2022-09,EUR,5.3,0.09053497942386812,9.0535
ONWD.BR,X9PJS6-R,2022-10,EUR,6.05,0.14150943396226423,14.1509
ONWD.BR,X9PJS6-R,2022-11,EUR,6.18,0.02148760330578514,2.14876
ONWD.BR,X9PJS6-R,2022-12,EUR,6.22,0.006472491909385036,0.647247
ONWD.BR,X9PJS6-R,2023-01,EUR,5.72,-0.08038585209003213,-8.03859
ONWD.BR,X9PJS6-R,2023-02,EUR,4.975,-0.13024475524475532,-13.0245
ONWD.BR,X9PJS6-R,2023-03,EUR,4.7,-0.055276381909547645,-5.52764
AF-B.ST,XJLJJN-R,2018-01,SEK,168.253,,4.4776
AF-B.ST,XJLJJN-R,2018-02,SEK,171.102,0.016932833292720106,1.69312
AF-B.ST,XJLJJN-R,2018-03,SEK,162.199,-0.05203329008427715,-5.20291
AF-B.ST,XJLJJN-R,2018-04,SEK,162.644,0.0027435434250520085,3.01865
AF-B.ST,XJLJJN-R,2018-05,SEK,183.031,0.12534738447160665,12.5342
AF-B.ST,XJLJJN-R,2018-06,SEK,182.318,-0.0038955149674098077,-0.389111
AF-B.ST,XJLJJN-R,2018-07,SEK,194.604,0.06738775107230222,6.73828
AF-B.ST,XJLJJN-R,2018-08,SEK,183.387,-0.057640130727014904,-5.76395
AF-B.ST,XJLJJN-R,2018-09,SEK,182.853,-0.0029118748875328615,-0.291258
AF-B.ST,XJLJJN-R,2018-10,SEK,174.751,-0.044308816371620985,-4.43038
AF-B.ST,XJLJJN-R,2018-11,SEK,162.644,-0.069281434727126,-6.92818
AF-B.ST,XJLJJN-R,2018-12,SEK,142.792,-0.12205799168736631,-12.2058
AF-B.ST,XJLJJN-R,2019-01,SEK,141.546,-0.008725979046445231,-0.872809
AF-B.ST,XJLJJN-R,2019-02,SEK,149.736,0.05786104870501463,5.78616
AF-B.ST,XJLJJN-R,2019-03,SEK,155.0,0.03515520649676773,3.51545
AF-B.ST,XJLJJN-R,2019-04,SEK,177.0,0.14193548387096766,14.1935
AF-B.ST,XJLJJN-R,2019-05,SEK,199.2,0.12542372881355934,15.3672
AF-B.ST,XJLJJN-R,2019-06,SEK,210.2,0.05522088353413657,5.52208
AF-B.ST,XJLJJN-R,2019-07,SEK,227.4,0.08182683158896298,8.18268
AF-B.ST,XJLJJN-R,2019-08,SEK,221.2,-0.027264731750219928,-2.72647
AF-B.ST,XJLJJN-R,2019-09,SEK,198.0,-0.10488245931283902,-10.4882
AF-B.ST,XJLJJN-R,2019-10,SEK,205.2,0.036363636363636376,3.63636
AF-B.ST,XJLJJN-R,2019-11,SEK,207.2,0.00974658869395717,0.974655
AF-B.ST,XJLJJN-R,2019-12,SEK,218.6,0.055019305019305076,5.50194
AF-B.ST,XJLJJN-R,2020-01,SEK,245.2,0.12168344007319298,12.1683
AF-B.ST,XJLJJN-R,2020-02,SEK,216.4,-0.11745513866231638,-11.7455
AF-B.ST,XJLJJN-R,2020-03,SEK,152.3,-0.29621072088724576,-29.6211
AF-B.ST,XJLJJN-R,2020-04,SEK,178.5,0.17202889034799718,17.2029
AF-B.ST,XJLJJN-R,2020-05,SEK,201.0,0.12605042016806722,12.605
AF-B.ST,XJLJJN-R,2020-06,SEK,200.0,-0.00497512437810943,-0.497514
AF-B.ST,XJLJJN-R,2020-07,SEK,224.0,0.1200000000000001,12.0
AF-B.ST,XJLJJN-R,2020-08,SEK,241.0,0.0758928571428572,7.58928
AF-B.ST,XJLJJN-R,2020-09,SEK,253.8,0.05311203319502078,5.3112
AF-B.ST,XJLJJN-R,2020-10,SEK,203.2,-0.19936958234830582,-19.937
AF-B.ST,XJLJJN-R,2020-11,SEK,243.8,0.1998031496062993,19.9803
AF-B.ST,XJLJJN-R,2020-12,SEK,251.2,0.03035274815422473,3.03527
AF-B.ST,XJLJJN-R,2021-01,SEK,228.6,-0.08996815286624205,-8.99682
AF-B.ST,XJLJJN-R,2021-02,SEK,229.8,0.005249343832021136,0.524938
AF-B.ST,XJLJJN-R,2021-03,SEK,258.4,0.12445604873803284,12.4456
AF-B.ST,XJLJJN-R,2021-04,SEK,277.0,0.07198142414860698,7.19814
AF-B.ST,XJLJJN-R,2021-05,SEK,283.2,0.02238267148014428,2.23827
AF-B.ST,XJLJJN-R,2021-06,SEK,281.6,-0.005649717514124131,1.20057
AF-B.ST,XJLJJN-R,2021-07,SEK,293.4,0.04190340909090895,4.19034
AF-B.ST,XJLJJN-R,2021-08,SEK,290.0,-0.011588275391956282,-1.15883
AF-B.ST,XJLJJN-R,2021-09,SEK,267.6,-0.0772413793103448,-7.72414
AF-B.ST,XJLJJN-R,2021-10,SEK,255.8,-0.044095665171898446,-4.40957
AF-B.ST,XJLJJN-R,2021-11,SEK,252.8,-0.011727912431587217,-1.17279
AF-B.ST,XJLJJN-R,2021-12,SEK,255.0,0.008702531645569556,0.870252
AF-B.ST,XJLJJN-R,2022-01,SEK,207.6,-0.1858823529411765,-18.5882
AF-B.ST,XJLJJN-R,2022-02,SEK,181.4,-0.12620423892100185,-12.6204
AF-B.ST,XJLJJN-R,2022-03,SEK,190.0,0.047409040793825685,4.74091
AF-B.ST,XJLJJN-R,2022-04,SEK,163.9,-0.13736842105263158,-10.8421
AF-B.ST,XJLJJN-R,2022-05,SEK,157.1,-0.04148871262965226,-4.14886
AF-B.ST,XJLJJN-R,2022-06,SEK,140.4,-0.10630171865054094,-10.6302
AF-B.ST,XJLJJN-R,2022-07,SEK,154.6,0.10113960113960108,10.114
AF-B.ST,XJLJJN-R,2022-08,SEK,141.0,-0.0879689521345407,-8.7969
AF-B.ST,XJLJJN-R,2022-09,SEK,140.3,-0.00496453900709215,-0.496453
AF-B.ST,XJLJJN-R,2022-10,SEK,148.3,0.057020669992872364,5.70207
AF-B.ST,XJLJJN-R,2022-11,SEK,172.3,0.1618341200269724,16.1834
AF-B.ST,XJLJJN-R,2022-12,SEK,170.9,-0.008125362739408004,-0.812542
AF-B.ST,XJLJJN-R,2023-01,SEK,188.4,0.10239906377998831,10.2399
AF-B.ST,XJLJJN-R,2023-02,SEK,180.9,-0.039808917197452276,-3.98089
AF-B.ST,XJLJJN-R,2023-03,SEK,186.7,0.03206191265892744,3.20619
BOKU.L,XJM8M0-R,2018-01,GBP,0.845,,15.7535
BOKU.L,XJM8M0-R,2018-02,GBP,0.825,-0.023668639053254448,-2.36687
BOKU.L,XJM8M0-R,2018-03,GBP,0.83,0.0060606060606061,0.606084
BOKU.L,XJM8M0-R,2018-04,GBP,1.065,0.2831325301204819,28.3132
BOKU.L,XJM8M0-R,2018-05,GBP,1.0025,-0.05868544600938963,-5.86855
BOKU.L,XJM8M0-R,2018-06,GBP,1.05,0.04738154613466339,4.73818
BOKU.L,XJM8M0-R,2018-07,GBP,1.305,0.24285714285714266,24.2857
BOKU.L,XJM8M0-R,2018-08,GBP,1.8,0.3793103448275863,37.931
BOKU.L,XJM8M0-R,2018-09,GBP,1.715,-0.047222222222222165,-4.72221
BOKU.L,XJM8M0-R,2018-10,GBP,1.285,-0.25072886297376107,-25.0729
BOKU.L,XJM8M0-R,2018-11,GBP,1.005,-0.2178988326848249,-21.7899
BOKU.L,XJM8M0-R,2018-12,GBP,0.704999,-0.29850845771144263,-29.8508
BOKU.L,XJM8M0-R,2019-01,GBP,0.894999,0.2695039283743663,26.9504
BOKU.L,XJM8M0-R,2019-02,GBP,0.819999,-0.0837989763117053,-8.37991
BOKU.L,XJM8M0-R,2019-03,GBP,1.045,0.274391798038778,27.4391
BOKU.L,XJM8M0-R,2019-04,GBP,1.31,0.2535885167464116,25.3588
BOKU.L,XJM8M0-R,2019-05,GBP,1.4,0.06870229007633566,6.8702
BOKU.L,XJM8M0-R,2019-06,GBP,1.14,-0.18571428571428572,-18.5714
BOKU.L,XJM8M0-R,2019-07,GBP,1.225,0.07456140350877205,7.4562
BOKU.L,XJM8M0-R,2019-08,GBP,1.025,-0.16326530612244916,-16.3265
BOKU.L,XJM8M0-R,2019-09,GBP,0.995,-0.029268292682926744,-2.92686
BOKU.L,XJM8M0-R,2019-10,GBP,1.005,0.010050251256281229,1.00507
BOKU.L,XJM8M0-R,2019-11,GBP,0.855,-0.14925373134328346,-14.9254
BOKU.L,XJM8M0-R,2019-12,GBP,0.864999,0.011694736842105202,1.16957
BOKU.L,XJM8M0-R,2020-01,GBP,0.839999,-0.028901767516494092,-2.89019
BOKU.L,XJM8M0-R,2020-02,GBP,0.585,-0.30357059948880905,-30.3571
BOKU.L,XJM8M0-R,2020-03,GBP,0.819999,0.40170769230769254,40.1709
BOKU.L,XJM8M0-R,2020-04,GBP,0.795,-0.030486622544661612,-3.0487
BOKU.L,XJM8M0-R,2020-05,GBP,0.845,0.06289308176100628,6.28928
BOKU.L,XJM8M0-R,2020-06,GBP,0.98,0.15976331360946738,15.9764
BOKU.L,XJM8M0-R,2020-07,GBP,0.82,-0.16326530612244905,-16.3265
BOKU.L,XJM8M0-R,2020-08,GBP,0.920958,0.12311951219512207,12.312
BOKU.L,XJM8M0-R,2020-09,GBP,0.914999,-0.00647043621967569,-0.647038
BOKU.L,XJM8M0-R,2020-10,GBP,1.215,0.3278703036833921,32.7869
BOKU.L,XJM8M0-R,2020-11,GBP,1.225,0.008230452674897082,0.823092
BOKU.L,XJM8M0-R,2020-12,GBP,1.445,0.1795918367346938,17.9592
BOKU.L,XJM8M0-R,2021-01,GBP,1.415,-0.02076124567474047,-2.07613
BOKU.L,XJM8M0-R,2021-02,GBP,1.565,0.10600706713780905,10.6007
BOKU.L,XJM8M0-R,2021-03,GBP,1.77,0.1309904153354633,13.0991
BOKU.L,XJM8M0-R,2021-04,GBP,1.775,0.0028248587570620654,0.282466
BOKU.L,XJM8M0-R,2021-05,GBP,1.69563,-0.04471549295774646,-4.4713
BOKU.L,XJM8M0-R,2021-06,GBP,1.71,0.008474726207958083,0.847197
BOKU.L,XJM8M0-R,2021-07,GBP,1.99,0.16374269005847952,16.3743
BOKU.L,XJM8M0-R,2021-08,GBP,1.935,-0.027638190954773822,-2.76384
BOKU.L,XJM8M0-R,2021-09,GBP,1.955,0.010335917312661591,1.03362
BOKU.L,XJM8M0-R,2021-10,GBP,1.895,-0.03069053708439895,-3.06905
BOKU.L,XJM8M0-R,2021-11,GBP,1.75,-0.07651715039577833,-7.65171
BOKU.L,XJM8M0-R,2021-12,GBP,1.645,-0.05999999999999994,-6.00001
BOKU.L,XJM8M0-R,2022-01,GBP,1.625,-0.012158054711246202,-1.2158
BOKU.L,XJM8M0-R,2022-02,GBP,1.325,-0.18461538461538463,-18.4616
BOKU.L,XJM8M0-R,2022-03,GBP,1.105,-0.16603773584905657,-16.6038
BOKU.L,XJM8M0-R,2022-04,GBP,1.185,0.07239819004524883,7.23981
BOKU.L,XJM8M0-R,2022-05,GBP,1.065,-0.10126582278481022,-10.1266
BOKU.L,XJM8M0-R,2022-06,GBP,1.03,-0.032863849765258135,-3.28639
BOKU.L,XJM8M0-R,2022-07,GBP,0.975,-0.05339805825242727,-5.33981
BOKU.L,XJM8M0-R,2022-08,GBP,0.944999,-0.030770256410256325,-3.07697
BOKU.L,XJM8M0-R,2022-09,GBP,1.115,0.17989542846077078,17.9895
BOKU.L,XJM8M0-R,2022-10,GBP,1.31,0.17488789237668168,17.4888
BOKU.L,XJM8M0-R,2022-11,GBP,1.325,0.011450381679389166,1.14504
BOKU.L,XJM8M0-R,2022-12,GBP,1.395,0.05283018867924527,5.28301
BOKU.L,XJM8M0-R,2023-01,GBP,1.45,0.03942652329749108,3.94263
BOKU.L,XJM8M0-R,2023-02,GBP,1.455,0.0034482758620690834,0.344837
BOKU.L,XJM8M0-R,2023-03,GBP,1.37,-0.05841924398625431,-5.84191
