Date Posted,Activity,Description,Principal Cash
01/02/19,Sale,"Sold 10,574.15 Units Of 10,574.15 -10,574.15 First Am Govt Ob Fd Cl X Trade Date 1/2/19 First Am Govt Ob Fd Cl X Interest From 12/1/18 To 12/31/18",0.00
01/03/19,Purchase,Purchased 123.3 Units Of -123.30 123.30 First Am Govt Ob Fd Cl X Trade Date 1/3/19 Transfer From Another Account,0.00
01/07/19,Purchase,"Purchased 2,704.58 Units Of -2,704.58 2,704.58 First Am Govt Ob Fd Cl X Trade Date 1/7/19",0.00
01/08/19,Sale,Sold 405.97 Units Of 405.97 -405.97 First Am Govt Ob Fd Cl X Trade Date 1/8/19 Transfer From Another Account 16664 00- -A -UC-UZ -001-04,0.00
01/09/19,Purchase,"Purchased 35,594.27 Units Of -35,594.27 35,594.27 First Am Govt Ob Fd Cl X Trade Date 1/9/19",0.00
01/10/19,Sale,"Sold 8,338.29 Units Of 8,338.29 -8,338.29 First Am Govt Ob Fd Cl X Trade Date 1/10/19",-30.00
01/11/19,Sale,Sold 30 Units Of 30.00 -30.00 First Am Govt Ob Fd Cl X Trade Date 1/11/19,0.00
01/14/19,Sale,"Sold 1,652.23 Units Of 1,652.23 -1,652.23 First Am Govt Ob Fd Cl X Trade Date 1/14/19 Transfer From Another Account",0.00
01/17/19,Purchase,"Purchased 5,600 Units Of -5,600.00 5,600.00 First Am Govt Ob Fd Cl X Trade Date 1/17/19 Askul Corp Npv 18 JPY/Share On 3,000 Shares Due 1/21/19 Received 54,000 JPY Valued At 109.81 JPY For 491.76 USD 16664 00- -A -UC-UZ -001-04",0.00
01/22/19,Sale,"Sold 45,730.00 Units Of 416.45 -416.45 Yen Trade Date 1/21/19 Value Date 1/22/19 Book Value 45,730 JPY Traded At 109.81 JPY To 1 USD Valued At 109.81 JPY For 416.45 USD Net Proceeds 416.45 USD Repatriating Askul Corp Npv Transfer To Income Askul Corp Npv Repatriating Askul Corp Npv Transfer From Principal Askul Corp Npv Repatriating Askul Corp Npv",832.90
01/22/19,Sale,"Sold 15,242.66 Units Of 15,242.66 -15,242.66 First Am Govt Ob Fd Cl X Trade Date 1/22/19","16,075.56"
01/22/19,Purchase,"Purchased 5,000 Shares Of -21,422.47 21,299.08 Ds Smith Plc Net Cost 21,422.47 USD Trade Date 1/17/19 Purchased Through Crst 784 Jpmorgan Secs Ltd Paid 10.66 USD Brokerage Paid 107.24 USD Misc Fee1 Book Value 16,561.63 GBP Traded At 0.77309619 GBP To 1 USD Valued At 0.777575 GBP For 21,299.08 USD 5,000 Shares At 3.29400053 GBP 16664 00- -A -UC-UZ -001-04","-5,346.91"
01/22/19,Purchase,"Purchased 500 Shares Of -50,016.08 50,025.31 Orpea Net Cost 50,016.08 USD Trade Date 1/17/19 Purchased Through Jpmsgb2l Jp Morgan Sec London Paid 24.92 USD Brokerage Paid 149.55 USD Misc Fee1 Book Value 43,903.01 EUR Traded At 0.87777811 EUR To 1 USD Valued At 0.877616 EUR For 50,025.31 USD 500 Shares At 87.49978321 EUR","-55,362.99"
01/22/19,Sale,"Sold 800 Shares Of 56,195.89 -77,690.13 Fnac Darty Eur1 Net Proceeds 56,195.89 USD Trade Date 1/17/19 Sold Through Jpmsgb2l Jp Morgan Sec London Paid 28.11 USD Brokerage Book Value 66,529.43 EUR Local Proceeds 49,335.32 EUR Traded At 0.87791687 EUR To 1 USD Valued At 0.877616 EUR For 56,215.16 USD 800 Shares At 61.6999978 EUR 45,730 Yen 99999JPY3",832.90
01/23/19,Sale,"Sold 75,726.33 Units Of 75,726.33 -75,726.33 First Am Govt Ob Fd Cl X Trade Date 1/23/19","76,142.78"
01/23/19,Purchase,"Purchased 250 Shares Of -76,142.78 76,142.78 Lvmh Moet Hennessy Vuitton SE Net Cost 76,142.78 USD Trade Date 1/9/19 Purchased Through Jpmsgb2l Jp Morgan Sec London Book Value 66,549.63 EUR Traded At 0.874011 EUR To 1 USD Valued At 0.874011 EUR For 76,142.78 USD 250 Shares At 266.19850916 EUR Transfer From Another Account 16664 00- -A -UC-UZ -001-04",0.00
01/25/19,Purchase,"Purchased 20,592.83 Units Of -20,592.83 20,592.83 First Am Govt Ob Fd Cl X Trade Date 1/25/19 Ferrari Nv Book Decreased By 17.58 USD To 126,952.57 USD Fed Basis Decreased By 17.58 USD To 126,952.57 USD Through Tax Free Return Of Capital No Cash Received Return Of Capital Nontaxable Dividend Adjustment Transfer From Another Account",0.00
01/28/19,Purchase,"Purchased 7,492.52 Units Of -7,492.52 7,492.52 First Am Govt Ob Fd Cl X Trade Date 1/28/19 B H P Billiton Limited A D R 2.04 USD/Share On 1,650 Shares Due 1/30/19 Special Dividend Transfer From Another Account",0.00
01/31/19,Purchase,"Purchased 45,313.92 Units Of -45,313.92 45,313.92 First Am Govt Ob Fd Cl X Trade Date 1/31/19 16664 00- -A -UC-UZ -001-04",0.00
02/04/19,Purchase,Purchased 251.16 Units Of -251.16 251.16 First Am Govt Ob Fd Cl X Trade Date 2/4/19 Transfer From Another Account,0.00
02/05/19,Purchase,"Purchased 53,796.4 Units Of -53,796.40 53,796.40 First Am Govt Ob Fd Cl X Trade Date 2/5/19 Transfer From Another Account",0.00
02/07/19,Purchase,"Purchased 36,101.5 Units Of -36,101.50 36,101.50 First Am Govt Ob Fd Cl X Trade Date 2/7/19",0.00
02/08/19,Sale,"Sold 63,141.39 Units Of 63,141.39 -63,141.39 First Am Govt Ob Fd Cl X Trade Date 2/8/19 Transfer From Another Account",0.00
02/12/19,Purchase,"Purchased 18,173.72 Units Of -18,173.72 18,173.72 First Am Govt Ob Fd Cl X Trade Date 2/12/19",0.00
02/14/19,Sale,"Sold 12,235.23 Units Of 12,235.23 -12,235.23 First Am Govt Ob Fd Cl X Trade Date 2/14/19",0.00
02/19/19,Sale,"Sold 129,165.2 Units Of 129,165.20 -129,165.20 First Am Govt Ob Fd Cl X Trade Date 2/19/19","50,870.47"
02/19/19,Purchase,"Purchased 4,000 Shares Of -50,870.47 50,819.13 Pva Tepla Ag Net Cost 50,870.47 USD Trade Date 2/14/19 Purchased Through Jpmsgb2leql Jp Morgan Eq Lndn Paid 25.42 USD Brokerage Purchased On The Boerse Frankfurt - Regulierter Book Value 45,022.50 EUR Traded At 0.88504195 EUR To 1 USD Valued At 0.885936 EUR For 50,819.13 USD 4,000 Shares At 11.25 EUR 16664 00- -A -UC-UZ -001-04",0.00
02/20/19,Sale,Sold 448.39 Units Of 448.39 -448.39 First Am Govt Ob Fd Cl X Trade Date 2/20/19 Transfer From Another Account,0.00
02/21/19,Purchase,"Purchased 59,515.61 Units Of -59,515.61 59,515.61 First Am Govt Ob Fd Cl X Trade Date 2/21/19 Nas Pass Through T Subs Rt 3/08/19 Valued At 8.62185 NOK For 0.00 USD Market Value Of 53,352.82 USD Ca Rights Distribution 7742123 Exdt 2/20/19",0.00
02/25/19,Purchase,"Purchased 50,348.34 Units Of -50,348.34 50,348.34 First Am Govt Ob Fd Cl X Trade Date 2/25/19","-50,348.34"
02/25/19,Sale,"Sold 400 Shares Of 50,348.34 -53,856.96 Ferrari Nv Trade Date 2/21/19 Sold Through J.P. Morgan Securities LLC Paid 4.00 USD Brokerage Paid 0.66 USD Sec Fee 400 Shares At 125.8825 USD Transfer From Another Account",0.00
02/26/19,Purchase,"Purchased 115,295.26 Units Of -115,295.26 115,295.26 First Am Govt Ob Fd Cl X Trade Date 2/26/19 16664 00- -A -UC-UZ -001-04","-85,524.44"
02/26/19,Sale,"Sold 2,000 Shares Of 85,524.44 -88,511.68 Basware Oyj Npv Net Proceeds 85,524.44 USD Trade Date 2/22/19 Sold Through Jpmsgb2l Jp Morgan Sec London Paid 42.78 USD Brokerage Book Value 66,563.54 EUR Local Proceeds 75,441.66 EUR Traded At 0.88210645 EUR To 1 USD Valued At 0.881251 EUR For 85,607.46 USD 2,000 Shares At 37.7397 EUR Transfer From Another Account",0.00
02/27/19,Purchase,"Purchased 30,915.61 Units Of -30,915.61 30,915.61 First Am Govt Ob Fd Cl X Trade Date 2/27/19 Transfer From Another Account",0.00
02/28/19,Sale,"Sold 40,492.98 Units Of 40,492.98 -40,492.98 First Am Govt Ob Fd Cl X Trade Date 2/28/19","46,188.60"
02/28/19,Purchase,"Purchased 2,000 Shares Of -46,188.60 46,179.01 Fancl Corp Net Cost 46,188.60 USD Trade Date 2/25/19 Purchased Through Jpmsgb2l Jp Morgan Sec London Paid 23.08 USD Brokerage Book Value 5,114,556 JPY Traded At 110.7319988 JPY To 1 USD Valued At 110.755 JPY For 46,179.01 USD 2,000 Shares At 2,556 JPY",0.00
03/01/19,Sale,"Sold 94,905.16 Units Of 94,905.16 -94,905.16 First Am Govt Ob Fd Cl X Trade Date 3/1/19","38,000.50"
03/01/19,Purchase,"Purchased 1,000 Shares Of -38,000.50 38,000.50 Line Corp A D R Trade Date 2/27/19 Purchased Through J.P. Morgan Securities LLC Paid 10.00 USD Brokerage 1,000 Shares At 37.9905 USD First Am Govt Ob Fd Cl X Interest From 2/1/19 To 2/28/19",0.00
03/04/19,Sale,"Sold 16,093.48 Units Of 16,093.48 -16,093.48 First Am Govt Ob Fd Cl X Trade Date 3/4/19",0.00
03/05/19,Sale,"Sold 3,664.51 Units Of 3,664.51 -3,664.51 First Am Govt Ob Fd Cl X Trade Date 3/5/19",0.00
03/06/19,Sale,"Sold 2,476.55 Units Of 2,476.55 -2,476.55 First Am Govt Ob Fd Cl X Trade Date 3/6/19 Transfer From Another Account",0.00
03/07/19,Purchase,"Purchased 4,330.05 Units Of -4,330.05 4,330.05 First Am Govt Ob Fd Cl X Trade Date 3/7/19",0.00
03/08/19,Purchase,"Purchased 36,395.36 Units Of -36,395.36 36,395.36 First Am Govt Ob Fd Cl X Trade Date 3/8/19","-36,395.36"
03/08/19,Sale,"Sold 200 Shares Of 36,395.36 -39,653.92 Asml Holding Nv Ny Reg Shs Trade Date 3/6/19 Sold Through J.P. Morgan Securities LLC Paid 2.00 USD Brokerage Paid 0.48 USD Sec Fee 200 Shares At 181.9892 USD",0.00
03/11/19,Purchase,"Purchased 123,624.35 Units Of -123,624.35 123,624.35 First Am Govt Ob Fd Cl X Trade Date 3/11/19","-124,462.48"
03/11/19,Sale,Sold 838.13 Units Of 838.13 -838.13 First Am Govt Ob Fd Cl X Trade Date 3/11/19 16664 00- -A -UC-UZ -001-04,"-123,624.35"
03/11/19,Sale,"Sold 5,000 Shares Of 67,996.17 -68,491.31 Ocado Group Plc Net Proceeds 67,996.17 USD Trade Date 3/7/19 Sold Through Crst 784 Jpmorgan Secs Ltd Paid 34.02 USD Brokerage Paid 1.32 USD Misc Fee1 Book Value 43,781.34 GBP Local Proceeds 51,786.09 GBP Traded At 0.76160304 GBP To 1 USD Valued At 0.76037 GBP For 68,106.44 USD 5,000 Shares At 10.3626 GBP","-55,628.18"
03/11/19,Sale,"Sold 950 Shares Of 55,628.18 -60,816.24 Stroeer SE and Co Kgaa Net Proceeds 55,628.18 USD Trade Date 3/7/19 Sold Through Jpmsgb2leql Jp Morgan Eq Lndn Paid 27.83 USD Brokerage Book Value 50,597.13 EUR Local Proceeds 49,188.43 EUR Traded At 0.88423583 EUR To 1 USD Valued At 0.883587 EUR For 55,669.03 USD 950 Shares At 51.8032 EUR",0.00
03/12/19,Sale,"Sold 143,432.71 Units Of 143,432.71 -143,432.71 First Am Govt Ob Fd Cl X Trade Date 3/12/19","143,432.71"
03/12/19,Purchase,"Purchased 400 Shares Of -48,222.91 48,213.85 Nidec Corp Net Cost 48,222.91 USD Trade Date 3/7/19 Purchased Through Jpmsgb2l Jp Morgan Sec London Paid 24.10 USD Brokerage Book Value 5,386,692 JPY Traded At 111.70400127 JPY To 1 USD Valued At 111.725 JPY For 48,213.85 USD 400 Shares At 13,460.00000007 JPY 16664 00- -A -UC-UZ -001-04","95,209.80"
03/12/19,Purchase,"Purchased 1,000 Shares Of -49,530.59 49,521.28 Uuum Inc Net Cost 49,530.59 USD Trade Date 3/7/19 Purchased Through Jpmsgb2l Jp Morgan Sec London Paid 24.75 USD Brokerage Purchased On The Tokyo Stock Exchange Book Value 5,532,765 JPY Traded At 111.70399948 JPY To 1 USD Valued At 111.725 JPY For 49,521.28 USD 1,000 Shares At 5,530 JPY","45,679.21"
03/12/19,Purchase,"Purchased 1,500 Shares Of -45,679.21 45,670.62 Comture Corp Net Cost 45,679.21 USD Trade Date 3/7/19 Purchased Through Jpmsgb2l Jp Morgan Sec London Paid 22.83 USD Brokerage Purchased On The Jasdaq Securities Exchange Book Value 5,102,550 JPY Traded At 111.70398962 JPY To 1 USD Valued At 111.725 JPY For 45,670.62 USD 1,500 Shares At 3,400 JPY",0.00
03/13/19,Purchase,"Purchased 4,600 Shares Of -17,576.06 17,576.06 Norwegian Air Shut Net Cost 151,800.00 NOK Trade Date 3/13/19 Purchased Through Global Corporate Actions Book Value 151,800.00 NOK Valued At 8.63675 NOK For 17,576.06 USD Fed Tax Cost Reduction 17,576.06- USD 4,600 Shares At 33 NOK Ca Rights Exercise Bjp0wq3 16664 00- -A -UC-UZ -001-04","-17,576.06"
03/13/19,Purchase,"Purchased 151,800.00 Units Of -17,525.00 17,576.06 Norwegian Krone Trade Date 3/13/19 Value Date 3/13/19 Purchased Through Bny-Mellon Foreign Exchange Book Value 151,800.00 NOK Traded At 8.66191155 NOK To 1 USD Valued At 8.66191155 NOK For 17,525.00 USD Net Cost 17,525.00 USD Repayment Of Currency Overdraft Resulted In Fed ST Currency Gain On NOK Of 51.06 USD 151,800 Units At 1 NOK Ca Rights Exercise Bjp0wq3 Nas Pass Through T Subs Rt 3/08/19 Pay From Acct On Corp Action Valued At 1.00 NOK For 0.00 USD Market Value Of 140,300.00 USD Ca Rights Exercise Bjp0wq3","-35,101.06"
03/13/19,Sale,"Sold 22,511.63 Units Of 22,511.63 -22,511.63 First Am Govt Ob Fd Cl X Trade Date 3/13/19 -151,800.00 Norwegian Krone 99999NOK5","-17,576.06"
03/14/19,Sale,"Sold 11,131.47 Units Of 11,131.47 -11,131.47 First Am Govt Ob Fd Cl X Trade Date 3/14/19 16664 00- -A -UC-UZ -001-04",0.00
03/14/19,Sale,"Sold 59,283.82 Units Of 59,283.82 -59,283.82 First Am Govt Ob Fd Cl X Trade Date 3/14/19","59,283.82"
03/14/19,Purchase,"Purchased 2,500 Shares Of -59,283.82 59,330.47 Monotaro Co Ltd First Section Net Cost 59,283.82 USD Trade Date 3/5/19 Purchased Through Jpmsgb2l Jp Morgan Sec London Paid 29.62 USD Brokerage Book Value 6,635,816 JPY Traded At 111.93300296 JPY To 1 USD Valued At 111.845 JPY For 59,330.47 USD 2,500 Shares At 2,653 JPY",0.00
03/15/19,Purchase,"Purchased 50,203.39 Units Of -50,203.39 50,203.39 First Am Govt Ob Fd Cl X Trade Date 3/15/19","-50,601.73"
03/15/19,Sale,"Sold 5,428 Shares Of 50,601.73 -49,156.65 Dustin Group Ab Net Proceeds 50,601.73 USD Trade Date 3/13/19 Sold Through Jpmsgb2l Jp Morgan Sec London Paid 25.31 USD Brokerage Book Value 425,148.42 SEK Local Proceeds 472,863.04 SEK Traded At 9.34479987 SEK To 1 USD Valued At 9.3665 SEK For 50,484.50 USD 5,428 Shares At 87.1591 SEK Rakuten Inc A D R 0.040438 USD/Share On 10,000 Shares Due 3/18/19 10.0000000% Foreign Taxes Withheld Non-USD Taxes Rakuten Inc A D R 16664 00- -A -UC-UZ -001-04",0.00
03/18/19,Sale,"Sold 48,270.00 Units Of 432.72 -432.72 Yen Trade Date 3/18/19 Value Date 3/18/19 Book Value 48,270 JPY Traded At 111.55 JPY To 1 USD Valued At 111.55 JPY For 432.72 USD Net Proceeds 432.72 USD Repatriating Thk Co Ltd Transfer To Income Thk Co Ltd Repatriating Thk Co Ltd Transfer From Principal Thk Co Ltd Repatriating Thk Co Ltd 48,270 Yen 99999JPY3","1,212.53"
03/19/19,Purchase,Purchased 779.81 Units Of -779.81 779.81 First Am Govt Ob Fd Cl X Trade Date 3/19/19 16664 00- -A -UC-UZ -001-04,0.00
03/20/19,Purchase,"Purchased 67,752.05 Units Of -67,752.05 67,752.05 First Am Govt Ob Fd Cl X Trade Date 3/20/19 Transfer From Another Account",0.00
03/21/19,Purchase,"Purchased 2,519.58 Units Of -2,519.58 2,519.58 First Am Govt Ob Fd Cl X Trade Date 3/21/19",0.00
03/22/19,Sale,Sold 701.84 Units Of 701.84 -701.84 First Am Govt Ob Fd Cl X Trade Date 3/22/19,0.00
03/22/19,Sale,"Sold 50,060.34 Units Of 50,060.34 -50,060.34 First Am Govt Ob Fd Cl X Trade Date 3/22/19","50,060.34"
03/22/19,Purchase,"Purchased 50,000 Shares Of -50,060.34 50,306.52 Learning Technologies Group Net Cost 50,060.34 USD Trade Date 3/20/19 Purchased Through Crst 784 Jpmorgan Secs Ltd Paid 25.02 USD Brokerage Paid 1.33 USD Misc Fee1 Purchased On The London Stock Exchange Book Value 37,929.96 GBP Traded At 0.75768483 GBP To 1 USD Valued At 0.753977 GBP For 50,306.52 USD 50,000 Shares At 0.7582 GBP Transfer From Another Account 16664 00- -A -UC-UZ -001-04",0.00
03/25/19,Purchase,"Purchased 9,265 Units Of -9,265.00 9,265.00 First Am Govt Ob Fd Cl X Trade Date 3/25/19 Stmicroelectronics N V 0.06 USD/Share On 3,500 Shares Due 3/26/19 15.0000000% Foreign Taxes Withheld Non-USD Taxes Stmicroelectronics N V B H P Billiton Limited A D R 1.10 USD/Share On 1,650 Shares Due 3/26/19",0.00
03/26/19,Sale,"Sold 1,552.99 Units Of 1,552.99 -1,552.99 First Am Govt Ob Fd Cl X Trade Date 3/26/19","1,993.50"
03/26/19,Sale,"Sold 45,431 Units Of 45,431.00 -45,431.00 First Am Govt Ob Fd Cl X Trade Date 3/26/19","47,424.50"
03/26/19,Purchase,"Purchased 5,000 Shares Of -45,431.00 45,431.00 Blackberry Ltd Trade Date 3/22/19 Purchased Through J.P. Morgan Securities LLC Paid 50.00 USD Brokerage 5,000 Shares At 9.0762 USD","1,993.50"
03/27/19,Purchase,Purchased 980.93 Units Of -980.93 980.93 First Am Govt Ob Fd Cl X Trade Date 3/27/19 16664 00- -A -UC-UZ -001-04,0.00
03/28/19,Sale,"Sold 100,680.77 Units Of 100,680.77 -100,680.77 First Am Govt Ob Fd Cl X Trade Date 3/28/19 Af Poyry Ab Bta Rt 4/12/19 Valued At 9.2984 SEK For 0.00 USD Market Value Of 354.90 USD Ca Rights Distribution Sedol Bn791j6 Exdt 3/29/19","-1,149.15"
04/01/19,Purchase,"Purchased 9,843.41 Units Of -9,843.41 9,843.41 First Am Govt Ob Fd Cl X Trade Date 4/1/19","-63,700.48"
04/01/19,Sale,"Sold 10 Shares Of 1,834.47 -1,945.01 Asml Holding Nv Ny Reg Shs Trade Date 3/28/19 Sold Through J.P. Morgan Securities LLC Paid 0.10 USD Brokerage Paid 0.03 USD Sec Fee 10 Shares At 183.46 USD","-61,866.01"
04/01/19,Sale,"Sold 1,533 Shares Of 61,866.01 -71,168.11 Hsbc Holdings Plc Spons A D R Trade Date 3/28/19 Sold Through J.P. Morgan Securities LLC Paid 15.33 USD Brokerage Paid 0.81 USD Sec Fee 1,533 Shares At 40.3667 USD 16664 00- -A -UC-UZ -001-04",0.00
04/02/19,Purchase,Purchased 254.06 Units Of -254.06 254.06 First Am Govt Ob Fd Cl X Trade Date 4/2/19 Transfer From Another Account,0.00
04/04/19,Purchase,"Purchased 18,444.04 Units Of -18,444.04 18,444.04 First Am Govt Ob Fd Cl X Trade Date 4/4/19",0.00
04/05/19,Sale,"Sold 28,541.51 Units Of 28,541.51 -28,541.51 First Am Govt Ob Fd Cl X Trade Date 4/5/19 16664 00- -A -UC-UZ -001-04","-131,200.73"
04/05/19,Sale,"Sold 300 Shares Of 40,809.96 -38,124.61 Ferrari Nv Trade Date 4/3/19 Sold Through J.P. Morgan Securities LLC Paid 3.00 USD Brokerage Paid 0.54 USD Sec Fee 300 Shares At 136.045 USD Hsbc Holdings Plc Spons A D R 1.05 USD/Share On 1,533 Shares Due 4/8/19 Cash Election On Optional Dividend Transfer From Another Account","-90,390.77"
04/09/19,Purchase,"Purchased 131,775.61 Units Of -131,775.61 131,775.61 First Am Govt Ob Fd Cl X Trade Date 4/9/19","-101,548.78"
04/09/19,Sale,"Sold 5,000 Shares Of 60,436.54 -40,713.05 Air France Klm Net Proceeds 60,436.54 USD Trade Date 4/5/19 Sold Through Jpmsgb2l Jp Morgan Sec London Paid 30.23 USD Brokerage Book Value 35,617.09 EUR Local Proceeds 53,876.05 EUR Traded At 0.89144829 EUR To 1 USD Valued At 0.891544 EUR For 60,430.05 USD 5,000 Shares At 10.7806 EUR 16664 00- -A -UC-UZ -001-04","-41,112.24"
04/09/19,Sale,"Sold 300 Shares Of 41,112.24 -34,971.00 Ferrari Nv Trade Date 4/5/19 Sold Through J.P. Morgan Securities LLC Paid 3.00 USD Brokerage Paid 0.54 USD Sec Fee 300 Shares At 137.0526 USD Transfer From Another Account",0.00
04/11/19,Purchase,"Purchased 118,124.55 Units Of -118,124.55 118,124.55 First Am Govt Ob Fd Cl X Trade Date 4/11/19 Af Poyry Ab Bta Rt 4/12/19 Pay From Acct On Corp Action Valued At 1.00 SEK For 0.00 USD Market Value Of 62,700.00 USD Ca Rights Exercise 7Gb2305",0.00
04/12/19,Purchase,"Purchased 1,100 Shares Of -11,750.42 11,750.42 Af Poyry Ab Bta Net Cost 108,900.00 SEK Trade Date 4/12/19 Purchased Through Global Corporate Actions Book Value 108,900.00 SEK Valued At 9.26775 SEK For 11,750.42 USD Fed Tax Cost Reduction 11,750.42- USD 1,100 Shares At 99 SEK Ca Rights Exercise 7Gb2305 16664 00- -A -UC-UZ -001-04","-11,750.42"
04/12/19,Purchase,"Purchased 108,900.00 Units Of -11,756.12 11,750.42 Swedish Krona Trade Date 4/12/19 Value Date 4/12/19 Purchased Through Bny-Mellon Foreign Exchange Book Value 108,900.00 SEK Traded At 9.26326033 SEK To 1 USD Valued At 9.26326033 SEK For 11,756.12 USD Net Cost 11,756.12 USD Repayment Of Currency Overdraft Resulted In Fed ST Currency Loss On SEK Of 5.70- USD 108,900 Units At 1 SEK Ca Rights Exercise 7Gb2305 Adevinta Asa A Valued At 99.00 NOK For 1.00 USD Market Value Of 36,935.25 USD Ca Spin Off 4790534 Exdt 4/10/19 Transfer From Another Account","-23,506.54"
04/12/19,Purchase,"Purchased 12,169.83 Units Of -12,169.83 12,169.83 First Am Govt Ob Fd Cl X Trade Date 4/12/19 -108,900.00 Swedish Krona 99999SEK5","-23,506.54"
04/15/19,Sale,"Sold 74,202.49 Units Of 74,202.49 -74,202.49 First Am Govt Ob Fd Cl X Trade Date 4/15/19 16664 00- -A -UC-UZ -001-04","62,446.37"
04/15/19,Purchase,"Purchased 500 Shares Of -62,446.37 62,400.33 Capgemini Net Cost 62,446.37 USD Trade Date 4/11/19 Purchased Through Jpmsgb2l Jp Morgan Sec London Paid 31.11 USD Brokerage Paid 186.55 USD Misc Fee1 Book Value 55,462.04 EUR Traded At 0.88815475 EUR To 1 USD Valued At 0.88881 EUR For 62,400.33 USD 500 Shares At 110.5372 EUR Transfer From Another Account",0.00
04/16/19,Purchase,"Purchased 4,633.63 Units Of -4,633.63 4,633.63 First Am Govt Ob Fd Cl X Trade Date 4/16/19","45,606.55"
04/16/19,Purchase,"Purchased 1,000 Shares Of -45,606.55 45,696.17 Lasertec Corp Net Cost 45,606.55 USD Trade Date 4/11/19 Purchased Through Jpmsgb2l Jp Morgan Sec London Paid 22.79 USD Brokerage Book Value 5,069,533 JPY Traded At 111.15800252 JPY To 1 USD Valued At 110.94 JPY For 45,696.17 USD 1,000 Shares At 5,067 JPY Transfer From Another Account",0.00
04/17/19,Purchase,"Purchased 16,978 Units Of -16,978.00 16,978.00 First Am Govt Ob Fd Cl X Trade Date 4/17/19",0.00
04/18/19,Sale,"Sold 30,866.87 Units Of 30,866.87 -30,866.87 First Am Govt Ob Fd Cl X Trade Date 4/18/19",0.00
04/22/19,Sale,"Sold 1,665.78 Units Of 1,665.78 -1,665.78 First Am Govt Ob Fd Cl X Trade Date 4/22/19 Af Poyry Ab Bta Valued At 108,900.00 SEK Book Value 108,900.00 SEK Valued At 9.26775383 SEK For 11,750.42 USD Market Value Of 0.00 USD Ca Assimilaiton From Bjxh680 To Bn791j6 Af Ab B Shs Valued At 9.26775383 SEK For 11,750.42 USD Market Value Of 0.00 USD Ca Assimilaiton From Bjxh680 To Bn791j6 Transfer From Another Account",0.00
04/25/19,Purchase,"Purchased 167,274.1 Units Of -167,274.10 167,274.10 First Am Govt Ob Fd Cl X Trade Date 4/25/19 Transfer From Another Account",0.00
04/26/19,Purchase,"Purchased 255,106.77 Units Of -255,106.77 255,106.77 First Am Govt Ob Fd Cl X Trade Date 4/26/19 16664 00- -A -UC-UZ -001-04",0.00
04/29/19,Sale,"Reversal- 30,000 Shares Of 19,644.04 -19,735.90 Zoo Digital Group Net Proceeds 19,644.04 USD Trade Date 4/25/19 Sold Through Crst 784 Jpmorgan Secs Ltd Paid 9.81- USD Brokerage Paid 1.30- USD Misc Fee1 Book Value 15,233.61 GBP Local Proceeds 15,233.61 GBP Traded At 0.77548254 GBP To 1 USD Valued At 0.771873 GBP For 19,735.90 USD 30,000 Shares At 0.5075 GBP Rev Due Fop To Dvp Lvmh Moet Hennessy Vuitton SE 4.00 EUR/Share On 250 Shares Due 4/29/19 Received 1,000.00 EUR Valued At 0.897035 EUR For 1,114.78 USD Lvmh Moet Hennessy Vuitton SE Non-USD Taxes 300.00 EUR Valued At 0.897035 EUR For 334.43 USD 30.0000000% Foreign Taxes Withheld","19,644.04"
04/29/19,Sale,Sold 700.00 Units Of 780.35 -780.35 Euro Trade Date 4/29/19 Value Date 4/29/19 Book Value 700.00 EUR Traded At 0.897035 EUR To 1 USD Valued At 0.897035 EUR For 780.35 USD Net Proceeds 780.35 USD Repatriating Lvmh Moet Hennessy Vuitton SE Transfer To Income Lvmh Moet Hennessy Vuitton SE Repatriating Lvmh Moet Hennessy Vuitton SE 16664 00- -A -UC-UZ -001-04,"21,204.74"
04/29/19,Sale,"Sold 49,777.09 Units Of 49,777.09 -49,777.09 First Am Govt Ob Fd Cl X Trade Date 4/29/19","70,891.83"
04/29/19,Purchase,"Purchased 3,000 Shares Of -30,043.05 30,375.47 Adevinta Asa A Net Cost 30,043.05 USD Trade Date 4/25/19 Purchased Through Jpmsgb2l Jp Morgan Sec London Paid 15.01 USD Brokerage Purchased On The Oslo Bors Asa Book Value 261,068.07 NOK Traded At 8.68979914 NOK To 1 USD Valued At 8.5947 NOK For 30,375.47 USD 3,000 Shares At 86.9792 NOK","40,848.78"
04/29/19,Purchase,"Purchased 30,000 Shares Of -19,644.04 19,735.90 Zoo Digital Group Net Cost 19,644.04 USD Trade Date 4/25/19 Purchased Through Crst 784 Jpmorgan Secs Ltd Paid 9.81 USD Brokerage Paid 1.30 USD Misc Fee1 Book Value 15,233.61 GBP Traded At 0.77548254 GBP To 1 USD Valued At 0.771873 GBP For 19,735.90 USD 30,000 Shares At 0.5075 GBP 16664 00- -A -UC-UZ -001-04","21,204.74"
04/29/19,Purchase,"Purchased 30,000 Shares Of -19,644.04 19,735.90 Zoo Digital Group Net Cost 19,644.04 USD Trade Date 4/25/19 Purchased Through Crst 784 Jpmorgan Secs Ltd Paid 9.81 USD Brokerage Paid 1.30 USD Misc Fee1 Book Value 15,233.61 GBP Traded At 0.77548254 GBP To 1 USD Valued At 0.771873 GBP For 19,735.90 USD 30,000 Shares At 0.5075 GBP 700.00 Euro 99999EUR3 Ucb Sa 1.21 EUR/Share On 1,250 Shares Due 4/30/19 Received 1,512.50 EUR Valued At 0.89543 EUR For 1,689.13 USD Ucb Sa Non-USD Taxes 453.75 EUR Valued At 0.89543 EUR For 506.74 USD 30.0000000% Foreign Taxes Withheld","1,560.70"
04/30/19,Sale,"Sold 1,058.75 Units Of 1,182.39 -1,182.39 Euro Trade Date 4/30/19 Value Date 4/30/19 Book Value 1,058.75 EUR Traded At 0.89543 EUR To 1 USD Valued At 0.89543 EUR For 1,182.39 USD Net Proceeds 1,182.39 USD Repatriating Ucb Sa Transfer To Income Ucb Sa Repatriating Ucb Sa 16664 00- -A -UC-UZ -001-04","3,145.13"
04/30/19,Sale,"Sold 103,277.74 Units Of 103,277.74 -103,277.74 First Am Govt Ob Fd Cl X Trade Date 4/30/19","103,911.38"
04/30/19,Sale,"Sold 66,805.05 Units Of 66,805.05 -66,805.05 First Am Govt Ob Fd Cl X Trade Date 4/30/19","170,716.43"
04/30/19,Purchase,"Purchased 500 Shares Of -61,014.48 60,974.53 Capgemini Net Cost 61,014.48 USD Trade Date 4/26/19 Purchased Through Jpmsgb2l Jp Morgan Sec London Paid 30.38 USD Misc Fee1 Paid 182.28 USD Misc Fee2 Book Value 54,715.13 EUR Traded At 0.89675647 EUR To 1 USD Valued At 0.897344 EUR For 60,974.53 USD 500 Shares At 109.0486 EUR","109,701.95"
04/30/19,Purchase,"Purchased 1,000 Shares Of -40,532.12 40,505.58 Moncler Spa Net Cost 40,532.12 USD Trade Date 4/26/19 Purchased Through Jpmsgb2l Jp Morgan Sec London Paid 20.24 USD Brokerage Paid 40.44 USD Misc Fee1 Book Value 36,347.44 EUR Traded At 0.89675645 EUR To 1 USD Valued At 0.897344 EUR For 40,505.58 USD 1,000 Shares At 36.293 EUR 16664 00- -A -UC-UZ -001-04","69,169.83"
04/30/19,Purchase,"Purchased 1,500 Shares Of -66,805.05 66,805.05 Baozun Inc Spon A D R Trade Date 4/26/19 Purchased Through J.P. Morgan Securities LLC Paid 15.00 USD Brokerage 1,500 Shares At 44.5267 USD 1,058.75 Euro 99999EUR3 Ds Smith Plc 0.052 GBP/Share On 15,000 Shares Due 5/1/19 Received 780.00 GBP Valued At 0.76811 GBP For 1,015.48 USD","2,364.78"
05/01/19,Sale,"Sold 780.00 Units Of 1,015.48 -1,015.48 British Pound Trade Date 5/1/19 Value Date 5/1/19 Book Value 780.00 GBP Traded At 0.76811 GBP To 1 USD Valued At 0.76811 GBP For 1,015.48 USD Net Proceeds 1,015.48 USD Repatriating Ds Smith Plc Transfer To Income Ds Smith Plc Repatriating Ds Smith Plc Transfer From Principal Ds Smith Plc Repatriating Ds Smith Plc Transfer From Another Account","3,213.35"
05/01/19,Purchase,"Purchased 18,420.34 Units Of -18,420.34 18,420.34 First Am Govt Ob Fd Cl X Trade Date 5/1/19 16664 00- -A -UC-UZ -001-04","2,030.96"
05/02/19,Sale,Sold 476.00 Units Of 534.63 -534.63 Euro Trade Date 5/2/19 Value Date 5/2/19 Book Value 476.00 EUR Traded At 0.890332 EUR To 1 USD Valued At 0.890332 EUR For 534.63 USD Net Proceeds 534.63 USD Repatriating Umicore Transfer To Income Umicore Repatriating Umicore Transfer From Principal Umicore Repatriating Umicore Transfer From Another Account 16664 00- -A -UC-UZ -001-04,"2,487.95"
05/02/19,Sale,"Sold 32,546.9 Units Of 32,546.90 -32,546.90 First Am Govt Ob Fd Cl X Trade Date 5/2/19","62,261.71"
05/02/19,Purchase,"Purchased 4,500 Shares Of -61,192.45 61,164.48 Mediawan Sa Net Cost 61,192.45 USD Trade Date 4/29/19 Purchased Through Jpmsgb2l Jp Morgan Sec London Paid 30.58 USD Brokerage Purchased On The NYSE Euronext - Euronext Paris Book Value 54,794.63 EUR Traded At 0.89544756 EUR To 1 USD Valued At 0.895857 EUR For 61,164.48 USD 4,500 Shares At 12.1705 EUR 476.00 Euro 99999EUR3","1,069.26"
05/03/19,Purchase,Purchased 534.63 Units Of -534.63 534.63 First Am Govt Ob Fd Cl X Trade Date 5/3/19 Transfer From Another Account,0.00
05/07/19,Sale,"Sold 20,029.38 Units Of 20,029.38 -20,029.38 First Am Govt Ob Fd Cl X Trade Date 5/7/19 16664 00- -A -UC-UZ -001-04","48,393.27"
05/07/19,Purchase,"Purchased 2,000 Shares Of -48,393.27 48,348.77 Basware Oyj Npv Net Cost 48,393.27 USD Trade Date 5/3/19 Purchased Through Jpmsgb2l Jp Morgan Sec London Paid 24.19 USD Brokerage Book Value 43,232.21 EUR Traded At 0.8933517 EUR To 1 USD Valued At 0.894174 EUR For 48,348.77 USD 2,000 Shares At 21.6053 EUR Asml Holding Nv Ny Reg Shs 2.3436 USD/Share On 590 Shares Due 5/8/19 15.0000000% Foreign Taxes Withheld Non-USD Taxes Asml Holding Nv Ny Reg Shs Fagerhult Ab Rt 5/22/19 Valued At 9.58235 SEK For 0.00 USD Market Value Of 1,304.48 USD Ca Rights Distribution Sedol Bd8p085 Exdt 5/3/19 Transfer From Another Account",0.00
05/09/19,Purchase,"Purchased 54,248.29 Units Of -54,248.29 54,248.29 First Am Govt Ob Fd Cl X Trade Date 5/9/19 Interroll Holding Ag 22.00 CHF/Share On 70 Shares Due 5/9/19 Received 1,540.00 CHF Valued At 1.015515 CHF For 1,516.47 USD 16664 00- -A -UC-UZ -001-04",0.00
05/10/19,Sale,"Sold 1,001.00 Units Of 985.71 -985.71 Swiss Franc Trade Date 5/9/19 Value Date 5/10/19 Book Value 1,001.00 CHF Traded At 1.015515 CHF To 1 USD Valued At 1.015515 CHF For 985.71 USD Net Proceeds 985.71 USD Repatriating Interroll Holding Ag Transfer To Income Interroll Holding Ag Repatriating Interroll Holding Ag Transfer From Principal Interroll Holding Ag Repatriating Interroll Holding Ag","1,971.42"
05/10/19,Sale,"Sold 9,376 Units Of 9,376.00 -9,376.00 First Am Govt Ob Fd Cl X Trade Date 5/10/19 1,001.00 Swiss Franc 99999CHF8","1,971.42"
05/13/19,Sale,"Sold 29,988.89 Units Of 29,988.89 -29,988.89 First Am Govt Ob Fd Cl X Trade Date 5/13/19 16664 00- -A -UC-UZ -001-04","30,974.60"
05/13/19,Purchase,"Purchased 2,000 Shares Of -30,974.60 30,974.60 Materialise Nv A D R Trade Date 5/9/19 Purchased Through J.P. Morgan Securities LLC Paid 20.00 USD Brokerage 2,000 Shares At 15.4773 USD Schibsted Asa A-Shares 2.00 NOK/Share On 3,500 Shares Due 5/14/19 Received 7,000.00 NOK Valued At 8.762354 NOK For 798.87 USD Schibsted Asa A-Shares Non-USD Taxes 1,750.00 NOK Valued At 8.762354 NOK For 199.72 USD 25.0000000% Foreign Taxes Withheld",0.00
05/14/19,Sale,"Sold 5,250.00 Units Of 599.15 -599.15 Norwegian Krone Trade Date 5/14/19 Value Date 5/14/19 Book Value 5,250.00 NOK Traded At 8.762354 NOK To 1 USD Valued At 8.762354 NOK For 599.15 USD Net Proceeds 599.15 USD Repatriating Schibsted Asa A-Shares Transfer To Income Schibsted Asa A-Shares Repatriating Schibsted Asa A-Shares Transfer From Principal Schibsted Asa A-Shares Repatriating Schibsted Asa A-Shares Transfer From Another Account 16664 00- -A -UC-UZ -001-04","1,198.30"
05/14/19,Purchase,"Purchased 89,046.1 Units Of -89,046.10 89,046.10 First Am Govt Ob Fd Cl X Trade Date 5/14/19 5,250.00 Norwegian Krone 99999NOK5","1,198.30"
05/15/19,Purchase,Purchased 599.15 Units Of -599.15 599.15 First Am Govt Ob Fd Cl X Trade Date 5/15/19 Transfer From Another Account,0.00
05/17/19,Purchase,"Purchased 33,029.56 Units Of -33,029.56 33,029.56 First Am Govt Ob Fd Cl X Trade Date 5/17/19 Fagerhult Ab 2.00 SEK/Share On 12,500 Shares Due 5/20/19 Received 25,000.00 SEK Valued At 9.652243 SEK For 2,590.07 USD Fagerhult Ab Non-USD Taxes 7,500.00 SEK Valued At 9.652243 SEK For 777.02 USD 30.0000000% Foreign Taxes Withheld",0.00
05/20/19,Sale,"Sold 17,500.00 Units Of 1,813.05 -1,813.05 Swedish Krona Trade Date 5/20/19 Value Date 5/20/19 Book Value 17,500.00 SEK Traded At 9.652243 SEK To 1 USD Valued At 9.652243 SEK For 1,813.05 USD Net Proceeds 1,813.05 USD Repatriating Fagerhult Ab 16664 00- -A -UC-UZ -001-04","3,626.10"
05/20/19,Sale,"Sold 68,097.62 Units Of 68,097.62 -68,097.62 First Am Govt Ob Fd Cl X Trade Date 5/20/19","55,113.88"
05/20/19,Purchase,"Purchased 2,000 Shares Of -51,487.78 51,403.68 Ut Group Co Ltd Net Cost 51,487.78 USD Trade Date 5/15/19 Purchased Through Jpmsgb2l Jp Morgan Sec London Paid 25.73 USD Brokerage Book Value 5,632,815 JPY Traded At 109.40100738 JPY To 1 USD Valued At 109.58 JPY For 51,403.68 USD 2,000 Shares At 2,815 JPY 17,500.00 Swedish Krona 99999SEK5","3,626.10"
05/21/19,Purchase,"Purchased 1,813.05 Units Of -1,813.05 1,813.05 First Am Govt Ob Fd Cl X Trade Date 5/21/19 Af Ab B Shs 5.00 SEK/Share On 4,400 Shares Due 5/22/19 Received 22,000.00 SEK Valued At 9.666757 SEK For 2,275.84 USD 16664 00- -A -UC-UZ -001-04",0.00
05/22/19,Sale,"Sold 15,400.00 Units Of 1,593.09 -1,593.09 Swedish Krona Trade Date 5/22/19 Value Date 5/22/19 Book Value 15,400.00 SEK Traded At 9.666757 SEK To 1 USD Valued At 9.666757 SEK For 1,593.09 USD Net Proceeds 1,593.09 USD Repatriating Af Ab B Shs Transfer To Income Af Ab B Shs Repatriating Af Ab B Shs Transfer From Principal Af Ab B Shs Repatriating Af Ab B Shs","3,186.18"
05/22/19,Purchase,"Purchased 5,000 Shares Of -22,808.21 22,808.21 Fagerhult Ab Net Cost 220,000.00 SEK Trade Date 5/22/19 Purchased Through Global Corporate Actions Book Value 220,000.00 SEK Valued At 9.64565 SEK For 22,808.21 USD Fed Tax Cost Reduction 22,808.21- USD 5,000 Shares At 44 SEK Ca Rights Exercise Sedol 7Gb2399 16664 00- -A -UC-UZ -001-04","-19,622.03"
05/22/19,Purchase,"Purchased 220,000.00 Units Of -22,808.12 22,808.21 Swedish Krona Trade Date 5/22/19 Value Date 5/22/19 Purchased Through Bny-Mellon Foreign Exchange Book Value 220,000.00 SEK Traded At 9.64568759 SEK To 1 USD Valued At 9.64568759 SEK For 22,808.12 USD Net Cost 22,808.12 USD Repayment Of Currency Overdraft Resulted In Fed ST Currency Gain On SEK Of 0.09 USD 220,000 Units At 1 SEK Ca Rights Exercise Sedol 7Gb2399 Fagerhult Ab Rt 5/22/19 Pay From Acct On Corp Action Valued At 9.64565 SEK For 0.00 USD Market Value Of 0.00 USD Ca Rights Exercise Sedol 7Gb2399","-42,430.15"
05/22/19,Sale,"Sold 21,215.03 Units Of 21,215.03 -21,215.03 First Am Govt Ob Fd Cl X Trade Date 5/22/19 15,400.00 Swedish Krona 99999SEK5 -220,000.00 Swedish Krona 99999SEK5 Transfer From Another Account","-21,215.12"
05/24/19,Purchase,"Purchased 94,028.45 Units Of -94,028.45 94,028.45 First Am Govt Ob Fd Cl X Trade Date 5/24/19 16664 00- -A -UC-UZ -001-04","-93,659.24"
05/24/19,Sale,"Sold 250 Shares Of 93,659.24 -76,142.78 Lvmh Moet Hennessy Vuitton SE Net Proceeds 93,659.24 USD Trade Date 5/22/19 Sold Through Jpmsgb2l Jp Morgan Sec London Paid 46.85 USD Brokerage Book Value 66,549.63 EUR Local Proceeds 83,939.09 EUR Traded At 0.89621793 EUR To 1 USD Valued At 0.894334 EUR For 93,856.53 USD 250 Shares At 335.9243 EUR",0.00
05/28/19,Sale,"Sold 75,389.49 Units Of 75,389.49 -75,389.49 First Am Govt Ob Fd Cl X Trade Date 5/28/19","56,912.61"
05/28/19,Purchase,"Purchased 3,000 Shares Of -56,912.61 56,653.47 Quantel Net Cost 56,912.61 USD Trade Date 5/24/19 Purchased Through Jpmsgb2l Jp Morgan Sec London Paid 28.44 USD Brokerage Purchased On The NYSE Euronext - Euronext Paris Book Value 50,810.29 EUR Traded At 0.89277737 EUR To 1 USD Valued At 0.896861 EUR For 56,653.47 USD 3,000 Shares At 16.9283 EUR",0.00
05/30/19,Sale,"Sold 5,193.82 Units Of 5,193.82 -5,193.82 First Am Govt Ob Fd Cl X Trade Date 5/30/19",0.00
05/30/19,Sale,"Sold 250 Shares Of 71,288.52 -37,094.23 Shopify Inc A Trade Date 5/28/19 Sold Through J.P. Morgan Securities LLC Paid 2.50 USD Brokerage Paid 1.48 USD Sec Fee 250 Shares At 285.17 USD","71,288.52"
05/31/19,Purchase,"Purchased 71,040.2 Units Of -71,040.20 71,040.20 First Am Govt Ob Fd Cl X Trade Date 5/31/19 Nidec Corp 55 JPY/Share On 400 Shares Due 6/3/19 Received 22,000 JPY Valued At 108.76 JPY For 202.28 USD Nidec Corp Non-USD Taxes 3,369 JPY Valued At 108.76 JPY For 30.98 USD 15.3150000% Foreign Taxes Withheld",0.00
06/03/19,Sale,"Sold 18,631.00 Units Of 171.30 -171.30 Yen Trade Date 6/3/19 Value Date 6/3/19 Book Value 18,631 JPY Traded At 108.76 JPY To 1 USD Valued At 108.76 JPY For 171.30 USD Net Proceeds 171.30 USD Repatriating Nidec Corp 16664 00- -A -UC-UZ -001-04",342.60
06/03/19,Sale,"Sold 11,838.2 Units Of 11,838.20 -11,838.20 First Am Govt Ob Fd Cl X Trade Date 6/3/19","33,341.80"
06/03/19,Purchase,"Purchased 2,471 Shares Of -32,999.20 33,040.51 Frontier Developments Plc Net Cost 32,999.20 USD Trade Date 5/30/19 Purchased Through Crst 784 Jpmorgan Secs Ltd Paid 16.49 USD Brokerage Paid 1.26 USD Misc Fee1 Purchased On The London Stock Exchange Book Value 26,157.25 GBP Traded At 0.79266316 GBP To 1 USD Valued At 0.791672 GBP For 33,040.51 USD 2,471 Shares At 10.58 GBP First Am Govt Ob Fd Cl X Interest From 5/1/19 To 5/31/19 18,631 Yen 99999JPY3 Advantest Corp Ord(Jp) 42 JPY/Share On 4,000 Shares Due 6/4/19 Received 168,000 JPY Valued At 108.49 JPY For 1,548.53 USD 16664 00- -A -UC-UZ -001-04",342.60
06/04/19,Sale,"Sold 142,271.00 Units Of 1,311.37 -1,311.37 Yen Trade Date 6/4/19 Value Date 6/4/19 Book Value 142,271 JPY Traded At 108.49 JPY To 1 USD Valued At 108.49 JPY For 1,311.37 USD Net Proceeds 1,311.37 USD Repatriating Advantest Corp Ord(Jp) Transfer To Income Advantest Corp Ord(Jp) Repatriating Advantest Corp Ord(Jp) Transfer From Principal Advantest Corp Ord(Jp) Repatriating Advantest Corp Ord(Jp)","3,618.16"
06/04/19,Sale,"Sold 9,316.37 Units Of 9,316.37 -9,316.37 First Am Govt Ob Fd Cl X Trade Date 6/4/19 16664 00- -A -UC-UZ -001-04","12,686.75"
06/04/19,Purchase,"Purchased 743 Shares Of -10,064.01 10,035.80 Frontier Developments Plc Net Cost 10,064.01 USD Trade Date 5/31/19 Purchased Through Crst 784 Jpmorgan Secs Ltd Paid 5.03 USD Brokerage Purchased On The London Stock Exchange Book Value 7,969.98 GBP Traded At 0.79192886 GBP To 1 USD Valued At 0.794155 GBP For 10,035.80 USD 743 Shares At 10.7214 GBP 142,271 Yen 99999JPY3","2,622.74"
06/05/19,Sale,"Sold 10,784.58 Units Of 10,784.58 -10,784.58 First Am Govt Ob Fd Cl X Trade Date 6/5/19 Transfer From Another Account",0.00
06/06/19,Purchase,"Purchased 20,670 Units Of -20,670.00 20,670.00 First Am Govt Ob Fd Cl X Trade Date 6/6/19",0.00
06/06/19,Sale,"Sold 40,175.5 Units Of 40,175.50 -40,175.50 First Am Govt Ob Fd Cl X Trade Date 6/6/19","40,175.50"
06/06/19,Purchase,"Purchased 5,000 Shares Of -40,175.50 40,175.50 Blackberry Ltd Trade Date 6/4/19 Purchased Through J.P. Morgan Securities LLC Paid 50.00 USD Brokerage 5,000 Shares At 8.0251 USD 16664 00- -A -UC-UZ -001-04",0.00
06/07/19,Sale,"Sold 7,912.26 Units Of 7,912.26 -7,912.26 First Am Govt Ob Fd Cl X Trade Date 6/7/19","7,912.26"
06/07/19,Purchase,"Purchased 750 Shares Of -32,141.56 32,046.74 Asos Plc Net Cost 32,141.56 USD Trade Date 6/5/19 Purchased Through Crst 784 Jpmorgan Secs Ltd Paid 16.07 USD Brokerage Paid 1.27 USD Misc Fee1 Book Value 25,285.42 GBP Traded At 0.78668926 GBP To 1 USD Valued At 0.789017 GBP For 32,046.74 USD 750 Shares At 33.6957 GBP","-24,229.30"
06/07/19,Purchase,"Purchased 20,000 Shares Of -19,322.24 19,265.24 Iqe Plc Net Cost 19,322.24 USD Trade Date 6/5/19 Purchased Through Crst 784 Jpmorgan Secs Ltd Paid 9.66 USD Brokerage Paid 1.27 USD Misc Fee1 Book Value 15,200.60 GBP Traded At 0.78668933 GBP To 1 USD Valued At 0.789017 GBP For 19,265.24 USD 20,000 Shares At 0.7596 GBP","-43,551.54"
06/07/19,Purchase,"Purchased 1,000 Shares Of -13,823.41 13,782.63 Frontier Developments Plc Net Cost 13,823.41 USD Trade Date 6/5/19 Purchased Through Crst 784 Jpmorgan Secs Ltd Paid 6.90 USD Brokerage Paid 1.27 USD Misc Fee1 Purchased On The London Stock Exchange Book Value 10,874.73 GBP Traded At 0.78668939 GBP To 1 USD Valued At 0.789017 GBP For 13,782.63 USD 1,000 Shares At 10.8683 GBP 16664 00- -A -UC-UZ -001-04","-57,374.95"
06/07/19,Sale,"Sold 200 Shares Of 57,374.95 -29,675.38 Shopify Inc A Trade Date 6/5/19 Sold Through J.P. Morgan Securities LLC Paid 2.00 USD Brokerage Paid 1.19 USD Sec Fee 200 Shares At 286.8907 USD Capgemini 1.70 EUR/Share On 1,000 Shares Due 6/7/19 Received 1,700.00 EUR Valued At 0.882483 EUR For 1,926.38 USD Capgemini Non-USD Taxes 510.00 EUR Valued At 0.882483 EUR For 577.91 USD 30.0000000% Foreign Taxes Withheld",0.00
06/10/19,Sale,"Sold 1,190.00 Units Of 1,348.47 -1,348.47 Euro Trade Date 6/7/19 Value Date 6/10/19 Book Value 1,190.00 EUR Traded At 0.882483 EUR To 1 USD Valued At 0.882483 EUR For 1,348.47 USD Net Proceeds 1,348.47 USD Repatriating Capgemini Transfer To Income Capgemini Repatriating Capgemini Transfer From Principal Capgemini Repatriating Capgemini 1,190.00 Euro 99999EUR3 16664 00- -A -UC-UZ -001-04","2,696.94"
06/11/19,Purchase,"Purchased 173,783.45 Units Of -173,783.45 173,783.45 First Am Govt Ob Fd Cl X Trade Date 6/11/19","1,281.90"
06/12/19,Purchase,"Purchased 1,281.9 Units Of -1,281.90 1,281.90 First Am Govt Ob Fd Cl X Trade Date 6/12/19 16664 00- -A -UC-UZ -001-04",0.00
06/13/19,Purchase,"Purchased 68,521.65 Units Of -68,521.65 68,521.65 First Am Govt Ob Fd Cl X Trade Date 6/13/19 Comture Corp 19.5 JPY/Share On 1,500 Shares Due 6/17/19 Received 29,250 JPY Valued At 108.52 JPY For 269.54 USD Comture Corp Non-USD Taxes 4,480 JPY Valued At 108.52 JPY For 41.29 USD 15.3150000% Foreign Taxes Withheld",0.00
06/17/19,Sale,"Sold 24,770.00 Units Of 228.25 -228.25 Yen Trade Date 6/17/19 Value Date 6/17/19 Book Value 24,770 JPY Traded At 108.52 JPY To 1 USD Valued At 108.52 JPY For 228.25 USD Net Proceeds 228.25 USD Repatriating Comture Corp Transfer To Income Comture Corp Repatriating Comture Corp Transfer From Principal Comture Corp Repatriating Comture Corp Transfer From Another Account 16664 00- -A -UC-UZ -001-04",456.50
06/17/19,Sale,"Sold 208,802.11 Units Of 208,802.11 -208,802.11 First Am Govt Ob Fd Cl X Trade Date 6/17/19","225,873.61"
06/17/19,Purchase,"Purchased 1,000 Shares Of -38,317.06 38,241.54 Uuum Inc Net Cost 38,317.06 USD Trade Date 6/12/19 Purchased Through Jpmsgb2l Jp Morgan Sec London Paid 19.15 USD Brokerage Purchased On The Tokyo Stock Exchange Book Value 4,152,075 JPY Traded At 108.3610016 JPY To 1 USD Valued At 108.575 JPY For 38,241.54 USD 1,000 Shares At 4,150 JPY","187,556.55"
06/17/19,Purchase,"Purchased 1,000 Shares Of -22,408.55 22,364.38 Thk Co Ltd Net Cost 22,408.55 USD Trade Date 6/12/19 Purchased Through Jpmsgb2l Jp Morgan Sec London Paid 11.19 USD Brokerage Book Value 2,428,213 JPY Traded At 108.36100506 JPY To 1 USD Valued At 108.575 JPY For 22,364.38 USD 1,000 Shares At 2,427 JPY","165,148.00"
06/17/19,Purchase,"Purchased 1,000 Shares Of -22,612.60 22,568.03 Ut Group Co Ltd Net Cost 22,612.60 USD Trade Date 6/12/19 Purchased Through Jpmsgb2l Jp Morgan Sec London Paid 11.30 USD Brokerage Book Value 2,450,324 JPY Traded At 108.36100227 JPY To 1 USD Valued At 108.575 JPY For 22,568.03 USD 1,000 Shares At 2,449.1 JPY 16664 00- -A -UC-UZ -001-04","142,535.40"
06/17/19,Purchase,"Purchased 1,000 Shares Of -37,024.44 36,951.46 Lasertec Corp Net Cost 37,024.44 USD Trade Date 6/12/19 Purchased Through Jpmsgb2l Jp Morgan Sec London Paid 18.50 USD Brokerage Book Value 4,012,005 JPY Traded At 108.36099074 JPY To 1 USD Valued At 108.575 JPY For 36,951.46 USD 1,000 Shares At 4,010 JPY","105,510.96"
06/17/19,Purchase,"Purchased 500 Shares Of -58,505.30 58,734.12 Orpea Net Cost 58,505.30 USD Trade Date 6/13/19 Purchased Through Jpmsgb2l Jp Morgan Sec London Paid 29.15 USD Brokerage Paid 175.59 USD Misc Fee1 Book Value 51,882.96 EUR Traded At 0.88680786 EUR To 1 USD Valued At 0.883353 EUR For 58,734.12 USD 500 Shares At 103.404 EUR","47,005.66"
06/17/19,Purchase,"Purchased 10,000 Shares Of -46,549.16 46,695.60 Ds Smith Plc Net Cost 46,549.16 USD Trade Date 6/13/19 Purchased Through Crst 784 Jpmorgan Secs Ltd Paid 23.15 USD Brokerage Paid 1.27 USD Misc Fee1 Paid 232.31 USD Misc Fee2 Book Value 36,698.82 GBP Traded At 0.78838866 GBP To 1 USD Valued At 0.785916 GBP For 46,695.60 USD 10,000 Shares At 3.64969946 GBP 24,770 Yen 99999JPY3 16664 00- -A -UC-UZ -001-04",456.50
06/18/19,Sale,"Sold 12,703.00 Units Of 116.76 -116.76 Yen Trade Date 6/17/19 Value Date 6/18/19 Book Value 12,703 JPY Traded At 108.8 JPY To 1 USD Valued At 108.8 JPY For 116.76 USD Net Proceeds 116.76 USD Repatriating Keyence Corp Transfer To Income Keyence Corp Repatriating Keyence Corp Transfer From Principal Keyence Corp Repatriating Keyence Corp",461.77
06/18/19,Purchase,"Purchased 228.25 Units Of -228.25 228.25 First Am Govt Ob Fd Cl X Trade Date 6/18/19 12,703 Yen 99999JPY3 Transfer From Another Account 16664 00- -A -UC-UZ -001-04",233.52
06/19/19,Purchase,"Purchased 23,610.76 Units Of -23,610.76 23,610.76 First Am Govt Ob Fd Cl X Trade Date 6/19/19 Transfer From Another Account",0.00
06/20/19,Purchase,"Purchased 35,836.56 Units Of -35,836.56 35,836.56 First Am Govt Ob Fd Cl X Trade Date 6/20/19",0.00
06/21/19,Sale,"Sold 5,104.14 Units Of 5,104.14 -5,104.14 First Am Govt Ob Fd Cl X Trade Date 6/21/19 Fancl Corp 15 JPY/Share On 2,000 Shares Due 6/24/19 Received 30,000 JPY Valued At 107.66 JPY For 278.66 USD Fancl Corp Non-USD Taxes 4,595 JPY Valued At 107.66 JPY For 42.69 USD 15.3150000% Foreign Taxes Withheld",0.00
06/24/19,Sale,"Sold 25,405.00 Units Of 235.97 -235.97 Yen Trade Date 6/24/19 Value Date 6/24/19 Book Value 25,405 JPY Traded At 107.66 JPY To 1 USD Valued At 107.66 JPY For 235.97 USD Net Proceeds 235.97 USD Repatriating Fancl Corp 16664 00- -A -UC-UZ -001-04",471.94
06/25/19,Sale,"Sold 1,472.50 Units Of 1,675.21 -1,675.21 Euro Trade Date 6/25/19 Value Date 6/25/19 Book Value 1,472.50 EUR Traded At 0.878996 EUR To 1 USD Valued At 0.878996 EUR For 1,675.21 USD Net Proceeds 1,675.21 USD Repatriating Stroeer SE and Co Kgaa 16664 00- -A -UC-UZ -001-04","3,764.89"
06/25/19,Purchase,"Purchased 607,255.12 Units Of -607,255.12 607,255.12 First Am Govt Ob Fd Cl X Trade Date 6/25/19 1,472.50 Euro 99999EUR3","3,528.92"
06/26/19,Purchase,"Purchased 1,853.71 Units Of -1,853.71 1,853.71 First Am Govt Ob Fd Cl X Trade Date 6/26/19",0.00
06/26/19,Purchase,"Purchased 1,370.94 Units Of -1,370.94 1,370.94 First Am Govt Ob Fd Cl X Trade Date 6/26/19","-1,370.94"
06/26/19,Sale,Sold 685.47 Units Of 685.47 -685.47 First Am Govt Ob Fd Cl X Trade Date 6/26/19,-685.47
06/26/19,Purchase,"Purchased 1,500 Shares Of -59,979.45 59,979.45 Taiwan Semiconductor A D R Trade Date 6/24/19 Purchased Through J.P. Morgan Securities LLC Paid 15.00 USD Brokerage 1,500 Shares At 39.9763 USD 16664 00- -A -UC-UZ -001-04","-60,664.92"
06/26/19,Purchase,"Purchased 2,000 Shares Of -34,087.00 34,087.00 Stmicroelectronics N V Trade Date 6/24/19 Purchased Through J.P. Morgan Securities LLC Paid 20.00 USD Brokerage 2,000 Shares At 17.0335 USD","-94,751.92"
06/26/19,Sale,"Sold 300 Shares Of 94,751.92 -44,513.07 Shopify Inc A Trade Date 6/24/19 Sold Through J.P. Morgan Securities LLC Paid 3.00 USD Brokerage Paid 1.97 USD Sec Fee 300 Shares At 315.8563 USD Disco Corporation 208 JPY/Share On 550 Shares Due 6/26/19 Received 114,400 JPY Valued At 107.86 JPY For 1,060.63 USD Disco Corporation Non-USD Taxes 17,520 JPY Valued At 107.86 JPY For 162.43 USD 15.3150000% Foreign Taxes Withheld",0.00
06/27/19,Sale,"Sold 96,880.00 Units Of 898.20 -898.20 Yen Trade Date 6/26/19 Value Date 6/27/19 Book Value 96,880 JPY Traded At 107.86 JPY To 1 USD Valued At 107.86 JPY For 898.20 USD Net Proceeds 898.20 USD Repatriating Disco Corporation Transfer To Income Disco Corporation Repatriating Disco Corporation 16664 00- -A -UC-UZ -001-04","1,796.40"
06/27/19,Sale,"Sold 50,811.00 Units Of 470.69 -470.69 Yen Trade Date 6/27/19 Value Date 6/27/19 Book Value 50,811 JPY Traded At 107.95 JPY To 1 USD Valued At 107.95 JPY For 470.69 USD Net Proceeds 470.69 USD Repatriating Jeol Ltd Transfer To Income Jeol Ltd Repatriating Jeol Ltd Transfer From Principal Jeol Ltd Repatriating Jeol Ltd","2,737.78"
06/27/19,Sale,"Sold 149,299.56 Units Of 149,299.56 -149,299.56 First Am Govt Ob Fd Cl X Trade Date 6/27/19","119,815.94"
06/27/19,Purchase,"Purchased 3,000 Shares Of -28,215.63 28,023.85 Dustin Group Ab Net Cost 28,215.63 USD Trade Date 6/25/19 Purchased Through Jpmsgb2l Jp Morgan Sec London Paid 14.10 USD Brokerage Book Value 260,782.93 SEK Traded At 9.24249893 SEK To 1 USD Valued At 9.30575 SEK For 28,023.85 USD 3,000 Shares At 86.8842 SEK","91,600.31"
06/27/19,Purchase,"Purchased 6,000 Shares Of -25,213.72 25,249.49 Nordic Semiconductor Asa Net Cost 25,213.72 USD Trade Date 6/25/19 Purchased Through Jpmsgb2l Jp Morgan Sec London Paid 12.60 USD Brokerage Book Value 214,419.96 NOK Traded At 8.50409856 NOK To 1 USD Valued At 8.49205 NOK For 25,249.49 USD 6,000 Shares At 35.71879998 NOK","66,386.59"
06/27/19,Purchase,"Purchased 1,000 Shares Of -33,159.47 33,254.99 Ams Ag Net Cost 33,159.47 USD Trade Date 6/25/19 Purchased Through Jpmsgb2l Jp Morgan Sec London Paid 16.57 USD Brokerage Book Value 32,323.85 CHF Traded At 0.97479996 CHF To 1 USD Valued At 0.972 CHF For 33,254.99 USD 1,000 Shares At 32.3077 CHF 16664 00- -A -UC-UZ -001-04","33,227.12"
06/27/19,Purchase,"Purchased 1,300 Shares Of -30,489.34 39,552.71 Umicore Net Cost 30,489.34 USD Trade Date 6/25/19 Purchased Through Jpmsgb2l Jp Morgan Sec London Paid 15.24 USD Brokerage Book Value 34,727.36 EUR Traded At 1.13900006 EUR To 1 USD Valued At 0.878002 EUR For 39,552.71 USD Reversed By Trx 1 Batch Dm000165 On 6/28/19 1,300 Shares At 26.7 EUR","2,737.78"
06/27/19,Purchase,"Purchased 2,000 Shares Of -27,102.25 27,102.25 Frontier Developments Plc Net Cost 21,298.44 GBP Trade Date 6/25/19 Purchased Through Crst 784 Jpmorgan Secs Ltd Paid 10.64 GBP Brokerage Paid 1.00 GBP Misc Fee1 Purchased On The London Stock Exchange Book Value 21,298.44 GBP Valued At 0.785855 GBP For 27,102.25 USD Fed Tax Cost Reduction 27,102.25- USD 2,000 Shares At 10.6434 GBP","-24,364.47"
06/27/19,Purchase,"Purchased 30,000 Shares Of -21,011.83 21,011.83 Iqe Plc Net Cost 16,512.25 GBP Trade Date 6/25/19 Purchased Through Crst 784 Jpmorgan Secs Ltd Paid 8.25 GBP Brokerage Paid 1.00 GBP Misc Fee1 Book Value 16,512.25 GBP Valued At 0.785855 GBP For 21,011.83 USD Fed Tax Cost Reduction 21,011.83- USD 30,000 Shares At 0.5501 GBP 16664 00- -A -UC-UZ -001-04","-45,376.30"
06/27/19,Purchase,"Purchased 50,000 Shares Of -58,934.73 58,934.73 Learning Technologies Group Net Cost 46,314.15 GBP Trade Date 6/25/19 Purchased Through Crst 784 Jpmorgan Secs Ltd Paid 23.15 GBP Brokerage Paid 1.00 GBP Misc Fee1 Purchased On The London Stock Exchange Book Value 46,314.15 GBP Valued At 0.785855 GBP For 58,934.73 USD Fed Tax Cost Reduction 58,934.73- USD 50,000 Shares At 0.9258 GBP","-104,311.03"
06/27/19,Purchase,"Purchased 2,000 Shares Of -27,123.56 27,102.25 Frontier Developments Plc Net Cost 27,123.56 USD Trade Date 6/25/19 Purchased Through Crst 784 Jpmorgan Secs Ltd Paid 13.55 USD Brokerage Paid 1.27 USD Misc Fee1 Purchased On The London Stock Exchange Book Value 21,298.44 GBP Traded At 0.78523763 GBP To 1 USD Valued At 0.785855 GBP For 27,102.25 USD 2,000 Shares At 10.6434 GBP","-131,434.59"
06/27/19,Purchase,"Purchased 30,000 Shares Of -21,028.35 21,011.83 Iqe Plc Net Cost 21,028.35 USD Trade Date 6/25/19 Purchased Through Crst 784 Jpmorgan Secs Ltd Paid 10.51 USD Brokerage Paid 1.27 USD Misc Fee1 Book Value 16,512.25 GBP Traded At 0.78523755 GBP To 1 USD Valued At 0.785855 GBP For 21,011.83 USD 30,000 Shares At 0.5501 GBP 16664 00- -A -UC-UZ -001-04","-152,462.94"
06/27/19,Purchase,"Purchased 50,000 Shares Of -58,981.07 58,934.73 Learning Technologies Group Net Cost 58,981.07 USD Trade Date 6/25/19 Purchased Through Crst 784 Jpmorgan Secs Ltd Paid 29.48 USD Brokerage Paid 1.27 USD Misc Fee1 Purchased On The London Stock Exchange Book Value 46,314.15 GBP Traded At 0.78523753 GBP To 1 USD Valued At 0.785855 GBP For 58,934.73 USD 50,000 Shares At 0.92580008 GBP 96,880 Yen 99999JPY3 50,811 Yen 99999JPY3 -21,298.44 British Pound 99999GBP3 -16,512.25 British Pound 99999GBP3 -46,314.15 British Pound 99999GBP3","-211,444.01"
06/28/19,Sale,"Reversal- 50,000 Shares Of 58,934.73 -58,934.73 Learning Technologies Group Net Proceeds 46,314.15 GBP Trade Date 6/25/19 Sold Through Crst 784 Jpmorgan Secs Ltd Paid 23.15- GBP Brokerage Paid 1.00- GBP Misc Fee1 Sold On The London Stock Exchange Book Value 46,314.15 GBP Valued At 0.785855 GBP For 58,934.73 USD Fed Tax Cost Of Proceeds 50,000 Shares At 0.9258 GBP 16664 00- -A -UC-UZ -001-04","-46,829.36"
06/28/19,Sale,"Reversal- 30,000 Shares Of 21,011.83 -21,011.83 Iqe Plc Net Proceeds 16,512.25 GBP Trade Date 6/25/19 Sold Through Crst 784 Jpmorgan Secs Ltd Paid 8.25- GBP Brokerage Paid 1.00- GBP Misc Fee1 Book Value 16,512.25 GBP Valued At 0.785855 GBP For 21,011.83 USD Fed Tax Cost Of Proceeds 30,000 Shares At 0.5501 GBP Rev Due To Cancel","-25,817.53"
06/28/19,Sale,"Reversal- 2,000 Shares Of 27,102.25 -27,102.25 Frontier Developments Plc Net Proceeds 21,298.44 GBP Trade Date 6/25/19 Sold Through Crst 784 Jpmorgan Secs Ltd Paid 10.64- GBP Brokerage Paid 1.00- GBP Misc Fee1 Sold On The London Stock Exchange Book Value 21,298.44 GBP Valued At 0.785855 GBP For 27,102.25 USD Fed Tax Cost Of Proceeds 2,000 Shares At 10.6434 GBP Rev Due To Cancel","1,284.72"
06/28/19,Sale,"Reversal- 1,300 Shares Of 30,489.34 -39,552.71 Umicore Net Proceeds 30,489.34 USD Trade Date 6/25/19 Sold Through Jpmsgb2l Jp Morgan Sec London Paid 15.24- USD Brokerage Book Value 34,727.36 EUR Local Proceeds 34,727.36 EUR Traded At 1.13900006 EUR To 1 USD Valued At 0.878002 EUR For 39,552.71 USD 1,300 Shares At 26.7 EUR Rev Due To Wrong Amount 16664 00- -A -UC-UZ -001-04","31,774.06"
06/28/19,Sale,Sold 175.00 Units Of 221.59 -221.59 British Pound Trade Date 6/28/19 Value Date 6/28/19 Book Value 175.00 GBP Traded At 0.789745 GBP To 1 USD Valued At 0.789745 GBP For 221.59 USD Net Proceeds 221.59 USD Repatriating Learning Technologies Group Transfer To Income Learning Technologies Group Repatriating Learning Technologies Group Transfer From Principal Learning Technologies Group Repatriating Learning Technologies Group,"32,217.24"
06/28/19,Sale,"Sold 105,764.09 Units Of 105,764.09 -105,764.09 First Am Govt Ob Fd Cl X Trade Date 6/27/19","137,981.33"
06/28/19,Sale,"Sold 75,331.17 Units Of 75,331.17 -75,331.17 First Am Govt Ob Fd Cl X Trade Date 6/28/19 16664 00- -A -UC-UZ -001-04","213,312.50"
06/28/19,Purchase,"Purchased 1,000 Shares Of -26,755.13 26,678.13 Fancl Corp Net Cost 26,755.13 USD Trade Date 6/25/19 Purchased Through Jpmsgb2l Jp Morgan Sec London Paid 13.37 USD Brokerage Book Value 2,864,431 JPY Traded At 107.06100101 JPY To 1 USD Valued At 107.37 JPY For 26,678.13 USD 1,000 Shares At 2,863 JPY","186,557.37"
06/28/19,Purchase,"Purchased 2,000 Shares Of -48,576.04 48,436.24 Monotaro Co Ltd First Section Net Cost 48,576.04 USD Trade Date 6/25/19 Purchased Through Jpmsgb2l Jp Morgan Sec London Paid 24.28 USD Brokerage Book Value 5,200,599 JPY Traded At 107.06099138 JPY To 1 USD Valued At 107.37 JPY For 48,436.24 USD 2,000 Shares At 2,599 JPY","137,981.33"
06/28/19,Purchase,"Purchased 1,300 Shares Of -30,489.34 39,552.71 Umicore Net Cost 30,489.34 USD Trade Date 6/25/19 Purchased Through Jpmsgb2l Jp Morgan Sec London Paid 15.24 USD Brokerage Book Value 34,727.36 EUR Traded At 1.13900006 EUR To 1 USD Valued At 0.878002 EUR For 39,552.71 USD Reversed By Trx 1 Batch Dm000007 On 7/1/19 1,300 Shares At 26.7 EUR 46,314.15 British Pound 99999GBP3 16,512.25 British Pound 99999GBP3 21,298.44 British Pound 99999GBP3 16664 00- -A -UC-UZ -001-04","107,491.99"
07/01/19,Sale,"Reversal- 1,300 Shares Of 30,489.34 -39,552.71 Umicore Net Proceeds 30,489.34 USD Trade Date 6/25/19 Sold Through Jpmsgb2l Jp Morgan Sec London Paid 15.24- USD Brokerage Book Value 34,727.36 EUR Local Proceeds 34,727.36 EUR Traded At 1.13900006 EUR To 1 USD Valued At 0.878002 EUR For 39,552.71 USD 1,300 Shares At 26.7 EUR Rev Due To Wrong Amount Transfer From Another Account","30,710.93"
07/01/19,Purchase,"Purchased 51,416.84 Units Of -51,416.84 51,416.84 First Am Govt Ob Fd Cl X Trade Date 7/1/19","30,489.34"
07/01/19,Purchase,"Purchased 1,300 Shares Of -39,554.46 39,552.71 Umicore Net Cost 39,554.46 USD Trade Date 6/25/19 Purchased Through Jpmsgb2l Jp Morgan Sec London Paid 19.77 USD Brokerage Book Value 34,727.36 EUR Traded At 0.87796313 EUR To 1 USD Valued At 0.878002 EUR For 39,552.71 USD 1,300 Shares At 26.7 EUR First Am Govt Ob Fd Cl X Interest From 6/1/19 To 6/30/19","-9,065.12"
07/02/19,Sale,"Sold 160,617.01 Units Of 160,617.01 -160,617.01 First Am Govt Ob Fd Cl X Trade Date 7/2/19","129,664.79"
07/02/19,Sale,"Sold 10,138.36 Units Of 10,138.36 -10,138.36 First Am Govt Ob Fd Cl X Trade Date 7/2/19","139,803.15"
07/02/19,Purchase,"Purchased 3,000 Shares Of -45,809.95 45,809.95 Pva Tepla Ag Net Cost 45,809.95 USD Trade Date 6/28/19 Purchased Through Jpmsgb2leql Jp Morgan Eq Lndn Paid 22.89 USD Brokerage Purchased On The Boerse Frankfurt - Regulierter Book Value 40,285.23 EUR Traded At 0.87939913 EUR To 1 USD Valued At 0.87939913 EUR For 45,809.95 USD 3,000 Shares At 13.4217 EUR","93,993.20"
07/02/19,Purchase,"Purchased 2,000 Shares Of -65,381.88 65,381.88 Asos Plc Net Cost 65,381.88 USD Trade Date 6/28/19 Purchased Through Crst 784 Jpmorgan Secs Ltd Paid 32.67 USD Brokerage Paid 1.27 USD Misc Fee1 Book Value 51,491.93 GBP Traded At 0.78755658 GBP To 1 USD Valued At 0.78755658 GBP For 65,381.88 USD 2,000 Shares At 25.7326 GBP 16664 00- -A -UC-UZ -001-04","28,611.32"
07/02/19,Purchase,"Purchased 2,000 Shares Of -28,611.32 28,611.32 Slm Solutions Group Ag Net Cost 28,611.32 USD Trade Date 6/28/19 Purchased Through Jpmsgb2leql Jp Morgan Eq Lndn Paid 14.29 USD Brokerage Book Value 25,160.77 EUR Traded At 0.87939913 EUR To 1 USD Valued At 0.87939913 EUR For 28,611.32 USD 2,000 Shares At 12.5741 EUR",0.00
07/03/19,Sale,"Reversal- 50,000 Shares Of 58,981.07 -58,934.73 Learning Technologies Group Net Proceeds 58,981.07 USD Trade Date 6/25/19 Sold Through Crst 784 Jpmorgan Secs Ltd Paid 29.48- USD Brokerage Paid 1.27- USD Misc Fee1 Sold On The London Stock Exchange Book Value 46,314.15 GBP Local Proceeds 46,314.15 GBP Traded At 0.78523753 GBP To 1 USD 50,000 Shares At 0.92580008 GBP Rev Due To Wrong Amount","58,981.07"
07/03/19,Sale,"Sold 336,029.57 Units Of 336,029.57 -336,029.57 First Am Govt Ob Fd Cl X Trade Date 7/3/19","395,010.64"
07/03/19,Purchase,"Purchased 500 Shares Of -36,933.44 37,179.29 Stroeer SE and Co Kgaa Net Cost 36,933.44 USD Trade Date 7/1/19 Purchased Through Jpmsgb2leql Jp Morgan Eq Lndn Paid 18.46 USD Brokerage Book Value 32,647.77 EUR Traded At 0.88396234 EUR To 1 USD Valued At 0.878117 EUR For 37,179.29 USD 500 Shares At 65.2629 EUR 16664 00- -A -UC-UZ -001-04","358,077.20"
07/03/19,Purchase,"Purchased 10,000 Shares Of -50,563.61 50,563.61 Entertainment One Ltd Net Cost 50,563.61 USD Trade Date 7/1/19 Purchased Through Crst 784 Jpmorgan Secs Ltd Paid 25.27 USD Brokerage Book Value 39,981.98 GBP Traded At 0.79072637 GBP To 1 USD Valued At 0.79072637 GBP For 50,563.61 USD 10,000 Shares At 3.9962 GBP","307,513.59"
07/03/19,Purchase,"Purchased 50,000 Shares Of -41,629.38 41,629.38 Iqe Plc Net Cost 41,629.38 USD Trade Date 7/1/19 Purchased Through Crst 784 Jpmorgan Secs Ltd Paid 20.80 USD Brokerage Paid 1.26 USD Misc Fee1 Book Value 32,917.46 GBP Traded At 0.79072641 GBP To 1 USD Valued At 0.79072641 GBP For 41,629.38 USD 50,000 Shares At 0.65800013 GBP","265,884.21"
07/03/19,Purchase,"Purchased 3,000 Shares Of -35,460.64 35,460.64 Biocartis Nv Net Cost 35,460.64 USD Trade Date 7/1/19 Purchased Through Jpmsgb2l Jp Morgan Sec London Paid 17.73 USD Brokerage Book Value 31,345.87 EUR Traded At 0.88396233 EUR To 1 USD Valued At 0.88396233 EUR For 35,460.64 USD 3,000 Shares At 10.4434 EUR","230,423.57"
07/03/19,Purchase,"Purchased 5,000 Shares Of -27,357.13 27,357.13 Boozt Ab Net Cost 27,357.13 USD Trade Date 7/1/19 Purchased Through Jpmsgb2l Jp Morgan Sec London Paid 13.67 USD Brokerage Book Value 255,283.08 SEK Traded At 9.33150078 SEK To 1 USD Valued At 9.33150078 SEK For 27,357.13 USD 5,000 Shares At 51.0311 SEK 16664 00- -A -UC-UZ -001-04","203,066.44"
07/03/19,Purchase,"Purchased 2,000 Shares Of -65,150.15 65,150.15 Asos Plc Net Cost 65,150.15 USD Trade Date 7/1/19 Purchased Through Crst 784 Jpmorgan Secs Ltd Paid 32.55 USD Brokerage Paid 1.26 USD Misc Fee1 Book Value 51,515.95 GBP Traded At 0.79072635 GBP To 1 USD Valued At 0.79072635 GBP For 65,150.15 USD 2,000 Shares At 25.74460277 GBP","137,916.29"
07/03/19,Purchase,"Purchased 6,000 Shares Of -78,935.22 78,935.22 Aston Martin Lagonda Global Net Cost 78,935.22 USD Trade Date 7/1/19 Purchased Through Crst 784 Jpmorgan Secs Ltd Paid 39.26 USD Brokerage Paid 393.97 USD Misc Fee1 Purchased On The London Stock Exchange Book Value 62,416.15 GBP Traded At 0.79072637 GBP To 1 USD Valued At 0.79072637 GBP For 78,935.22 USD 6,000 Shares At 10.34559894 GBP","58,981.07"
07/05/19,Purchase,"Purchased 58,981.07 Units Of -58,981.07 58,981.07 First Am Govt Ob Fd Cl X Trade Date 7/5/19 Eurofins Scientific 2.88 EUR/Share On 250 Shares Due 7/5/19 Received 720.00 EUR Valued At 0.893033 EUR For 806.24 USD Eurofins Scientific Non-USD Taxes 108.00 EUR Valued At 0.893033 EUR For 120.93 USD 15.0000000% Foreign Taxes Withheld 16664 00- -A -UC-UZ -001-04",0.00
07/08/19,Sale,Sold 612.00 Units Of 685.31 -685.31 Euro Trade Date 7/5/19 Value Date 7/8/19 Book Value 612.00 EUR Traded At 0.893033 EUR To 1 USD Valued At 0.893033 EUR For 685.31 USD Net Proceeds 685.31 USD Repatriating Eurofins Scientific Transfer To Income Eurofins Scientific Repatriating Eurofins Scientific Transfer From Principal Eurofins Scientific Repatriating Eurofins Scientific,"1,370.62"
07/08/19,Sale,"Sold 107,281.7 Units Of 107,281.70 -107,281.70 First Am Govt Ob Fd Cl X Trade Date 7/8/19 612.00 Euro 99999EUR3","1,370.62"
07/09/19,Purchase,Purchased 685.31 Units Of -685.31 685.31 First Am Govt Ob Fd Cl X Trade Date 7/9/19 16664 00- -A -UC-UZ -001-04,0.00
07/09/19,Purchase,"Purchased 50,000 Shares Of -58,934.73 58,934.73 Learning Technologies Group Net Cost 46,314.15 GBP Trade Date 6/25/19 Purchased Through Crst 784 Jpmorgan Secs Ltd Paid 23.15 GBP Brokerage Paid 1.00 GBP Misc Fee1 Purchased On The London Stock Exchange Book Value 46,314.15 GBP Valued At 0.785855 GBP For 58,934.73 USD Fed Tax Cost Reduction 58,934.73- USD 50,000 Shares At 0.9258 GBP -46,314.15 British Pound 99999GBP3","-58,934.73"
07/10/19,Sale,"Reversal- 50,000 Shares Of 58,934.73 -58,934.73 Learning Technologies Group Net Proceeds 46,314.15 GBP Trade Date 6/25/19 Sold Through Crst 784 Jpmorgan Secs Ltd Paid 23.15- GBP Brokerage Paid 1.00- GBP Misc Fee1 Sold On The London Stock Exchange Book Value 46,314.15 GBP Valued At 0.785855 GBP For 58,934.73 USD Fed Tax Cost Of Proceeds 50,000 Shares At 0.9258 GBP Rev Due To Wrong Amount","58,934.73"
07/10/19,Sale,"Sold 6,022.26 Units Of 6,022.26 -6,022.26 First Am Govt Ob Fd Cl X Trade Date 7/10/19 16664 00- -A -UC-UZ -001-04","58,934.73"
07/10/19,Purchase,"Purchased 50,000 Shares Of -58,917.62 58,934.73 Learning Technologies Group Net Cost 58,917.62 USD Trade Date 6/25/19 Purchased Through Crst 784 Jpmorgan Secs Ltd Paid 29.45 USD Brokerage Paid 1.27 USD Misc Fee1 Purchased On The London Stock Exchange Book Value 46,314.15 GBP Traded At 0.78608318 GBP To 1 USD Valued At 0.785855 GBP For 58,934.73 USD 50,000 Shares At 0.9258 GBP 46,314.15 British Pound 99999GBP3",17.11
07/11/19,Sale,"Sold 58,917.62 Units Of 58,917.62 -58,917.62 First Am Govt Ob Fd Cl X Trade Date 7/10/19","-4,531.23"
07/11/19,Sale,"Sold 27,546.86 Units Of 27,546.86 -27,546.86 First Am Govt Ob Fd Cl X Trade Date 7/11/19","23,015.63"
07/11/19,Sale,"Sold 4,531.23 Units Of 4,531.23 -4,531.23 First Am Govt Ob Fd Cl X Trade Date 7/11/19","27,546.86"
07/11/19,Purchase,"Purchased 2,000 Shares Of -27,546.86 27,546.86 Raysearch Laboratories Ab Net Cost 27,546.86 USD Trade Date 7/9/19 Purchased Through Jpmsgb2l Jp Morgan Sec London Paid 13.77 USD Brokerage Book Value 261,116.69 SEK Traded At 9.47900015 SEK To 1 USD Valued At 9.47900015 SEK For 27,546.86 USD 2,000 Shares At 130.4931 SEK 16664 00- -A -UC-UZ -001-04",0.00
07/15/19,Purchase,"Purchased 35,457.06 Units Of -35,457.06 35,457.06 First Am Govt Ob Fd Cl X Trade Date 7/15/19 Orpea 1.20 EUR/Share On 1,000 Shares Due 7/16/19 Received 1,200.00 EUR Valued At 0.889226 EUR For 1,349.49 USD 16664 00- -A -UC-UZ -001-04","1,531.17"
07/16/19,Sale,Sold 840.00 Units Of 944.64 -944.64 Euro Trade Date 7/16/19 Value Date 7/16/19 Book Value 840.00 EUR Traded At 0.889226 EUR To 1 USD Valued At 0.889226 EUR For 944.64 USD Net Proceeds 944.64 USD Repatriating Orpea Transfer To Income Orpea Repatriating Orpea Transfer From Principal Orpea Repatriating Orpea,"3,420.45"
07/16/19,Purchase,"Purchased 240,475.32 Units Of -240,475.32 240,475.32 First Am Govt Ob Fd Cl X Trade Date 7/16/19","-237,054.87"
07/16/19,Sale,"Sold 4,500 Shares Of 238,944.15 -223,186.87 Baozun Inc Spon A D R Trade Date 7/12/19 Sold Through J.P. Morgan Securities LLC Paid 45.00 USD Brokerage Paid 4.95 USD Sec Fee 4,500 Shares At 53.1098 USD 840.00 Euro 99999EUR3 16664 00- -A -UC-UZ -001-04","1,889.28"
07/17/19,Purchase,"Purchased 22,017.38 Units Of -22,017.38 22,017.38 First Am Govt Ob Fd Cl X Trade Date 7/17/19 Taiwan Semiconductor A D R 1.288701 USD/Share On 1,500 Shares Due 7/18/19 21.0000000% Foreign Taxes Withheld Non-USD Taxes Taiwan Semiconductor A D R First Derivatives Plc 0.193 GBP/Share On 2,000 Shares Due 7/19/19 Received 386.00 GBP Valued At 0.801442 GBP For 481.63 USD",0.00
07/19/19,Sale,Sold 386.00 Units Of 481.63 -481.63 British Pound Trade Date 7/19/19 Value Date 7/19/19 Book Value 386.00 GBP Traded At 0.801442 GBP To 1 USD Valued At 0.801442 GBP For 481.63 USD Net Proceeds 481.63 USD Repatriating First Derivatives Plc Transfer To Income First Derivatives Plc Repatriating First Derivatives Plc Transfer From Principal First Derivatives Plc Repatriating First Derivatives Plc 16664 00- -A -UC-UZ -001-04,"2,490.37"
07/19/19,Purchase,Purchased 481.63 Units Of -481.63 481.63 First Am Govt Ob Fd Cl X Trade Date 7/19/19,"2,008.74"
07/19/19,Sale,"Sold 125,217.49 Units Of 125,217.49 -125,217.49 First Am Govt Ob Fd Cl X Trade Date 7/19/19","127,226.23"
07/19/19,Purchase,"Purchased 1,000 Shares Of -37,648.60 37,648.60 Comture Corp Net Cost 37,648.60 USD Trade Date 7/17/19 Purchased Through Jpmsgb2l Jp Morgan Sec London Paid 18.81 USD Brokerage Purchased On The Jasdaq Securities Exchange Book Value 4,075,536 JPY Traded At 108.25199343 JPY To 1 USD Valued At 108.25199343 JPY For 37,648.60 USD 1,000 Shares At 4,073.5 JPY","89,577.63"
07/19/19,Purchase,"Purchased 2,000 Shares Of -89,096.00 89,096.00 Uuum Inc Net Cost 89,096.00 USD Trade Date 7/17/19 Purchased Through Jpmsgb2l Jp Morgan Sec London Paid 44.53 USD Brokerage Purchased On The Tokyo Stock Exchange Book Value 9,644,820 JPY Traded At 108.25199784 JPY To 1 USD Valued At 108.25199784 JPY For 89,096.00 USD 2,000 Shares At 4,820 JPY 386.00 British Pound 99999GBP3 Transfer From Another Account",481.63
07/22/19,Purchase,"Purchased 77,264.13 Units Of -77,264.13 77,264.13 First Am Govt Ob Fd Cl X Trade Date 7/22/19 16664 00- -A -UC-UZ -001-04",0.00
07/23/19,Sale,"Sold 35,829.22 Units Of 35,829.22 -35,829.22 First Am Govt Ob Fd Cl X Trade Date 7/23/19 Transfer From Another Account",0.00
07/24/19,Purchase,"Purchased 121,111.54 Units Of -121,111.54 121,111.54 First Am Govt Ob Fd Cl X Trade Date 7/24/19",0.00
07/24/19,Sale,"Sold 44,460 Units Of 44,460.00 -44,460.00 First Am Govt Ob Fd Cl X Trade Date 7/24/19","44,460.00"
07/24/19,Purchase,"Purchased 1,000 Shares Of -44,460.00 44,460.00 Taiwan Semiconductor A D R Trade Date 7/22/19 Purchased Through J.P. Morgan Securities LLC Paid 10.00 USD Brokerage 1,000 Shares At 44.45 USD",0.00
07/25/19,Sale,"Sold 168,083.37 Units Of 168,083.37 -168,083.37 First Am Govt Ob Fd Cl X Trade Date 7/25/19","153,969.18"
07/25/19,Purchase,"Purchased 5,000 Shares Of -68,414.28 68,414.28 Vitec Software Group Ab B Sh Net Cost 68,414.28 USD Trade Date 7/23/19 Purchased Through Jpmsgb2l Jp Morgan Sec London Paid 34.19 USD Brokerage Book Value 647,691.68 SEK Traded At 9.46720012 SEK To 1 USD Valued At 9.46720012 SEK For 68,414.28 USD 5,000 Shares At 129.4736 SEK","85,554.90"
07/25/19,Purchase,"Purchased 4,500 Shares Of -85,554.90 85,554.90 Stmicroelectronics N V Trade Date 7/23/19 Purchased Through J.P. Morgan Securities LLC Paid 45.00 USD Brokerage 4,500 Shares At 19.0022 USD Transfer From Another Account",0.00
07/26/19,Purchase,"Purchased 12,498.36 Units Of -12,498.36 12,498.36 First Am Govt Ob Fd Cl X Trade Date 7/26/19",0.00
07/29/19,Sale,"Sold 16,370.93 Units Of 16,370.93 -16,370.93 First Am Govt Ob Fd Cl X Trade Date 7/29/19 16664 00- -A -UC-UZ -001-04","16,370.93"
07/29/19,Purchase,"Purchased 2,000 Shares Of -16,370.93 16,370.93 Aston Martin Lagonda Global Net Cost 16,370.93 USD Trade Date 7/25/19 Purchased Through Crst 784 Jpmorgan Secs Ltd Paid 8.14 USD Brokerage Paid 1.25 USD Misc Fee1 Paid 81.44 USD Misc Fee2 Purchased On The London Stock Exchange Book Value 13,111.95 GBP Traded At 0.80092884 GBP To 1 USD 2,000 Shares At 6.5196 GBP",0.00
07/30/19,Sale,"Sold 24,893.83 Units Of 24,893.83 -24,893.83 First Am Govt Ob Fd Cl X Trade Date 7/30/19 Transfer From Another Account",0.00
08/01/19,Purchase,"Purchased 12,924.45 Units Of -12,924.45 12,924.45 First Am Govt Ob Fd Cl X Trade Date 8/1/19 First Am Govt Ob Fd Cl X Interest From 7/1/19 To 7/31/19",0.00
08/02/19,Sale,"Sold 41,497.54 Units Of 41,497.54 -41,497.54 First Am Govt Ob Fd Cl X Trade Date 8/2/19 16664 00- -A -UC-UZ -001-04",0.00
08/05/19,Sale,"Sold 45,730.00 Units Of 428.54 -428.54 Yen Trade Date 8/5/19 Value Date 8/5/19 Book Value 45,730 JPY Traded At 106.71 JPY To 1 USD Valued At 106.71 JPY For 428.54 USD Net Proceeds 428.54 USD Repatriating Askul Corp Npv Transfer To Income Askul Corp Npv Repatriating Askul Corp Npv Transfer From Principal Askul Corp Npv Repatriating Askul Corp Npv 45,730 Yen 99999JPY3",857.08
08/06/19,Sale,"Sold 62,927.52 Units Of 62,927.52 -62,927.52 First Am Govt Ob Fd Cl X Trade Date 8/6/19 16664 00- -A -UC-UZ -001-04",0.00
08/07/19,Sale,"Sold 14,789.74 Units Of 14,789.74 -14,789.74 First Am Govt Ob Fd Cl X Trade Date 8/7/19 Transfer From Another Account",0.00
08/09/19,Purchase,"Purchased 1,047,611.2 Units Of -1,047,611.20 1,047,611.20 First Am Govt Ob Fd Cl X Trade Date 8/9/19",0.00
08/12/19,Sale,"Sold 106,346.38 Units Of 106,346.38 -106,346.38 First Am Govt Ob Fd Cl X Trade Date 8/12/19","106,346.38"
08/12/19,Purchase,"Purchased 24,000 Shares Of -106,346.38 106,346.38 Tobii Ab Net Cost 106,346.38 USD Trade Date 8/8/19 Purchased Through Jpmsgb2l Jp Morgan Sec London Paid 53.15 USD Brokerage Book Value 1,018,298.49 SEK Traded At 9.57529998 SEK To 1 USD Valued At 9.57529998 SEK For 106,346.38 USD 24,000 Shares At 42.4079 SEK 16664 00- -A -UC-UZ -001-04",0.00
08/13/19,Purchase,"Purchased 55,867.59 Units Of -55,867.59 55,867.59 First Am Govt Ob Fd Cl X Trade Date 8/13/19","1,278.89"
08/14/19,Sale,"Reversal- 4,000 Shares Of 39,745.51 -39,745.51 Ocado Group Plc Net Proceeds 39,745.51 USD Trade Date 8/12/19 Sold Through Crst 784 Jpmorgan Secs Ltd Paid 19.76- USD Brokerage Paid 198.56- USD Misc Fee1 Book Value 47,981.97 GBP Local Proceeds 47,981.97 GBP Traded At 1.20722995 GBP To 1 USD Valued At 1.20722995 GBP For 39,745.51 USD 4,000 Shares At 11.92960189 GBP Rev Due To Wrong Amount USD 16664 00- -A -UC-UZ -001-04","41,024.40"
08/14/19,Sale,"Reversal- 3,000 Shares Of 22,790.97 -22,790.97 Frontier Developments Plc Net Proceeds 22,790.97 USD Trade Date 8/12/19 Sold Through Crst 784 Jpmorgan Secs Ltd Paid 11.39- USD Brokerage Paid 0.83- USD Misc Fee1 Sold On The London Stock Exchange Book Value 27,514.85 GBP Local Proceeds 27,514.85 GBP Traded At 1.20726981 GBP To 1 USD 3,000 Shares At 9.1667 GBP Rev Due To Wrong Amount USD","63,815.37"
08/14/19,Sale,"Reversal- 1,000 Shares Of 21,904.06 -21,904.06 First Derivatives Plc Net Proceeds 21,904.06 USD Trade Date 8/12/19 Sold Through Crst 784 Jpmorgan Secs Ltd Paid 10.94- USD Brokerage Paid 0.83- USD Misc Fee1 Sold On The London Stock Exchange Book Value 26,444.11 GBP Local Proceeds 26,444.11 GBP Traded At 1.20726979 GBP To 1 USD 1,000 Shares At 26.4299 GBP Reve Due To Wrong Amount USD","85,719.43"
08/14/19,Sale,"Reversal- 10,000 Shares Of 27,260.83 -27,260.83 Ds Smith Plc Net Proceeds 27,260.83 USD Trade Date 8/12/19 Sold Through Crst 784 Jpmorgan Secs Ltd Paid 13.55- USD Brokerage Paid 136.45- USD Misc Fee1 Book Value 32,910.10 GBP Local Proceeds 32,910.10 GBP Traded At 1.20722993 GBP To 1 USD Valued At 1.20722993 GBP For 27,260.83 USD 10,000 Shares At 3.2729 GBP Rev Due To Wrong Amount USD 16664 00- -A -UC-UZ -001-04","112,980.26"
08/14/19,Sale,"Sold 232,677.55 Units Of 232,677.55 -232,677.55 First Am Govt Ob Fd Cl X Trade Date 8/14/19","345,016.23"
08/14/19,Purchase,"Purchased 3,000 Shares Of -41,877.27 41,877.27 Quantel Net Cost 41,877.27 USD Trade Date 8/12/19 Purchased Through Jpmsgb2l Jp Morgan Sec London Paid 20.93 USD Brokerage Purchased On The NYSE Euronext - Euronext Paris Book Value 46,995.09 EUR Traded At 1.12220997 EUR To 1 USD Valued At 1.12220997 EUR For 41,877.27 USD 3,000 Shares At 15.6572 EUR","303,138.96"
08/14/19,Purchase,"Purchased 10,000 Shares Of -27,260.83 27,260.83 Ds Smith Plc Net Cost 27,260.83 USD Trade Date 8/12/19 Purchased Through Crst 784 Jpmorgan Secs Ltd Paid 13.55 USD Brokerage Paid 136.45 USD Misc Fee1 Book Value 32,910.09 GBP Traded At 1.20722993 GBP To 1 USD Valued At 1.20722993 GBP For 27,260.83 USD 10,000 Shares At 3.2729 GBP 16664 00- -A -UC-UZ -001-04","275,878.13"
08/14/19,Purchase,"Purchased 1,000 Shares Of -21,904.06 21,904.06 First Derivatives Plc Net Cost 21,904.06 USD Trade Date 8/12/19 Purchased Through Crst 784 Jpmorgan Secs Ltd Paid 10.94 USD Brokerage Paid 0.83 USD Misc Fee1 Purchased On The London Stock Exchange Book Value 26,444.11 GBP Traded At 1.20726979 GBP To 1 USD Valued At 1.20726979 GBP For 21,904.06 USD 1,000 Shares At 26.4299 GBP","253,974.07"
08/14/19,Purchase,"Purchased 3,000 Shares Of -22,790.97 22,790.97 Frontier Developments Plc Net Cost 22,790.97 USD Trade Date 8/12/19 Purchased Through Crst 784 Jpmorgan Secs Ltd Paid 11.39 USD Brokerage Paid 0.83 USD Misc Fee1 Purchased On The London Stock Exchange Book Value 27,514.85 GBP Traded At 1.20726981 GBP To 1 USD Valued At 1.20726981 GBP For 22,790.97 USD 3,000 Shares At 9.1667 GBP","231,183.10"
08/14/19,Purchase,"Purchased 4,000 Shares Of -39,745.51 39,745.51 Ocado Group Plc Net Cost 39,745.51 USD Trade Date 8/12/19 Purchased Through Crst 784 Jpmorgan Secs Ltd Paid 19.76 USD Brokerage Paid 198.56 USD Misc Fee1 Book Value 47,981.97 GBP Traded At 1.20722995 GBP To 1 USD Valued At 1.20722995 GBP For 39,745.51 USD 4,000 Shares At 11.92960189 GBP 16664 00- -A -UC-UZ -001-04","191,437.59"
08/14/19,Purchase,"Purchased 5,000 Shares Of -42,176.40 42,241.31 Dustin Group Ab Net Cost 42,176.40 USD Trade Date 8/12/19 Purchased Through Jpmsgb2l Jp Morgan Sec London Paid 21.08 USD Brokerage Book Value 403,501.65 SEK Traded At 9.56700074 SEK To 1 USD Valued At 9.5523 SEK For 42,241.31 USD 5,000 Shares At 80.66000002 SEK","149,261.19"
08/14/19,Purchase,"Purchased 1,000 Shares Of -37,559.82 47,237.90 Zalando SE Net Cost 37,559.82 USD Trade Date 8/12/19 Purchased Through Jpmsgb2l Jp Morgan Sec London Paid 18.77 USD Brokerage Book Value 42,171.07 EUR Traded At 1.12277109 EUR To 1 USD Valued At 0.892738 EUR For 47,237.90 USD Reversed By Trx 1 Batch Dm000147 On 8/19/19 1,000 Shares At 42.15 EUR","111,701.37"
08/14/19,Purchase,"Purchased 3,000 Shares Of -33,217.85 33,217.85 Frontier Developments Plc Net Cost 33,217.85 USD Trade Date 8/12/19 Purchased Through Crst 784 Jpmorgan Secs Ltd Paid 16.60 USD Brokerage Paid 1.21 USD Misc Fee1 Purchased On The London Stock Exchange Book Value 27,514.85 GBP Traded At 0.8283152 GBP To 1 USD Valued At 0.8283152 GBP For 33,217.85 USD 3,000 Shares At 9.1667 GBP 16664 00- -A -UC-UZ -001-04","78,483.52"
08/14/19,Purchase,"Purchased 1,000 Shares Of -31,925.18 31,925.18 First Derivatives Plc Net Cost 31,925.18 USD Trade Date 8/12/19 Purchased Through Crst 784 Jpmorgan Secs Ltd Paid 15.95 USD Brokerage Paid 1.21 USD Misc Fee1 Purchased On The London Stock Exchange Book Value 26,444.11 GBP Traded At 0.82831514 GBP To 1 USD Valued At 0.82831514 GBP For 31,925.18 USD 1,000 Shares At 26.4299 GBP","46,558.34"
08/14/19,Purchase,"Purchased 10,000 Shares Of -39,730.05 39,730.05 Ds Smith Plc Net Cost 39,730.05 USD Trade Date 8/12/19 Purchased Through Crst 784 Jpmorgan Secs Ltd Paid 19.75 USD Brokerage Paid 198.87 USD Misc Fee1 Book Value 32,910.09 GBP Traded At 0.82834253 GBP To 1 USD Valued At 0.82834253 GBP For 39,730.05 USD 10,000 Shares At 3.2729 GBP","6,828.29"
08/14/19,Purchase,"Purchased 4,000 Shares Of -57,925.27 57,925.27 Ocado Group Plc Net Cost 57,925.27 USD Trade Date 8/12/19 Purchased Through Crst 784 Jpmorgan Secs Ltd Paid 28.80 USD Brokerage Paid 289.39 USD Misc Fee1 Book Value 47,981.97 GBP Traded At 0.82834262 GBP To 1 USD Valued At 0.82834262 GBP For 57,925.27 USD 4,000 Shares At 11.9296 GBP","-51,096.98"
08/15/19,Sale,"Sold 54,886.92 Units Of 54,886.92 -54,886.92 First Am Govt Ob Fd Cl X Trade Date 8/15/19","147,680.42"
08/15/19,Sale,Sold 400 Units Of 400.00 -400.00 First Am Govt Ob Fd Cl X Trade Date 8/15/19,"148,080.42"
08/15/19,Purchase,"Purchased 1,500 Shares Of -56,864.42 56,864.42 Comture Corp Net Cost 56,864.42 USD Trade Date 8/13/19 Purchased Through Jpmsgb2l Jp Morgan Sec London Paid 28.41 USD Brokerage Purchased On The Jasdaq Securities Exchange Book Value 5,980,488 JPY Traded At 105.17100148 JPY To 1 USD Valued At 105.17100148 JPY For 56,864.42 USD 1,500 Shares At 3,985 JPY","91,216.00"
08/15/19,Purchase,"Purchased 1,000 Shares Of -42,142.94 42,142.94 Cyberagent Inc Npv Net Cost 42,142.94 USD Trade Date 8/13/19 Purchased Through Jpmsgb2l Jp Morgan Sec London Paid 21.06 USD Brokerage Book Value 4,432,215 JPY Traded At 105.17099661 JPY To 1 USD Valued At 105.17099661 JPY For 42,142.94 USD 1,000 Shares At 4,430 JPY","49,073.06"
08/15/19,Purchase,"Purchased 400 Shares Of -51,846.28 51,846.28 Nidec Corp Net Cost 51,846.28 USD Trade Date 8/13/19 Purchased Through Jpmsgb2l Jp Morgan Sec London Paid 25.91 USD Brokerage Book Value 5,452,725 JPY Traded At 105.1709978 JPY To 1 USD Valued At 105.1709978 JPY For 51,846.28 USD 400 Shares At 13,625 JPY 16664 00- -A -UC-UZ -001-04","-2,773.22"
08/15/19,Purchase,"Purchased 5,000 Shares Of -49,372.88 49,372.88 Rakuten Inc Net Cost 49,372.88 USD Trade Date 8/13/19 Purchased Through Jpmsgb2l Jp Morgan Sec London Paid 24.67 USD Brokerage Book Value 5,192,595 JPY Traded At 105.1709967 JPY To 1 USD Valued At 105.1709967 JPY For 49,372.88 USD 5,000 Shares At 1,038 JPY","-52,146.10"
08/15/19,Sale,"Sold 3,000 Shares Of 52,146.10 -73,971.71 Ut Group Co Ltd Net Proceeds 52,146.10 USD Trade Date 8/13/19 Sold Through Jpmsgb2l Jp Morgan Sec London Paid 26.08 USD Brokerage Book Value 8,083,139 JPY Local Proceeds 5,484,257 JPY Traded At 105.17099073 JPY To 1 USD Valued At 105.17099073 JPY For 52,146.10 USD 3,000 Shares At 1,829 JPY",0.00
08/16/19,Sale,"Sold 8,809.81 Units Of 8,809.81 -8,809.81 First Am Govt Ob Fd Cl X Trade Date 8/16/19",0.00
08/19/19,Sale,"Reversal- 3,000 Shares Of 41,877.27 -41,877.27 Quantel Net Proceeds 41,877.27 USD Trade Date 8/12/19 Sold Through Jpmsgb2l Jp Morgan Sec London Paid 20.93- USD Brokerage Sold On The NYSE Euronext - Euronext Paris Book Value 46,995.09 EUR Local Proceeds 46,995.09 EUR Traded At 1.12220997 EUR To 1 USD Valued At 1.12220997 EUR For 41,877.27 USD 3,000 Shares At 15.6572 EUR 16664 00- -A -UC-UZ -001-04","41,877.27"
08/19/19,Sale,"Reversal- 1,000 Shares Of 37,559.82 -47,237.90 Zalando SE Net Proceeds 37,559.82 USD Trade Date 8/12/19 Sold Through Jpmsgb2l Jp Morgan Sec London Paid 18.77- USD Brokerage Book Value 42,171.08 EUR Local Proceeds 42,171.08 EUR Traded At 1.12277109 EUR To 1 USD Valued At 0.892738 EUR For 47,237.91 USD 1,000 Shares At 42.15 EUR Rev Due To Wrong Amount USD","79,437.09"
08/19/19,Sale,"Sold 208,840.98 Units Of 208,840.98 -208,840.98 First Am Govt Ob Fd Cl X Trade Date 8/19/19","288,278.07"
08/19/19,Purchase,"Purchased 500 Shares Of -59,458.12 59,458.12 Orpea Net Cost 59,458.12 USD Trade Date 8/15/19 Purchased Through Jpmsgb2l Jp Morgan Sec London Paid 29.62 USD Brokerage Paid 177.75 USD Misc Fee1 Book Value 53,512.85 EUR Traded At 0.90000895 EUR To 1 USD Valued At 0.90000895 EUR For 59,458.12 USD 500 Shares At 106.65241028 EUR","228,819.95"
08/19/19,Purchase,"Purchased 5,000 Shares Of -65,886.51 65,886.51 Raysearch Laboratories Ab Net Cost 65,886.51 USD Trade Date 8/15/19 Purchased Through Jpmsgb2l Jp Morgan Sec London Paid 32.93 USD Brokerage Book Value 635,567.63 SEK Traded At 9.6464 SEK To 1 USD Valued At 9.6464 SEK For 65,886.51 USD 5,000 Shares At 127.05 SEK 16664 00- -A -UC-UZ -001-04","162,933.44"
08/19/19,Purchase,"Purchased 1,500 Shares Of -48,077.55 48,077.55 Line Corp A D R Trade Date 8/15/19 Purchased Through J.P. Morgan Securities LLC Paid 15.00 USD Brokerage 1,500 Shares At 32.0417 USD","114,855.89"
08/19/19,Purchase,"Purchased 2,000 Shares Of -35,418.80 35,418.80 Materialise Nv A D R Trade Date 8/15/19 Purchased Through J.P. Morgan Securities LLC Paid 20.00 USD Brokerage 2,000 Shares At 17.6994 USD Transfer From Another Account","79,437.09"
08/20/19,Purchase,"Purchased 205,897.52 Units Of -205,897.52 205,897.52 First Am Govt Ob Fd Cl X Trade Date 8/20/19",0.00
08/20/19,Sale,"Sold 100,063.17 Units Of 100,063.17 -100,063.17 First Am Govt Ob Fd Cl X Trade Date 8/20/19","100,063.17"
08/20/19,Purchase,"Purchased 3,000 Shares Of -52,738.36 52,738.36 Quantel Net Cost 52,738.36 USD Trade Date 8/12/19 Purchased Through Jpmsgb2l Jp Morgan Sec London Paid 26.36 USD Brokerage Purchased On The NYSE Euronext - Euronext Paris Book Value 46,995.09 EUR Traded At 0.89109881 EUR To 1 USD Valued At 0.89109881 EUR For 52,738.36 USD 3,000 Shares At 15.6572 EUR 16664 00- -A -UC-UZ -001-04","47,324.81"
08/20/19,Purchase,"Purchased 1,000 Shares Of -47,324.81 47,324.81 Zalando SE Net Cost 47,324.81 USD Trade Date 8/12/19 Purchased Through Jpmsgb2leql Jp Morgan Eq Lndn Paid 23.66 USD Brokerage Book Value 42,171.08 EUR Traded At 0.89109877 EUR To 1 USD Valued At 0.89109877 EUR For 47,324.81 USD 1,000 Shares At 42.15 EUR Transfer From Another Account",0.00
08/22/19,Sale,"Sold 83,891.64 Units Of 83,891.64 -83,891.64 First Am Govt Ob Fd Cl X Trade Date 8/22/19","304,249.24"
08/22/19,Purchase,"Purchased 2,000 Shares Of -46,665.29 46,665.29 Fancl Corp Net Cost 46,665.29 USD Trade Date 8/20/19 Purchased Through Jpmsgb2l Jp Morgan Sec London Paid 23.32 USD Brokerage Book Value 4,962,480 JPY Traded At 106.34199423 JPY To 1 USD Valued At 106.34199423 JPY For 46,665.29 USD 2,000 Shares At 2,480 JPY","257,583.95"
08/22/19,Purchase,"Purchased 400 Shares Of -72,481.73 72,481.73 Disco Corporation Net Cost 72,481.73 USD Trade Date 8/20/19 Purchased Through Jpmsgb2l Jp Morgan Sec London Paid 36.22 USD Brokerage Book Value 7,707,852 JPY Traded At 106.34199818 JPY To 1 USD Valued At 106.34199818 JPY For 72,481.73 USD 400 Shares At 19,260 JPY 16664 00- -A -UC-UZ -001-04","185,102.22"
08/22/19,Purchase,"Purchased 150 Shares Of -64,851.50 64,851.50 Eurofins Scientific Net Cost 64,851.50 USD Trade Date 8/20/19 Purchased Through Jpmsgb2l Jp Morgan Sec London Paid 32.41 USD Brokerage Book Value 58,509.64 EUR Traded At 0.90220951 EUR To 1 USD Valued At 0.90220951 EUR For 64,851.50 USD 150 Shares At 389.8693 EUR","120,250.72"
08/22/19,Purchase,"Purchased 4,500 Shares Of -53,134.17 53,134.17 Adevinta Asa B Net Cost 53,134.17 USD Trade Date 8/20/19 Purchased Through Jpmsgb2l Jp Morgan Sec London Paid 26.55 USD Brokerage Purchased On The Oslo Bors Asa Book Value 478,133.10 NOK Traded At 8.99859921 NOK To 1 USD Valued At 8.99859921 NOK For 53,134.17 USD 4,500 Shares At 106.1987 NOK","67,116.55"
08/22/19,Purchase,"Purchased 1,750 Shares Of -67,116.55 67,116.55 Moncler Spa Net Cost 67,116.55 USD Trade Date 8/20/19 Purchased Through Jpmsgb2l Jp Morgan Sec London Paid 33.51 USD Brokerage Paid 67.01 USD Misc Fee1 Book Value 60,553.19 EUR Traded At 0.90220951 EUR To 1 USD Valued At 0.90220951 EUR For 67,116.55 USD 1,750 Shares At 34.55 EUR",0.00
08/23/19,Sale,"Sold 147,485.67 Units Of 147,485.67 -147,485.67 First Am Govt Ob Fd Cl X Trade Date 8/23/19","147,485.67"
08/23/19,Sale,Sold 328.1 Units Of 328.10 -328.10 First Am Govt Ob Fd Cl X Trade Date 8/23/19 16664 00- -A -UC-UZ -001-04,"147,813.77"
08/23/19,Purchase,"Purchased 10,000 Shares Of -9,106.85 9,106.85 Zoo Digital Group Net Cost 9,106.85 USD Trade Date 8/21/19 Purchased Through Crst 784 Jpmorgan Secs Ltd Paid 4.55 USD Brokerage Book Value 7,503.75 GBP Traded At 0.82396767 GBP To 1 USD Valued At 0.82396767 GBP For 9,106.85 USD 10,000 Shares At 0.75 GBP","138,706.92"
08/23/19,Purchase,"Purchased 5,000 Shares Of -68,173.84 68,173.84 Vitec Software Group Ab B Sh Net Cost 68,173.84 USD Trade Date 8/21/19 Purchased Through Jpmsgb2l Jp Morgan Sec London Paid 34.07 USD Brokerage Book Value 656,330.00 SEK Traded At 9.62729986 SEK To 1 USD Valued At 9.62729986 SEK For 68,173.84 USD 5,000 Shares At 131.2004 SEK","70,533.08"
08/23/19,Purchase,"Purchased 1,500 Shares Of -70,204.98 70,204.98 Zalando SE Net Cost 70,204.98 USD Trade Date 8/21/19 Purchased Through Jpmsgb2leql Jp Morgan Eq Lndn Paid 35.08 USD Brokerage Book Value 63,258.56 EUR Traded At 0.90105517 EUR To 1 USD Valued At 0.90105517 EUR For 70,204.98 USD 1,500 Shares At 42.1513 EUR",328.10
08/26/19,Sale,"Sold 111,558.79 Units Of 111,558.79 -111,558.79 First Am Govt Ob Fd Cl X Trade Date 8/26/19 16664 00- -A -UC-UZ -001-04","111,558.79"
08/26/19,Purchase,"Purchased 6,000 Shares Of -111,558.79 111,558.79 Ion Beam Applications Net Cost 111,558.79 USD Trade Date 8/22/19 Purchased Through Jpmsgb2l Jp Morgan Sec London Paid 55.75 USD Brokerage Book Value 100,597.67 EUR Traded At 0.9017458 EUR To 1 USD Valued At 0.9017458 EUR For 111,558.79 USD 6,000 Shares At 16.7579 EUR Umicore 0.375 EUR/Share On 1,700 Shares Due 8/27/19 Received 637.50 EUR Valued At 0.901072 EUR For 707.49 USD Umicore Non-USD Taxes 191.25 EUR Valued At 0.901072 EUR For 212.25 USD 30.0000000% Foreign Taxes Withheld",0.00
08/27/19,Sale,Sold 446.25 Units Of 495.24 -495.24 Euro Trade Date 8/27/19 Value Date 8/27/19 Book Value 446.25 EUR Traded At 0.901072 EUR To 1 USD Valued At 0.901072 EUR For 495.24 USD Net Proceeds 495.24 USD Repatriating Umicore Transfer To Income Umicore Repatriating Umicore Transfer From Principal Umicore Repatriating Umicore 16664 00- -A -UC-UZ -001-04,990.48
08/27/19,Sale,Sold 341.25 Units Of 378.72 -378.72 Euro Trade Date 8/27/19 Value Date 8/27/19 Book Value 341.25 EUR Traded At 0.901072 EUR To 1 USD Valued At 0.901072 EUR For 378.72 USD Net Proceeds 378.72 USD Repatriating Umicore Transfer To Income Umicore Repatriating Umicore Transfer From Principal Umicore Repatriating Umicore Transfer From Another Account,"1,747.92"
08/27/19,Purchase,"Purchased 146,723.77 Units Of -146,723.77 146,723.77 First Am Govt Ob Fd Cl X Trade Date 8/27/19","-109,617.38"
08/27/19,Sale,"Sold 1,142.49 Units Of 1,142.49 -1,142.49 First Am Govt Ob Fd Cl X Trade Date 8/27/19 16664 00- -A -UC-UZ -001-04","-108,474.89"
08/27/19,Sale,"Sold 146,723.77 Units Of 146,723.77 -146,723.77 First Am Govt Ob Fd Cl X Trade Date 8/27/19","38,248.88"
08/27/19,Purchase,"Purchased 40,000 Shares Of -36,500.96 36,500.96 Zoo Digital Group Net Cost 36,500.96 USD Trade Date 8/22/19 Purchased Through Crst 784 Jpmorgan Secs Ltd Paid 18.24 USD Brokerage Paid 1.22 USD Misc Fee1 Book Value 30,016.00 GBP Traded At 0.82233454 GBP To 1 USD Valued At 0.82233454 GBP For 36,500.96 USD 40,000 Shares At 0.75 GBP 446.25 Euro 99999EUR3 341.25 Euro 99999EUR3","1,747.92"
08/28/19,Purchase,"Purchased 138,203.15 Units Of -138,203.15 138,203.15 First Am Govt Ob Fd Cl X Trade Date 8/28/19","-146,723.77"
08/28/19,Sale,"Sold 20,000 Shares Of 146,723.77 -98,022.52 Entertainment One Ltd Net Proceeds 146,723.77 USD Trade Date 8/23/19 Sold Through Crst 784 Jpmorgan Secs Ltd Paid 73.40 USD Brokerage Sold On The London Stock Exchange Book Value 73,026.88 GBP Local Proceeds 119,840.05 GBP Traded At 0.81677325 GBP To 1 USD Valued At 0.816193 GBP For 146,828.08 USD 20,000 Shares At 5.995 GBP 16664 00- -A -UC-UZ -001-04",0.00
08/29/19,Sale,"Sold 120,997.84 Units Of 120,997.84 -120,997.84 First Am Govt Ob Fd Cl X Trade Date 8/29/19","90,817.93"
08/29/19,Purchase,"Purchased 8,000 Shares Of -90,817.93 90,817.93 Biocartis Nv Net Cost 90,817.93 USD Trade Date 8/27/19 Purchased Through Jpmsgb2l Jp Morgan Sec London Paid 45.38 USD Brokerage Book Value 81,868.11 EUR Traded At 0.90145316 EUR To 1 USD Valued At 0.90145316 EUR For 90,817.93 USD 8,000 Shares At 10.2284 EUR Comture Corp 14.5 JPY/Share On 1,500 Shares Due 8/30/19 Received 21,750 JPY Valued At 106.66 JPY For 203.92 USD Comture Corp Non-USD Taxes 3,331 JPY Valued At 106.66 JPY For 31.23 USD 15.3150000% Foreign Taxes Withheld",0.00
08/30/19,Sale,"Sold 18,419.00 Units Of 172.69 -172.69 Yen Trade Date 8/30/19 Value Date 8/30/19 Book Value 18,419 JPY Traded At 106.66 JPY To 1 USD Valued At 106.66 JPY For 172.69 USD Net Proceeds 172.69 USD Repatriating Comture Corp 16664 00- -A -UC-UZ -001-04",345.38
08/30/19,Purchase,"Purchased 12,722.22 Units Of -12,722.22 12,722.22 First Am Govt Ob Fd Cl X Trade Date 8/30/19 18,419 Yen 99999JPY3",345.38
09/03/19,Purchase,Purchased 500.79 Units Of -500.79 500.79 First Am Govt Ob Fd Cl X Trade Date 9/3/19,0.00
09/03/19,Purchase,"Purchased 4,000 Shares Of -58,882.17 58,882.17 Slm Solutions Group Ag Net Cost 58,882.17 USD Trade Date 8/30/19 Purchased Through Jpmsgb2leql Jp Morgan Eq Lndn Paid 29.43 USD Brokerage Book Value 53,584.78 EUR Traded At 0.91003406 EUR To 1 USD Valued At 0.91003406 EUR For 58,882.17 USD 4,000 Shares At 13.3895 EUR First Am Govt Ob Fd Cl X Interest From 8/1/19 To 8/31/19 16664 00- -A -UC-UZ -001-04","-58,882.17"
09/04/19,Sale,"Sold 57,777.21 Units Of 57,777.21 -57,777.21 First Am Govt Ob Fd Cl X Trade Date 9/3/19 Transfer From Another Account",0.00
09/05/19,Purchase,"Purchased 128,666.7 Units Of -128,666.70 128,666.70 First Am Govt Ob Fd Cl X Trade Date 9/5/19","85,575.23"
09/05/19,Purchase,"Purchased 120 Shares Of -85,575.23 85,575.23 Adyen Bv Net Cost 85,575.23 USD Trade Date 9/3/19 Purchased Through Jpmsgb2l Jp Morgan Sec London Paid 42.77 USD Brokerage Purchased On The NYSE Euronext - Euronext Amste Book Value 78,039.00 EUR Traded At 0.91193445 EUR To 1 USD Valued At 0.91193445 EUR For 85,575.23 USD 120 Shares At 650 EUR",0.00
09/06/19,Sale,"Sold 64,619.11 Units Of 64,619.11 -64,619.11 First Am Govt Ob Fd Cl X Trade Date 9/6/19","64,619.11"
09/06/19,Purchase,"Purchased 5,000 Shares Of -64,619.11 64,619.11 Frontier Developments Plc Net Cost 64,619.11 USD Trade Date 9/4/19 Purchased Through Crst 784 Jpmorgan Secs Ltd Paid 32.30 USD Brokerage Paid 1.22 USD Misc Fee1 Purchased On The London Stock Exchange Book Value 53,019.50 GBP Traded At 0.82049258 GBP To 1 USD Valued At 0.82049258 GBP For 64,619.11 USD 5,000 Shares At 10.5984 GBP 16664 00- -A -UC-UZ -001-04",0.00
09/09/19,Sale,"Sold 50,811.00 Units Of 475.31 -475.31 Yen Trade Date 9/9/19 Value Date 9/9/19 Book Value 50,811 JPY Traded At 106.9 JPY To 1 USD Valued At 106.9 JPY For 475.31 USD Net Proceeds 475.31 USD Repatriating Thk Co Ltd Transfer To Income Thk Co Ltd Repatriating Thk Co Ltd Transfer From Principal Thk Co Ltd Repatriating Thk Co Ltd Transfer From Another Account",950.62
09/09/19,Sale,"Sold 93,568.12 Units Of 93,568.12 -93,568.12 First Am Govt Ob Fd Cl X Trade Date 9/9/19 16664 00- -A -UC-UZ -001-04","112,800.70"
09/09/19,Purchase,"Purchased 6,000 Shares Of -111,850.08 111,850.08 Infineon Technologies A G Net Cost 111,850.08 USD Trade Date 9/5/19 Purchased Through Jpmsgb2leql Jp Morgan Eq Lndn Paid 55.89 USD Brokerage Book Value 101,215.38 EUR Traded At 0.90492005 EUR To 1 USD Valued At 0.90492005 EUR For 111,850.08 USD 6,000 Shares At 16.8608 EUR 50,811 Yen 99999JPY3 Monotaro Co Ltd First Section 7.5 JPY/Share On 4,500 Shares Due 9/10/19 Received 33,750 JPY Valued At 107.25 JPY For 314.69 USD Monotaro Co Ltd First Section Non-USD Taxes 5,169 JPY Valued At 107.25 JPY For 48.20 USD 15.3150000% Foreign Taxes Withheld",950.62
09/10/19,Sale,"Sold 28,581.00 Units Of 266.49 -266.49 Yen Trade Date 9/10/19 Value Date 9/10/19 Book Value 28,581 JPY Traded At 107.25 JPY To 1 USD Valued At 107.25 JPY For 266.49 USD Net Proceeds 266.49 USD Repatriating Monotaro Co Ltd First Section Transfer To Income Monotaro Co Ltd First Section Repatriating Monotaro Co Ltd First Section 16664 00- -A -UC-UZ -001-04","1,008.29"
09/10/19,Sale,Sold 337.50 Units Of 416.40 -416.40 British Pound Trade Date 9/9/19 Value Date 9/10/19 Book Value 337.50 GBP Traded At 0.810527 GBP To 1 USD Valued At 0.810527 GBP For 416.40 USD Net Proceeds 416.40 USD Repatriating Entertainment One Ltd Transfer To Income Entertainment One Ltd Repatriating Entertainment One Ltd Transfer From Principal Entertainment One Ltd Repatriating Entertainment One Ltd,"1,841.09"
09/10/19,Purchase,Purchased 682.89 Units Of -682.89 682.89 First Am Govt Ob Fd Cl X Trade Date 9/10/19,"-3,831.88"
09/10/19,Sale,"Sold 6,514.77 Units Of 6,514.77 -6,514.77 First Am Govt Ob Fd Cl X Trade Date 9/10/19 28,581 Yen 99999JPY3 337.50 British Pound 99999GBP3","2,682.89"
09/12/19,Purchase,"Purchased 92,548.83 Units Of -92,548.83 92,548.83 First Am Govt Ob Fd Cl X Trade Date 9/12/19 Transfer From Another Account",0.00
09/17/19,Purchase,"Purchased 183,222.12 Units Of -183,222.12 183,222.12 First Am Govt Ob Fd Cl X Trade Date 9/17/19 16664 00- -A -UC-UZ -001-04",0.00
09/18/19,Sale,"Sold 123,435.98 Units Of 123,435.98 -123,435.98 First Am Govt Ob Fd Cl X Trade Date 9/18/19","122,440.23"
09/18/19,Purchase,"Purchased 100 Shares Of -62,211.57 62,211.57 Keyence Corp Net Cost 62,211.57 USD Trade Date 9/13/19 Purchased Through Jpmsgb2l Jp Morgan Sec London Paid 31.09 USD Brokerage Book Value 6,717,357 JPY Traded At 107.97600832 JPY To 1 USD Valued At 107.97600832 JPY For 62,211.57 USD 100 Shares At 67,140.00000015 JPY 16664 00- -A -UC-UZ -001-04","60,228.66"
09/18/19,Purchase,"Purchased 1,000 Shares Of -60,228.66 60,228.66 Lasertec Corp Net Cost 60,228.66 USD Trade Date 9/13/19 Purchased Through Jpmsgb2l Jp Morgan Sec London Paid 30.10 USD Brokerage Book Value 6,503,250 JPY Traded At 107.97600345 JPY To 1 USD Valued At 107.97600345 JPY For 60,228.66 USD 1,000 Shares At 6,500 JPY Transfer From Another Account",0.00
09/20/19,Purchase,"Purchased 154,870.16 Units Of -154,870.16 154,870.16 First Am Govt Ob Fd Cl X Trade Date 9/20/19","103,290.18"
09/20/19,Purchase,"Purchased 18,500 Shares Of -103,290.18 103,290.18 Nordic Semiconductor Asa Net Cost 103,290.18 USD Trade Date 9/18/19 Purchased Through Jpmsgb2l Jp Morgan Sec London Paid 51.62 USD Brokerage Book Value 923,496.82 NOK Traded At 8.94079979 NOK To 1 USD Valued At 8.94079979 NOK For 103,290.18 USD 18,500 Shares At 49.8938 NOK Moncler Spa 0.40 EUR/Share On 2,250 Shares Due 5/22/19 Received 900.00 EUR Valued At 0.911326 EUR For 987.57 USD Moncler Spa Non-USD Taxes 234.00 EUR Valued At 0.911326 EUR For 256.77 USD 26.0000000% Foreign Taxes Withheld 16664 00- -A -UC-UZ -001-04",0.00
09/23/19,Sale,"Sold 666.00 Units Of 730.81 -730.80 Euro Trade Date 9/23/19 Value Date 9/23/19 Book Value 666.00 EUR Traded At 0.911326 EUR To 1 USD Valued At 0.911326 EUR For 730.81 USD Net Proceeds 730.81 USD Repatriating Moncler Spa Transfer To Income Moncler Spa Repatriating Moncler Spa Transfer From Principal Moncler Spa Repatriating Moncler Spa Amplifon Spa 0.14 EUR/Share On 5,000 Shares Due 5/22/19 Received 700.00 EUR Valued At 0.911326 EUR For 768.11 USD Amplifon Spa Non-USD Taxes 182.00 EUR Valued At 0.911326 EUR For 199.71 USD 26.0000000% Foreign Taxes Withheld","1,461.61"
09/23/19,Sale,Sold 518.00 Units Of 568.40 -568.40 Euro Trade Date 9/23/19 Value Date 9/23/19 Book Value 518.00 EUR Traded At 0.911326 EUR To 1 USD Valued At 0.911326 EUR For 568.40 USD Net Proceeds 568.40 USD Repatriating Amplifon Spa 16664 00- -A -UC-UZ -001-04,"2,598.41"
09/23/19,Sale,Sold 444.00 Units Of 487.20 -487.20 Euro Trade Date 9/23/19 Value Date 9/23/19 Book Value 444.00 EUR Traded At 0.911326 EUR To 1 USD Valued At 0.911326 EUR For 487.20 USD Net Proceeds 487.20 USD Repatriating Brunello Cucinelli Spa Transfer To Income Brunello Cucinelli Spa Repatriating Brunello Cucinelli Spa Transfer From Principal Brunello Cucinelli Spa Repatriating Brunello Cucinelli Spa 16664 00- -A -UC-UZ -001-04,"3,572.81"
09/23/19,Purchase,"Purchased 1,786.41 Units Of -1,786.41 1,786.41 First Am Govt Ob Fd Cl X Trade Date 9/23/19 666.00 Euro 99999EUR3 518.00 Euro 99999EUR3 444.00 Euro 99999EUR3 Transfer From Another Account","1,786.40"
09/24/19,Purchase,"Purchased 190,337.06 Units Of -190,337.06 190,337.06 First Am Govt Ob Fd Cl X Trade Date 9/24/19 B H P Billiton Limited A D R 1.56 USD/Share On 1,650 Shares Due 9/25/19",0.00
09/25/19,Purchase,"Purchased 28,469.57 Units Of -28,469.57 28,469.57 First Am Govt Ob Fd Cl X Trade Date 9/25/19 16664 00- -A -UC-UZ -001-04","-31,894.06"
09/25/19,Sale,"Sold 18,500 Shares Of 33,958.06 -62,866.49 Ovs Spa Net Proceeds 33,958.06 USD Trade Date 9/23/19 Sold Through Jpmsgb2l Jp Morgan Sec London Paid 16.98 USD Brokerage Book Value 53,852.47 EUR Local Proceeds 30,912.84 EUR Traded At 0.91032409 EUR To 1 USD Valued At 0.91032409 EUR For 33,958.06 USD 18,500 Shares At 1.6718 EUR Stmicroelectronics N V 0.06 USD/Share On 10,000 Shares Due 9/24/19 15.0000000% Foreign Taxes Withheld Non-USD Taxes Stmicroelectronics N V","2,064.00"
09/26/19,Sale,Sold 2.42 Units Of 2.65 -2.65 Euro Trade Date 9/25/19 Value Date 9/26/19 Book Value 2.42 EUR Traded At 0.91320755 EUR To 1 USD Valued At 0.91320755 EUR For 2.65 USD Net Proceeds 2.65 USD Tax Reclaim 4163437 6/7Pbl Capgemini Received 2.42 EUR Valued At 0.912575 EUR For 2.65 USD,"2,576.65"
09/26/19,Purchase,"Purchased 2,574 Units Of -2,574.00 2,574.00 First Am Govt Ob Fd Cl X Trade Date 9/26/19 2.42 Euro 99999EUR3 16664 00- -A -UC-UZ -001-04",5.30
09/27/19,Purchase,"Purchased 110,279.6 Units Of -110,279.60 110,279.60 First Am Govt Ob Fd Cl X Trade Date 9/27/19 Lasertec Corp 31 JPY/Share On 2,000 Shares Due 9/30/19 Received 62,000 JPY Valued At 108.08 JPY For 573.65 USD Lasertec Corp Non-USD Taxes 9,495 JPY Valued At 108.08 JPY For 87.85 USD 15.3150000% Foreign Taxes Withheld",0.00
09/30/19,Sale,"Sold 52,505.00 Units Of 485.80 -485.80 Yen Trade Date 9/30/19 Value Date 9/30/19 Book Value 52,505 JPY Traded At 108.08 JPY To 1 USD Valued At 108.08 JPY For 485.80 USD Net Proceeds 485.80 USD Repatriating Lasertec Corp Transfer To Income Lasertec Corp Repatriating Lasertec Corp Transfer From Principal Lasertec Corp Repatriating Lasertec Corp",971.60
09/30/19,Purchase,Purchased 485.8 Units Of -485.80 485.80 First Am Govt Ob Fd Cl X Trade Date 9/30/19,221.78
09/30/19,Sale,"Sold 264.02 Units Of 264.02 -264.02 First Am Govt Ob Fd Cl X Trade Date 9/30/19 Comture Corp Due 9/30/19 4,000 Additional Shares Received 52,505 Yen 99999JPY3",485.80
10/01/19,Sale,"Sold 153,747.92 Units Of 153,747.92 -153,747.92 First Am Govt Ob Fd Cl X Trade Date 10/1/19","153,747.92"
10/01/19,Purchase,"Purchased 5,000 Shares Of -79,669.64 79,669.64 Quantel Net Cost 79,669.64 USD Trade Date 9/27/19 Purchased Through Jpmsgb2l Jp Morgan Sec London Paid 39.82 USD Brokerage Purchased On The NYSE Euronext - Euronext Paris Book Value 72,711.84 EUR Traded At 0.91266686 EUR To 1 USD Valued At 0.91266686 EUR For 79,669.64 USD 5,000 Shares At 14.5351 EUR","74,078.28"
10/01/19,Purchase,"Purchased 3,000 Shares Of -74,078.28 74,078.28 Basware Oyj Npv Net Cost 74,078.28 USD Trade Date 9/27/19 Purchased Through Jpmsgb2l Jp Morgan Sec London Paid 37.02 USD Brokerage Book Value 67,608.79 EUR Traded At 0.91266684 EUR To 1 USD Valued At 0.91266684 EUR For 74,078.28 USD 3,000 Shares At 22.525 EUR 16664 00- -A -UC-UZ -001-04",0.00
10/02/19,Purchase,Purchased 991.69 Units Of -991.69 991.69 First Am Govt Ob Fd Cl X Trade Date 10/2/19,-113.18
10/02/19,Sale,Sold 113.18 Units Of 113.18 -113.18 First Am Govt Ob Fd Cl X Trade Date 10/2/19 Transfer From Another Account,0.00
10/03/19,Purchase,"Purchased 28,973.44 Units Of -28,973.44 28,973.44 First Am Govt Ob Fd Cl X Trade Date 10/3/19",0.00
10/04/19,Sale,"Sold 10,788.38 Units Of 10,788.38 -10,788.38 First Am Govt Ob Fd Cl X Trade Date 10/4/19 Transfer From Another Account",0.00
10/07/19,Purchase,"Purchased 26,238 Units Of -26,238.00 26,238.00 First Am Govt Ob Fd Cl X Trade Date 10/7/19 Transfer From Another Account 16664 00- -A -UC-UZ -001-04",0.00
10/09/19,Purchase,"Purchased 60,983.9 Units Of -60,983.90 60,983.90 First Am Govt Ob Fd Cl X Trade Date 10/9/19","-6,075.90"
10/09/19,Sale,"Sold 156,205.44 Units Of 156,205.44 -156,205.44 First Am Govt Ob Fd Cl X Trade Date 10/9/19","150,129.54"
10/09/19,Sale,"Sold 6,075.9 Units Of 6,075.90 -6,075.90 First Am Govt Ob Fd Cl X Trade Date 10/9/19","156,205.44"
10/09/19,Purchase,"Purchased 4,500 Shares Of -49,893.64 49,893.64 Mediawan Sa Net Cost 49,893.64 USD Trade Date 10/4/19 Purchased Through Jpmsgb2l Jp Morgan Sec London Paid 24.93 USD Brokerage Purchased On The NYSE Euronext - Euronext Paris Book Value 45,432.20 EUR Traded At 0.91058099 EUR To 1 USD Valued At 0.91058099 EUR For 49,893.64 USD 4,500 Shares At 10.091 EUR","106,311.80"
10/09/19,Purchase,"Purchased 500 Shares Of -58,467.00 58,467.00 Gw Pharmaceuticals A D R Trade Date 10/4/19 Purchased Through J.P. Morgan Securities LLC Paid 5.00 USD Brokerage 500 Shares At 116.924 USD 16664 00- -A -UC-UZ -001-04","47,844.80"
10/09/19,Purchase,"Purchased 1,000 Shares Of -47,844.80 47,844.80 B H P Billiton Limited A D R Trade Date 10/4/19 Purchased Through J.P. Morgan Securities LLC Paid 10.00 USD Brokerage 1,000 Shares At 47.8348 USD",0.00
10/15/19,Sale,"Sold 47,529.3 Units Of 47,529.30 -47,529.30 First Am Govt Ob Fd Cl X Trade Date 10/15/19 Transfer From Another Account",0.00
10/16/19,Purchase,"Purchased 19,886.19 Units Of -19,886.19 19,886.19 First Am Govt Ob Fd Cl X Trade Date 10/16/19 16664 00- -A -UC-UZ -001-04",0.00
10/18/19,Sale,"Sold 25,198.42 Units Of 25,198.42 -25,198.42 First Am Govt Ob Fd Cl X Trade Date 10/18/19","22,722.76"
10/18/19,Purchase,"Purchased 2,202 Shares Of -22,722.76 22,722.76 Mediawan Sa Net Cost 22,722.76 USD Trade Date 10/16/19 Purchased Through Jpmsgb2l Jp Morgan Sec London Paid 11.35 USD Brokerage Purchased On The NYSE Euronext - Euronext Paris Book Value 20,519.02 EUR Traded At 0.90301618 EUR To 1 USD Valued At 0.90301618 EUR For 22,722.76 USD 2,202 Shares At 9.3137 EUR Transfer From Another Account 16664 00- -A -UC-UZ -001-04",0.00
10/21/19,Sale,"Sold 25,055.09 Units Of 25,055.09 -25,055.09 First Am Govt Ob Fd Cl X Trade Date 10/21/19","41,336.09"
10/21/19,Purchase,"Purchased 3,991 Shares Of -41,336.09 41,336.09 Mediawan Sa Net Cost 41,336.09 USD Trade Date 10/17/19 Purchased Through Jpmsgb2l Jp Morgan Sec London Paid 20.66 USD Brokerage Purchased On The NYSE Euronext - Euronext Paris Book Value 37,152.03 EUR Traded At 0.89877949 EUR To 1 USD Valued At 0.89877949 EUR For 41,336.09 USD 3,991 Shares At 9.3043 EUR Transfer From Another Account",0.00
10/22/19,Sale,"Sold 7,650.58 Units Of 7,650.58 -7,650.58 First Am Govt Ob Fd Cl X Trade Date 10/22/19","10,854.22"
10/22/19,Purchase,"Purchased 1,042 Shares Of -10,854.22 10,822.77 Mediawan Sa Net Cost 10,854.22 USD Trade Date 10/18/19 Purchased Through Jpmsgb2l Jp Morgan Sec London Paid 5.43 USD Brokerage Purchased On The NYSE Euronext - Euronext Paris Book Value 9,736.21 EUR Traded At 0.89699767 EUR To 1 USD Valued At 0.899604 EUR For 10,822.77 USD 1,042 Shares At 9.33909789 EUR",0.00
10/23/19,Sale,"Sold 64,442.7 Units Of 64,442.70 -64,442.70 First Am Govt Ob Fd Cl X Trade Date 10/23/19 16664 00- -A -UC-UZ -001-04","39,188.82"
10/23/19,Purchase,"Purchased 3,765 Shares Of -39,188.82 39,175.82 Mediawan Sa Net Cost 39,188.82 USD Trade Date 10/21/19 Purchased Through Jpmsgb2l Jp Morgan Sec London Paid 19.59 USD Brokerage Purchased On The NYSE Euronext - Euronext Paris Book Value 35,168.37 EUR Traded At 0.89740824 EUR To 1 USD Valued At 0.897706 EUR For 39,175.82 USD 3,765 Shares At 9.3362 EUR",0.00
10/24/19,Sale,"Sold 7,449.2 Units Of 7,449.20 -7,449.20 First Am Govt Ob Fd Cl X Trade Date 10/24/19 Transfer From Another Account",0.00
10/25/19,Purchase,"Purchased 14,412 Units Of -14,412.00 14,412.00 First Am Govt Ob Fd Cl X Trade Date 10/25/19 Adevinta Asa Rt 11/12/19 Valued At 9.1863 NOK For 0.00 USD Market Value Of 0.00 USD Ca Rights Distribution Sedol Bj0dp39 Exdt 10/25/19 Transfer From Another Account",0.00
10/28/19,Purchase,"Purchased 19,086.26 Units Of -19,086.26 19,086.26 First Am Govt Ob Fd Cl X Trade Date 10/28/19 16664 00- -A -UC-UZ -001-04",0.00
10/29/19,Purchase,"Purchased 12,172 Units Of -12,172.00 12,172.00 First Am Govt Ob Fd Cl X Trade Date 10/29/19 Transfer From Another Account",0.00
10/30/19,Sale,"Sold 325,451.79 Units Of 325,451.79 -325,451.79 First Am Govt Ob Fd Cl X Trade Date 10/30/19","356,300.08"
10/30/19,Purchase,"Purchased 2,000 Shares Of -46,611.79 46,611.79 Basware Oyj Npv Net Cost 46,611.79 USD Trade Date 10/28/19 Purchased Through Jpmsgb2l Jp Morgan Sec London Paid 23.29 USD Brokerage Book Value 42,021.00 EUR Traded At 0.90151011 EUR To 1 USD Valued At 0.90151011 EUR For 46,611.79 USD 2,000 Shares At 21 EUR 16664 00- -A -UC-UZ -001-04","309,688.29"
10/30/19,Purchase,"Purchased 4,000 Shares Of -62,305.76 62,305.76 Ion Beam Applications Net Cost 62,305.76 USD Trade Date 10/28/19 Purchased Through Jpmsgb2l Jp Morgan Sec London Paid 31.14 USD Brokerage Book Value 56,169.27 EUR Traded At 0.90151007 EUR To 1 USD Valued At 0.90151007 EUR For 62,305.76 USD 4,000 Shares At 14.0353 EUR","247,382.53"
10/30/19,Purchase,"Purchased 50,000 Shares Of -68,985.73 68,985.73 Learning Technologies Group Net Cost 68,985.73 USD Trade Date 10/28/19 Purchased Through Crst 784 Jpmorgan Secs Ltd Paid 34.47 USD Brokerage Paid 1.29 USD Misc Fee1 Purchased On The London Stock Exchange Book Value 53,632.80 GBP Traded At 0.77744774 GBP To 1 USD Valued At 0.77744774 GBP For 68,985.73 USD 50,000 Shares At 1.0721 GBP","178,396.80"
10/30/19,Purchase,"Purchased 4,000 Shares Of -178,396.80 178,396.80 Baozun Inc Spon A D R Trade Date 10/28/19 Purchased Through J.P. Morgan Securities LLC Paid 40.00 USD Brokerage 4,000 Shares At 44.5892 USD Transfer From Another Account",0.00
10/31/19,Sale,"Sold 75,822.38 Units Of 75,822.38 -75,822.38 First Am Govt Ob Fd Cl X Trade Date 10/31/19 16664 00- -A -UC-UZ -001-04","88,712.38"
10/31/19,Purchase,"Purchased 600 Shares Of -88,712.38 88,712.38 Nidec Corp Net Cost 88,712.38 USD Trade Date 10/29/19 Purchased Through Jpmsgb2l Jp Morgan Sec London Paid 44.33 USD Brokerage Book Value 9,658,827 JPY Traded At 108.87800552 JPY To 1 USD Valued At 108.87800552 JPY For 88,712.38 USD 600 Shares At 16,090.00000016 JPY Ds Smith Plc 0.11 GBP/Share On 35,000 Shares Due 11/1/19 Received 3,850.00 GBP Valued At 0.77375 GBP For 4,975.77 USD",0.00
11/01/19,Sale,"Sold 3,850.00 Units Of 4,975.77 -4,975.77 British Pound Trade Date 11/1/19 Value Date 11/1/19 Book Value 3,850.00 GBP Traded At 0.77375 GBP To 1 USD Valued At 0.77375 GBP For 4,975.77 USD Net Proceeds 4,975.77 USD Repatriating Ds Smith Plc Transfer To Income Ds Smith Plc Repatriating Ds Smith Plc Transfer From Principal Ds Smith Plc Repatriating Ds Smith Plc Transfer From Another Account","9,951.54"
11/01/19,Purchase,"Purchased 2,004.95 Units Of -2,004.95 2,004.95 First Am Govt Ob Fd Cl X Trade Date 11/1/19 16664 00- -A -UC-UZ -001-04","9,951.54"
11/04/19,Purchase,"Purchased 33,605.04 Units Of -33,605.04 33,605.04 First Am Govt Ob Fd Cl X Trade Date 11/4/19 Transfer From Another Account",0.00
11/05/19,Purchase,"Purchased 7,678.07 Units Of -7,678.07 7,678.07 First Am Govt Ob Fd Cl X Trade Date 11/5/19 Transfer From Another Account",0.00
11/07/19,Purchase,"Purchased 84,308.42 Units Of -84,308.42 84,308.42 First Am Govt Ob Fd Cl X Trade Date 11/7/19 Learning Technologies Group 0.0025 GBP/Share On 100,000 Shares Due 11/8/19 Received 250.00 GBP Valued At 0.78069 GBP For 320.23 USD 16664 00- -A -UC-UZ -001-04",0.00
11/08/19,Sale,Sold 250.00 Units Of 320.23 -320.23 British Pound Trade Date 11/8/19 Value Date 11/8/19 Book Value 250.00 GBP Traded At 0.78069 GBP To 1 USD Valued At 0.78069 GBP For 320.23 USD Net Proceeds 320.23 USD Repatriating Learning Technologies Group Transfer To Income Learning Technologies Group Repatriating Learning Technologies Group Transfer From Principal Learning Technologies Group Repatriating Learning Technologies Group,640.46
11/08/19,Purchase,"Purchased 53,009.92 Units Of -53,009.92 53,009.92 First Am Govt Ob Fd Cl X Trade Date 11/8/19","-52,369.46"
11/08/19,Purchase,Purchased 320.23 Units Of -320.23 320.23 First Am Govt Ob Fd Cl X Trade Date 11/8/19,"-52,689.69"
11/08/19,Purchase,"Purchased 500 Shares Of -55,906.00 55,906.00 Gw Pharmaceuticals A D R Trade Date 11/6/19 Purchased Through J.P. Morgan Securities LLC Paid 5.00 USD Brokerage 500 Shares At 111.802 USD 16664 00- -A -UC-UZ -001-04","-108,595.69"
11/08/19,Sale,"Sold 2,000 Shares Of 14,278.27 -63,357.80 Accesso Technology Group Plc Net Proceeds 14,278.27 USD Trade Date 11/6/19 Sold Through Crst 784 Jpmorgan Secs Ltd Paid 7.14 USD Brokerage Paid 1.29 USD Misc Fee1 Sold On The London Stock Exchange Book Value 47,954.38 GBP Local Proceeds 11,093.45 GBP Traded At 0.77694637 GBP To 1 USD 2,000 Shares At 5.55 GBP","-94,317.42"
11/08/19,Sale,"Sold 6,900 Shares Of 30,873.13 -86,625.55 Norwegian Air Shut Net Proceeds 30,873.13 USD Trade Date 11/6/19 Sold Through Jpmsgb2l Jp Morgan Sec London Paid 15.44 USD Brokerage Book Value 715,356.16 NOK Local Proceeds 282,532.34 NOK Traded At 9.15139929 NOK To 1 USD Valued At 9.15139929 NOK For 30,873.13 USD 6,900 Shares At 40.9672 NOK","-63,444.29"
11/08/19,Sale,"Sold 2,000 Shares Of 63,764.52 -84,418.10 Brunello Cucinelli Spa Net Proceeds 63,764.52 USD Trade Date 11/6/19 Sold Through Jpmsgb2l Jp Morgan Sec London Paid 31.90 USD Brokerage Book Value 72,330.32 EUR Local Proceeds 57,582.99 EUR Traded At 0.9030569 EUR To 1 USD Valued At 0.9030569 EUR For 63,764.52 USD 2,000 Shares At 28.8059 EUR 250.00 British Pound 99999GBP3 16664 00- -A -UC-UZ -001-04",320.23
11/13/19,Sale,"Sold 2,531.25 Units Of 2,531.25 -2,531.25 First Am Govt Ob Fd Cl X Trade Date 11/13/19","128,969.61"
11/13/19,Sale,Sold 120 Units Of 120.00 -120.00 First Am Govt Ob Fd Cl X Trade Date 11/13/19,"129,089.61"
11/13/19,Purchase,"Purchased 1,000 Shares Of -129,089.61 129,089.61 Wirecard Ag Net Cost 129,089.61 USD Trade Date 11/11/19 Purchased Through Jpmsgb2leql Jp Morgan Eq Lndn Paid 64.52 USD Brokerage Book Value 117,008.48 EUR Traded At 0.90641284 EUR To 1 USD Valued At 0.90641284 EUR For 129,089.61 USD 1,000 Shares At 116.95 EUR Transfer From Another Account",0.00
11/14/19,Purchase,"Purchased 112,614.52 Units Of -112,614.52 112,614.52 First Am Govt Ob Fd Cl X Trade Date 11/14/19 Asml Holding Nv Ny Reg Shs 1.1697 USD/Share On 590 Shares Due 11/15/19 15.0000000% Foreign Taxes Withheld Non-USD Taxes Asml Holding Nv Ny Reg Shs 16664 00- -A -UC-UZ -001-04",0.00
11/15/19,Sale,"Sold 162,221.65 Units Of 162,221.65 -162,221.65 First Am Govt Ob Fd Cl X Trade Date 11/15/19","162,808.25"
11/15/19,Purchase,"Purchased 50,000 Shares Of -162,221.65 162,221.65 Capital Counties Properties Plc Net Cost 162,221.65 USD Trade Date 11/13/19 Purchased Through Crst 784 Jpmorgan Secs Ltd Paid 80.67 USD Brokerage Paid 808.34 USD Misc Fee1 Book Value 126,362.51 GBP Traded At 0.77894967 GBP To 1 USD Valued At 0.77894967 GBP For 162,221.65 USD 50,000 Shares At 2.51340012 GBP Transfer From Another Account",586.60
11/18/19,Purchase,"Purchased 93,868.62 Units Of -93,868.62 93,868.62 First Am Govt Ob Fd Cl X Trade Date 11/18/19",0.00
11/19/19,Purchase,Purchased 16.00 Units Of -1.76 1.76 Norwegian Krone Trade Date 11/18/19 Value Date 11/19/19 Book Value 16.00 NOK Traded At 9.09090909 NOK To 1 USD Valued At 9.09090909 NOK For 1.76 USD Net Cost 1.76 USD 16 Units At 1 NOK Ca Rights Exercise Bks7m95 Transfer From Another Account,-1.76
11/19/19,Sale,"Sold 55,413.17 Units Of 55,413.17 -55,413.17 First Am Govt Ob Fd Cl X Trade Date 11/19/19 16664 00- -A -UC-UZ -001-04","83,390.31"
11/19/19,Purchase,"Purchased 21,000 Shares Of -83,392.07 83,392.07 Tobii Ab Net Cost 83,392.07 USD Trade Date 11/15/19 Purchased Through Jpmsgb2l Jp Morgan Sec London Paid 41.68 USD Brokerage Book Value 803,899.55 SEK Traded At 9.64000048 SEK To 1 USD Valued At 9.64000048 SEK For 83,392.07 USD 21,000 Shares At 38.2618 SEK",-1.76
11/20/19,Sale,"Sold 122,129.96 Units Of 122,129.96 -122,129.96 First Am Govt Ob Fd Cl X Trade Date 11/20/19","118,795.47"
11/20/19,Purchase,"Purchased 5,000 Shares Of -118,795.47 118,795.47 Fevertree Drinks Plc Net Cost 118,795.47 USD Trade Date 11/1/19 Purchased Through Crst 784 Jpmorgan Secs Ltd Paid 59.37 USD Brokerage Paid 1.30 USD Misc Fee1 Book Value 91,677.32 GBP Traded At 0.77172404 GBP To 1 USD Valued At 0.77172404 GBP For 118,795.47 USD 5,000 Shares At 18.3261 GBP Keyence Corp 100 JPY/Share On 100 Shares Due 11/21/19 Received 10,000 JPY Valued At 108.75 JPY For 91.95 USD Keyence Corp Non-USD Taxes 1,532 JPY Valued At 108.75 JPY For 14.08 USD 15.3150000% Foreign Taxes Withheld 16664 00- -A -UC-UZ -001-04",0.00
11/21/19,Sale,"Sold 8,468.00 Units Of 77.87 -77.87 Yen Trade Date 11/21/19 Value Date 11/21/19 Book Value 8,468 JPY Traded At 108.75 JPY To 1 USD Valued At 108.75 JPY For 77.87 USD Net Proceeds 77.87 USD Repatriating Keyence Corp Transfer To Income Keyence Corp Repatriating Keyence Corp Transfer From Principal Keyence Corp Repatriating Keyence Corp",155.74
11/21/19,Sale,"Sold 610.85 Units Of 610.85 -610.85 First Am Govt Ob Fd Cl X Trade Date 11/21/19 Keyence Corp Due 11/21/19 150 Additional Shares Received Keyence Corp Due 11/21/19 100 Additional Shares Received 8,468 Yen 99999JPY3 16664 00- -A -UC-UZ -001-04",155.74
11/22/19,Sale,"Sold 12,703.00 Units Of 116.90 -116.90 Yen Trade Date 11/21/19 Value Date 11/22/19 Book Value 12,703 JPY Traded At 108.67 JPY To 1 USD Valued At 108.67 JPY For 116.90 USD Net Proceeds 116.90 USD Repatriating Keyence Corp Transfer To Income Keyence Corp Repatriating Keyence Corp Transfer From Principal Keyence Corp Repatriating Keyence Corp",311.67
11/22/19,Purchase,Purchased 80 Shares Of -1.75 1.75 Adevinta Asa B Net Cost 16.00 NOK Trade Date 11/22/19 Purchased Through Global Corporate Actions Purchased On The Oslo Bors Asa Book Value 16.00 NOK Valued At 9.1317 NOK For 1.75 USD Fed Tax Cost Reduction 1.76- USD Fed ST Currency Loss Of 0.01- USD 80 Shares At 0.2 NOK Ca Rights Exercise Bks7m95 16664 00- -A -UC-UZ -001-04,309.92
11/22/19,Sale,"Sold 922.47 Units Of 922.47 -922.47 First Am Govt Ob Fd Cl X Trade Date 11/22/19 12,703 Yen 99999JPY3 -16.00 Norwegian Krone 99999NOK5 Transfer From Another Account",232.05
11/25/19,Purchase,"Purchased 15,288.9 Units Of -15,288.90 15,288.90 First Am Govt Ob Fd Cl X Trade Date 11/25/19","-1,400.00"
11/25/19,Sale,"Sold 1,400 Units Of 1,400.00 -1,400.00 First Am Govt Ob Fd Cl X Trade Date 11/25/19 Transfer From Another Account 16664 00- -A -UC-UZ -001-04",0.00
11/26/19,Purchase,"Purchased 252,599.19 Units Of -252,599.19 252,599.19 First Am Govt Ob Fd Cl X Trade Date 11/26/19","-126,161.68"
11/26/19,Sale,"Sold 7,040.4 Units Of 7,040.40 -7,040.40 First Am Govt Ob Fd Cl X Trade Date 11/26/19","-119,121.28"
11/26/19,Sale,"Sold 2,500 Shares Of 119,121.28 -104,033.00 Nintendo Co Ltd Unspons A D R Trade Date 11/22/19 Sold Through J.P. Morgan Securities LLC Paid 25.00 USD Brokerage Paid 2.47 USD Sec Fee 2,500 Shares At 47.6595 USD Transfer From Another Account",0.00
11/27/19,Sale,"Sold 63,962.66 Units Of 63,962.66 -63,962.66 First Am Govt Ob Fd Cl X Trade Date 11/27/19","68,002.56"
11/27/19,Purchase,"Purchased 750 Shares Of -61,324.26 61,324.26 Ucb Sa Net Cost 61,324.26 USD Trade Date 11/25/19 Purchased Through Jpmsgb2l Jp Morgan Sec London Paid 30.64 USD Brokerage Book Value 55,693.13 EUR Traded At 0.90817451 EUR To 1 USD Valued At 0.90817451 EUR For 61,324.26 USD 750 Shares At 74.2204 EUR 16664 00- -A -UC-UZ -001-04","6,678.30"
11/27/19,Purchase,"Purchased 5,000 Shares Of -54,035.02 54,035.02 Adevinta Asa B Net Cost 54,035.02 USD Trade Date 11/25/19 Purchased Through Jpmsgb2l Jp Morgan Sec London Paid 27.00 USD Brokerage Purchased On The Oslo Bors Asa Book Value 496,511.63 NOK Traded At 9.18870077 NOK To 1 USD Valued At 9.18870077 NOK For 54,035.02 USD 5,000 Shares At 99.2527 NOK","-47,356.72"
11/27/19,Purchase,"Purchased 7,000 Shares Of -56,465.12 56,465.12 Dustin Group Ab Net Cost 56,465.12 USD Trade Date 11/25/19 Purchased Through Jpmsgb2l Jp Morgan Sec London Paid 28.22 USD Brokerage Book Value 544,436.68 SEK Traded At 9.64199988 SEK To 1 USD Valued At 9.64199988 SEK For 56,465.12 USD 7,000 Shares At 77.7378 SEK","-103,821.84"
11/27/19,Sale,"Sold 30,000 Shares Of 103,821.84 -167,088.24 Nokia Corp Spon A D R Trade Date 11/25/19 Sold Through J.P. Morgan Securities LLC Paid 300.00 USD Brokerage Paid 2.16 USD Sec Fee 30,000 Shares At 3.4708 USD Transfer From Another Account",0.00
11/29/19,Purchase,"Purchased 329,513.01 Units Of -329,513.01 329,513.01 First Am Govt Ob Fd Cl X Trade Date 11/29/19",0.00
11/29/19,Sale,"Sold 218,206.75 Units Of 218,206.75 -218,206.75 First Am Govt Ob Fd Cl X Trade Date 11/29/19 16664 00- -A -UC-UZ -001-04","218,206.75"
11/29/19,Purchase,"Purchased 60,000 Shares Of -218,206.75 218,206.75 Yahoo Japan Corporation Net Cost 218,206.75 USD Trade Date 11/26/19 Purchased Through Jpmsgb2l Jp Morgan Sec London Paid 109.05 USD Brokerage Book Value 23,771,880 JPY Traded At 108.9420011 JPY To 1 USD Valued At 108.9420011 JPY For 218,206.75 USD 60,000 Shares At 396.00000043 JPY Comture Corp 14.5 JPY/Share On 4,000 Shares Due 11/29/19 Received 58,000 JPY Valued At 109.55 JPY For 529.44 USD Comture Corp Non-USD Taxes 8,883 JPY Valued At 109.55 JPY For 81.09 USD 15.3150000% Foreign Taxes Withheld",0.00
12/02/19,Sale,"Sold 49,117.00 Units Of 448.35 -448.35 Yen Trade Date 11/29/19 Value Date 12/2/19 Book Value 49,117 JPY Traded At 109.55 JPY To 1 USD Valued At 109.55 JPY For 448.35 USD Net Proceeds 448.35 USD Repatriating Comture Corp Transfer To Income Comture Corp Repatriating Comture Corp Transfer From Principal Comture Corp Repatriating Comture Corp 16664 00- -A -UC-UZ -001-04",896.70
12/02/19,Sale,"Sold 37,261.00 Units Of 339.97 -339.97 Yen Trade Date 12/2/19 Value Date 12/2/19 Book Value 37,261 JPY Traded At 109.6 JPY To 1 USD Valued At 109.6 JPY For 339.97 USD Net Proceeds 339.97 USD Repatriating Nidec Corp Transfer To Income Nidec Corp Repatriating Nidec Corp Transfer From Principal Nidec Corp Repatriating Nidec Corp Advantest Corp Ord(Jp) 41 JPY/Share On 4,000 Shares Due 12/2/19 Received 164,000 JPY Valued At 109.6 JPY For 1,496.35 USD Advantest Corp Ord(Jp) Non-USD Taxes 25,117 JPY Valued At 109.6 JPY For 229.17 USD 15.3150000% Foreign Taxes Withheld 16664 00- -A -UC-UZ -001-04","1,576.64"
12/02/19,Sale,"Sold 138,883.00 Units Of 1,267.18 -1,267.18 Yen Trade Date 12/2/19 Value Date 12/2/19 Book Value 138,883 JPY Traded At 109.6 JPY To 1 USD Valued At 109.6 JPY For 1,267.18 USD Net Proceeds 1,267.18 USD Repatriating Advantest Corp Ord(Jp) Transfer To Income Advantest Corp Ord(Jp) Repatriating Advantest Corp Ord(Jp) Transfer From Principal Advantest Corp Ord(Jp) Repatriating Advantest Corp Ord(Jp) Transfer From Another Account","4,111.00"
12/02/19,Purchase,"Purchased 64,215.77 Units Of -64,215.77 64,215.77 First Am Govt Ob Fd Cl X Trade Date 12/2/19","4,139.93"
12/02/19,Sale,"Sold 52.07 Units Of 52.07 -52.07 First Am Govt Ob Fd Cl X Trade Date 12/2/19 First Am Govt Ob Fd Cl X Interest From 11/1/19 To 11/30/19 49,117 Yen 99999JPY3 37,261 Yen 99999JPY3 138,883 Yen 99999JPY3 Transfer From Another Account","4,192.00"
12/03/19,Sale,"Sold 115,118.51 Units Of 115,118.51 -115,118.51 First Am Govt Ob Fd Cl X Trade Date 12/3/19 16664 00- -A -UC-UZ -001-04","119,239.83"
12/03/19,Purchase,"Purchased 7,000 Shares Of -119,239.83 119,239.83 Pva Tepla Ag Net Cost 119,239.83 USD Trade Date 11/29/19 Purchased Through Jpmsgb2leql Jp Morgan Eq Lndn Paid 59.59 USD Brokerage Purchased On The Boerse Frankfurt - Regulierter Book Value 108,189.37 EUR Traded At 0.90732574 EUR To 1 USD Valued At 0.90732574 EUR For 119,239.83 USD 7,000 Shares At 15.4479 EUR Transfer From Another Account",0.00
12/04/19,Purchase,"Purchased 66,207.31 Units Of -66,207.31 66,207.31 First Am Govt Ob Fd Cl X Trade Date 12/4/19 Fancl Corp 17 JPY/Share On 5,000 Shares Due 12/5/19 Received 85,000 JPY Valued At 109 JPY For 779.82 USD 16664 00- -A -UC-UZ -001-04",0.00
12/05/19,Sale,"Sold 71,982.00 Units Of 660.39 -660.39 Yen Trade Date 12/5/19 Value Date 12/5/19 Book Value 71,982 JPY Traded At 109 JPY To 1 USD Valued At 109 JPY For 660.39 USD Net Proceeds 660.39 USD Repatriating Fancl Corp Transfer To Income Fancl Corp Repatriating Fancl Corp Transfer From Principal Fancl Corp Repatriating Fancl Corp","1,320.78"
12/05/19,Sale,"Sold 1,925.9 Units Of 1,925.90 -1,925.90 First Am Govt Ob Fd Cl X Trade Date 12/5/19 71,982 Yen 99999JPY3 Jeol Ltd 12 JPY/Share On 5,000 Shares Due 12/6/19 Received 60,000 JPY Valued At 108.8 JPY For 551.47 USD 16664 00- -A -UC-UZ -001-04","1,320.78"
12/06/19,Sale,"Sold 50,811.00 Units Of 467.01 -467.01 Yen Trade Date 12/6/19 Value Date 12/6/19 Book Value 50,811 JPY Traded At 108.8 JPY To 1 USD Valued At 108.8 JPY For 467.01 USD Net Proceeds 467.01 USD Repatriating Jeol Ltd Transfer To Income Jeol Ltd Repatriating Jeol Ltd Transfer From Principal Jeol Ltd Repatriating Jeol Ltd Transfer From Another Account","1,594.41"
12/06/19,Purchase,"Purchased 136,237.16 Units Of -136,237.16 136,237.16 First Am Govt Ob Fd Cl X Trade Date 12/6/19","-130,372.35"
12/06/19,Sale,"Sold 272,474.32 Units Of 272,474.32 -272,474.32 First Am Govt Ob Fd Cl X Trade Date 12/6/19 16664 00- -A -UC-UZ -001-04","142,101.97"
12/06/19,Purchase,"Purchased 8,000 Shares Of -141,167.95 140,073.67 Future Plc Net Cost 141,167.95 USD Trade Date 12/4/19 Purchased Through Crst 784 Jpmorgan Secs Ltd Paid 70.20 USD Brokerage Paid 698.18 USD Misc Fee1 Purchased On The London Stock Exchange Book Value 107,802.94 GBP Traded At 0.76365025 GBP To 1 USD Valued At 0.769616 GBP For 140,073.67 USD 8,000 Shares At 13.40150057 GBP 50,811 Yen 99999JPY3",934.02
12/09/19,Sale,"Sold 64,216.09 Units Of 64,216.09 -64,216.09 First Am Govt Ob Fd Cl X Trade Date 12/9/19 Disco Corporation 91 JPY/Share On 950 Shares Due 12/10/19 Received 86,450 JPY Valued At 108.74 JPY For 795.02 USD Disco Corporation Non-USD Taxes 13,240 JPY Valued At 108.74 JPY For 121.76 USD 15.3150000% Foreign Taxes Withheld 16664 00- -A -UC-UZ -001-04",0.00
12/10/19,Sale,"Sold 73,210.00 Units Of 673.26 -673.26 Yen Trade Date 12/10/19 Value Date 12/10/19 Book Value 73,210 JPY Traded At 108.74 JPY To 1 USD Valued At 108.74 JPY For 673.26 USD Net Proceeds 673.26 USD Repatriating Disco Corporation Transfer To Income Disco Corporation Repatriating Disco Corporation Transfer From Principal Disco Corporation Repatriating Disco Corporation First Derivatives Plc 0.085 GBP/Share On 3,000 Shares Due 12/5/19 Received 255.00 GBP Valued At 0.7596 GBP For 335.70 USD","1,346.52"
12/10/19,Sale,Sold 255.00 Units Of 335.70 -335.70 British Pound Trade Date 12/10/19 Value Date 12/10/19 Book Value 255.00 GBP Traded At 0.7596 GBP To 1 USD Valued At 0.7596 GBP For 335.70 USD Net Proceeds 335.70 USD Repatriating First Derivatives Plc Transfer To Income First Derivatives Plc Repatriating First Derivatives Plc 16664 00- -A -UC-UZ -001-04,"2,017.92"
12/10/19,Purchase,"Purchased 1,866.51 Units Of -1,866.51 1,866.51 First Am Govt Ob Fd Cl X Trade Date 12/10/19","1,893.93"
12/10/19,Purchase,Purchased 335.7 Units Of -335.70 335.70 First Am Govt Ob Fd Cl X Trade Date 12/10/19,"1,558.23"
12/10/19,Sale,"Sold 123.99 Units Of 123.99 -123.99 First Am Govt Ob Fd Cl X Trade Date 12/10/19 73,210 Yen 99999JPY3 255.00 British Pound 99999GBP3 Transfer From Another Account","1,682.22"
12/11/19,Purchase,"Purchased 54,294.24 Units Of -54,294.24 54,294.24 First Am Govt Ob Fd Cl X Trade Date 12/11/19 16664 00- -A -UC-UZ -001-04",0.00
12/12/19,Sale,"Sold 258,131.25 Units Of 258,131.25 -258,131.25 First Am Govt Ob Fd Cl X Trade Date 12/12/19","265,091.11"
12/12/19,Purchase,"Purchased 6,000 Shares Of -109,495.33 109,495.33 Future Plc Net Cost 109,495.33 USD Trade Date 12/10/19 Purchased Through Crst 784 Jpmorgan Secs Ltd Paid 54.45 USD Brokerage Paid 546.07 USD Misc Fee1 Purchased On The London Stock Exchange Book Value 83,158.27 GBP Traded At 0.75946872 GBP To 1 USD Valued At 0.75946872 GBP For 109,495.33 USD 6,000 Shares At 13.7837 GBP","155,595.78"
12/12/19,Purchase,"Purchased 50,000 Shares Of -75,479.94 75,479.94 Learning Technologies Group Net Cost 75,479.94 USD Trade Date 12/10/19 Purchased Through Crst 784 Jpmorgan Secs Ltd Paid 37.72 USD Brokerage Paid 1.32 USD Misc Fee1 Purchased On The London Stock Exchange Book Value 57,324.65 GBP Traded At 0.75946867 GBP To 1 USD Valued At 0.75946867 GBP For 75,479.94 USD 50,000 Shares At 1.1459 GBP 16664 00- -A -UC-UZ -001-04","80,115.84"
12/12/19,Purchase,"Purchased 5,000 Shares Of -80,115.84 80,115.84 Ocado Group Plc Net Cost 80,115.84 USD Trade Date 12/10/19 Purchased Through Crst 784 Jpmorgan Secs Ltd Paid 39.84 USD Brokerage Paid 399.90 USD Misc Fee1 Book Value 60,845.47 GBP Traded At 0.75946866 GBP To 1 USD Valued At 0.75946866 GBP For 80,115.84 USD 5,000 Shares At 12.1023 GBP Transfer From Another Account",0.00
12/13/19,Purchase,"Purchased 162,989.53 Units Of -162,989.53 162,989.53 First Am Govt Ob Fd Cl X Trade Date 12/13/19",0.00
12/13/19,Purchase,Purchased 166.25 Units Of -166.25 166.25 First Am Govt Ob Fd Cl X Trade Date 12/13/19,-166.25
12/13/19,Sale,"Sold 166.25 Units Of 166.25 -166.25 First Am Govt Ob Fd Cl X Trade Date 12/13/19 Cyberagent Inc Npv 33 JPY/Share On 3,000 Shares Due 12/16/19 Received 99,000 JPY Valued At 109.42 JPY For 904.77 USD Cyberagent Inc Npv Non-USD Taxes 15,162 JPY Valued At 109.42 JPY For 138.57 USD 15.3150000% Foreign Taxes Withheld 16664 00- -A -UC-UZ -001-04",0.00
12/16/19,Sale,"Sold 83,838.00 Units Of 766.20 -766.20 Yen Trade Date 12/16/19 Value Date 12/16/19 Book Value 83,838 JPY Traded At 109.42 JPY To 1 USD Valued At 109.42 JPY For 766.20 USD Net Proceeds 766.20 USD Repatriating Cyberagent Inc Npv Transfer To Income Cyberagent Inc Npv Repatriating Cyberagent Inc Npv Transfer From Principal Cyberagent Inc Npv Repatriating Cyberagent Inc Npv Norwegian Krone Currency Received In Acct For Corp Act Valued At 9.2417 NOK For 2.67 USD Market Value Of 2.73 USD Ca Rights Exercise Bks7m95 Cash On Lapsed Rts","1,532.40"
12/16/19,Sale,Sold 24.72 Units Of 2.67 -2.67 Norwegian Krone Trade Date 12/16/19 Value Date 12/16/19 Book Value 24.72 NOK Traded At 9.2417 NOK To 1 USD Valued At 9.2417 NOK For 2.67 USD Net Proceeds 2.67 USD Ca Rights Exercise Bks7m95 Cash On Lapsed Rts Transfer From Another Account 16664 00- -A -UC-UZ -001-04,"1,535.07"
12/16/19,Purchase,"Purchased 5,634.13 Units Of -5,634.13 5,634.13 First Am Govt Ob Fd Cl X Trade Date 12/16/19",470.24
12/16/19,Sale,"Sold 1,064.83 Units Of 1,064.83 -1,064.83 First Am Govt Ob Fd Cl X Trade Date 12/16/19 83,838 Yen 99999JPY3 Fanuc Corporation A D R 0.115494 USD/Share On 5,000 Shares Due 12/17/19 10.0000000% Foreign Taxes Withheld Non-USD Taxes Fanuc Corporation A D R Adr Paying Agent Fee Fanuc Corporation A D R Adr Fee Of 0.018814 Per Share Due 12/17/19 Nintendo Co Ltd Unspons A D R 0.308339 USD/Share On 2,500 Shares Due 12/17/19 10.0000000% Foreign Taxes Withheld 16664 00- -A -UC-UZ -001-04","1,535.07"
12/17/19,Purchase,"Purchased 25,168.7 Units Of -25,168.70 25,168.70 First Am Govt Ob Fd Cl X Trade Date 12/17/19",346.49
12/17/19,Sale,Sold 667.92 Units Of 667.92 -667.92 First Am Govt Ob Fd Cl X Trade Date 12/17/19 Transfer From Another Account,"1,014.41"
12/18/19,Purchase,"Purchased 103,982.5 Units Of -103,982.50 103,982.50 First Am Govt Ob Fd Cl X Trade Date 12/18/19","-60,744.37"
12/18/19,Sale,"Sold 136,495.2 Units Of 136,495.20 -136,495.20 First Am Govt Ob Fd Cl X Trade Date 12/18/19","75,750.83"
12/18/19,Sale,"Sold 80,354.25 Units Of 80,354.25 -80,354.25 First Am Govt Ob Fd Cl X Trade Date 12/18/19 16664 00- -A -UC-UZ -001-04","156,105.08"
12/18/19,Sale,"Sold 9,380 Shares Of 60,744.37 -84,500.72 Fagerhult Ab Net Proceeds 60,744.37 USD Trade Date 12/16/19 Sold Through Jpmsgb2l Jp Morgan Sec London Paid 30.39 USD Brokerage Book Value 654,932.72 SEK Local Proceeds 568,937.88 SEK Traded At 9.3661006 SEK To 1 USD Valued At 9.3661006 SEK For 60,744.37 USD 9,380 Shares At 60.6847 SEK","216,849.45"
12/18/19,Purchase,"Purchased 4,000 Shares Of -136,495.20 136,495.20 Baozun Inc Spon A D R Trade Date 12/16/19 Purchased Through J.P. Morgan Securities LLC Paid 40.00 USD Brokerage 4,000 Shares At 34.1138 USD","80,354.25"
12/18/19,Purchase,"Purchased 1,000 Shares Of -80,354.25 80,354.25 Stroeer SE and Co Kgaa Net Cost 80,354.25 USD Trade Date 12/5/19 Purchased Through Jpmsgb2leql Jp Morgan Eq Lndn Paid 40.16 USD Brokerage Book Value 72,375.57 EUR Traded At 0.90070619 EUR To 1 USD Valued At 0.90070619 EUR For 80,354.25 USD 1,000 Shares At 72.3394 EUR Dustin Group Ab 3.00 SEK/Share On 21,000 Shares Due 12/18/19 Received 63,000.00 SEK Valued At 9.402693 SEK For 6,700.21 USD Dustin Group Ab Non-USD Taxes 18,900.00 SEK Valued At 9.402693 SEK For 2,010.06 USD 30.0000000% Foreign Taxes Withheld 16664 00- -A -UC-UZ -001-04",0.00
12/19/19,Sale,"Sold 44,100.00 Units Of 4,690.15 -4,690.15 Swedish Krona Trade Date 12/18/19 Value Date 12/19/19 Book Value 44,100.00 SEK Traded At 9.402693 SEK To 1 USD Valued At 9.402693 SEK For 4,690.15 USD Net Proceeds 4,690.15 USD Repatriating Dustin Group Ab Transfer To Income Dustin Group Ab Repatriating Dustin Group Ab Transfer From Principal Dustin Group Ab Repatriating Dustin Group Ab","9,380.30"
12/19/19,Purchase,"Purchased 35,334.68 Units Of -35,334.68 35,334.68 First Am Govt Ob Fd Cl X Trade Date 12/19/19","-42,954.98"
12/19/19,Sale,"Sold 8,120 Shares Of 52,335.28 -50,254.88 Fagerhult Ab Net Proceeds 52,335.28 USD Trade Date 12/17/19 Sold Through Jpmsgb2l Jp Morgan Sec London Paid 26.18 USD Brokerage Book Value 566,956.69 SEK Local Proceeds 490,203.59 SEK Traded At 9.36659917 SEK To 1 USD Valued At 9.36659917 SEK For 52,335.28 USD 8,120 Shares At 60.4001 SEK 44,100.00 Swedish Krona 99999SEK5 16664 00- -A -UC-UZ -001-04","9,380.30"
12/20/19,Purchase,"Purchased 136,112.77 Units Of -136,112.77 136,112.77 First Am Govt Ob Fd Cl X Trade Date 12/20/19 Transfer From Another Account",0.00
12/23/19,Purchase,"Purchased 112,401.31 Units Of -112,401.31 112,401.31 First Am Govt Ob Fd Cl X Trade Date 12/23/19 Transfer From Another Account",0.00
12/24/19,Purchase,"Purchased 73,589.79 Units Of -73,589.79 73,589.79 First Am Govt Ob Fd Cl X Trade Date 12/24/19","123,620.00"
12/24/19,Purchase,"Purchased 20,000 Shares Of -123,620.00 123,620.00 Blackberry Ltd Trade Date 12/20/19 Purchased Through J.P. Morgan Securities LLC Paid 200.00 USD Brokerage 20,000 Shares At 6.171 USD",0.00
12/26/19,Sale,Sold 252.42 Units Of 252.42 -252.42 First Am Govt Ob Fd Cl X Trade Date 12/26/19 16664 00- -A -UC-UZ -001-04,-80.00
12/27/19,Sale,"Sold 13,383.87 Units Of 13,383.87 -13,383.87 First Am Govt Ob Fd Cl X Trade Date 12/27/19 Transfer From Another Account",510.00
12/30/19,Purchase,"Purchased 15,937.12 Units Of -15,937.12 15,937.12 First Am Govt Ob Fd Cl X Trade Date 12/30/19",0.00
12/31/19,Sale,"Sold 10,000 Shares Of 73,435.59 -44,197.73 Entertainment One Ltd Net Proceeds 56,000.00 GBP Trade Date 12/31/19 Sold Through Global Corporate Actions Sold On The London Stock Exchange Book Value 36,513.44 GBP Valued At 0.762573 GBP For 73,435.59 USD Fed Tax Cost Of Proceeds 10,000 Shares At 5.6 GBP Ca Exchange Offer Sedol B3xddh4 16664 00- -A -UC-UZ -001-04","73,435.59"
12/31/19,Sale,"Sold 56,000.00 Units Of 73,763.20 -73,435.59 British Pound Trade Date 12/31/19 Value Date 12/31/19 Book Value 56,000.00 GBP Traded At 0.75918615 GBP To 1 USD Valued At 0.75918615 GBP For 73,763.20 USD Net Proceeds 73,763.20 USD Fed ST Currency Gain On GBP Of 327.61 USD Ca Exchange Offer Sedol B3xddh4 Transfer From Another Account","147,198.79"
12/31/19,Purchase,"Purchased 4,307.63 Units Of -4,307.63 4,307.63 First Am Govt Ob Fd Cl X Trade Date 12/31/19 Lasertec Corp Due 1/6/20 3,000 Additional Shares Received 56,000.00 British Pound 99999GBP3 Ending Balance 12/31/2019 $83,709.96 -$9,946.76 $11,949,495.63 $73,763.20 16664 00- -A -UC-UZ -001-04","147,198.79"
