Date Posted,Activity,Description,Principal Cash
01/02/20,Purchase,"Purchased 128,338.71 Units Of -128,338.71 128,338.71 First Am Govt Ob Fd Cl X Trade Date 1/2/20 First Am Govt Ob Fd Cl X Interest From 12/1/19 To 12/31/19 Transfer From Another Account",0.00
01/03/20,Purchase,"Purchased 8,854.02 Units Of -8,854.02 8,854.02 First Am Govt Ob Fd Cl X Trade Date 1/3/20 Transfer From Another Account",0.00
01/06/20,Purchase,"Purchased 26,387.04 Units Of -26,387.04 26,387.04 First Am Govt Ob Fd Cl X Trade Date 1/6/20 Transfer From Another Account",0.00
01/07/20,Purchase,"Purchased 18,502.69 Units Of -18,502.69 18,502.69 First Am Govt Ob Fd Cl X Trade Date 1/7/20 21880 00- -A -UC-UZ -001-04","17,014.85"
01/07/20,Purchase,"Purchased 20,000 Shares Of -17,014.85 17,014.85 Zoo Digital Group Net Cost 17,014.85 USD Trade Date 1/3/20 Purchased Through Crst 784 Jpmorgan Secs Ltd Paid 8.50 USD Brokerage Paid 1.31 USD Misc Fee1 Book Value 13,007.50 GBP Traded At 0.76447926 GBP To 1 USD Valued At 0.76447926 GBP For 17,014.85 USD 20,000 Shares At 0.65 GBP Transfer From Another Account",0.00
01/08/20,Sale,"Sold 215,137.1 Units Of 215,137.10 -215,137.10 First Am Govt Ob Fd Cl X Trade Date 1/8/20","287,871.89"
01/08/20,Purchase,"Purchased 80,000 Shares Of -70,672.81 70,672.81 Zoo Digital Group Net Cost 70,672.81 USD Trade Date 1/6/20 Purchased Through Crst 784 Jpmorgan Secs Ltd Paid 35.31 USD Brokerage Paid 1.32 USD Misc Fee1 Book Value 53,675.82 GBP Traded At 0.75949746 GBP To 1 USD Valued At 0.75949746 GBP For 70,672.81 USD 80,000 Shares At 0.6706 GBP","217,199.08"
01/08/20,Purchase,"Purchased 10,000 Shares Of -147,962.25 148,049.91 Ushio Inc Net Cost 147,962.25 USD Trade Date 1/6/20 Purchased Through Jpmsgb2l Jp Morgan Sec London Paid 73.94 USD Brokerage Book Value 15,993,092 JPY Traded At 108.08900243 JPY To 1 USD Valued At 108.025 JPY For 148,049.91 USD 10,000 Shares At 1,598.51 JPY 21880 00- -A -UC-UZ -001-04","69,236.83"
01/08/20,Purchase,"Purchased 2,000 Shares Of -69,236.83 69,236.83 Cyberagent Inc Npv Net Cost 69,236.83 USD Trade Date 1/6/20 Purchased Through Jpmsgb2l Jp Morgan Sec London Paid 34.60 USD Brokerage Book Value 7,483,740 JPY Traded At 108.08900407 JPY To 1 USD Valued At 108.08900407 JPY For 69,236.83 USD 2,000 Shares At 3,740 JPY",0.00
01/09/20,Sale,"Sold 182,138.72 Units Of 182,138.72 -182,138.72 First Am Govt Ob Fd Cl X Trade Date 1/9/20","148,737.31"
01/09/20,Sale,"Sold 3,756.51 Units Of 3,756.51 -3,756.51 First Am Govt Ob Fd Cl X Trade Date 1/9/20","152,493.82"
01/09/20,Purchase,"Purchased 14,000 Shares Of -152,493.82 152,493.82 Tomtom Net Cost 152,493.82 USD Trade Date 1/7/20 Purchased Through Jpmsgb2l Jp Morgan Sec London Paid 76.21 USD Brokerage Purchased On The NYSE Euronext - Euronext Amste Book Value 136,398.77 EUR Traded At 0.89445441 EUR To 1 USD Valued At 0.89445441 EUR For 152,493.82 USD 14,000 Shares At 9.7379 EUR 21880 00- -A -UC-UZ -001-04",0.00
01/10/20,Sale,Sold 407.2 Units Of 407.20 -407.20 First Am Govt Ob Fd Cl X Trade Date 1/10/20 Transfer From Another Account,0.00
01/13/20,Purchase,"Purchased 209,892.28 Units Of -209,892.28 209,892.28 First Am Govt Ob Fd Cl X Trade Date 1/13/20",0.00
01/14/20,Purchase,"Purchased 41,121.97 Units Of -41,121.97 41,121.97 First Am Govt Ob Fd Cl X Trade Date 1/14/20",-60.00
01/14/20,Sale,"Sold 121,764.31 Units Of 121,764.31 -121,764.31 First Am Govt Ob Fd Cl X Trade Date 1/14/20 21880 00- -A -UC-UZ -001-04","121,704.31"
01/14/20,Sale,"Sold 92,450 Units Of 92,450.00 -92,450.00 First Am Govt Ob Fd Cl X Trade Date 1/14/20","214,154.31"
01/14/20,Purchase,"Purchased 1,000 Shares Of -121,764.31 121,764.31 Capgemini Net Cost 121,764.31 USD Trade Date 1/9/20 Purchased Through Jpmsgb2l Jp Morgan Sec London Paid 60.67 USD Brokerage Paid 364.02 USD Misc Fee1 Book Value 109,609.68 EUR Traded At 0.90017912 EUR To 1 USD Valued At 0.90017912 EUR For 121,764.31 USD 1,000 Shares At 109.22739292 EUR","92,390.00"
01/14/20,Purchase,"Purchased 5,000 Shares Of -92,450.00 92,450.00 Fanuc Corporation A D R Trade Date 1/9/20 Purchased Through J.P. Morgan Securities LLC Paid 50.00 USD Brokerage 5,000 Shares At 18.48 USD Transfer From Another Account",-60.00
01/15/20,Purchase,"Purchased 29,530.29 Units Of -29,530.29 29,530.29 First Am Govt Ob Fd Cl X Trade Date 1/15/20 Taiwan Semiconductor A D R 0.416889 USD/Share On 4,000 Shares Due 1/16/20 21.0000000% Foreign Taxes Withheld Non-USD Taxes Taiwan Semiconductor A D R Transfer From Another Account 21880 00- -A -UC-UZ -001-04",0.00
01/16/20,Purchase,Purchased 477.73 Units Of -477.73 477.73 First Am Govt Ob Fd Cl X Trade Date 1/16/20 Transfer From Another Account,"1,317.37"
01/21/20,Sale,"Sold 48,270.00 Units Of 437.90 -437.90 Yen Trade Date 1/20/20 Value Date 1/21/20 Book Value 48,270 JPY Traded At 110.23 JPY To 1 USD Valued At 110.23 JPY For 437.90 USD Net Proceeds 437.90 USD Repatriating Askul Corp Npv 21880 00- -A -UC-UZ -001-04","73,302.13"
01/21/20,Purchase,"Purchased 63,002.13 Units Of -63,002.13 63,002.13 First Am Govt Ob Fd Cl X Trade Date 1/21/20","73,302.13"
01/21/20,Purchase,"Purchased 72,426.33 Units Of -72,426.33 72,426.33 First Am Govt Ob Fd Cl X Trade Date 1/21/20 48,270 Yen 99999JPY3 Transfer From Another Account",875.80
01/22/20,Purchase,"Purchased 107,470.09 Units Of -107,470.09 107,470.09 First Am Govt Ob Fd Cl X Trade Date 1/22/20 21880 00- -A -UC-UZ -001-04","-97,899.39"
01/22/20,Sale,"Sold 5,000 Shares Of 97,899.39 -118,795.47 Fevertree Drinks Plc Net Proceeds 97,899.39 USD Trade Date 1/20/20 Sold Through Crst 784 Jpmorgan Secs Ltd Paid 48.97 USD Brokerage Paid 1.30 USD Misc Fee1 Book Value 91,677.32 GBP Local Proceeds 75,329.82 GBP Traded At 0.76946159 GBP To 1 USD Valued At 0.76946159 GBP For 97,899.39 USD 5,000 Shares At 15.0737 GBP Transfer From Another Account",0.00
01/23/20,Purchase,"Purchased 170,859.9 Units Of -170,859.90 170,859.90 First Am Govt Ob Fd Cl X Trade Date 1/23/20 Transfer From Another Account",0.00
01/24/20,Purchase,"Purchased 12,328.41 Units Of -12,328.41 12,328.41 First Am Govt Ob Fd Cl X Trade Date 1/24/20 Transfer From Another Account",0.00
01/27/20,Sale,"Sold 5,472.6 Units Of 5,472.60 -5,472.60 First Am Govt Ob Fd Cl X Trade Date 1/27/20 21880 00- -A -UC-UZ -001-04","8,189.35"
01/27/20,Purchase,"Purchased 3,000 Shares Of -148,823.43 148,823.43 Hugo Boss Ag Net Cost 148,823.43 USD Trade Date 1/23/20 Purchased Through Jpmsgb2leql Jp Morgan Eq Lndn Paid 74.37 USD Brokerage Book Value 134,829.48 EUR Traded At 0.90596944 EUR To 1 USD Valued At 0.90596944 EUR For 148,823.43 USD 3,000 Shares At 44.9207 EUR","-140,634.08"
01/27/20,Sale,"Sold 300 Shares Of 140,634.08 -41,342.22 Shopify Inc A Trade Date 1/23/20 Sold Through J.P. Morgan Securities LLC Paid 3.00 USD Brokerage Paid 2.92 USD Sec Fee 300 Shares At 468.80 USD Transfer From Another Account",0.00
01/28/20,Sale,"Sold 74,426.23 Units Of 74,426.23 -74,426.23 First Am Govt Ob Fd Cl X Trade Date 1/28/20","241,236.43"
01/28/20,Purchase,"Purchased 3,000 Shares Of -56,639.40 56,639.40 Materialise Nv A D R Trade Date 1/24/20 Purchased Through J.P. Morgan Securities LLC Paid 30.00 USD Brokerage 3,000 Shares At 18.8698 USD","184,597.03"
01/28/20,Purchase,"Purchased 5,000 Shares Of -3,318.78 3,318.78 Iqe Plc Net Cost 3,318.78 USD Trade Date 1/24/20 Purchased Through Crst 784 Jpmorgan Secs Ltd Paid 1.66 USD Brokerage Book Value 2,538.77 GBP Traded At 0.76497086 GBP To 1 USD Valued At 0.76497086 GBP For 3,318.78 USD 5,000 Shares At 0.5075 GBP 21880 00- -A -UC-UZ -001-04","181,278.25"
01/28/20,Purchase,"Purchased 20,000 Shares Of -103,114.87 103,114.87 Boozt Ab Net Cost 103,114.87 USD Trade Date 1/24/20 Purchased Through Jpmsgb2l Jp Morgan Sec London Paid 51.53 USD Brokerage Book Value 986,737.12 SEK Traded At 9.56929995 SEK To 1 USD Valued At 9.56929995 SEK For 103,114.87 USD 20,000 Shares At 49.3122 SEK","78,163.38"
01/28/20,Purchase,"Purchased 10,000 Shares Of -78,163.38 78,163.38 Dustin Group Ab Net Cost 78,163.38 USD Trade Date 1/24/20 Purchased Through Jpmsgb2l Jp Morgan Sec London Paid 39.06 USD Brokerage Book Value 747,968.80 SEK Traded At 9.56929959 SEK To 1 USD Valued At 9.56929959 SEK For 78,163.38 USD 10,000 Shares At 74.7595 SEK Transfer From Another Account",0.00
01/29/20,Purchase,"Purchased 208,629.27 Units Of -208,629.27 208,629.27 First Am Govt Ob Fd Cl X Trade Date 1/29/20","-196,116.73"
01/29/20,Sale,"Sold 4,000 Shares Of 196,116.73 -152,428.05 Line Corp A D R Trade Date 1/27/20 Sold Through J.P. Morgan Securities LLC Paid 40.00 USD Brokerage Paid 4.07 USD Sec Fee 4,000 Shares At 49.0402 USD",0.00
01/30/20,Sale,"Sold 1,971.77 Units Of 1,971.77 -1,971.77 First Am Govt Ob Fd Cl X Trade Date 1/30/20",0.00
01/31/20,Sale,"Sold 260,657.56 Units Of 260,657.56 -260,657.56 First Am Govt Ob Fd Cl X Trade Date 1/31/20","258,613.04"
01/31/20,Purchase,"Purchased 4,000 Shares Of -99,919.78 99,919.78 Monotaro Co Ltd First Section Net Cost 99,919.78 USD Trade Date 1/29/20 Purchased Through Jpmsgb2l Jp Morgan Sec London Paid 49.93 USD Brokerage Book Value 10,901,448 JPY Traded At 109.10200162 JPY To 1 USD Valued At 109.10200162 JPY For 99,919.78 USD 4,000 Shares At 2,724 JPY","158,693.26"
01/31/20,Purchase,"Purchased 4,000 Shares Of -91,635.31 91,635.31 Comture Corp Net Cost 91,635.31 USD Trade Date 1/29/20 Purchased Through Jpmsgb2l Jp Morgan Sec London Paid 45.79 USD Brokerage Purchased On The Jasdaq Securities Exchange Book Value 9,997,596 JPY Traded At 109.10200445 JPY To 1 USD Valued At 109.10200445 JPY For 91,635.31 USD 4,000 Shares At 2,498.15 JPY 21880 00- -A -UC-UZ -001-04","67,057.95"
01/31/20,Purchase,"Purchased 2,500 Shares Of -67,057.95 67,057.95 Thk Co Ltd Net Cost 67,057.95 USD Trade Date 1/29/20 Purchased Through Jpmsgb2l Jp Morgan Sec London Paid 33.51 USD Brokerage Book Value 7,316,156 JPY Traded At 109.10199312 JPY To 1 USD Valued At 109.10199312 JPY For 67,057.95 USD 2,500 Shares At 2,925 JPY",0.00
02/03/20,Purchase,"Purchased 175,559.86 Units Of -175,559.86 175,559.86 First Am Govt Ob Fd Cl X Trade Date 2/3/20","-175,559.86"
02/03/20,Sale,"Sold 4,000 Shares Of 175,559.86 -164,767.99 Moncler Spa Net Proceeds 175,559.86 USD Trade Date 1/30/20 Sold Through Jpmsgb2l Jp Morgan Sec London Paid 87.82 USD Brokerage Book Value 146,160.46 EUR Local Proceeds 159,178.77 EUR Traded At 0.90669228 EUR To 1 USD Valued At 0.90669228 EUR For 175,559.86 USD 4,000 Shares At 39.8146 EUR First Am Govt Ob Fd Cl X Interest From 1/1/20 To 1/31/20 Transfer From Another Account",0.00
02/04/20,Purchase,"Purchased 175,873.84 Units Of -175,873.84 175,873.84 First Am Govt Ob Fd Cl X Trade Date 2/4/20 21880 00- -A -UC-UZ -001-04","-136,680.20"
02/04/20,Sale,"Sold 2,650 Shares Of 136,680.20 -127,803.81 B H P Billiton Limited A D R Trade Date 1/31/20 Sold Through J.P. Morgan Securities LLC Paid 26.50 USD Brokerage Paid 2.83 USD Sec Fee 2,650 Shares At 51.5885 USD Transfer From Another Account",0.00
02/05/20,Purchase,"Purchased 93,600.12 Units Of -93,600.12 93,600.12 First Am Govt Ob Fd Cl X Trade Date 2/5/20 Transfer From Another Account",0.00
02/06/20,Purchase,"Purchased 5,766.64 Units Of -5,766.64 5,766.64 First Am Govt Ob Fd Cl X Trade Date 2/6/20 Transfer From Another Account",0.00
02/07/20,Sale,"Sold 461,343.44 Units Of 461,343.44 -461,343.44 First Am Govt Ob Fd Cl X Trade Date 2/7/20 21880 00- -A -UC-UZ -001-04","469,606.44"
02/07/20,Purchase,"Purchased 30,000 Shares Of -146,767.47 146,767.47 Ds Smith Plc Net Cost 146,767.47 USD Trade Date 2/5/20 Purchased Through Crst 784 Jpmorgan Secs Ltd Paid 72.98 USD Brokerage Paid 731.48 USD Misc Fee1 Book Value 112,957.14 GBP Traded At 0.76963335 GBP To 1 USD Valued At 0.76963335 GBP For 146,767.47 USD 30,000 Shares At 3.7446 GBP","322,838.97"
02/07/20,Purchase,"Purchased 12,000 Shares Of -79,199.96 79,199.96 Biocartis Nv Net Cost 79,199.96 USD Trade Date 2/5/20 Purchased Through Jpmsgb2l Jp Morgan Sec London Paid 39.58 USD Brokerage Book Value 71,978.37 EUR Traded At 0.90881828 EUR To 1 USD Valued At 0.90881828 EUR For 79,199.96 USD 12,000 Shares At 5.9952 EUR","243,639.01"
02/07/20,Purchase,"Purchased 4,669 Shares Of -55,699.20 55,699.20 Slm Solutions Group Ag Net Cost 55,699.20 USD Trade Date 2/5/20 Purchased Through Jpmsgb2leql Jp Morgan Eq Lndn Paid 27.84 USD Brokerage Book Value 50,620.45 EUR Traded At 0.90881829 EUR To 1 USD Valued At 0.90881829 EUR For 55,699.20 USD 4,669 Shares At 10.83639966 EUR","187,939.81"
02/07/20,Purchase,"Purchased 310 Shares Of -94,124.31 94,124.31 Asml Holding Nv Ny Reg Shs Trade Date 2/5/20 Purchased Through J.P. Morgan Securities LLC Paid 3.10 USD Brokerage 310 Shares At 303.6168 USD 21880 00- -A -UC-UZ -001-04","93,815.50"
02/07/20,Purchase,"Purchased 5,000 Shares Of -93,815.50 93,815.50 Materialise Nv A D R Trade Date 2/5/20 Purchased Through J.P. Morgan Securities LLC Paid 50.00 USD Brokerage 5,000 Shares At 18.7531 USD Transfer From Another Account",0.00
02/10/20,Sale,"Sold 202,004.86 Units Of 202,004.86 -202,004.86 First Am Govt Ob Fd Cl X Trade Date 2/10/20","343,664.13"
02/10/20,Purchase,"Purchased 14,000 Shares Of -157,060.97 157,060.97 Tomtom Net Cost 157,060.97 USD Trade Date 2/6/20 Purchased Through Jpmsgb2l Jp Morgan Sec London Paid 78.49 USD Brokerage Purchased On The NYSE Euronext - Euronext Amste Book Value 142,759.34 EUR Traded At 0.90894218 EUR To 1 USD Valued At 0.90894218 EUR For 157,060.97 USD 14,000 Shares At 10.192 EUR","186,603.16"
02/10/20,Purchase,"Purchased 2,331 Shares Of -27,402.09 27,402.09 Slm Solutions Group Ag Net Cost 27,402.09 USD Trade Date 2/6/20 Purchased Through Jpmsgb2leql Jp Morgan Eq Lndn Paid 13.69 USD Brokerage Book Value 24,934.11 EUR Traded At 0.90993461 EUR To 1 USD Valued At 0.90993461 EUR For 27,402.09 USD 2,331 Shares At 10.6914 EUR 21880 00- -A -UC-UZ -001-04","159,201.07"
02/10/20,Purchase,"Purchased 1,200 Shares Of -159,201.07 159,201.07 Nidec Corp Net Cost 159,201.07 USD Trade Date 2/6/20 Purchased Through Jpmsgb2l Jp Morgan Sec London Paid 79.56 USD Brokerage Book Value 17,498,745 JPY Traded At 109.91600119 JPY To 1 USD Valued At 109.91600119 JPY For 159,201.07 USD 1,200 Shares At 14,575 JPY Transfer From Another Account",0.00
02/11/20,Sale,"Sold 130,806.33 Units Of 130,806.33 -130,806.33 First Am Govt Ob Fd Cl X Trade Date 2/11/20","151,049.81"
02/11/20,Purchase,"Purchased 15,000 Shares Of -151,049.81 151,049.81 Raysearch Laboratories Ab Net Cost 151,049.81 USD Trade Date 2/7/20 Purchased Through Jpmsgb2l Jp Morgan Sec London Paid 75.49 USD Brokerage Book Value 1,456,905.59 SEK Traded At 9.64519975 SEK To 1 USD Valued At 9.64519975 SEK For 151,049.81 USD 15,000 Shares At 97.0785 SEK Transfer From Another Account",0.00
02/12/20,Sale,"Sold 141,309.74 Units Of 141,309.74 -141,309.74 First Am Govt Ob Fd Cl X Trade Date 2/12/20 21880 00- -A -UC-UZ -001-04","152,755.26"
02/12/20,Purchase,"Purchased 1,000 Shares Of -152,755.26 152,755.26 Wirecard Ag Net Cost 152,755.26 USD Trade Date 2/10/20 Purchased Through Jpmsgb2leql Jp Morgan Eq Lndn Paid 76.34 USD Brokerage Book Value 139,870.40 EUR Traded At 0.9156503 EUR To 1 USD Valued At 0.9156503 EUR For 152,755.26 USD 1,000 Shares At 139.8005 EUR",0.00
02/13/20,Sale,"Sold 8,267.5 Units Of 8,267.50 -8,267.50 First Am Govt Ob Fd Cl X Trade Date 2/13/20",-60.00
02/13/20,Sale,Sold 60 Units Of 60.00 -60.00 First Am Govt Ob Fd Cl X Trade Date 2/13/20 Transfer From Another Account,0.00
02/14/20,Purchase,"Purchased 156,126.01 Units Of -156,126.01 156,126.01 First Am Govt Ob Fd Cl X Trade Date 2/14/20 21880 00- -A -UC-UZ -001-04","-144,892.28"
02/14/20,Sale,"Sold 5,000 Shares Of 144,892.28 -119,522.43 Fancl Corp Net Proceeds 144,892.28 USD Trade Date 2/12/20 Sold Through Jpmsgb2l Jp Morgan Sec London Paid 72.48 USD Brokerage Book Value 12,941,467 JPY Local Proceeds 15,934,529 JPY Traded At 109.97500349 JPY To 1 USD Valued At 109.97500349 JPY For 144,892.28 USD 5,000 Shares At 3,188.5 JPY Future Plc 0.01 GBP/Share On 14,000 Shares Due 2/14/20 Received 140.00 GBP Valued At 0.76935 GBP For 181.97 USD",0.00
02/18/20,Sale,Sold 140.00 Units Of 181.97 -181.97 British Pound Trade Date 2/14/20 Value Date 2/18/20 Book Value 140.00 GBP Traded At 0.76935 GBP To 1 USD Valued At 0.76935 GBP For 181.97 USD Net Proceeds 181.97 USD Repatriating Future Plc Transfer To Income Future Plc Repatriating Future Plc Transfer From Principal Future Plc Repatriating Future Plc Transfer From Another Account 21880 00- -A -UC-UZ -001-04,363.94
02/18/20,Purchase,Purchased 181.97 Units Of -181.97 181.97 First Am Govt Ob Fd Cl X Trade Date 2/18/20,"8,228.35"
02/18/20,Sale,"Sold 1,900.68 Units Of 1,900.68 -1,900.68 First Am Govt Ob Fd Cl X Trade Date 2/18/20","10,129.03"
02/18/20,Purchase,"Purchased 25,000 Shares Of -115,723.28 115,723.28 Tobii Ab Net Cost 115,723.28 USD Trade Date 2/13/20 Purchased Through Jpmsgb2l Jp Morgan Sec London Paid 57.83 USD Brokerage Book Value 1,117,678.56 SEK Traded At 9.6581998 SEK To 1 USD Valued At 9.6581998 SEK For 115,723.28 USD 25,000 Shares At 44.6848 SEK","-105,594.25"
02/18/20,Sale,"Sold 3,500 Shares Of 105,776.22 -103,719.17 Schibsted Asa A-Shares Net Proceeds 105,776.22 USD Trade Date 2/13/20 Sold Through Jpmsgb2l Jp Morgan Sec London Paid 52.91 USD Brokerage Book Value 847,463.43 NOK Local Proceeds 978,705.05 NOK Traded At 9.25259997 NOK To 1 USD Valued At 9.25259997 NOK For 105,776.22 USD 3,500 Shares At 279.7699 NOK 140.00 British Pound 99999GBP3 Transfer From Another Account",181.97
02/19/20,Purchase,"Purchased 24,868.58 Units Of -24,868.58 24,868.58 First Am Govt Ob Fd Cl X Trade Date 2/19/20",30.00
02/19/20,Purchase,Purchased 30 Units Of -30.00 30.00 First Am Govt Ob Fd Cl X Trade Date 2/19/20,0.00
02/20/20,Sale,"Sold 34,701.99 Units Of 34,701.99 -34,701.99 First Am Govt Ob Fd Cl X Trade Date 2/20/20 Transfer From Another Account",0.00
02/21/20,Purchase,"Purchased 32,148.61 Units Of -32,148.61 32,148.61 First Am Govt Ob Fd Cl X Trade Date 2/21/20 Transfer From Another Account",0.00
02/24/20,Purchase,"Purchased 41,749.82 Units Of -41,749.82 41,749.82 First Am Govt Ob Fd Cl X Trade Date 2/24/20 Infineon Technologies A G 0.27 EUR/Share On 6,000 Shares Due 2/25/20 Received 1,620.00 EUR Valued At 0.922157 EUR For 1,756.75 USD 21880 00- -A -UC-UZ -001-04",0.00
02/25/20,Sale,"Sold 1,192.72 Units Of 1,293.40 -1,293.40 Euro Trade Date 2/25/20 Value Date 2/25/20 Book Value 1,192.72 EUR Traded At 0.922157 EUR To 1 USD Valued At 0.922157 EUR For 1,293.40 USD Net Proceeds 1,293.40 USD Repatriating Infineon Technologies A G Transfer To Income Infineon Technologies A G Repatriating Infineon Technologies A G Transfer From Principal Infineon Technologies A G Repatriating Infineon Technologies A G Transfer From Another Account","2,586.80"
02/25/20,Purchase,"Purchased 15,950.81 Units Of -15,950.81 15,950.81 First Am Govt Ob Fd Cl X Trade Date 2/25/20 1,192.72 Euro 99999EUR3 21880 00- -A -UC-UZ -001-04","2,586.80"
02/26/20,Purchase,"Purchased 3,167.94 Units Of -3,167.94 3,167.94 First Am Govt Ob Fd Cl X Trade Date 2/26/20",0.00
02/26/20,Sale,"Sold 143,713.39 Units Of 143,713.39 -143,713.39 First Am Govt Ob Fd Cl X Trade Date 2/26/20","143,713.39"
02/26/20,Purchase,"Purchased 5,600 Shares Of -143,713.39 143,713.39 Af Ab B Shs Net Cost 143,713.39 USD Trade Date 2/14/20 Purchased Through Jpmsgb2l Jp Morgan Sec London Paid 71.82 USD Brokerage Book Value 1,396,161.17 SEK Traded At 9.7148997 SEK To 1 USD Valued At 9.7148997 SEK For 143,713.39 USD 5,600 Shares At 249.1899 SEK Transfer From Another Account",0.00
02/27/20,Purchase,"Purchased 9,513.41 Units Of -9,513.41 9,513.41 First Am Govt Ob Fd Cl X Trade Date 2/27/20 Comture Corp 7.25 JPY/Share On 8,000 Shares Due 2/28/20 Received 58,000 JPY Valued At 109.92 JPY For 527.66 USD 21880 00- -A -UC-UZ -001-04",0.00
02/28/20,Sale,"Sold 49,117.00 Units Of 446.84 -446.84 Yen Trade Date 2/28/20 Value Date 2/28/20 Book Value 49,117 JPY Traded At 109.92 JPY To 1 USD Valued At 109.92 JPY For 446.84 USD Net Proceeds 446.84 USD Repatriating Comture Corp Transfer To Income Comture Corp Repatriating Comture Corp Transfer From Principal Comture Corp Repatriating Comture Corp Transfer From Another Account",893.68
02/28/20,Purchase,"Purchased 16,706 Units Of -16,706.00 16,706.00 First Am Govt Ob Fd Cl X Trade Date 2/28/20 49,117 Yen 99999JPY3 Transfer From Another Account 21880 00- -A -UC-UZ -001-04",893.68
03/02/20,Sale,"Sold 11,432.44 Units Of 11,432.44 -11,432.44 First Am Govt Ob Fd Cl X Trade Date 3/2/20","69,680.47"
03/02/20,Purchase,"Purchased 5,000 Shares Of -69,680.47 69,680.47 Ocado Group Plc Net Cost 69,680.47 USD Trade Date 2/27/20 Purchased Through Crst 784 Jpmorgan Secs Ltd Paid 34.65 USD Brokerage Paid 347.95 USD Misc Fee1 Book Value 54,141.78 GBP Traded At 0.77700079 GBP To 1 USD Valued At 0.77700079 GBP For 69,680.47 USD 5,000 Shares At 10.7689 GBP First Am Govt Ob Fd Cl X Interest From 2/1/20 To 2/29/20 Transfer From Another Account",0.00
03/03/20,Purchase,"Purchased 130,258.85 Units Of -130,258.85 130,258.85 First Am Govt Ob Fd Cl X Trade Date 3/3/20 21880 00- -A -UC-UZ -001-04",0.00
03/04/20,Purchase,"Purchased 90,122.93 Units Of -90,122.93 90,122.93 First Am Govt Ob Fd Cl X Trade Date 3/4/20","-51,779.22"
03/04/20,Purchase,"Purchased 2,000 Shares Of -110,009.00 110,009.00 Taiwan Semiconductor A D R Trade Date 3/2/20 Purchased Through J.P. Morgan Securities LLC Paid 20.00 USD Brokerage 2,000 Shares At 54.9945 USD","-161,788.22"
03/04/20,Sale,"Sold 12,474 Shares Of 161,788.22 -196,481.41 Pva Tepla Ag Net Proceeds 161,788.22 USD Trade Date 3/2/20 Sold Through Jpmsgb2leql Jp Morgan Eq Lndn Paid 80.93 USD Brokerage Sold On The Boerse Frankfurt - Regulierter Book Value 172,405.92 EUR Local Proceeds 144,874.16 EUR Traded At 0.89545555 EUR To 1 USD Valued At 0.910374 EUR For 159,136.97 USD 12,474 Shares At 11.61989973 EUR",0.00
03/05/20,Purchase,"Purchased 17,954.46 Units Of -17,954.46 17,954.46 First Am Govt Ob Fd Cl X Trade Date 3/5/20 21880 00- -A -UC-UZ -001-04","-20,156.45"
03/05/20,Sale,"Sold 1,526 Shares Of 20,156.45 -19,387.50 Pva Tepla Ag Net Proceeds 20,156.45 USD Trade Date 3/3/20 Sold Through Jpmsgb2leql Jp Morgan Eq Lndn Paid 10.09 USD Brokerage Sold On The Boerse Frankfurt - Regulierter Book Value 21,091.18 EUR Local Proceeds 18,145.89 EUR Traded At 0.90025228 EUR To 1 USD Valued At 0.90025228 EUR For 20,156.45 USD 1,526 Shares At 11.8971 EUR",0.00
03/05/20,Purchase,"Purchased 5,000 Shares Of -80,200.94 80,200.94 Frontier Developments Plc Net Cost 62,922.45 GBP Trade Date 3/3/20 Purchased Through Crst 784 Jpmorgan Secs Ltd Paid 31.45 GBP Brokerage Paid 1.00 GBP Misc Fee1 Purchased On The London Stock Exchange Book Value 62,922.45 GBP Valued At 0.78456 GBP For 80,200.94 USD Fed Tax Cost Reduction 80,200.94- USD 5,000 Shares At 12.578 GBP -62,922.45 British Pound 99999GBP3 Lasertec Corp 31 JPY/Share On 3,000 Shares Due 3/6/20 Received 93,000 JPY Valued At 106.6 JPY For 872.42 USD Lasertec Corp Non-USD Taxes 14,243 JPY Valued At 106.6 JPY For 133.61 USD 15.3150000% Foreign Taxes Withheld 21880 00- -A -UC-UZ -001-04","-80,200.94"
03/06/20,Sale,"Sold 78,757.00 Units Of 738.81 -738.81 Yen Trade Date 3/6/20 Value Date 3/6/20 Book Value 78,757 JPY Traded At 106.6 JPY To 1 USD Valued At 106.6 JPY For 738.81 USD Net Proceeds 738.81 USD Repatriating Lasertec Corp Transfer To Income Lasertec Corp Repatriating Lasertec Corp Transfer From Principal Lasertec Corp Repatriating Lasertec Corp Transfer From Another Account","1,477.62"
03/06/20,Purchase,Purchased 738.81 Units Of -738.81 738.81 First Am Govt Ob Fd Cl X Trade Date 3/6/20,"7,516.55"
03/06/20,Sale,"Sold 74,869.47 Units Of 74,869.47 -74,869.47 First Am Govt Ob Fd Cl X Trade Date 3/6/20","82,386.02"
03/06/20,Purchase,"Purchased 3,000 Shares Of -81,647.21 81,647.21 Amplifon Spa Net Cost 81,647.21 USD Trade Date 3/4/20 Purchased Through Jpmsgb2l Jp Morgan Sec London Paid 40.76 USD Brokerage Paid 81.53 USD Misc Fee1 Book Value 73,446.21 EUR Traded At 0.89955566 EUR To 1 USD Valued At 0.89955566 EUR For 81,647.21 USD 3,000 Shares At 24.4454 EUR 21880 00- -A -UC-UZ -001-04",738.81
03/09/20,Sale,"Sold 11,704.72 Units Of 11,704.72 -11,704.72 First Am Govt Ob Fd Cl X Trade Date 3/9/20 Transfer From Another Account",0.00
03/10/20,Purchase,"Purchased 28,329.77 Units Of -28,329.77 28,329.77 First Am Govt Ob Fd Cl X Trade Date 3/10/20",0.00
03/11/20,Purchase,Purchased 60 Units Of -60.00 60.00 First Am Govt Ob Fd Cl X Trade Date 3/11/20,"-49,685.82"
03/11/20,Sale,"Sold 201,590.76 Units Of 201,590.76 -201,590.76 First Am Govt Ob Fd Cl X Trade Date 3/11/20","151,904.94"
03/11/20,Sale,"Sold 1,143.25 Units Of 1,143.25 -1,143.25 First Am Govt Ob Fd Cl X Trade Date 3/11/20","153,048.19"
03/11/20,Sale,Sold 30 Units Of 30.00 -30.00 First Am Govt Ob Fd Cl X Trade Date 3/11/20,"153,078.19"
03/11/20,Purchase,"Purchased 7,000 Shares Of -153,078.19 153,078.19 Japan Elevator Ser Net Cost 153,078.19 USD Trade Date 3/5/20 Purchased Through Jpmsgb2l Jp Morgan Sec London Paid 76.50 USD Brokerage Book Value 16,364,977 JPY Traded At 106.90600012 JPY To 1 USD Valued At 106.90600012 JPY For 153,078.19 USD 7,000 Shares At 2,336.68557143 JPY",0.00
03/12/20,Sale,"Sold 82,747.41 Units Of 82,747.41 -82,747.41 First Am Govt Ob Fd Cl X Trade Date 3/12/20","80,100.00"
03/12/20,Purchase,"Purchased 20,000 Shares Of -80,100.00 80,100.00 Blackberry Ltd Trade Date 3/10/20 Purchased Through J.P. Morgan Securities LLC Paid 200.00 USD Brokerage 20,000 Shares At 3.995 USD 21880 00- -A -UC-UZ -001-04",0.00
03/13/20,Sale,"Sold 19,054.00 Units Of 181.12 -181.12 Yen Trade Date 3/13/20 Value Date 3/13/20 Book Value 19,054 JPY Traded At 105.2 JPY To 1 USD Valued At 105.2 JPY For 181.12 USD Net Proceeds 181.12 USD Repatriating Rakuten Inc Transfer To Income Rakuten Inc Repatriating Rakuten Inc Transfer From Principal Rakuten Inc Repatriating Rakuten Inc Transfer From Another Account",362.24
03/13/20,Purchase,"Purchased 126,347.96 Units Of -126,347.96 126,347.96 First Am Govt Ob Fd Cl X Trade Date 3/13/20 21880 00- -A -UC-UZ -001-04","-110,650.19"
03/13/20,Purchase,Purchased 181.12 Units Of -181.12 181.12 First Am Govt Ob Fd Cl X Trade Date 3/13/20,"-110,831.31"
03/13/20,Sale,"Sold 3,000 Shares Of 90,285.39 -137,527.65 First Derivatives Plc Net Proceeds 90,285.39 USD Trade Date 3/11/20 Sold Through Crst 784 Jpmorgan Secs Ltd Paid 45.17 USD Brokerage Paid 1.29 USD Misc Fee1 Sold On The London Stock Exchange Book Value 107,116.07 GBP Local Proceeds 70,115.32 GBP Traded At 0.77659652 GBP To 1 USD 3,000 Shares At 23.3838 GBP","-20,545.92"
03/13/20,Sale,"Sold 8,000 Shares Of 20,727.04 -95,306.15 Aston Martin Lagonda Global Net Proceeds 20,727.04 USD Trade Date 3/11/20 Sold Through Crst 784 Jpmorgan Secs Ltd Paid 10.37 USD Brokerage Paid 1.29 USD Misc Fee1 Sold On The London Stock Exchange Book Value 75,528.10 GBP Local Proceeds 16,096.56 GBP Traded At 0.77659666 GBP To 1 USD 8,000 Shares At 2.01320064 GBP 19,054 Yen 99999JPY3 Transfer From Another Account",181.12
03/16/20,Purchase,"Purchased 257,863.17 Units Of -257,863.17 257,863.17 First Am Govt Ob Fd Cl X Trade Date 3/16/20 21880 00- -A -UC-UZ -001-04","-59,349.59"
03/16/20,Sale,"Sold 155,000 Shares Of 59,349.59 -126,745.65 Iqe Plc Net Proceeds 59,349.59 USD Trade Date 3/12/20 Sold Through Crst 784 Jpmorgan Secs Ltd Paid 29.69 USD Brokerage Paid 1.25 USD Misc Fee1 Book Value 100,030.49 GBP Local Proceeds 47,343.32 GBP Traded At 0.79770256 GBP To 1 USD Valued At 0.79770256 GBP For 59,349.59 USD 155,000 Shares At 0.3056 GBP",0.00
03/17/20,Sale,"Reversal- 5,000 Shares Of 80,200.94 -80,200.94 Frontier Developments Plc Net Proceeds 62,922.45 GBP Trade Date 3/3/20 Sold Through Crst 784 Jpmorgan Secs Ltd Paid 31.45- GBP Brokerage Paid 1.00- GBP Misc Fee1 Sold On The London Stock Exchange Book Value 62,922.45 GBP Valued At 0.78456 GBP For 80,200.94 USD Fed Tax Cost Of Proceeds 5,000 Shares At 12.578 GBP Rev Due To Wrong Amount (GBP) Ams Ag Rt 3/30/20 Valued At 1.00 CHF For 0.00 USD Market Value Of 5,535.31 USD Ca Rights Distribution Bpf0548 Exdt 3/16/20 Transfer From Another Account","80,200.94"
03/17/20,Purchase,"Purchased 476,671.42 Units Of -476,671.42 476,671.42 First Am Govt Ob Fd Cl X Trade Date 3/17/20 21880 00- -A -UC-UZ -001-04","80,200.94"
03/17/20,Purchase,"Purchased 5,000 Shares Of -102,499.21 102,499.21 Frontier Developments Plc Net Cost 80,416.78 GBP Trade Date 3/3/20 Purchased Through Crst 784 Jpmorgan Secs Ltd Paid 40.47 GBP Brokerage Paid 1.00 GBP Misc Fee1 Purchased On The London Stock Exchange Book Value 80,416.78 GBP Valued At 0.78456 GBP For 102,499.21 USD Fed Tax Cost Reduction 102,499.21- USD 5,000 Shares At 16.075062 GBP 62,922.45 British Pound 99999GBP3 -80,416.78 British Pound 99999GBP3 Transfer From Another Account","-22,298.27"
03/18/20,Sale,"Sold 218,228.96 Units Of 218,228.96 -218,228.96 First Am Govt Ob Fd Cl X Trade Date 3/18/20","269,185.96"
03/18/20,Sale,Sold 315.58 Units Of 315.58 -315.58 First Am Govt Ob Fd Cl X Trade Date 3/18/20 21880 00- -A -UC-UZ -001-04,"269,501.54"
03/18/20,Sale,"Sold 45,883.12 Units Of 45,883.12 -45,883.12 First Am Govt Ob Fd Cl X Trade Date 3/18/20","315,384.66"
03/18/20,Sale,Sold 315.58 Units Of 315.58 -315.58 First Am Govt Ob Fd Cl X Trade Date 3/18/20,"315,700.24"
03/18/20,Purchase,Purchased 315.58 Units Of -315.58 315.58 First Am Govt Ob Fd Cl X Trade Date 3/18/20,"315,384.66"
03/18/20,Purchase,"Purchased 200 Shares Of -97,155.70 97,155.70 Eurofins Scientific Net Cost 97,155.70 USD Trade Date 3/16/20 Purchased Through Jpmsgb2l Jp Morgan Sec London Paid 48.55 USD Brokerage Book Value 86,925.44 EUR Traded At 0.89470242 EUR To 1 USD Valued At 0.89470242 EUR For 97,155.70 USD 200 Shares At 434.41 EUR","218,228.96"
03/18/20,Purchase,"Purchased 300 Shares Of -98,004.00 98,004.00 Shopify Inc A Trade Date 3/16/20 Purchased Through J.P. Morgan Securities LLC Paid 3.00 USD Brokerage 300 Shares At 326.67 USD","120,224.96"
03/18/20,Purchase,"Purchased 1,000 Shares Of -120,224.96 120,224.96 Dassault Systemes Sa Net Cost 120,224.96 USD Trade Date 3/16/20 Purchased Through Jpmsgb2l Jp Morgan Sec London Paid 59.91 USD Brokerage Paid 359.42 USD Misc Fee1 Purchased On The NYSE Euronext - Euronext Paris Book Value 107,565.56 EUR Traded At 0.89470248 EUR To 1 USD Valued At 0.89470248 EUR For 120,224.96 USD 1,000 Shares At 107.1903944 EUR 21880 00- -A -UC-UZ -001-04",0.00
03/19/20,Sale,"Sold 387,241.42 Units Of 387,241.42 -387,241.42 First Am Govt Ob Fd Cl X Trade Date 3/19/20","410,999.87"
03/19/20,Purchase,"Purchased 450 Shares Of -85,172.60 85,172.60 Alk Abello A S Net Cost 85,172.60 USD Trade Date 3/17/20 Purchased Through Jpmsgb2l Jp Morgan Sec London Paid 42.57 USD Brokerage Book Value 579,327.02 DKK Traded At 6.80180034 DKK To 1 USD Valued At 6.80180034 DKK For 85,172.60 USD 450 Shares At 1,286.75 DKK","325,827.27"
03/19/20,Purchase,"Purchased 750 Shares Of -58,822.05 58,822.05 Orpea Net Cost 58,822.05 USD Trade Date 3/17/20 Purchased Through Jpmsgb2l Jp Morgan Sec London Paid 29.31 USD Brokerage Paid 175.85 USD Misc Fee1 Book Value 53,537.38 EUR Traded At 0.91015835 EUR To 1 USD Valued At 0.91015835 EUR For 58,822.05 USD 750 Shares At 71.1342 EUR","267,005.22"
03/19/20,Purchase,"Purchased 4,000 Shares Of -58,487.97 58,487.97 Asos Plc Net Cost 58,487.97 USD Trade Date 3/17/20 Purchased Through Crst 784 Jpmorgan Secs Ltd Paid 29.23 USD Brokerage Paid 1.21 USD Misc Fee1 Book Value 48,345.16 GBP Traded At 0.82658297 GBP To 1 USD Valued At 0.82658297 GBP For 58,487.97 USD 4,000 Shares At 12.08 GBP 21880 00- -A -UC-UZ -001-04","208,517.25"
03/19/20,Purchase,"Purchased 150 Shares Of -47,243.25 47,243.25 Shopify Inc A Trade Date 3/17/20 Purchased Through J.P. Morgan Securities LLC Paid 1.50 USD Brokerage 150 Shares At 314.945 USD","161,274.00"
03/19/20,Purchase,"Purchased 300 Shares Of -68,916.00 68,916.00 Asml Holding Nv Ny Reg Shs Trade Date 3/17/20 Purchased Through J.P. Morgan Securities LLC Paid 3.00 USD Brokerage 300 Shares At 229.71 USD","92,358.00"
03/19/20,Purchase,"Purchased 30,000 Shares Of -92,358.00 92,358.00 Blackberry Ltd Trade Date 3/17/20 Purchased Through J.P. Morgan Securities LLC Paid 300.00 USD Brokerage 30,000 Shares At 3.0686 USD Rakuten Inc A D R 0.042011 USD/Share On 10,000 Shares Due 3/20/20 10.0000000% Foreign Taxes Withheld Non-USD Taxes Rakuten Inc A D R Adr Paying Agent Fee Rakuten Inc A D R Adr Fee Of 0.001751 Per Share Due 03/20/20 Transfer From Another Account",0.00
03/20/20,Purchase,"Purchased 53,299.28 Units Of -53,299.28 53,299.28 First Am Govt Ob Fd Cl X Trade Date 3/20/20 21880 00- -A -UC-UZ -001-04",360.59
03/23/20,Sale,"Sold 16,937.00 Units Of 152.67 -152.67 Yen Trade Date 3/23/20 Value Date 3/23/20 Book Value 16,937 JPY Traded At 110.94 JPY To 1 USD Valued At 110.94 JPY For 152.67 USD Net Proceeds 152.67 USD Repatriating Thk Co Ltd Transfer To Income Thk Co Ltd Repatriating Thk Co Ltd Transfer From Principal Thk Co Ltd Repatriating Thk Co Ltd",665.93
03/23/20,Purchase,"Purchased 212,398.62 Units Of -212,398.62 212,398.62 First Am Govt Ob Fd Cl X Trade Date 3/23/20","-270,725.75"
03/23/20,Sale,"Sold 212,398.62 Units Of 212,398.62 -212,398.62 First Am Govt Ob Fd Cl X Trade Date 3/23/20","-58,327.13"
03/23/20,Sale,"Sold 212,398.62 Units Of 212,398.62 -212,398.62 First Am Govt Ob Fd Cl X Trade Date 3/23/20","154,071.49"
03/23/20,Purchase,"Purchased 10,000 Shares Of -64,560.35 64,560.35 Future Plc Net Cost 64,560.35 USD Trade Date 3/19/20 Purchased Through Crst 784 Jpmorgan Secs Ltd Paid 32.10 USD Brokerage Paid 322.35 USD Misc Fee1 Purchased On The London Stock Exchange Book Value 55,582.16 GBP Traded At 0.86093337 GBP To 1 USD Valued At 0.86093337 GBP For 64,560.35 USD 10,000 Shares At 5.5277 GBP","89,511.14"
03/23/20,Purchase,"Purchased 2,000 Shares Of -89,205.80 89,205.80 Taiwan Semiconductor A D R Trade Date 3/19/20 Purchased Through J.P. Morgan Securities LLC Paid 20.00 USD Brokerage 2,000 Shares At 44.5929 USD 16,937 Yen 99999JPY3",305.34
03/24/20,Sale,"Sold 96,341.3 Units Of 96,341.30 -96,341.30 First Am Govt Ob Fd Cl X Trade Date 3/24/20","67,186.74"
03/24/20,Purchase,"Purchased 15,000 Shares Of -67,186.74 67,186.74 Dustin Group Ab Net Cost 67,186.74 USD Trade Date 3/20/20 Purchased Through Jpmsgb2l Jp Morgan Sec London Paid 33.58 USD Brokerage Book Value 693,441.05 SEK Traded At 10.32109982 SEK To 1 USD Valued At 10.32109982 SEK For 67,186.74 USD 15,000 Shares At 46.2063 SEK",0.00
03/24/20,Purchase,"Purchased 5,000 Shares Of -80,416.78 80,416.78 Frontier Developments Plc Net Cost 80,416.78 USD Trade Date 3/3/20 Purchased Through Crst 784 Jpmorgan Secs Ltd Paid 40.47 USD Brokerage Paid 0.99 USD Misc Fee1 Purchased On The London Stock Exchange Book Value 63,091.78 GBP Traded At 0.78456 GBP To 1 USD Valued At 0.78456 GBP For 80,416.78 USD 5,000 Shares At 12.61185064 GBP Stmicroelectronics N V 0.06 USD/Share On 10,000 Shares Due 3/24/20 15.0000000% Foreign Taxes Withheld Non-USD Taxes Stmicroelectronics N V Transfer From Another Account","-80,416.78"
03/25/20,Purchase,"Purchased 70,154.88 Units Of -70,154.88 70,154.88 First Am Govt Ob Fd Cl X Trade Date 3/25/20 21880 00- -A -UC-UZ -001-04","-140,233.26"
03/25/20,Purchase,"Purchased 9,828.4 Units Of -9,828.40 9,828.40 First Am Govt Ob Fd Cl X Trade Date 3/25/20","-150,061.66"
03/25/20,Sale,"Sold 79,983.28 Units Of 79,983.28 -79,983.28 First Am Govt Ob Fd Cl X Trade Date 3/24/20","-70,078.38"
03/25/20,Sale,"Sold 70,154.88 Units Of 70,154.88 -70,154.88 First Am Govt Ob Fd Cl X Trade Date 3/25/20 Transfer From Another Account",76.50
03/26/20,Purchase,"Purchased 25,325.73 Units Of -25,325.73 25,325.73 First Am Govt Ob Fd Cl X Trade Date 3/26/20 Monotaro Co Ltd First Section 7.5 JPY/Share On 4,500 Shares Due 3/27/20 Received 33,750 JPY Valued At 109.82 JPY For 307.32 USD Monotaro Co Ltd First Section Non-USD Taxes 5,169 JPY Valued At 109.82 JPY For 47.07 USD 15.3150000% Foreign Taxes Withheld",0.00
03/27/20,Sale,"Sold 28,581.00 Units Of 260.25 -260.25 Yen Trade Date 3/27/20 Value Date 3/27/20 Book Value 28,581 JPY Traded At 109.82 JPY To 1 USD Valued At 109.82 JPY For 260.25 USD Net Proceeds 260.25 USD Repatriating Monotaro Co Ltd First Section 21880 00- -A -UC-UZ -001-04",520.50
03/27/20,Purchase,"Purchased 95,375.9 Units Of -95,375.90 95,375.90 First Am Govt Ob Fd Cl X Trade Date 3/27/20 28,581 Yen 99999JPY3 Transfer From Another Account National Security Net Redemption",520.50
03/30/20,Purchase,"Purchased 83,855.63 Units Of -83,855.63 83,855.63 First Am Govt Ob Fd Cl X Trade Date 3/30/20","-37,806.84"
03/30/20,Purchase,"Purchased 15,000 Shares Of -62,139.50 62,139.50 Biocartis Nv Net Cost 62,139.50 USD Trade Date 3/26/20 Purchased Through Jpmsgb2l Jp Morgan Sec London Paid 31.06 USD Brokerage Book Value 56,278.13 EUR Traded At 0.90567401 EUR To 1 USD Valued At 0.90567401 EUR For 62,139.50 USD 15,000 Shares At 3.75 EUR 21880 00- -A -UC-UZ -001-04","-99,946.34"
03/30/20,Sale,"Sold 10,000 Shares Of 99,946.34 -148,049.91 Ushio Inc Net Proceeds 99,946.34 USD Trade Date 3/26/20 Sold Through Jpmsgb2l Jp Morgan Sec London Paid 49.99 USD Brokerage Book Value 15,993,092 JPY Local Proceeds 10,917,339 JPY Traded At 109.23200389 JPY To 1 USD Valued At 109.23200389 JPY For 99,946.34 USD 10,000 Shares At 1,092.28 JPY Transfer From Another Account",0.00
03/31/20,Purchase,"Purchased 88,989.16 Units Of -88,989.16 88,989.16 First Am Govt Ob Fd Cl X Trade Date 3/31/20 Nidec Corp Due 3/31/20 2,600 Additional Shares Received Ca Ex Dt 3/30/20 Transfer From Another Account",0.00
04/01/20,Purchase,"Purchased 67,798.12 Units Of -67,798.12 67,798.12 First Am Govt Ob Fd Cl X Trade Date 4/1/20 21880 00- -A -UC-UZ -001-04",0.00
04/02/20,Purchase,"Purchased 4,679.01 Units Of -4,679.01 4,679.01 First Am Govt Ob Fd Cl X Trade Date 4/2/20",0.00
04/03/20,Sale,"Reversal- 5,000 Shares Of 80,416.78 -80,416.78 Frontier Developments Plc Net Proceeds 80,416.78 USD Trade Date 3/3/20 Sold Through Crst 784 Jpmorgan Secs Ltd Paid 40.47- USD Brokerage Paid 0.99- USD Misc Fee1 Sold On The London Stock Exchange Book Value 63,091.78 GBP Local Proceeds 63,091.78 GBP Traded At 0.78456 GBP To 1 USD 5,000 Shares At 12.61185064 GBP Rev Due To Duplicate/Cancelled Transfer From Another Account","80,416.78"
04/03/20,Purchase,"Purchased 80,416.78 Units Of -80,416.78 80,416.78 First Am Govt Ob Fd Cl X Trade Date 4/3/20 21880 00- -A -UC-UZ -001-04","2,426.27"
04/03/20,Purchase,"Purchased 2,426.27 Units Of -2,426.27 2,426.27 First Am Govt Ob Fd Cl X Trade Date 4/3/20 Ams Ag Rt 3/30/20 Pay From Acct On Corp Action Valued At 1.00 CHF For 0.00 USD Market Value Of 240.00 USD Ca Rights Exercise Bjp50b3",0.00
04/06/20,Purchase,"Purchased 82,800.00 Units Of -84,853.45 84,853.45 Swiss Franc Trade Date 4/3/20 Value Date 4/6/20 Book Value 82,800.00 CHF Traded At 0.97580004 CHF To 1 USD Valued At 0.97580004 CHF For 84,853.45 USD Net Cost 84,853.45 USD 82,800 Units At 1 CHF Ca Rights Exercise Bjp50b3","-84,853.45"
04/06/20,Purchase,"Purchased 9,000 Shares Of -84,697.22 84,697.22 Ams Ag Net Cost 82,800.00 CHF Trade Date 4/6/20 Purchased Through Global Corporate Actions Book Value 82,800.00 CHF Valued At 0.9776 CHF For 84,697.22 USD Fed Tax Cost Reduction 84,853.45- USD Fed ST Currency Loss Of 156.23- USD 9,000 Shares At 9.2 CHF Ca Rights Exercise Bjp50b3","-169,550.67"
04/06/20,Sale,"Sold 116,385.34 Units Of 116,385.34 -116,385.34 First Am Govt Ob Fd Cl X Trade Date 4/6/20 21880 00- -A -UC-UZ -001-04","-53,996.02"
04/06/20,Sale,"Sold 84,853.45 Units Of 84,853.45 -84,853.45 First Am Govt Ob Fd Cl X Trade Date 4/6/20","30,857.43"
04/06/20,Purchase,"Purchased 1,000 Shares Of -115,554.65 115,554.65 Dassault Systemes Sa Net Cost 115,554.65 USD Trade Date 4/2/20 Purchased Through Jpmsgb2l Jp Morgan Sec London Paid 57.58 USD Brokerage Paid 345.45 USD Misc Fee1 Purchased On The NYSE Euronext - Euronext Paris Book Value 125,558.22 EUR Traded At 1.08657003 EUR To 1 USD Valued At 1.08657003 EUR For 115,554.65 USD 1,000 Shares At 125.1203 EUR -82,800.00 Swiss Franc 99999CHF8","-84,697.22"
04/07/20,Sale,"Sold 150,509.76 Units Of 150,509.76 -150,509.76 First Am Govt Ob Fd Cl X Trade Date 4/7/20",0.00
04/08/20,Sale,"Reversal- 5,000 Shares Of 102,499.21 -102,499.21 Frontier Developments Plc Net Proceeds 80,416.78 GBP Trade Date 3/3/20 Sold Through Crst 784 Jpmorgan Secs Ltd Paid 40.47- GBP Brokerage Paid 1.00- GBP Misc Fee1 Sold On The London Stock Exchange Book Value 80,416.78 GBP Valued At 0.78456 GBP For 102,499.21 USD Fed Tax Cost Of Proceeds 5,000 Shares At 16.075062 GBP Rev Due To Trade Settled In The Market Vs USD 21880 00- -A -UC-UZ -001-04","102,499.21"
04/08/20,Sale,"Sold 80,416.71 Units Of 80,416.71 -80,416.71 First Am Govt Ob Fd Cl X Trade Date 4/8/20","175,708.25"
04/08/20,Sale,"Sold 166,837.55 Units Of 166,837.55 -166,837.55 First Am Govt Ob Fd Cl X Trade Date 4/8/20","342,545.80"
04/08/20,Purchase,"Purchased 10,000 Shares Of -94,468.61 94,468.61 Asos Plc Net Cost 94,468.61 USD Trade Date 4/6/20 Purchased Through Crst 784 Jpmorgan Secs Ltd Paid 47.21 USD Brokerage Paid 0.81 USD Misc Fee1 Book Value 116,134.05 GBP Traded At 1.22933999 GBP To 1 USD Valued At 1.22933999 GBP For 94,468.61 USD 10,000 Shares At 11.60750071 GBP","248,077.19"
04/08/20,Purchase,"Purchased 5,000 Shares Of -65,161.27 65,161.27 Infineon Technologies A G Net Cost 65,161.27 USD Trade Date 4/6/20 Purchased Through Jpmsgb2leql Jp Morgan Eq Lndn Paid 32.56 USD Brokerage Book Value 70,374.17 EUR Traded At 1.07999998 EUR To 1 USD Valued At 1.07999998 EUR For 65,161.27 USD Reversed By Trx 2 Batch Ca000076 On 4/27/20 5,000 Shares At 14.0678 EUR 21880 00- -A -UC-UZ -001-04","182,915.92"
04/08/20,Purchase,"Purchased 5,000 Shares Of -80,416.78 80,416.78 Frontier Developments Plc Net Cost 80,416.78 USD Trade Date 3/3/20 Purchased Through Crst 784 Jpmorgan Secs Ltd Paid 40.47 USD Brokerage Paid 0.99 USD Misc Fee1 Purchased On The London Stock Exchange Book Value 63,091.78 GBP Traded At 0.78456 GBP To 1 USD Valued At 0.78456 GBP For 80,416.78 USD 5,000 Shares At 12.61185064 GBP 80,416.78 British Pound 99999GBP3","102,499.14"
04/09/20,Sale,"Sold 4,335.1 Units Of 4,335.10 -4,335.10 First Am Govt Ob Fd Cl X Trade Date 4/9/20",0.00
04/10/20,Sale,"Reversal- 10,000 Shares Of 94,468.61 -94,468.61 Asos Plc Net Proceeds 94,468.61 USD Trade Date 4/6/20 Sold Through Crst 784 Jpmorgan Secs Ltd Paid 47.21- USD Brokerage Paid 0.81- USD Misc Fee1 Book Value 116,134.05 GBP Local Proceeds 116,134.05 GBP Traded At 1.22933999 GBP To 1 USD Valued At 1.22933999 GBP For 94,468.61 USD 10,000 Shares At 11.60750071 GBP 21880 00- -A -UC-UZ -001-04","94,468.61"
04/10/20,Purchase,"Purchased 10,000 Shares Of -142,768.22 142,768.22 Asos Plc Net Cost 142,768.22 USD Trade Date 4/6/20 Purchased Through Crst 784 Jpmorgan Secs Ltd Paid 71.35 USD Brokerage Paid 1.23 USD Misc Fee1 Book Value 116,459.89 GBP Traded At 0.815727 GBP To 1 USD Valued At 0.815727 GBP For 142,768.22 USD 10,000 Shares At 11.64006863 GBP Transfer From Another Account","-48,299.61"
04/13/20,Purchase,"Purchased 174,057.87 Units Of -174,057.87 174,057.87 First Am Govt Ob Fd Cl X Trade Date 4/13/20","-124,695.24"
04/13/20,Sale,"Sold 7,000 Shares Of 124,695.24 -131,691.80 Materialise Nv A D R Trade Date 4/8/20 Sold Through J.P. Morgan Securities LLC Paid 70.00 USD Brokerage Paid 2.76 USD Sec Fee 7,000 Shares At 17.824 USD Transfer From Another Account 21880 00- -A -UC-UZ -001-04",0.00
04/14/20,Purchase,"Purchased 19,494.12 Units Of -19,494.12 19,494.12 First Am Govt Ob Fd Cl X Trade Date 4/14/20",0.00
04/15/20,Sale,"Sold 264,485.1 Units Of 264,485.10 -264,485.10 First Am Govt Ob Fd Cl X Trade Date 4/15/20 Taiwan Semiconductor A D R 0.415752 USD/Share On 6,000 Shares Due 4/16/20 21.0000000% Foreign Taxes Withheld 21880 00- -A -UC-UZ -001-04","-72,066.02"
04/16/20,Purchase,"Purchased 1,000 Shares Of -131,584.92 131,584.92 Diasorin Spa Net Cost 131,584.92 USD Trade Date 4/14/20 Purchased Through Jpmsgb2l Jp Morgan Sec London Paid 65.69 USD Brokerage Paid 131.38 USD Misc Fee1 Book Value 144,199.98 EUR Traded At 1.09587003 EUR To 1 USD Valued At 1.09587003 EUR For 131,584.92 USD 1,000 Shares At 143.98400688 EUR Transfer From Another Account","-202,080.98"
04/17/20,Purchase,"Purchased 51,446.77 Units Of -51,446.77 51,446.77 First Am Govt Ob Fd Cl X Trade Date 4/17/20 21880 00- -A -UC-UZ -001-04","-237,669.14"
04/17/20,Sale,"Sold 8,000 Shares Of 237,669.14 -314,892.00 Baozun Inc Spon A D R Trade Date 4/15/20 Sold Through J.P. Morgan Securities LLC Paid 80.00 USD Brokerage Paid 5.26 USD Sec Fee 8,000 Shares At 29.7193 USD Transfer From Another Account",0.00
04/20/20,Purchase,"Purchased 157,819.88 Units Of -157,819.88 157,819.88 First Am Govt Ob Fd Cl X Trade Date 4/20/20","-151,184.88"
04/20/20,Sale,"Sold 5,000 Shares Of 151,184.88 -234,546.05 Asos Plc Net Proceeds 151,184.88 USD Trade Date 4/16/20 Sold Through Crst 784 Jpmorgan Secs Ltd Paid 75.63 USD Brokerage Paid 1.25 USD Misc Fee1 Book Value 93,070.20 GBP Local Proceeds 120,945.00 GBP Traded At 0.79998079 GBP To 1 USD Valued At 0.79998079 GBP For 151,184.88 USD 5,000 Shares At 24.2013 GBP",0.00
04/21/20,Sale,"Sold 125,816.96 Units Of 125,816.96 -125,816.96 First Am Govt Ob Fd Cl X Trade Date 4/21/20 21880 00- -A -UC-UZ -001-04","136,260.48"
04/21/20,Purchase,"Purchased 2,300 Shares Of -136,200.48 136,200.48 Ryanair Holdings Plc Sp A D R Trade Date 4/17/20 Purchased Through J.P. Morgan Securities LLC Paid 23.00 USD Brokerage 2,300 Shares At 59.2076 USD Transfer From Another Account",60.00
04/22/20,Purchase,"Purchased 3,564.57 Units Of -3,564.57 3,564.57 First Am Govt Ob Fd Cl X Trade Date 4/22/20",0.00
04/23/20,Sale,"Sold 5,484.27 Units Of 5,484.27 -5,484.27 First Am Govt Ob Fd Cl X Trade Date 4/23/20",0.00
04/24/20,Sale,"Reversal- 1,000 Shares Of 115,554.65 -115,554.65 Dassault Systemes Sa Net Proceeds 115,554.65 USD Trade Date 4/2/20 Sold Through Jpmsgb2l Jp Morgan Sec London Paid 57.58- USD Brokerage Paid 345.45- USD Misc Fee1 Sold On The NYSE Euronext - Euronext Paris Book Value 125,558.22 EUR Local Proceeds 125,558.22 EUR Traded At 1.08657003 EUR To 1 USD 1,000 Shares At 125.1203 EUR","115,554.65"
04/24/20,Purchase,"Purchased 75,891.49 Units Of -75,891.49 75,891.49 First Am Govt Ob Fd Cl X Trade Date 4/24/20 21880 00- -A -UC-UZ -001-04","39,663.16"
04/24/20,Sale,"Sold 3,000 Shares Of 75,891.49 -148,823.43 Hugo Boss Ag Net Proceeds 75,891.49 USD Trade Date 4/22/20 Sold Through Jpmsgb2leql Jp Morgan Eq Lndn Paid 37.97 USD Brokerage Book Value 134,829.48 EUR Local Proceeds 69,879.74 EUR Traded At 0.92078493 EUR To 1 USD Valued At 0.92078493 EUR For 75,891.49 USD 3,000 Shares At 23.3049 EUR","115,554.65"
04/24/20,Purchase,"Purchased 1,000 Shares Of -136,427.80 161,935.51 Dassault Systemes Sa Net Cost 136,427.80 USD Trade Date 4/2/20 Purchased Through Jpmsgb2l Jp Morgan Sec London Paid 57.58 USD Brokerage Paid 410.04 USD Misc Fee1 Purchased On The NYSE Euronext - Euronext Paris Book Value 148,238.36 EUR Traded At 1.08657003 EUR To 1 USD Valued At 0.915416 EUR For 161,935.51 USD 1,000 Shares At 147.80043898 EUR","-20,873.15"
04/27/20,Sale,"Reversal- 5,000 Shares Of 65,161.27 -65,161.27 Infineon Technologies A G Net Proceeds 65,161.27 USD Trade Date 4/6/20 Sold Through Jpmsgb2leql Jp Morgan Eq Lndn Paid 32.56- USD Brokerage Book Value 70,374.17 EUR Local Proceeds 70,374.17 EUR Traded At 1.07999998 EUR To 1 USD Valued At 1.07999998 EUR For 65,161.27 USD 5,000 Shares At 14.0678 EUR 21880 00- -A -UC-UZ -001-04","44,288.12"
04/27/20,Sale,"Reversal- 1,000 Shares Of 131,584.92 -131,584.92 Diasorin Spa Net Proceeds 131,584.92 USD Trade Date 4/14/20 Sold Through Jpmsgb2l Jp Morgan Sec London Paid 65.69- USD Brokerage Paid 131.38- USD Misc Fee1 Book Value 144,199.98 EUR Local Proceeds 144,199.98 EUR Traded At 1.09587003 EUR To 1 USD Valued At 1.09587003 EUR For 131,584.92 USD 1,000 Shares At 143.98400688 EUR","175,873.04"
04/27/20,Sale,"Sold 88,808.9 Units Of 88,808.90 -88,808.90 First Am Govt Ob Fd Cl X Trade Date 4/27/20","196,746.19"
04/27/20,Sale,"Sold 37,282.22 Units Of 37,282.22 -37,282.22 First Am Govt Ob Fd Cl X Trade Date 4/27/20","234,028.41"
04/27/20,Purchase,"Purchased 5,000 Shares Of -76,004.10 76,004.10 Infineon Technologies A G Net Cost 76,004.10 USD Trade Date 4/6/20 Purchased Through Jpmsgb2leql Jp Morgan Eq Lndn Paid 32.56 USD Brokerage Book Value 70,383.97 EUR Traded At 0.926055 EUR To 1 USD Valued At 0.926055 EUR For 76,004.10 USD 5,000 Shares At 14.07076489 EUR 21880 00- -A -UC-UZ -001-04","158,024.31"
04/27/20,Purchase,"Purchased 1,000 Shares Of -158,024.31 158,024.31 Diasorin Spa Net Cost 158,024.31 USD Trade Date 4/14/20 Purchased Through Jpmsgb2l Jp Morgan Sec London Paid 65.69 USD Brokerage Paid 131.38 USD Misc Fee1 Book Value 144,969.76 EUR Traded At 0.917389 EUR To 1 USD Valued At 0.917389 EUR For 158,024.31 USD 1,000 Shares At 144.78897388 EUR",0.00
04/28/20,Sale,Sold 133.78 Units Of 133.78 -133.78 First Am Govt Ob Fd Cl X Trade Date 4/28/20 Transfer From Another Account,0.00
04/29/20,Purchase,"Purchased 117,501.64 Units Of -117,501.64 117,501.64 First Am Govt Ob Fd Cl X Trade Date 4/29/20","-106,749.24"
04/29/20,Sale,"Sold 2,000 Shares Of 106,749.24 -110,009.00 Taiwan Semiconductor A D R Trade Date 4/27/20 Sold Through J.P. Morgan Securities LLC Paid 20.00 USD Brokerage Paid 2.36 USD Sec Fee 2,000 Shares At 53.3858 USD Transfer From Another Account",0.00
04/30/20,Purchase,Purchased 167.72 Units Of -167.72 167.72 First Am Govt Ob Fd Cl X Trade Date 4/30/20 21880 00- -A -UC-UZ -001-04,"6,331.82"
04/30/20,Purchase,"Purchased 324,027.47 Units Of -324,027.47 324,027.47 First Am Govt Ob Fd Cl X Trade Date 4/30/20","-317,695.65"
04/30/20,Sale,"Sold 750 Shares Of 81,351.08 -39,175.60 Solaredge Technologies Inc Trade Date 4/28/20 Sold Through J.P. Morgan Securities LLC Paid 7.50 USD Brokerage Paid 1.80 USD Sec Fee 750 Shares At 108.4805 USD","-236,344.57"
04/30/20,Sale,"Sold 1,250 Shares Of 133,219.13 -143,204.90 Orpea Net Proceeds 133,219.13 USD Trade Date 4/28/20 Sold Through Jpmsgb2l Jp Morgan Sec London Paid 66.64 USD Brokerage Book Value 112,686.78 EUR Local Proceeds 122,555.57 EUR Traded At 0.91995474 EUR To 1 USD Valued At 0.09199557 EUR For 1,332,189.89 USD 1,250 Shares At 98.093504 EUR","-103,125.44"
04/30/20,Sale,"Sold 1,937 Shares Of 15,634.03 -36,014.90 Ion Beam Applications Net Proceeds 15,634.03 USD Trade Date 4/28/20 Sold Through Jpmsgb2l Jp Morgan Sec London Paid 7.82 USD Brokerage Book Value 30,365.76 EUR Local Proceeds 14,406.59 EUR Traded At 0.92148921 EUR To 1 USD Valued At 0.92148921 EUR For 15,634.03 USD 1,937 Shares At 7.44130098 EUR","-87,491.41"
04/30/20,Sale,"Sold 300 Shares Of 87,491.41 -91,088.04 Asml Holding Nv Ny Reg Shs Trade Date 4/28/20 Sold Through J.P. Morgan Securities LLC Paid 3.00 USD Brokerage Paid 1.94 USD Sec Fee 300 Shares At 291.6545 USD 21880 00- -A -UC-UZ -001-04",0.00
05/01/20,Purchase,"Purchased 47,177.73 Units Of -47,177.73 47,177.73 First Am Govt Ob Fd Cl X Trade Date 5/1/20 First Am Govt Ob Fd Cl X Interest From 4/1/20 To 4/30/20",0.00
05/04/20,Sale,"Sold 29,145.75 Units Of 29,145.75 -29,145.75 First Am Govt Ob Fd Cl X Trade Date 5/4/20 Transfer From Another Account",0.00
05/05/20,Purchase,"Purchased 133,919.95 Units Of -133,919.95 133,919.95 First Am Govt Ob Fd Cl X Trade Date 5/5/20","-99,449.42"
05/05/20,Sale,"Sold 1,100 Units Of 1,100.00 -1,100.00 First Am Govt Ob Fd Cl X Trade Date 5/5/20 21880 00- -A -UC-UZ -001-04","-98,349.42"
05/05/20,Sale,"Sold 1,000 Shares Of 98,349.42 -152,755.26 Wirecard Ag Net Proceeds 98,349.42 USD Trade Date 4/30/20 Sold Through Jpmsgb2leql Jp Morgan Eq Lndn Paid 49.20 USD Brokerage Book Value 128,439.44 EUR Local Proceeds 90,673.04 EUR Traded At 0.92194789 EUR To 1 USD Valued At 0.92194789 EUR For 98,349.42 USD 1,000 Shares At 90.7184 EUR Asml Holding Nv Ny Reg Shs 1.45773 USD/Share On 1,200 Shares Due 5/6/20 15.0000000% Foreign Taxes Withheld Non-USD Taxes Asml Holding Nv Ny Reg Shs",0.00
05/06/20,Purchase,"Purchased 87,921.21 Units Of -87,921.21 87,921.21 First Am Govt Ob Fd Cl X Trade Date 5/6/20","-93,547.42"
05/06/20,Purchase,"Purchased 1,486.89 Units Of -1,486.89 1,486.89 First Am Govt Ob Fd Cl X Trade Date 5/6/20","-95,034.31"
05/06/20,Sale,"Sold 1,000 Shares Of 95,034.31 -129,089.61 Wirecard Ag Net Proceeds 95,034.31 USD Trade Date 5/4/20 Sold Through Jpmsgb2leql Jp Morgan Eq Lndn Paid 47.54 USD Brokerage Book Value 128,439.44 EUR Local Proceeds 86,974.39 EUR Traded At 0.91518937 EUR To 1 USD Valued At 0.91518937 EUR For 95,034.31 USD 1,000 Shares At 87.0179 EUR 21880 00- -A -UC-UZ -001-04",0.00
05/07/20,Sale,"Sold 1,736.00 Units Of 1,873.35 -1,873.35 Euro Trade Date 5/6/20 Value Date 5/7/20 Book Value 1,736.00 EUR Traded At 0.926681 EUR To 1 USD Valued At 0.926681 EUR For 1,873.35 USD Net Proceeds 1,873.35 USD Repatriating Ucb Sa Transfer To Income Ucb Sa Repatriating Ucb Sa Transfer From Principal Ucb Sa Repatriating Ucb Sa","3,746.70"
05/07/20,Purchase,"Purchased 1,873.35 Units Of -1,873.35 1,873.35 First Am Govt Ob Fd Cl X Trade Date 5/7/20","-71,544.26"
05/07/20,Sale,"Sold 73,417.61 Units Of 73,417.61 -73,417.61 First Am Govt Ob Fd Cl X Trade Date 5/7/20 1,736.00 Euro 99999EUR3","1,873.35"
05/08/20,Purchase,"Purchased 56,162.04 Units Of -56,162.04 56,162.04 First Am Govt Ob Fd Cl X Trade Date 5/8/20","-67,290.55"
05/08/20,Purchase,"Purchased 10,000 Shares Of -81,304.72 81,484.16 Raysearch Laboratories Ab Net Cost 81,304.72 USD Trade Date 5/6/20 Purchased Through Jpmsgb2l Jp Morgan Sec London Paid 40.63 USD Brokerage Book Value 801,217.41 SEK Traded At 9.8545 SEK To 1 USD Valued At 9.8328 SEK For 81,484.16 USD 10,000 Shares At 80.0817 SEK","-148,595.27"
05/08/20,Sale,"Sold 220 Shares Of 148,595.27 -71,869.60 Shopify Inc A Trade Date 5/6/20 Sold Through J.P. Morgan Securities LLC Paid 2.20 USD Brokerage Paid 3.29 USD Sec Fee 220 Shares At 675.458 USD 21880 00- -A -UC-UZ -001-04",0.00
05/11/20,Sale,"Sold 111,270.03 Units Of 111,270.03 -111,270.03 First Am Govt Ob Fd Cl X Trade Date 5/11/20",0.00
05/12/20,Sale,"Sold 14,027.49 Units Of 14,027.49 -14,027.49 First Am Govt Ob Fd Cl X Trade Date 5/12/20",0.00
05/13/20,Sale,Sold 294.55 Units Of 294.55 -294.55 First Am Govt Ob Fd Cl X Trade Date 5/13/20,0.00
05/14/20,Sale,"Sold 2,157.17 Units Of 2,157.17 -2,157.17 First Am Govt Ob Fd Cl X Trade Date 5/14/20 21880 00- -A -UC-UZ -001-04",0.00
05/15/20,Sale,"Sold 1,023.75 Units Of 1,049.60 -1,049.60 Swiss Franc Trade Date 5/14/20 Value Date 5/15/20 Book Value 1,023.75 CHF Traded At 0.975374 CHF To 1 USD Valued At 0.975374 CHF For 1,049.60 USD Net Proceeds 1,049.60 USD Repatriating Interroll Holding Ag Transfer To Income Interroll Holding Ag Repatriating Interroll Holding Ag Transfer From Principal Interroll Holding Ag Repatriating Interroll Holding Ag Capital Counties Properties Plc 0.01 GBP/Share On 50,000 Shares Due 5/14/20 Received 500.00 GBP Valued At 0.823259 GBP For 607.34 USD 21880 00- -A -UC-UZ -001-04","2,099.20"
05/15/20,Sale,Sold 500.00 Units Of 607.34 -607.34 British Pound Trade Date 5/14/20 Value Date 5/15/20 Book Value 500.00 GBP Traded At 0.823259 GBP To 1 USD Valued At 0.823259 GBP For 607.34 USD Net Proceeds 607.34 USD Repatriating Capital Counties Properties Plc Transfer To Income Capital Counties Properties Plc Repatriating Capital Counties Properties Plc Transfer From Principal Capital Counties Properties Plc Repatriating Capital Counties Properties Plc Transfer From Another Account,"3,313.88"
05/15/20,Sale,"Sold 414.77 Units Of 414.77 -414.77 First Am Govt Ob Fd Cl X Trade Date 5/15/20 1,023.75 Swiss Franc 99999CHF8 21880 00- -A -UC-UZ -001-04","3,313.88"
05/18/20,Purchase,"Purchased 12,415.15 Units Of -12,415.15 12,415.15 First Am Govt Ob Fd Cl X Trade Date 5/18/20 Transfer From Another Account",0.00
05/19/20,Purchase,"Purchased 1,578.12 Units Of -1,578.12 1,578.12 First Am Govt Ob Fd Cl X Trade Date 5/19/20 Transfer From Another Account",0.00
05/20/20,Sale,"Sold 288,046.25 Units Of 288,046.25 -288,046.25 First Am Govt Ob Fd Cl X Trade Date 5/20/20","297,466.44"
05/20/20,Purchase,"Purchased 2,000 Shares Of -210,332.40 210,332.40 Grupo Aeroportuario Sure Spon A D R Trade Date 5/18/20 Purchased Through J.P. Morgan Securities LLC Paid 20.00 USD Brokerage 2,000 Shares At 105.1562 USD 21880 00- -A -UC-UZ -001-04","87,134.04"
05/20/20,Purchase,"Purchased 50,000 Shares Of -87,134.04 87,134.04 Capital Counties Properties Plc Net Cost 87,134.04 USD Trade Date 5/18/20 Purchased Through Crst 784 Jpmorgan Secs Ltd Paid 43.32 USD Brokerage Paid 434.71 USD Misc Fee1 Book Value 71,638.02 GBP Traded At 0.82215883 GBP To 1 USD Valued At 0.82215883 GBP For 87,134.04 USD 50,000 Shares At 1.4249 GBP Transfer From Another Account",0.00
05/21/20,Purchase,"Purchased 63,931.75 Units Of -63,931.75 63,931.75 First Am Govt Ob Fd Cl X Trade Date 5/21/20",0.00
05/21/20,Purchase,"Purchased 10,000 Shares Of -94,886.40 94,848.31 Rakuten Inc Net Cost 94,886.40 USD Trade Date 5/14/20 Purchased Through Jpmsgb2l Jp Morgan Sec London Paid 47.42 USD Brokerage Book Value 10,159,677 JPY Traded At 107.07200399 JPY To 1 USD Valued At 107.115 JPY For 94,848.31 USD 10,000 Shares At 1,015.46 JPY","-94,886.40"
05/22/20,Sale,"Sold 264,599.58 Units Of 264,599.58 -264,599.58 First Am Govt Ob Fd Cl X Trade Date 5/22/20","-345,415.68"
05/22/20,Sale,"Sold 94,886.4 Units Of 94,886.40 -94,886.40 First Am Govt Ob Fd Cl X Trade Date 5/21/20 21880 00- -A -UC-UZ -001-04","-250,529.28"
05/22/20,Sale,"Sold 3,113 Shares Of 25,517.25 -57,880.42 Ion Beam Applications Net Proceeds 25,517.25 USD Trade Date 5/20/20 Sold Through Jpmsgb2l Jp Morgan Sec London Paid 12.76 USD Brokerage Book Value 48,801.55 EUR Local Proceeds 23,236.58 EUR Traded At 0.91062242 EUR To 1 USD Valued At 0.91062242 EUR For 25,517.25 USD 3,113 Shares At 7.4681 EUR Lumibird Rt 6/09/20 Valued At 1.00 EUR For 0.00 USD Market Value Of 1.20 USD Ca Rights Distribution 5336324 Exdt 5/25/20","-225,012.03"
05/26/20,Purchase,"Purchased 30,000 Shares Of -98,141.08 98,525.12 Tobii Ab Net Cost 98,141.08 USD Trade Date 5/22/20 Purchased Through Jpmsgb2l Jp Morgan Sec London Paid 49.05 USD Brokerage Book Value 949,230.38 SEK Traded At 9.6721004 SEK To 1 USD Valued At 9.6344 SEK For 98,525.12 USD 30,000 Shares At 31.6252 SEK 21880 00- -A -UC-UZ -001-04","-325,637.41"
05/26/20,Sale,"Sold 2,336 Shares Of 18,185.48 -39,252.42 Ion Beam Applications Net Proceeds 18,185.48 USD Trade Date 5/22/20 Sold Through Jpmsgb2l Jp Morgan Sec London Paid 9.10 USD Brokerage Book Value 36,620.75 EUR Local Proceeds 16,670.93 EUR Traded At 0.91671652 EUR To 1 USD Valued At 0.913951 EUR For 18,240.51 USD 2,336 Shares At 7.14009846 EUR","-307,451.93"
05/26/20,Sale,"Sold 700 Shares Of 109,029.00 -113,354.86 Dassault Systemes Sa Net Proceeds 109,029.00 USD Trade Date 5/22/20 Sold Through Jpmsgb2l Jp Morgan Sec London Paid 54.54 USD Brokerage Sold On The NYSE Euronext - Euronext Paris Book Value 89,531.37 EUR Local Proceeds 100,055.06 EUR Traded At 0.91769217 EUR To 1 USD Valued At 0.913951 EUR For 109,475.30 USD 700 Shares At 143.0073 EUR","-198,422.93"
05/27/20,Purchase,"Purchased 47,576.08 Units Of -47,576.08 47,576.08 First Am Govt Ob Fd Cl X Trade Date 5/27/20 21880 00- -A -UC-UZ -001-04","-263,312.86"
05/27/20,Sale,"Sold 5,000 Shares Of 171,300.17 -91,063.04 Asos Plc Net Proceeds 171,300.17 USD Trade Date 5/22/20 Sold Through Crst 784 Jpmorgan Secs Ltd Paid 85.70 USD Brokerage Paid 1.22 USD Misc Fee1 Book Value 93,070.20 GBP Local Proceeds 140,581.67 GBP Traded At 0.82067443 GBP To 1 USD Valued At 0.818666 GBP For 171,720.42 USD 5,000 Shares At 28.1306 GBP","-92,012.69"
05/27/20,Sale,"Sold 3,000 Shares Of 92,012.69 -94,526.18 Askul Corp Npv Net Proceeds 92,012.69 USD Trade Date 5/25/20 Sold Through Jpmsgb2l Jp Morgan Sec London Paid 46.02 USD Brokerage Book Value 10,438,508 JPY Local Proceeds 9,910,043 JPY Traded At 107.7030027 JPY To 1 USD Valued At 107.475 JPY For 92,207.89 USD 3,000 Shares At 3,305 JPY Transfer From Another Account",0.00
05/28/20,Purchase,"Purchased 200,185.11 Units Of -200,185.11 200,185.11 First Am Govt Ob Fd Cl X Trade Date 5/28/20",0.00
05/28/20,Sale,"Sold 2,614 Shares Of 20,963.66 -40,716.81 Ion Beam Applications Net Proceeds 20,963.66 USD Trade Date 5/21/20 Sold Through Jpmsgb2l Jp Morgan Sec London Paid 10.49 USD Brokerage Book Value 40,978.88 EUR Local Proceeds 19,134.06 EUR Traded At 0.91272516 EUR To 1 USD Valued At 0.91272516 EUR For 20,963.66 USD 2,614 Shares At 7.3235 EUR 21880 00- -A -UC-UZ -001-04","20,963.66"
05/29/20,Purchase,"Purchased 215,917.73 Units Of -215,917.73 215,917.73 First Am Govt Ob Fd Cl X Trade Date 5/29/20","-206,309.68"
05/29/20,Sale,Sold 516.11 Units Of 516.11 -516.11 First Am Govt Ob Fd Cl X Trade Date 5/29/20,"-205,793.57"
05/29/20,Sale,"Sold 10,000 Shares Of 205,793.57 -230,315.14 Af Ab B Shs Net Proceeds 205,793.57 USD Trade Date 5/27/20 Sold Through Jpmsgb2l Jp Morgan Sec London Paid 102.95 USD Brokerage Book Value 2,176,416.52 SEK Local Proceeds 1,985,578.71 SEK Traded At 9.64840014 SEK To 1 USD Valued At 9.62805 SEK For 206,228.54 USD 10,000 Shares At 198.6572 SEK",0.00
06/01/20,Purchase,"Purchased 163,624.04 Units Of -163,624.04 163,624.04 First Am Govt Ob Fd Cl X Trade Date 6/1/20","-163,624.04"
06/01/20,Sale,"Sold 2,000 Shares Of 163,624.04 -60,228.66 Lasertec Corp Net Proceeds 163,624.04 USD Trade Date 5/28/20 Sold Through Jpmsgb2l Jp Morgan Sec London Paid 81.85 USD Brokerage Book Value 5,194,929 JPY Local Proceeds 17,629,181 JPY Traded At 107.74199805 JPY To 1 USD Valued At 107.74199805 JPY For 163,624.04 USD 2,000 Shares At 8,819 JPY 21880 00- -A -UC-UZ -001-04",0.00
06/02/20,Sale,"Sold 138,883.00 Units Of 1,289.18 -1,289.18 Yen Trade Date 6/2/20 Value Date 6/2/20 Book Value 138,883 JPY Traded At 107.73 JPY To 1 USD Valued At 107.73 JPY For 1,289.18 USD Net Proceeds 1,289.18 USD Repatriating Advantest Corp Ord(Jp) Transfer To Income Advantest Corp Ord(Jp) Repatriating Advantest Corp Ord(Jp) Transfer From Principal Advantest Corp Ord(Jp) Repatriating Advantest Corp Ord(Jp) Dassault Systemes Sa 0.70 EUR/Share On 1,300 Shares Due 6/2/20 Received 910.00 EUR Valued At 0.896553 EUR For 1,015.00 USD 21880 00- -A -UC-UZ -001-04","2,630.53"
06/02/20,Sale,Sold 655.20 Units Of 730.79 -730.80 Euro Trade Date 6/2/20 Value Date 6/2/20 Book Value 655.20 EUR Traded At 0.896553 EUR To 1 USD Valued At 0.896553 EUR For 730.79 USD Net Proceeds 730.79 USD Repatriating Dassault Systemes Sa Transfer To Income Dassault Systemes Sa Repatriating Dassault Systemes Sa Transfer From Principal Dassault Systemes Sa Repatriating Dassault Systemes Sa Transfer From Another Account,"4,092.12"
06/02/20,Purchase,"Purchased 707,831.44 Units Of -707,831.44 707,831.44 First Am Govt Ob Fd Cl X Trade Date 6/2/20 21880 00- -A -UC-UZ -001-04","-201,835.45"
06/02/20,Sale,"Sold 2,000 Shares Of 205,144.61 -245,139.17 Capgemini Net Proceeds 205,144.61 USD Trade Date 5/29/20 Sold Through Jpmsgb2l Jp Morgan Sec London Paid 102.63 USD Brokerage Book Value 219,786.85 EUR Local Proceeds 184,419.54 EUR Traded At 0.89897336 EUR To 1 USD Valued At 0.904527 EUR For 203,885.06 USD 2,000 Shares At 92.2559 EUR 138,883 Yen 99999JPY3 655.20 Euro 99999EUR3 Transfer From Another Account","3,309.16"
06/03/20,Purchase,"Purchased 160,289.67 Units Of -160,289.67 160,289.67 First Am Govt Ob Fd Cl X Trade Date 6/3/20 Nidec Corp 60 JPY/Share On 2,600 Shares Due 6/1/20 Received 156,000 JPY Valued At 108.66 JPY For 1,435.67 USD Nidec Corp Non-USD Taxes 23,891 JPY Valued At 108.66 JPY For 219.87 USD 15.3150000% Foreign Taxes Withheld 21880 00- -A -UC-UZ -001-04",0.00
06/04/20,Sale,"Sold 132,109.00 Units Of 1,215.80 -1,215.80 Yen Trade Date 6/1/20 Value Date 6/4/20 Book Value 132,109 JPY Traded At 108.66 JPY To 1 USD Valued At 108.66 JPY For 1,215.80 USD Net Proceeds 1,215.80 USD Repatriating Nidec Corp Transfer To Income Nidec Corp Repatriating Nidec Corp Transfer From Principal Nidec Corp Repatriating Nidec Corp Transfer From Another Account","2,431.60"
06/04/20,Purchase,"Purchased 123,017.64 Units Of -123,017.64 123,017.64 First Am Govt Ob Fd Cl X Trade Date 6/4/20 21880 00- -A -UC-UZ -001-04","25,941.92"
06/04/20,Purchase,"Purchased 5,000 Shares Of -23,510.32 23,510.32 Accesso Technology Group Plc Net Cost 23,510.32 USD Trade Date 6/2/20 Purchased Through Crst 784 Jpmorgan Secs Ltd Paid 11.75 USD Brokerage Paid 1.25 USD Misc Fee1 Purchased On The London Stock Exchange Book Value 18,760.39 GBP Traded At 0.79796362 GBP To 1 USD Valued At 0.79796362 GBP For 23,510.32 USD 5,000 Shares At 3.75000129 GBP 132,109 Yen 99999JPY3 Yahoo Japan Corporation 8.86 JPY/Share On 60,000 Shares Due 6/5/20 Received 531,600 JPY Valued At 109.11 JPY For 4,872.15 USD Yahoo Japan Corporation Non-USD Taxes 81,415 JPY Valued At 109.11 JPY For 746.18 USD 15.3150000% Foreign Taxes Withheld","2,431.60"
06/05/20,Sale,"Sold 450,185.00 Units Of 4,125.97 -4,125.97 Yen Trade Date 6/5/20 Value Date 6/5/20 Book Value 450,185 JPY Traded At 109.11 JPY To 1 USD Valued At 109.11 JPY For 4,125.97 USD Net Proceeds 4,125.97 USD Repatriating Yahoo Japan Corporation Transfer To Income Yahoo Japan Corporation Repatriating Yahoo Japan Corporation 21880 00- -A -UC-UZ -001-04","9,467.74"
06/05/20,Purchase,"Purchased 4,125.97 Units Of -4,125.97 4,125.97 First Am Govt Ob Fd Cl X Trade Date 6/5/20","-79,362.56"
06/05/20,Sale,"Sold 715,881.87 Units Of 715,881.87 -715,881.87 First Am Govt Ob Fd Cl X Trade Date 6/5/20","636,519.31"
06/05/20,Purchase,"Purchased 25,000 Shares Of -118,499.08 118,499.08 Accesso Technology Group Plc Net Cost 118,499.08 USD Trade Date 6/3/20 Purchased Through Crst 784 Jpmorgan Secs Ltd Paid 59.22 USD Brokerage Paid 1.26 USD Misc Fee1 Purchased On The London Stock Exchange Book Value 94,248.10 GBP Traded At 0.79534879 GBP To 1 USD Valued At 0.79534879 GBP For 118,499.08 USD 25,000 Shares At 3.768 GBP","518,020.23"
06/05/20,Purchase,"Purchased 2,000 Shares Of -156,574.00 156,574.00 Ryanair Holdings Plc Sp A D R Trade Date 6/3/20 Purchased Through J.P. Morgan Securities LLC Paid 20.00 USD Brokerage 2,000 Shares At 78.277 USD 21880 00- -A -UC-UZ -001-04","361,446.23"
06/05/20,Purchase,"Purchased 5,000 Shares Of -142,652.72 142,609.37 Thk Co Ltd Net Cost 142,652.72 USD Trade Date 6/3/20 Purchased Through Jpmsgb2l Jp Morgan Sec London Paid 71.28 USD Brokerage Book Value 15,485,238 JPY Traded At 108.55199956 JPY To 1 USD Valued At 108.585 JPY For 142,609.37 USD 5,000 Shares At 3,095.5 JPY","218,793.51"
06/05/20,Purchase,"Purchased 10,000 Shares Of -103,153.41 103,153.41 Slm Solutions Group Ag Net Cost 103,153.41 USD Trade Date 6/3/20 Purchased Through Jpmsgb2leql Jp Morgan Eq Lndn Paid 51.55 USD Brokerage Book Value 91,740.85 EUR Traded At 0.88936323 EUR To 1 USD Valued At 0.88936323 EUR For 103,153.41 USD 10,000 Shares At 9.1695 EUR","115,640.10"
06/05/20,Purchase,"Purchased 50,000 Shares Of -111,514.13 111,514.13 Capital Counties Properties Plc Net Cost 111,514.13 USD Trade Date 6/3/20 Purchased Through Crst 784 Jpmorgan Secs Ltd Paid 55.45 USD Brokerage Paid 556.05 USD Misc Fee1 Book Value 88,646.10 GBP Traded At 0.79493155 GBP To 1 USD Valued At 0.79493155 GBP For 111,514.13 USD 50,000 Shares At 1.7632 GBP 450,185 Yen 99999JPY3","4,125.97"
06/08/20,Sale,"Sold 83,037.04 Units Of 83,037.04 -83,037.04 First Am Govt Ob Fd Cl X Trade Date 6/8/20","170,429.29"
06/08/20,Purchase,"Purchased 80 Shares Of -170,429.29 170,429.29 Interroll Holding Ag Net Cost 170,429.29 USD Trade Date 6/4/20 Purchased Through Jpmsgb2l Jp Morgan Sec London Paid 85.18 USD Brokerage Book Value 163,414.42 CHF Traded At 0.95884 CHF To 1 USD Valued At 0.95884 CHF For 170,429.29 USD 80 Shares At 2,041.659375 CHF Transfer From Another Account",0.00
06/09/20,Sale,"Sold 348,718.84 Units Of 348,718.84 -348,718.84 First Am Govt Ob Fd Cl X Trade Date 6/9/20","378,648.70"
06/09/20,Purchase,"Purchased 299,030 Shares Of -172,638.00 172,638.00 Iqe Plc Net Cost 172,638.00 USD Trade Date 6/5/20 Purchased Through Crst 784 Jpmorgan Secs Ltd Paid 86.27 USD Brokerage Paid 1.27 USD Misc Fee1 Book Value 135,858.41 GBP Traded At 0.78695542 GBP To 1 USD Valued At 0.78695542 GBP For 172,638.00 USD 299,030 Shares At 0.4541 GBP","206,010.70"
06/09/20,Purchase,"Purchased 30,000 Shares Of -206,010.70 206,010.70 Autogrill S P A Net Cost 206,010.70 USD Trade Date 6/5/20 Purchased Through Jpmsgb2l Jp Morgan Sec London Paid 102.85 USD Brokerage Paid 205.70 USD Misc Fee1 Book Value 182,195.88 EUR Traded At 0.88440008 EUR To 1 USD Valued At 0.88440008 EUR For 206,010.70 USD 30,000 Shares At 6.0641 EUR Transfer From Another Account",0.00
06/10/20,Purchase,"Purchased 100,220.24 Units Of -100,220.24 100,220.24 First Am Govt Ob Fd Cl X Trade Date 6/10/20 Transfer From Another Account",0.00
06/11/20,Purchase,"Purchased 23,761.37 Units Of -23,761.37 23,761.37 First Am Govt Ob Fd Cl X Trade Date 6/11/20 21880 00- -A -UC-UZ -001-04",0.00
06/12/20,Purchase,"Purchased 1,366.67 Units Of -1,366.67 1,366.67 First Am Govt Ob Fd Cl X Trade Date 6/12/20 Keyence Corp 100 JPY/Share On 200 Shares Due 6/15/20 Received 20,000 JPY Valued At 107.47 JPY For 186.10 USD Keyence Corp Non-USD Taxes 3,063 JPY Valued At 107.47 JPY For 28.50 USD 15.3150000% Foreign Taxes Withheld",0.00
06/15/20,Sale,"Sold 16,937.00 Units Of 157.60 -157.60 Yen Trade Date 6/15/20 Value Date 6/15/20 Book Value 16,937 JPY Traded At 107.47 JPY To 1 USD Valued At 107.47 JPY For 157.60 USD Net Proceeds 157.60 USD Repatriating Keyence Corp Transfer To Income Keyence Corp Repatriating Keyence Corp Transfer From Principal Keyence Corp Repatriating Keyence Corp",315.20
06/15/20,Sale,"Sold 249,352.94 Units Of 249,352.94 -249,352.94 First Am Govt Ob Fd Cl X Trade Date 6/15/20","155,418.45"
06/15/20,Purchase,"Purchased 1,000 Shares Of -114,893.05 114,529.86 Orpea Net Cost 114,893.05 USD Trade Date 6/11/20 Purchased Through Jpmsgb2l Jp Morgan Sec London Paid 57.25 USD Brokerage Paid 342.39 USD Misc Fee1 Book Value 100,889.58 EUR Traded At 0.87811734 EUR To 1 USD Valued At 0.880902 EUR For 114,529.86 USD 1,000 Shares At 100.5377 EUR","40,525.40"
06/15/20,Purchase,"Purchased 10,000 Shares Of -40,210.20 40,210.20 Accesso Technology Group Plc Net Cost 40,210.20 USD Trade Date 6/11/20 Purchased Through Crst 784 Jpmorgan Secs Ltd Paid 20.10 USD Brokerage Paid 1.27 USD Misc Fee1 Purchased On The London Stock Exchange Book Value 31,766.88 GBP Traded At 0.79002044 GBP To 1 USD Valued At 0.79002044 GBP For 40,210.20 USD 10,000 Shares At 3.175 GBP 16,937 Yen 99999JPY3 Keyence Corp 100 JPY/Share On 300 Shares Due 6/15/20 Received 30,000 JPY Valued At 107.4 JPY For 279.33 USD Keyence Corp Non-USD Taxes 4,595 JPY Valued At 107.4 JPY For 42.78 USD 15.3150000% Foreign Taxes Withheld 21880 00- -A -UC-UZ -001-04",315.20
06/16/20,Sale,"Sold 25,405.00 Units Of 236.55 -236.55 Yen Trade Date 6/15/20 Value Date 6/16/20 Book Value 25,405 JPY Traded At 107.4 JPY To 1 USD Valued At 107.4 JPY For 236.55 USD Net Proceeds 236.55 USD Repatriating Keyence Corp Transfer To Income Keyence Corp Repatriating Keyence Corp Transfer From Principal Keyence Corp Repatriating Keyence Corp",630.70
06/16/20,Sale,"Sold 13,155.65 Units Of 13,155.65 -13,155.65 First Am Govt Ob Fd Cl X Trade Date 6/16/20 21880 00- -A -UC-UZ -001-04",473.10
06/17/20,Sale,Sold 703.00 Units Of 789.52 -789.52 Euro Trade Date 6/17/20 Value Date 6/17/20 Book Value 703.00 EUR Traded At 0.890412 EUR To 1 USD Valued At 0.890412 EUR For 789.52 USD Net Proceeds 789.52 USD Repatriating Diasorin Spa Transfer To Income Diasorin Spa Repatriating Diasorin Spa Transfer From Principal Diasorin Spa Repatriating Diasorin Spa,"1,815.59"
06/17/20,Purchase,Purchased 789.52 Units Of -789.52 789.52 First Am Govt Ob Fd Cl X Trade Date 6/17/20 21880 00- -A -UC-UZ -001-04,"-1,074.81"
06/17/20,Sale,"Sold 97,555.56 Units Of 97,555.56 -97,555.56 First Am Govt Ob Fd Cl X Trade Date 6/17/20","96,480.75"
06/17/20,Sale,"Sold 2,100.88 Units Of 2,100.88 -2,100.88 First Am Govt Ob Fd Cl X Trade Date 6/17/20","98,581.63"
06/17/20,Purchase,"Purchased 2,000 Shares Of -97,792.11 97,792.11 Umicore Net Cost 97,792.11 USD Trade Date 6/15/20 Purchased Through Jpmsgb2l Jp Morgan Sec London Paid 48.87 USD Brokerage Book Value 86,744.35 EUR Traded At 0.8870281 EUR To 1 USD Valued At 0.8870281 EUR For 97,792.11 USD 2,000 Shares At 43.3505 EUR 703.00 Euro 99999EUR3 Transfer From Another Account",789.52
06/18/20,Purchase,"Purchased 19,450.71 Units Of -19,450.71 19,450.71 First Am Govt Ob Fd Cl X Trade Date 6/18/20",0.00
06/19/20,Purchase,"Purchased 18,828.00 Units Of -21,196.56 21,196.56 Euro Trade Date 6/18/20 Value Date 6/18/20 Book Value 18,828.00 EUR Traded At 0.8882572 EUR To 1 USD Valued At 0.8882572 EUR For 21,196.56 USD Net Cost 21,196.56 USD 18,828 Units At 1 EUR Ca Rights Exercise Sedol Bmh21t8 21880 00- -A -UC-UZ -001-04","-21,196.56"
06/19/20,Purchase,"Purchased 2,092 Shares Of -21,196.56 21,196.56 Lumibird Net Cost 18,828.00 EUR Trade Date 6/18/20 Purchased Through Global Corporate Actions Purchased On The NYSE Euronext - Euronext Paris Book Value 18,828.00 EUR Valued At 0.8882572 EUR For 21,196.56 USD Fed Tax Cost Reduction 21,196.56- USD 2,092 Shares At 9 EUR Ca Rights Exercise Sedol Bmh21t8 Lumibird Rt 6/09/20 Pay From Acct On Corp Action Valued At 0.889878 EUR For 0.00 USD Market Value Of 4,944.50 USD Ca Rights Exercise Sedol Bmh21t8","-42,393.12"
06/19/20,Sale,"Sold 21,196.56 Units Of 21,196.56 -21,196.56 First Am Govt Ob Fd Cl X Trade Date 6/19/20","-22,416.11"
06/19/20,Sale,"Sold 85,623.12 Units Of 85,623.12 -85,623.12 First Am Govt Ob Fd Cl X Trade Date 6/19/20","63,207.01"
06/19/20,Purchase,"Purchased 20,000 Shares Of -84,403.57 84,403.57 Ds Smith Plc Net Cost 84,403.57 USD Trade Date 6/17/20 Purchased Through Crst 784 Jpmorgan Secs Ltd Paid 41.97 USD Brokerage Paid 421.17 USD Misc Fee1 Book Value 67,273.14 GBP Traded At 0.7970414 GBP To 1 USD Valued At 0.7970414 GBP For 84,403.57 USD 20,000 Shares At 3.3452 GBP 21880 00- -A -UC-UZ -001-04","-21,196.56"
06/22/20,Purchase,"Purchased 5,095.16 Units Of -5,095.16 5,095.16 First Am Govt Ob Fd Cl X Trade Date 6/22/20",0.00
06/23/20,Purchase,"Purchased 98,167.66 Units Of -98,167.66 98,167.66 First Am Govt Ob Fd Cl X Trade Date 6/23/20","-145,903.77"
06/23/20,Sale,"Sold 400 Shares Of 145,903.77 -89,457.40 Asml Holding Nv Ny Reg Shs Trade Date 6/19/20 Sold Through J.P. Morgan Securities LLC Paid 4.00 USD Brokerage Paid 3.23 USD Sec Fee 400 Shares At 364.7775 USD Comture Corp 7.25 JPY/Share On 12,000 Shares Due 6/24/20 Received 87,000 JPY Valued At 106.67 JPY For 815.60 USD Comture Corp Non-USD Taxes 13,324 JPY Valued At 106.67 JPY For 124.91 USD 15.3150000% Foreign Taxes Withheld 21880 00- -A -UC-UZ -001-04",0.00
06/24/20,Sale,"Sold 73,676.00 Units Of 690.69 -690.69 Yen Trade Date 6/24/20 Value Date 6/24/20 Book Value 73,676 JPY Traded At 106.67 JPY To 1 USD Valued At 106.67 JPY For 690.69 USD Net Proceeds 690.69 USD Repatriating Comture Corp Transfer To Income Comture Corp Repatriating Comture Corp Transfer From Principal Comture Corp Repatriating Comture Corp Transfer From Another Account","1,381.38"
06/24/20,Purchase,"Purchased 202,305.06 Units Of -202,305.06 202,305.06 First Am Govt Ob Fd Cl X Trade Date 6/24/20","-156,613.94"
06/24/20,Purchase,Purchased 690.69 Units Of -690.69 690.69 First Am Govt Ob Fd Cl X Trade Date 6/24/20,"-157,304.63"
06/24/20,Purchase,"Purchased 10,000 Shares Of -37,934.14 37,934.14 Accesso Technology Group Plc Net Cost 37,934.14 USD Trade Date 6/22/20 Purchased Through Crst 784 Jpmorgan Secs Ltd Paid 18.96 USD Brokerage Paid 1.24 USD Misc Fee1 Purchased On The London Stock Exchange Book Value 30,516.25 GBP Traded At 0.80445346 GBP To 1 USD Valued At 0.80445346 GBP For 37,934.14 USD 10,000 Shares At 3.05 GBP 21880 00- -A -UC-UZ -001-04","-195,238.77"
06/24/20,Purchase,"Purchased 1,000 Shares Of -70,856.46 70,856.46 Stroeer SE and Co Kgaa Net Cost 70,856.46 USD Trade Date 6/22/20 Purchased Through Jpmsgb2leql Jp Morgan Eq Lndn Paid 35.41 USD Brokerage Book Value 62,956.66 EUR Traded At 0.88850981 EUR To 1 USD Valued At 0.88850981 EUR For 70,856.46 USD 1,000 Shares At 62.9252 EUR","-266,095.23"
06/24/20,Sale,"Sold 20,000 Shares Of 266,785.92 -225,115.56 Mediawan Sa Net Proceeds 266,785.92 USD Trade Date 6/22/20 Sold Through Jpmsgb2l Jp Morgan Sec London Paid 133.46 USD Brokerage Sold On The NYSE Euronext - Euronext Paris Book Value 202,802.46 EUR Local Proceeds 237,881.00 EUR Traded At 0.891655 EUR To 1 USD Valued At 0.891655 EUR For 266,785.92 USD 20,000 Shares At 11.9 EUR 73,676 Yen 99999JPY3 Japan Elevator Ser 18 JPY/Share On 7,000 Shares Due 6/25/20 Received 126,000 JPY Valued At 106.96 JPY For 1,178.01 USD Japan Elevator Ser Non-USD Taxes 19,297 JPY Valued At 106.96 JPY For 180.41 USD 15.3150000% Foreign Taxes Withheld 21880 00- -A -UC-UZ -001-04",690.69
06/25/20,Sale,"Sold 106,703.00 Units Of 997.60 -997.60 Yen Trade Date 6/25/20 Value Date 6/25/20 Book Value 106,703 JPY Traded At 106.96 JPY To 1 USD Valued At 106.96 JPY For 997.60 USD Net Proceeds 997.60 USD Repatriating Japan Elevator Ser Transfer To Income Japan Elevator Ser Repatriating Japan Elevator Ser Transfer From Principal Japan Elevator Ser Repatriating Japan Elevator Ser Transfer From Another Account","1,995.20"
06/25/20,Purchase,Purchased 997.6 Units Of -997.60 997.60 First Am Govt Ob Fd Cl X Trade Date 6/25/20,"32,541.78"
06/25/20,Purchase,"Purchased 31,668.37 Units Of -31,668.37 31,668.37 First Am Govt Ob Fd Cl X Trade Date 6/25/20",873.41
06/25/20,Sale,"Sold 124.19 Units Of 124.19 -124.19 First Am Govt Ob Fd Cl X Trade Date 6/25/20 106,703 Yen 99999JPY3 21880 00- -A -UC-UZ -001-04",997.60
06/26/20,Sale,"Sold 50,811.00 Units Of 473.45 -473.45 Yen Trade Date 6/26/20 Value Date 6/26/20 Book Value 50,811 JPY Traded At 107.32 JPY To 1 USD Valued At 107.32 JPY For 473.45 USD Net Proceeds 473.45 USD Repatriating Jeol Ltd Transfer To Income Jeol Ltd Repatriating Jeol Ltd Transfer From Principal Jeol Ltd Repatriating Jeol Ltd Transfer From Another Account",946.90
06/26/20,Purchase,"Purchased 119,226.76 Units Of -119,226.76 119,226.76 First Am Govt Ob Fd Cl X Trade Date 6/26/20","-117,330.25"
06/26/20,Purchase,"Purchased 1,423.06 Units Of -1,423.06 1,423.06 First Am Govt Ob Fd Cl X Trade Date 6/26/20 21880 00- -A -UC-UZ -001-04","-118,753.31"
06/26/20,Sale,"Sold 130 Shares Of 119,226.76 -41,882.15 Shopify Inc A Trade Date 6/24/20 Sold Through J.P. Morgan Securities LLC Paid 1.30 USD Brokerage Paid 2.64 USD Sec Fee 130 Shares At 917.1592 USD 50,811 Yen 99999JPY3 Disco Corporation 347 JPY/Share On 950 Shares Due 6/29/20 Received 329,650 JPY Valued At 107.26 JPY For 3,073.37 USD Disco Corporation Non-USD Taxes 50,486 JPY Valued At 107.26 JPY For 470.68 USD 15.3150000% Foreign Taxes Withheld",473.45
06/29/20,Sale,"Sold 279,164.00 Units Of 2,602.69 -2,602.69 Yen Trade Date 6/29/20 Value Date 6/29/20 Book Value 279,164 JPY Traded At 107.26 JPY To 1 USD Valued At 107.26 JPY For 2,602.69 USD Net Proceeds 2,602.69 USD Repatriating Disco Corporation Transfer To Income Disco Corporation Repatriating Disco Corporation Transfer From Principal Disco Corporation Repatriating Disco Corporation 21880 00- -A -UC-UZ -001-04","5,205.38"
06/29/20,Sale,"Sold 7,760.91 Units Of 7,760.91 -7,760.91 First Am Govt Ob Fd Cl X Trade Date 6/29/20 279,164 Yen 99999JPY3 Stmicroelectronics N V 0.042 USD/Share On 10,000 Shares Due 6/30/20 15.0000000% Foreign Taxes Withheld Non-USD Taxes Stmicroelectronics N V Slm Solutions Grou Npv Rt 7/10/20 Valued At 1.00 EUR For 0.00 USD Market Value Of 0.00 USD Ca Rights Distribution Bmhthk2 Exdt 6/26/20","5,205.38"
06/30/20,Purchase,Purchased 357 Units Of -357.00 357.00 First Am Govt Ob Fd Cl X Trade Date 6/30/20,"-7,456.58"
06/30/20,Sale,"Sold 7,456.58 Units Of 7,456.58 -7,456.58 First Am Govt Ob Fd Cl X Trade Date 6/30/20 21880 00- -A -UC-UZ -001-04",0.00
07/01/20,Sale,"Sold 2,380.00 Units Of 254.16 -254.16 Swedish Krona Trade Date 6/30/20 Value Date 7/1/20 Book Value 2,380.00 SEK Traded At 9.364055 SEK To 1 USD Valued At 9.364055 SEK For 254.16 USD Net Proceeds 254.16 USD Repatriating Vitec Software Group Ab B Sh Transfer To Income Vitec Software Group Ab B Sh Repatriating Vitec Software Group Ab B Sh Transfer From Principal Vitec Software Group Ab B Sh Repatriating Vitec Software Group Ab B Sh",508.32
07/01/20,Sale,"Sold 147,505.43 Units Of 147,505.43 -147,505.43 First Am Govt Ob Fd Cl X Trade Date 7/1/20 21880 00- -A -UC-UZ -001-04","112,656.12"
07/01/20,Purchase,"Purchased 1,000 Shares Of -112,147.80 112,147.80 Grupo Aeroportuario Sure Spon A D R Trade Date 6/29/20 Purchased Through J.P. Morgan Securities LLC Paid 10.00 USD Brokerage 1,000 Shares At 112.1378 USD First Am Govt Ob Fd Cl X Interest From 6/1/20 To 6/30/20 2,380.00 Swedish Krona 99999SEK5 Transfer From Another Account",508.32
07/02/20,Purchase,"Purchased 7,518.59 Units Of -7,518.59 7,518.59 First Am Govt Ob Fd Cl X Trade Date 7/2/20 Transfer From Another Account",0.00
07/06/20,Purchase,"Purchased 35,995.51 Units Of -35,995.51 35,995.51 First Am Govt Ob Fd Cl X Trade Date 7/6/20 21880 00- -A -UC-UZ -001-04","-7,193.18"
07/06/20,Sale,"Sold 3,989.97 Units Of 3,989.97 -3,989.97 First Am Govt Ob Fd Cl X Trade Date 7/6/20","-3,203.21"
07/06/20,Purchase,"Purchased 6,000 Shares Of -95,586.60 95,586.60 Future Plc Net Cost 95,586.60 USD Trade Date 7/2/20 Purchased Through Crst 784 Jpmorgan Secs Ltd Paid 47.53 USD Brokerage Paid 476.80 USD Misc Fee1 Purchased On The London Stock Exchange Book Value 76,334.33 GBP Traded At 0.79858811 GBP To 1 USD Valued At 0.79858811 GBP For 95,586.60 USD 6,000 Shares At 12.6526 GBP","-98,789.81"
07/06/20,Sale,"Sold 100 Shares Of 98,789.81 -31,495.50 Shopify Inc A Trade Date 7/1/20 Sold Through J.P. Morgan Securities LLC Paid 1.00 USD Brokerage Paid 2.19 USD Sec Fee 100 Shares At 987.93 USD Transfer From Another Account",0.00
07/07/20,Sale,"Sold 1,833.65 Units Of 1,833.65 -1,833.65 First Am Govt Ob Fd Cl X Trade Date 7/7/20",0.00
07/08/20,Sale,"Sold 263,333.92 Units Of 263,333.92 -263,333.92 First Am Govt Ob Fd Cl X Trade Date 7/8/20","195,968.36"
07/08/20,Purchase,"Purchased 5,000 Shares Of -195,968.36 195,968.36 Powercell Seden Ab Net Cost 195,968.36 USD Trade Date 7/6/20 Purchased Through Jpmsgb2l Jp Morgan Sec London Paid 97.94 USD Brokerage Purchased On The Omx Nordic Exchange Stockholm Book Value 1,811,825.46 SEK Traded At 9.24549994 SEK To 1 USD Valued At 9.24549994 SEK For 195,968.36 USD 5,000 Shares At 362.184 SEK Transfer From Another Account",0.00
07/09/20,Purchase,"Purchased 103,686.53 Units Of -103,686.53 103,686.53 First Am Govt Ob Fd Cl X Trade Date 7/9/20 Transfer From Another Account",0.00
07/10/20,Purchase,"Purchased 16,525.59 Units Of -16,525.59 16,525.59 First Am Govt Ob Fd Cl X Trade Date 7/10/20",-381.38
07/10/20,Sale,Sold 381.38 Units Of 381.38 -381.38 First Am Govt Ob Fd Cl X Trade Date 7/10/20 21880 00- -A -UC-UZ -001-04,0.00
07/13/20,Sale,"Sold 106,481.95 Units Of 106,481.95 -106,481.95 First Am Govt Ob Fd Cl X Trade Date 7/13/20 Fanuc Corporation A D R 0.16296 USD/Share On 10,000 Shares Due 7/14/20 10.0000000% Foreign Taxes Withheld Non-USD Taxes Fanuc Corporation A D R Adr Paying Agent Fee Fanuc Corporation A D R Adr Fee Of 0.024792 Per Share Due 07/14/20 Transfer From Another Account",0.00
07/14/20,Purchase,"Purchased 313,640.23 Units Of -313,640.23 313,640.23 First Am Govt Ob Fd Cl X Trade Date 7/14/20","1,218.72"
07/15/20,Sale,"Sold 68,785.09 Units Of 68,785.09 -68,785.09 First Am Govt Ob Fd Cl X Trade Date 7/15/20 Taiwan Semiconductor A D R 0.423872 USD/Share On 6,000 Shares Due 7/16/20 21.0000000% Foreign Taxes Withheld 21880 00- -A -UC-UZ -001-04",0.00
07/16/20,Sale,"Sold 67,032.15 Units Of 67,032.15 -67,032.15 First Am Govt Ob Fd Cl X Trade Date 7/16/20","76,132.46"
07/16/20,Purchase,"Purchased 50,000 Shares Of -74,123.31 74,123.31 Learning Technologies Group Net Cost 74,123.31 USD Trade Date 7/14/20 Purchased Through Crst 784 Jpmorgan Secs Ltd Paid 37.05 USD Brokerage Paid 1.25 USD Misc Fee1 Purchased On The London Stock Exchange Book Value 59,100.54 GBP Traded At 0.79732732 GBP To 1 USD Valued At 0.79732732 GBP For 74,123.31 USD 50,000 Shares At 1.1814 GBP Slm Solutions Grou Npv Rt 7/10/20 Pay From Acct On Corp Action Valued At 1.00 EUR For 0.00 USD Market Value Of 0.00 USD Ca Rights Exercise Bmg71l6 Transfer From Another Account","2,009.15"
07/17/20,Purchase,"Purchased 8,693.57 Units Of -8,693.57 8,693.57 First Am Govt Ob Fd Cl X Trade Date 7/17/20 Transfer From Another Account 21880 00- -A -UC-UZ -001-04",0.00
07/20/20,Purchase,"Purchased 19,563.53 Units Of -19,563.53 19,563.53 First Am Govt Ob Fd Cl X Trade Date 7/20/20 Transfer From Another Account",0.00
07/21/20,Purchase,"Purchased 34,782.94 Units Of -34,782.94 34,782.94 First Am Govt Ob Fd Cl X Trade Date 7/21/20 Transfer From Another Account",0.00
07/22/20,Sale,"Sold 43,311.37 Units Of 43,311.37 -43,311.37 First Am Govt Ob Fd Cl X Trade Date 7/22/20 21880 00- -A -UC-UZ -001-04","86,902.76"
07/22/20,Purchase,"Purchased 25,000 Shares Of -86,902.76 86,902.76 Accesso Technology Group Plc Net Cost 86,902.76 USD Trade Date 7/20/20 Purchased Through Crst 784 Jpmorgan Secs Ltd Paid 43.44 USD Brokerage Paid 1.26 USD Misc Fee1 Purchased On The London Stock Exchange Book Value 68,785.38 GBP Traded At 0.79152124 GBP To 1 USD Valued At 0.79152124 GBP For 86,902.76 USD 25,000 Shares At 2.75 GBP Transfer From Another Account",0.00
07/23/20,Purchase,"Purchased 14,392.89 Units Of -14,392.89 14,392.89 First Am Govt Ob Fd Cl X Trade Date 7/23/20",0.00
07/24/20,Sale,"Sold 95,544.04 Units Of 95,544.04 -95,544.04 First Am Govt Ob Fd Cl X Trade Date 7/24/20","-1,025.79"
07/24/20,Sale,"Sold 1,025.79 Units Of 1,025.79 -1,025.79 First Am Govt Ob Fd Cl X Trade Date 7/24/20",0.00
07/27/20,Sale,"Sold 2,260.91 Units Of 2,260.91 -2,260.91 First Am Govt Ob Fd Cl X Trade Date 7/27/20 Transfer From Another Account",0.00
07/28/20,Purchase,"Purchased 3,720.08 Units Of -3,720.08 3,720.08 First Am Govt Ob Fd Cl X Trade Date 7/28/20",0.00
07/29/20,Sale,"Sold 200,931.47 Units Of 200,931.47 -200,931.47 First Am Govt Ob Fd Cl X Trade Date 7/29/20","186,357.04"
07/29/20,Purchase,"Purchased 300,000 Shares Of -186,357.04 186,357.04 Aston Martin Lagonda Global Net Cost 186,357.04 USD Trade Date 7/27/20 Purchased Through Crst 784 Jpmorgan Secs Ltd Paid 92.67 USD Brokerage Paid 928.43 USD Misc Fee1 Purchased On The London Stock Exchange Book Value 144,702.87 GBP Traded At 0.77648187 GBP To 1 USD Valued At 0.77648187 GBP For 186,357.04 USD 300,000 Shares At 0.4797 GBP Transfer From Another Account",0.00
07/30/20,Purchase,"Purchased 2,769.85 Units Of -2,769.85 2,769.85 First Am Govt Ob Fd Cl X Trade Date 7/30/20 21880 00- -A -UC-UZ -001-04",0.00
07/31/20,Sale,"Sold 26,501.47 Units Of 26,501.47 -26,501.47 First Am Govt Ob Fd Cl X Trade Date 7/31/20",0.00
08/03/20,Sale,"Sold 127,978.02 Units Of 127,978.02 -127,978.02 First Am Govt Ob Fd Cl X Trade Date 8/3/20 First Am Govt Ob Fd Cl X Interest From 7/1/20 To 7/31/20 Transfer From Another Account","-18,722.45"
08/04/20,Purchase,"Purchased 6,154.85 Units Of -6,154.85 6,154.85 First Am Govt Ob Fd Cl X Trade Date 8/4/20 21880 00- -A -UC-UZ -001-04","7,008.05"
08/04/20,Purchase,"Purchased 21,388.56 Units Of -21,388.56 21,388.56 First Am Govt Ob Fd Cl X Trade Date 8/4/20","-14,380.51"
08/04/20,Sale,"Sold 8,225.66 Units Of 8,225.66 -8,225.66 First Am Govt Ob Fd Cl X Trade Date 8/4/20","-6,154.85"
08/04/20,Sale,"Sold 6,154.85 Units Of 6,154.85 -6,154.85 First Am Govt Ob Fd Cl X Trade Date 8/4/20 Transfer From Another Account",0.00
08/05/20,Purchase,"Purchased 198,081.28 Units Of -198,081.28 198,081.28 First Am Govt Ob Fd Cl X Trade Date 8/5/20","-197,964.76"
08/05/20,Sale,"Sold 1,000 Shares Of 197,964.76 -158,024.31 Diasorin Spa Net Proceeds 197,964.76 USD Trade Date 8/3/20 Sold Through Jpmsgb2l Jp Morgan Sec London Paid 99.03 USD Brokerage Book Value 144,969.76 EUR Local Proceeds 168,773.67 EUR Traded At 0.85254401 EUR To 1 USD Valued At 0.85254401 EUR For 197,964.76 USD 1,000 Shares At 168.8581 EUR Transfer From Another Account",0.00
08/06/20,Purchase,"Purchased 36,261.5 Units Of -36,261.50 36,261.50 First Am Govt Ob Fd Cl X Trade Date 8/6/20 Transfer From Another Account 21880 00- -A -UC-UZ -001-04",0.00
08/07/20,Purchase,"Purchased 4,629.15 Units Of -4,629.15 4,629.15 First Am Govt Ob Fd Cl X Trade Date 8/7/20",0.00
08/10/20,Purchase,"Purchased 132,818.77 Units Of -132,818.77 132,818.77 First Am Govt Ob Fd Cl X Trade Date 8/10/20","-172,576.18"
08/10/20,Sale,"Sold 10,000 Shares Of 172,576.18 -192,021.00 Fanuc Corporation A D R Trade Date 8/6/20 Sold Through J.P. Morgan Securities LLC Paid 100.00 USD Brokerage Paid 3.82 USD Sec Fee 10,000 Shares At 17.268 USD",0.00
08/11/20,Sale,"Sold 12,219.87 Units Of 12,219.87 -12,219.87 First Am Govt Ob Fd Cl X Trade Date 8/11/20 Transfer From Another Account",0.00
08/12/20,Purchase,"Purchased 29,230.76 Units Of -29,230.76 29,230.76 First Am Govt Ob Fd Cl X Trade Date 8/12/20 Transfer From Another Account 21880 00- -A -UC-UZ -001-04",0.00
08/13/20,Purchase,"Purchased 3,295.67 Units Of -3,295.67 3,295.67 First Am Govt Ob Fd Cl X Trade Date 8/13/20","14,284.89"
08/13/20,Sale,Sold 238.5 Units Of 238.50 -238.50 First Am Govt Ob Fd Cl X Trade Date 8/13/20,"14,523.39"
08/13/20,Purchase,"Purchased 5,000 Shares Of -182,362.53 181,996.03 Publicis Groupe Net Cost 182,362.53 USD Trade Date 8/11/20 Purchased Through Jpmsgb2l Jp Morgan Sec London Paid 90.87 USD Brokerage Paid 544.08 USD Misc Fee1 Book Value 154,672.97 EUR Traded At 0.84816201 EUR To 1 USD Valued At 0.84987 EUR For 181,996.03 USD 5,000 Shares At 30.8267 EUR","-167,839.14"
08/13/20,Sale,"Sold 100 Shares Of 167,839.14 -72,787.63 Adyen Bv Net Proceeds 167,839.14 USD Trade Date 8/11/20 Sold Through Jpmsgb2l Jp Morgan Sec London Paid 83.96 USD Brokerage Sold On The NYSE Euronext - Euronext Amste Book Value 63,961.01 EUR Local Proceeds 142,354.79 EUR Traded At 0.84816206 EUR To 1 USD Valued At 0.84987 EUR For 167,501.84 USD 100 Shares At 1,424.26 EUR 21880 00- -A -UC-UZ -001-04",0.00
08/14/20,Sale,"Sold 48,270.00 Units Of 450.87 -450.87 Yen Trade Date 8/14/20 Value Date 8/14/20 Book Value 48,270 JPY Traded At 107.06 JPY To 1 USD Valued At 107.06 JPY For 450.87 USD Net Proceeds 450.87 USD Repatriating Askul Corp Npv Transfer To Income Askul Corp Npv Repatriating Askul Corp Npv Transfer From Principal Askul Corp Npv Repatriating Askul Corp Npv Transfer From Another Account",901.74
08/14/20,Purchase,"Purchased 10,391.5 Units Of -10,391.50 10,391.50 First Am Govt Ob Fd Cl X Trade Date 8/14/20 48,270 Yen 99999JPY3 21880 00- -A -UC-UZ -001-04",901.74
08/17/20,Sale,"Sold 24,282.06 Units Of 24,282.06 -24,282.06 First Am Govt Ob Fd Cl X Trade Date 8/17/20 Transfer From Another Account",0.00
08/18/20,Purchase,"Purchased 14,992.34 Units Of -14,992.34 14,992.34 First Am Govt Ob Fd Cl X Trade Date 8/18/20 Transfer From Another Account",0.00
08/19/20,Purchase,"Purchased 18,134.73 Units Of -18,134.73 18,134.73 First Am Govt Ob Fd Cl X Trade Date 8/19/20 Transfer From Another Account",0.00
08/20/20,Purchase,"Purchased 25,661.83 Units Of -25,661.83 25,661.83 First Am Govt Ob Fd Cl X Trade Date 8/20/20 21880 00- -A -UC-UZ -001-04",0.00
08/21/20,Sale,"Sold 3,730.82 Units Of 3,730.82 -3,730.82 First Am Govt Ob Fd Cl X Trade Date 8/21/20",0.00
08/24/20,Sale,"Sold 51,178.48 Units Of 51,178.48 -51,178.48 First Am Govt Ob Fd Cl X Trade Date 8/24/20 Umicore 0.25 EUR/Share On 5,000 Shares Due 8/25/20 Received 1,250.00 EUR Valued At 0.847229 EUR For 1,475.40 USD Umicore Non-USD Taxes 375.00 EUR Valued At 0.847229 EUR For 442.62 USD 30.0000000% Foreign Taxes Withheld",0.00
08/25/20,Sale,"Sold 875.00 Units Of 1,032.78 -1,032.78 Euro Trade Date 8/25/20 Value Date 8/25/20 Book Value 875.00 EUR Traded At 0.847229 EUR To 1 USD Valued At 0.847229 EUR For 1,032.78 USD Net Proceeds 1,032.78 USD Repatriating Umicore Transfer To Income Umicore Repatriating Umicore 21880 00- -A -UC-UZ -001-04","2,065.56"
08/25/20,Purchase,"Purchased 55,346.72 Units Of -55,346.72 55,346.72 First Am Govt Ob Fd Cl X Trade Date 8/25/20","2,065.56"
08/25/20,Purchase,"Purchased 1,032.78 Units Of -1,032.78 1,032.78 First Am Govt Ob Fd Cl X Trade Date 8/25/20 875.00 Euro 99999EUR3 Transfer From Another Account","1,032.78"
08/26/20,Purchase,"Purchased 67,462.12 Units Of -67,462.12 67,462.12 First Am Govt Ob Fd Cl X Trade Date 8/26/20 Hugo Boss Ag Ord Market Value Of 772.50 USD Infineon Technologies Ag Market Value Of 1,614.00 USD Stroeer SE Co Kgaa Market Value Of 1,684.20 USD 21880 00- -A -UC-UZ -001-04",0.00
08/27/20,Sale,Sold 400 Units Of 400.00 -400.00 First Am Govt Ob Fd Cl X Trade Date 8/27/20,"-2,895.79"
08/27/20,Sale,"Sold 2,895.79 Units Of 2,895.79 -2,895.79 First Am Govt Ob Fd Cl X Trade Date 8/27/20",0.00
08/28/20,Sale,"Sold 8,917.66 Units Of 8,917.66 -8,917.66 First Am Govt Ob Fd Cl X Trade Date 8/28/20 Comture Corp 7.75 JPY/Share On 12,000 Shares Due 8/31/20 Received 93,000 JPY Valued At 105.41 JPY For 882.27 USD 21880 00- -A -UC-UZ -001-04",0.00
08/31/20,Sale,"Sold 78,757.00 Units Of 747.15 -747.15 Yen Trade Date 8/31/20 Value Date 8/31/20 Book Value 78,757 JPY Traded At 105.41 JPY To 1 USD Valued At 105.41 JPY For 747.15 USD Net Proceeds 747.15 USD Repatriating Comture Corp Transfer To Income Comture Corp Repatriating Comture Corp Transfer From Principal Comture Corp Repatriating Comture Corp Transfer From Another Account","1,494.30"
08/31/20,Purchase,"Purchased 47,052.85 Units Of -47,052.85 47,052.85 First Am Govt Ob Fd Cl X Trade Date 8/31/20","1,494.30"
08/31/20,Purchase,"Purchased 747.15 Units Of -747.15 747.15 First Am Govt Ob Fd Cl X Trade Date 8/31/20 78,757 Yen 99999JPY3 21880 00- -A -UC-UZ -001-04",747.15
09/01/20,Sale,"Sold 188,633.38 Units Of 188,633.38 -188,633.38 First Am Govt Ob Fd Cl X Trade Date 9/1/20","195,994.75"
09/01/20,Purchase,"Purchased 4,500 Shares Of -195,994.75 195,994.75 Fnac Darty Sa Net Cost 195,994.75 USD Trade Date 8/28/20 Purchased Through Jpmsgb2l Jp Morgan Sec London Paid 97.65 USD Brokerage Paid 585.93 USD Misc Fee1 Book Value 164,641.98 EUR Traded At 0.8400326 EUR To 1 USD Valued At 0.8400326 EUR For 195,994.75 USD 4,500 Shares At 36.4595 EUR First Am Govt Ob Fd Cl X Interest From 8/1/20 To 8/31/20 Transfer From Another Account",0.00
09/02/20,Purchase,"Purchased 8,163.99 Units Of -8,163.99 8,163.99 First Am Govt Ob Fd Cl X Trade Date 9/2/20",0.00
09/03/20,Purchase,"Purchased 51,895.97 Units Of -51,895.97 51,895.97 First Am Govt Ob Fd Cl X Trade Date 9/3/20",-60.00
09/04/20,Sale,"Sold 15,992.21 Units Of 15,992.21 -15,992.21 First Am Govt Ob Fd Cl X Trade Date 9/4/20 21880 00- -A -UC-UZ -001-04",0.00
09/08/20,Sale,"Sold 63,514.00 Units Of 596.54 -596.54 Yen Trade Date 9/7/20 Value Date 9/8/20 Book Value 63,514 JPY Traded At 106.47 JPY To 1 USD Valued At 106.47 JPY For 596.54 USD Net Proceeds 596.54 USD Repatriating Thk Co Ltd Transfer To Income Thk Co Ltd Repatriating Thk Co Ltd Transfer From Principal Thk Co Ltd Repatriating Thk Co Ltd Transfer From Another Account","1,193.08"
09/08/20,Purchase,Purchased 596.54 Units Of -596.54 596.54 First Am Govt Ob Fd Cl X Trade Date 9/8/20,"3,518.61"
09/08/20,Sale,"Sold 59,181.48 Units Of 59,181.48 -59,181.48 First Am Govt Ob Fd Cl X Trade Date 9/8/20 21880 00- -A -UC-UZ -001-04","62,700.09"
09/08/20,Purchase,"Purchased 100,000 Shares Of -244,806.63 244,806.63 William Hill P L C Net Cost 244,806.63 USD Trade Date 9/3/20 Purchased Through Crst 784 Jpmorgan Secs Ltd Paid 121.73 USD Brokerage Paid 1,219.26 USD Misc Fee1 Purchased On The London Stock Exchange Book Value 184,591.15 GBP Traded At 0.75402836 GBP To 1 USD Valued At 0.75402836 GBP For 244,806.63 USD 100,000 Shares At 1.8358 GBP","-182,106.54"
09/08/20,Sale,"Sold 30,000 Shares Of 182,703.08 -137,878.78 Tobii Ab Net Proceeds 182,703.08 USD Trade Date 9/3/20 Sold Through Jpmsgb2l Jp Morgan Sec London Paid 91.40 USD Brokerage Book Value 1,166,732.09 SEK Local Proceeds 1,599,327.94 SEK Traded At 8.75369994 SEK To 1 USD Valued At 8.7127 SEK For 183,562.84 USD 30,000 Shares At 53.33760003 SEK Adjusted By 1,965.50 USD Old: 1.00 USD/New: 1,966.50 USD To Reflect Correct Tax Cost Information Adjusted By 2,068.50 USD Old: 1.00 USD/New: 2,069.50 USD To Reflect Correct Tax Cost Information Adjusted By 1,669.44 USD Old: 1.00 USD/New: 1,670.44 USD To Reflect Correct Tax Cost Information Adjusted By 2,080.80 USD Old: 1.00 USD/New: 2,081.80 USD To Reflect Correct Tax Cost Information 21880 00- -A -UC-UZ -001-04",596.54
09/09/20,Sale,"Sold 142,595.36 Units Of 142,595.36 -142,595.36 First Am Govt Ob Fd Cl X Trade Date 9/9/20 Monotaro Co Ltd First Section 8.5 JPY/Share On 8,500 Shares Due 9/10/20 Received 72,250 JPY Valued At 106.38 JPY For 679.17 USD Monotaro Co Ltd First Section Non-USD Taxes 11,065 JPY Valued At 106.38 JPY For 104.01 USD 15.3150000% Foreign Taxes Withheld",0.00
09/10/20,Sale,"Sold 61,185.00 Units Of 575.16 -575.16 Yen Trade Date 9/10/20 Value Date 9/10/20 Book Value 61,185 JPY Traded At 106.38 JPY To 1 USD Valued At 106.38 JPY For 575.16 USD Net Proceeds 575.16 USD Repatriating Monotaro Co Ltd First Section Transfer To Income Monotaro Co Ltd First Section Repatriating Monotaro Co Ltd First Section 21880 00- -A -UC-UZ -001-04","1,150.32"
09/10/20,Purchase,"Purchased 54,006.71 Units Of -54,006.71 54,006.71 First Am Govt Ob Fd Cl X Trade Date 9/10/20","1,150.32"
09/10/20,Purchase,"Purchased 575.16 Units Of -575.16 575.16 First Am Govt Ob Fd Cl X Trade Date 9/10/20 61,185 Yen 99999JPY3 Transfer From Another Account",575.16
09/11/20,Purchase,"Purchased 25,230.51 Units Of -25,230.51 25,230.51 First Am Govt Ob Fd Cl X Trade Date 9/11/20 Ocado Group Plc Valued At 1.00 GBP For 382.62 USD Market Value Of 3,027.27 USD Umicore Valued At 99.00 EUR For 1.00 USD Market Value Of 1,400.78 USD Ams Ag Valued At 99.00 CHF For 1.00 USD Market Value Of 1,655.70 USD 21880 00- -A -UC-UZ -001-04",0.00
09/14/20,Purchase,"Purchased 14,905.42 Units Of -14,905.42 14,905.42 First Am Govt Ob Fd Cl X Trade Date 9/14/20 Infineon Technologies A G Valued At 1.00 EUR For 99.00 USD Market Value Of 1,700.09 USD Internal Transfer From B01dkj6 Infineon Technologies Ag Valued At 1,692.00 USD Book Value 99.00 USD Market Value Of 1,692.00 USD Internal Transfer To 5889505 Transfer From Another Account",0.00
09/15/20,Purchase,"Purchased 4,406 Units Of -4,406.00 4,406.00 First Am Govt Ob Fd Cl X Trade Date 9/15/20 Advantest Corp Ord(Jp) Valued At 99 JPY For 1.00 USD Market Value Of 4,703.39 USD Cyberagent Inc Npv Valued At 99 JPY For 1.00 USD Market Value Of 1,576.27 USD Disco Corporation Valued At 99 JPY For 1.00 USD Market Value Of 2,242.94 USD 21880 00- -A -UC-UZ -001-04",0.00
09/16/20,Sale,"Sold 23,675.2 Units Of 23,675.20 -23,675.20 First Am Govt Ob Fd Cl X Trade Date 9/16/20 Alk Abello A S Valued At 99.00 DKK For 1.00 USD Market Value Of 3,175.81 USD Transfer From Another Account",0.00
09/17/20,Purchase,"Purchased 13,424.43 Units Of -13,424.43 13,424.43 First Am Govt Ob Fd Cl X Trade Date 9/17/20",0.00
09/18/20,Sale,"Sold 15,372.61 Units Of 15,372.61 -15,372.61 First Am Govt Ob Fd Cl X Trade Date 9/18/20 Transfer From Another Account",0.00
09/21/20,Purchase,"Purchased 1,082.07 Units Of -1,082.07 1,082.07 First Am Govt Ob Fd Cl X Trade Date 9/21/20 21880 00- -A -UC-UZ -001-04",-346.00
09/21/20,Sale,Sold 346 Units Of 346.00 -346.00 First Am Govt Ob Fd Cl X Trade Date 9/21/20,0.00
09/22/20,Sale,"Sold 86,771.42 Units Of 86,771.42 -86,771.42 First Am Govt Ob Fd Cl X Trade Date 9/22/20 Transfer From Another Account",0.00
09/23/20,Purchase,"Purchased 7,852.46 Units Of -7,852.46 7,852.46 First Am Govt Ob Fd Cl X Trade Date 9/23/20",0.00
09/24/20,Sale,"Sold 33,762.34 Units Of 33,762.34 -33,762.34 First Am Govt Ob Fd Cl X Trade Date 9/24/20 Nordic Semiconductor Asa Valued At 99.00 NOK For 1.00 USD Market Value Of 4,005.75 USD Raysearch Laboratories Ab Valued At 99.00 SEK For 1.00 USD Market Value Of 2,072.83 USD 21880 00- -A -UC-UZ -001-04",0.00
09/25/20,Sale,"Sold 170,248.13 Units Of 170,248.13 -170,248.13 First Am Govt Ob Fd Cl X Trade Date 9/25/20 21880 00- -A -UC-UZ -001-04","-30,178.82"
09/29/20,Sale,"Sold 91,460.00 Units Of 865.44 -865.44 Yen Trade Date 9/29/20 Value Date 9/29/20 Book Value 91,460 JPY Traded At 105.68 JPY To 1 USD Valued At 105.68 JPY For 865.44 USD Net Proceeds 865.44 USD Repatriating Lasertec Corp Transfer To Income Lasertec Corp Repatriating Lasertec Corp Transfer From Principal Lasertec Corp Repatriating Lasertec Corp 21880 00- -A -UC-UZ -001-04","-41,983.83"
09/29/20,Purchase,"Purchased 235 Shares Of -6,693.66 6,693.66 Publicis Groupe Net Cost 5,748.10 EUR Trade Date 9/29/20 Purchased Through Global Corporate Actions Book Value 5,748.10 EUR Valued At 0.858738 EUR For 6,693.66 USD Fed Tax Cost Reduction 6,693.66- USD 235 Shares At 24.46 EUR Ca Dividend Reinvestment Bnc0xm1 Pdte 9/28/2020 21880 00- -A -UC-UZ -001-04","-48,677.49"
09/29/20,Purchase,"Purchased 1,608.10 Units Of -1,884.69 1,872.63 Euro Trade Date 9/28/20 Value Date 9/29/20 Book Value 1,608.10 EUR Traded At 0.85324377 EUR To 1 USD Valued At 0.85324377 EUR For 1,884.69 USD Net Cost 1,884.69 USD Repayment Of Currency Overdraft Resulted In Fed ST Currency Loss On EUR Of 12.06- USD 1,608.1 Units At 1 EUR Ca Dividend Reinvestment Bnc0xm1 Pdte 9/28/2020 Transfer From Another Account","-50,562.18"
09/29/20,Purchase,"Purchased 88,037.24 Units Of -88,037.24 88,037.24 First Am Govt Ob Fd Cl X Trade Date 9/29/20","-124,974.85"
09/29/20,Sale,"Sold 1,884.69 Units Of 1,884.69 -1,884.69 First Am Govt Ob Fd Cl X Trade Date 9/29/20","-123,090.16"
09/29/20,Sale,"Sold 5,000 Shares Of 118,551.58 -195,968.36 Powercell Seden Ab Net Proceeds 118,551.58 USD Trade Date 9/25/20 Sold Through Jpmsgb2l Jp Morgan Sec London Paid 59.31 USD Brokerage Sold On The Omx Nordic Exchange Stockholm Book Value 1,811,825.46 SEK Local Proceeds 1,083,348.05 SEK Traded At 9.13820001 SEK To 1 USD Valued At 9.14265 SEK For 118,493.88 USD 5,000 Shares At 216.778 SEK 21880 00- -A -UC-UZ -001-04","-4,538.58"
09/30/20,Purchase,"Purchased 166,088.25 Units Of -166,088.25 166,088.25 First Am Govt Ob Fd Cl X Trade Date 9/30/20","-160,550.61"
09/30/20,Sale,"Sold 200 Shares Of 156,904.74 -110,158.66 Eurofins Scientific Net Proceeds 156,904.74 USD Trade Date 9/28/20 Sold Through Jpmsgb2l Jp Morgan Sec London Paid 78.49 USD Brokerage Book Value 87,542.67 EUR Local Proceeds 134,581.68 EUR Traded At 0.85772858 EUR To 1 USD Valued At 0.85772858 EUR For 156,904.74 USD 200 Shares At 673.245 EUR","-3,645.87"
09/30/20,Sale,"Sold 133 Shares Of 3,645.87 -1.00 Af Ab B Shs Net Proceeds 3,645.87 USD Trade Date 9/28/20 Sold Through Jpmsgb2l Jp Morgan Sec London Paid 1.82 USD Brokerage Book Value 32,505.20 SEK Local Proceeds 33,047.27 SEK Traded At 9.0643029 SEK To 1 USD Valued At 9.0643029 SEK For 3,645.87 USD 133 Shares At 248.6 SEK Vitec Software Group Ab B Sh 0.34 SEK/Share On 10,100 Shares Due 9/30/20 Received 3,434.00 SEK Valued At 9.02090292 SEK For 380.67 USD 21880 00- -A -UC-UZ -001-04",0.00
10/01/20,Sale,"Sold 2,403.80 Units Of 266.47 -266.47 Swedish Krona Trade Date 9/30/20 Value Date 10/1/20 Book Value 2,403.80 SEK Traded At 9.02090292 SEK To 1 USD Valued At 9.02090292 SEK For 266.47 USD Net Proceeds 266.47 USD Repatriating Vitec Software Group Ab B Sh Transfer To Income Vitec Software Group Ab B Sh Repatriating Vitec Software Group Ab B Sh Transfer From Principal Vitec Software Group Ab B Sh Repatriating Vitec Software Group Ab B Sh",532.94
10/01/20,Sale,"Sold 12,948.52 Units Of 12,948.52 -12,948.52 First Am Govt Ob Fd Cl X Trade Date 10/1/20 Hugo Boss Ag Valued At 99.00 EUR For 1.00 USD Market Value Of 752.14 USD Internal Transfer From B88l9r0 21880 00- -A -UC-UZ -001-04",532.94
10/02/20,Purchase,"Purchased 6,743.07 Units Of -6,743.07 6,743.07 First Am Govt Ob Fd Cl X Trade Date 10/2/20","-5,272.41"
10/02/20,Sale,Sold 63.63 Units Of 63.63 -63.63 First Am Govt Ob Fd Cl X Trade Date 10/2/20,"-5,208.78"
10/02/20,Sale,"Sold 70 Shares Of 901.03 -1,368.01 Ion Beam Applications Net Proceeds 901.03 USD Trade Date 9/30/20 Sold Through Jpmsgb2l Jp Morgan Sec London Paid 0.46 USD Brokerage Book Value 534.80 EUR Local Proceeds 769.61 EUR Traded At 0.8541447 EUR To 1 USD Valued At 0.852442 EUR For 902.83 USD 70 Shares At 11 EUR","-4,307.75"
10/02/20,Sale,"Sold 100 Shares Of 1,397.18 -1,362.34 Mediawan Sa Net Proceeds 1,397.18 USD Trade Date 9/30/20 Sold Through Jpmsgb2l Jp Morgan Sec London Paid 0.70 USD Brokerage Sold On The NYSE Euronext - Euronext Paris Book Value 1,194.00 EUR Local Proceeds 1,193.40 EUR Traded At 0.85414907 EUR To 1 USD Valued At 0.852442 EUR For 1,399.98 USD 100 Shares At 11.94 EUR 21880 00- -A -UC-UZ -001-04","-2,910.57"
10/02/20,Sale,"Sold 50 Shares Of 1,202.93 -1.00 Intrum Ab Npv Net Proceeds 1,202.93 USD Trade Date 9/30/20 Sold Through Jpmsgb2l Jp Morgan Sec London Paid 0.60 USD Brokerage Book Value 10,900.00 SEK Local Proceeds 10,844.57 SEK Traded At 9.01512972 SEK To 1 USD Valued At 8.9691 SEK For 1,209.10 USD 50 Shares At 217 SEK","-1,707.64"
10/02/20,Sale,"Sold 10 Shares Of 954.63 -1.00 Cosmo Pharmaceuticals Nv Net Proceeds 954.63 USD Trade Date 9/30/20 Sold Through Jpmsgb2l Jp Morgan Sec London Paid 0.48 USD Brokerage Sold On The Swiss Exchange Book Value 877.00 EUR Local Proceeds 880.56 EUR Traded At 0.92240973 EUR To 1 USD Valued At 0.852442 EUR For 1,032.99 USD 10 Shares At 88.1 EUR",-753.01
10/02/20,Sale,Sold 30 Shares Of 753.01 -1.00 Hugo Boss Ag Net Proceeds 753.01 USD Trade Date 9/30/20 Sold Through Jpmsgb2leql Jp Morgan Eq Lndn Paid 0.37 USD Brokerage Book Value 641.40 EUR Local Proceeds 643.18 EUR Traded At 0.85414536 EUR To 1 USD Valued At 0.852442 EUR For 754.51 USD 30 Shares At 21.45 EUR Transfer From Another Account 21880 00- -A -UC-UZ -001-04,0.00
10/05/20,Sale,"Sold 6,116.91 Units Of 6,116.91 -6,116.91 First Am Govt Ob Fd Cl X Trade Date 10/5/20","-2,079.50"
10/05/20,Sale,"Sold 10 Shares Of 2,079.50 -1.00 Diasorin Spa Net Proceeds 2,079.50 USD Trade Date 10/1/20 Sold Through Jpmsgb2l Jp Morgan Sec London Paid 1.05 USD Brokerage Book Value 1,547.00 EUR Local Proceeds 1,769.11 EUR Traded At 0.85073816 EUR To 1 USD Valued At 0.852769 EUR For 2,074.55 USD 10 Shares At 177 EUR Transfer From Another Account",0.00
10/06/20,Purchase,"Purchased 24,890.44 Units Of -24,890.44 24,890.44 First Am Govt Ob Fd Cl X Trade Date 10/6/20 21880 00- -A -UC-UZ -001-04",0.00
10/07/20,Purchase,"Purchased 197,015.17 Units Of -197,015.17 197,015.17 First Am Govt Ob Fd Cl X Trade Date 10/7/20","-210,763.21"
10/07/20,Sale,"Sold 34,538.38 Units Of 34,538.38 -34,538.38 First Am Govt Ob Fd Cl X Trade Date 10/7/20","-176,224.83"
10/07/20,Purchase,"Purchased 1,977 Shares Of -20,790.34 20,790.34 Slm Solutions Group Ag Net Cost 20,790.34 USD Trade Date 10/5/20 Purchased Through Jpmsgb2leql Jp Morgan Eq Lndn Paid 10.40 USD Brokerage Book Value 17,639.11 EUR Traded At 0.84842816 EUR To 1 USD Valued At 0.84842816 EUR For 20,790.34 USD 1,977 Shares At 8.9177 EUR","-197,015.17"
10/07/20,Sale,"Sold 750 Shares Of 197,015.17 -37,765.80 Solaredge Technologies Inc Trade Date 10/5/20 Sold Through J.P. Morgan Securities LLC Paid 7.50 USD Brokerage Paid 4.36 USD Sec Fee 750 Shares At 262.7027 USD",0.00
10/08/20,Purchase,"Purchased 3,530.42 Units Of -3,530.42 3,530.42 First Am Govt Ob Fd Cl X Trade Date 10/8/20 21880 00- -A -UC-UZ -001-04","-48,424.97"
10/08/20,Sale,"Sold 131,757.16 Units Of 131,757.16 -131,757.16 First Am Govt Ob Fd Cl X Trade Date 10/8/20","83,332.19"
10/08/20,Purchase,"Purchased 8,023 Shares Of -86,862.61 86,909.74 Slm Solutions Group Ag Net Cost 86,862.61 USD Trade Date 10/6/20 Purchased Through Jpmsgb2leql Jp Morgan Eq Lndn Paid 43.41 USD Brokerage Book Value 73,699.20 EUR Traded At 0.84845712 EUR To 1 USD Valued At 0.847997 EUR For 86,909.74 USD 8,023 Shares At 9.18139973 EUR","-3,530.42"
10/08/20,Sale,"Sold 50 Shares Of 3,530.42 -2,069.50 Nintendo Ltd Trade Date 9/30/20 Sold Through J.P. Morgan Securities LLC Paid 0.50 USD Brokerage Paid 0.08 USD Sec Fee 50 Shares At 70.62 USD",0.00
10/09/20,Sale,"Sold 10,278.66 Units Of 10,278.66 -10,278.66 First Am Govt Ob Fd Cl X Trade Date 10/9/20 Transfer From Another Account",0.00
10/13/20,Purchase,"Purchased 11,035.39 Units Of -11,035.39 11,035.39 First Am Govt Ob Fd Cl X Trade Date 10/13/20",0.00
10/13/20,Purchase,"Purchased 148,447.52 Units Of -148,447.52 148,447.52 First Am Govt Ob Fd Cl X Trade Date 10/13/20 21880 00- -A -UC-UZ -001-04","-148,447.52"
10/13/20,Purchase,"Purchased 15,000 Shares Of -212,945.81 211,558.23 Gvc Holdings Plc Net Cost 212,945.81 USD Trade Date 10/9/20 Purchased Through Crst 784 Jpmorgan Secs Ltd Paid 106.41 USD Brokerage Paid 1.29 USD Misc Fee1 Purchased On The London Stock Exchange Book Value 163,630.77 GBP Traded At 0.76841505 GBP To 1 USD Valued At 0.773455 GBP For 211,558.23 USD 15,000 Shares At 10.9032 GBP","-361,393.33"
10/13/20,Sale,"Sold 100,000 Shares Of 361,393.33 -244,806.63 William Hill Ord Net Proceeds 361,393.33 USD Trade Date 10/9/20 Sold Through Crst 784 Jpmorgan Secs Ltd Paid 180.79 USD Brokerage Paid 1.29 USD Misc Fee1 Sold On The London Stock Exchange Book Value 184,591.15 GBP Local Proceeds 277,700.08 GBP Traded At 0.76841507 GBP To 1 USD 100,000 Shares At 2.7784 GBP",0.00
10/14/20,Sale,Sold 385.91 Units Of 385.91 -385.91 First Am Govt Ob Fd Cl X Trade Date 10/14/20 21880 00- -A -UC-UZ -001-04,0.00
10/15/20,Purchase,"Purchased 132,043.14 Units Of -132,043.14 132,043.14 First Am Govt Ob Fd Cl X Trade Date 10/15/20","-121,655.62"
10/15/20,Sale,"Sold 30,000 Shares Of 123,734.82 -206,010.70 Autogrill S P A Net Proceeds 123,734.82 USD Trade Date 10/13/20 Sold Through Jpmsgb2l Jp Morgan Sec London Paid 61.90 USD Brokerage Book Value 182,195.88 EUR Local Proceeds 105,340.30 EUR Traded At 0.85133918 EUR To 1 USD Valued At 0.846418 EUR For 124,454.23 USD 30,000 Shares At 3.5131 EUR Slm Solutions Group Ag Valued At 99.00 EUR For 1.00 USD Market Value Of 682.33 USD Internal Transfer From Bpbgfn9 Stroeer SE and Co Kgaa Valued At 99.00 EUR For 1.00 USD Market Value Of 2,395.77 USD Internal Transfer From B8zqt12 21880 00- -A -UC-UZ -001-04","2,079.20"
10/16/20,Purchase,"Purchased 151,100.11 Units Of -151,100.11 151,100.11 First Am Govt Ob Fd Cl X Trade Date 10/16/20","-148,428.10"
10/16/20,Sale,"Sold 147,920.58 Units Of 147,920.58 -147,920.58 First Am Govt Ob Fd Cl X Trade Date 10/16/20 21880 00- -A -UC-UZ -001-04",-507.52
10/16/20,Purchase,"Purchased 2,050 Shares Of -150,592.59 150,592.59 Schwab US Small Cap Etf Trade Date 10/15/20 Purchased Through J.P. Morgan Securities LLC Paid 20.50 USD Brokerage 2,050 Shares At 73.4498 USD","-151,100.11"
10/16/20,Sale,"Sold 2,050 Shares Of 151,100.11 -150,592.59 Schwab US Small Cap Etf Trade Date 10/14/20 Sold Through J.P. Morgan Securities LLC Paid 20.50 USD Brokerage Paid 3.34 USD Sec Fee 2,050 Shares At 73.719 USD",0.00
10/19/20,Sale,"Sold 16,528.28 Units Of 16,528.28 -16,528.28 First Am Govt Ob Fd Cl X Trade Date 10/19/20","-11,980.12"
10/19/20,Sale,"Sold 240 Shares Of 11,980.12 -4,503.14 Materialise Nv A D R Trade Date 10/15/20 Sold Through J.P. Morgan Securities LLC Paid 2.40 USD Brokerage Paid 0.27 USD Sec Fee 240 Shares At 49.9283 USD Transfer From Another Account",0.00
10/20/20,Purchase,"Purchased 21,075.4 Units Of -21,075.40 21,075.40 First Am Govt Ob Fd Cl X Trade Date 10/20/20",0.00
10/21/20,Sale,"Sold 3,798.81 Units Of 3,798.81 -3,798.81 First Am Govt Ob Fd Cl X Trade Date 10/21/20 Transfer From Another Account",0.00
10/22/20,Purchase,"Purchased 115,041.6 Units Of -115,041.60 115,041.60 First Am Govt Ob Fd Cl X Trade Date 10/22/20","-114,763.34"
10/22/20,Sale,"Sold 2,310 Shares Of 114,763.34 -41,709.53 Materialise Nv A D R Trade Date 10/20/20 Sold Through J.P. Morgan Securities LLC Paid 23.10 USD Brokerage Paid 2.54 USD Sec Fee 2,310 Shares At 49.6922 USD Transfer From Another Account",0.00
10/23/20,Purchase,"Purchased 44,939.69 Units Of -44,939.69 44,939.69 First Am Govt Ob Fd Cl X Trade Date 10/23/20 Transfer From Another Account",0.00
10/26/20,Purchase,"Purchased 251,163.3 Units Of -251,163.30 251,163.30 First Am Govt Ob Fd Cl X Trade Date 10/26/20 21880 00- -A -UC-UZ -001-04","-236,289.52"
10/26/20,Sale,"Sold 10 Shares Of 1,248.76 -1,312.17 Capgemini Net Proceeds 1,248.76 USD Trade Date 10/22/20 Sold Through Jpmsgb2l Jp Morgan Sec London Paid 0.63 USD Brokerage Book Value 1,170.00 EUR Local Proceeds 1,056.47 EUR Traded At 0.84601525 EUR To 1 USD Valued At 0.84601525 EUR For 1,248.76 USD 10 Shares At 105.7 EUR","-235,040.76"
10/26/20,Sale,"Sold 1,300 Shares Of 235,040.76 -168,805.61 Dassault Systemes Sa Net Proceeds 235,040.76 USD Trade Date 10/22/20 Sold Through Jpmsgb2l Jp Morgan Sec London Paid 117.57 USD Brokerage Sold On The NYSE Euronext - Euronext Paris Book Value 166,272.55 EUR Local Proceeds 198,848.37 EUR Traded At 0.84601654 EUR To 1 USD Valued At 0.84601654 EUR For 235,040.76 USD 1,300 Shares At 153.0368 EUR Transfer From Another Account",0.00
10/27/20,Purchase,"Purchased 16,121.26 Units Of -16,121.26 16,121.26 First Am Govt Ob Fd Cl X Trade Date 10/27/20","-2,029.74"
10/27/20,Sale,"Sold 50 Shares Of 2,029.74 -1.00 Askul Corp Npv Net Proceeds 2,029.74 USD Trade Date 10/23/20 Sold Through Jpmsgb2l Jp Morgan Sec London Paid 1.01 USD Brokerage Book Value 178,250 JPY Local Proceeds 212,644 JPY Traded At 104.76424966 JPY To 1 USD Valued At 104.76424966 JPY For 2,029.74 USD 50 Shares At 4,255 JPY 21880 00- -A -UC-UZ -001-04",0.00
10/28/20,Purchase,"Purchased 11,925 Units Of -11,925.00 11,925.00 First Am Govt Ob Fd Cl X Trade Date 10/28/20",0.00
10/28/20,Purchase,"Purchased 373,040.83 Units Of -373,040.83 373,040.83 First Am Govt Ob Fd Cl X Trade Date 10/28/20","-373,040.83"
10/28/20,Sale,"Sold 4,300 Shares Of 373,040.83 -292,774.48 Ryanair Holdings Plc Sp A D R Trade Date 10/26/20 Sold Through J.P. Morgan Securities LLC Paid 43.00 USD Brokerage Paid 8.25 USD Sec Fee 4,300 Shares At 86.7656 USD",0.00
10/29/20,Sale,"Sold 282,732.14 Units Of 282,732.14 -282,732.14 First Am Govt Ob Fd Cl X Trade Date 10/29/20","275,449.52"
10/29/20,Purchase,"Purchased 1,000 Shares Of -275,449.52 275,449.52 Zur Rose Group Ag Net Cost 275,449.52 USD Trade Date 10/27/20 Purchased Through Jpmsgb2l Jp Morgan Sec London Paid 137.65 USD Brokerage Purchased On The Swiss Exchange Book Value 249,730.80 CHF Traded At 0.90663001 CHF To 1 USD Valued At 0.90663001 CHF For 275,449.52 USD 1,000 Shares At 249.606 CHF 21880 00- -A -UC-UZ -001-04",0.00
10/30/20,Sale,"Sold 1,250.00 Units Of 1,621.38 -1,621.38 British Pound Trade Date 10/30/20 Value Date 10/30/20 Book Value 1,250.00 GBP Traded At 0.77095 GBP To 1 USD Valued At 0.77095 GBP For 1,621.38 USD Net Proceeds 1,621.38 USD Repatriating Learning Technologies Group Transfer To Income Learning Technologies Group Repatriating Learning Technologies Group Transfer From Principal Learning Technologies Group Repatriating Learning Technologies Group Learning Technologies Group 0.0025 GBP/Share On 250,000 Shares Due 10/30/20 Received 625.00 GBP Valued At 0.77095 GBP For 810.69 USD","3,242.76"
10/30/20,Sale,Sold 625.00 Units Of 810.69 -810.69 British Pound Trade Date 10/30/20 Value Date 10/30/20 Book Value 625.00 GBP Traded At 0.77095 GBP To 1 USD Valued At 0.77095 GBP For 810.69 USD Net Proceeds 810.69 USD Repatriating Learning Technologies Group 21880 00- -A -UC-UZ -001-04,"4,864.14"
10/30/20,Purchase,"Purchased 8,663.4 Units Of -8,663.40 8,663.40 First Am Govt Ob Fd Cl X Trade Date 10/30/20 1,250.00 British Pound 99999GBP3 625.00 British Pound 99999GBP3","2,432.07"
11/02/20,Sale,"Sold 71,678.75 Units Of 71,678.75 -71,678.75 First Am Govt Ob Fd Cl X Trade Date 11/2/20 First Am Govt Ob Fd Cl X Interest From 10/1/20 To 10/31/20",0.00
11/03/20,Sale,"Sold 25,663.24 Units Of 25,663.24 -25,663.24 First Am Govt Ob Fd Cl X Trade Date 11/3/20",0.00
11/03/20,Purchase,"Purchased 5,000 Shares Of -62,748.91 62,748.91 Gvc Holdings Plc Net Cost 62,748.91 USD Trade Date 10/30/20 Purchased Through Plhcgb3l United Kingdom Paid 93.98 USD Brokerage Paid 1.29 USD Misc Fee1 Purchased On The London Stock Exchange Book Value 48,471.61 GBP Traded At 0.7724692 GBP To 1 USD Valued At 0.7724692 GBP For 62,748.91 USD 5,000 Shares At 9.67960137 GBP Transfer From Another Account","-62,748.91"
11/04/20,Sale,"Sold 125,559.24 Units Of 125,559.24 -125,559.24 First Am Govt Ob Fd Cl X Trade Date 11/4/20 21880 00- -A -UC-UZ -001-04","58,774.35"
11/04/20,Sale,"Sold 62,748.91 Units Of 62,748.91 -62,748.91 First Am Govt Ob Fd Cl X Trade Date 11/3/20","121,523.26"
11/04/20,Purchase,"Purchased 10,000 Shares Of -121,523.26 121,523.26 Gvc Holdings Plc Net Cost 121,523.26 USD Trade Date 11/2/20 Purchased Through Crst 871 Paid 182.01 USD Brokerage Paid 1.29 USD Misc Fee2 Purchased On The London Stock Exchange Book Value 94,169.04 GBP Traded At 0.77490548 GBP To 1 USD Valued At 0.77490548 GBP For 121,523.26 USD 10,000 Shares At 9.4027 GBP Transfer From Another Account",0.00
11/05/20,Sale,"Sold 191,987.65 Units Of 191,987.65 -191,987.65 First Am Govt Ob Fd Cl X Trade Date 11/5/20","198,956.40"
11/05/20,Purchase,"Purchased 2,000 Shares Of -198,956.40 198,956.40 Gw Pharmaceuticals A D R Trade Date 11/3/20 Purchased Through Intl Fcstone Financial Inc. Paid 60.00 USD Brokerage Purchased On The OTC Bulletin Board 2,000 Shares At 99.4482 USD Transfer From Another Account",0.00
11/06/20,Purchase,"Purchased 38,656.63 Units Of -38,656.63 38,656.63 First Am Govt Ob Fd Cl X Trade Date 11/6/20 21880 00- -A -UC-UZ -001-04",0.00
11/09/20,Sale,"Sold 5,197.92 Units Of 6,174.67 -6,174.67 Euro Trade Date 11/9/20 Value Date 11/9/20 Book Value 5,197.92 EUR Traded At 0.841814 EUR To 1 USD Valued At 0.841814 EUR For 6,174.67 USD Net Proceeds 6,174.67 USD Repatriating Stroeer SE and Co Kgaa Transfer To Income Stroeer SE and Co Kgaa Repatriating Stroeer SE and Co Kgaa Transfer From Principal Stroeer SE and Co Kgaa Repatriating Stroeer SE and Co Kgaa","12,349.34"
11/09/20,Purchase,"Purchased 6,174.67 Units Of -6,174.67 6,174.67 First Am Govt Ob Fd Cl X Trade Date 11/9/20","-23,478.10"
11/09/20,Sale,"Sold 27,652.77 Units Of 27,652.77 -27,652.77 First Am Govt Ob Fd Cl X Trade Date 11/9/20","4,174.67"
11/09/20,Sale,"Sold 2,000 Units Of 2,000.00 -2,000.00 First Am Govt Ob Fd Cl X Trade Date 11/9/20 5,197.92 Euro 99999EUR3 Transfer From Another Account","6,174.67"
11/10/20,Purchase,"Purchased 29,410.31 Units Of -29,410.31 29,410.31 First Am Govt Ob Fd Cl X Trade Date 11/10/20 Transfer From Another Account",0.00
11/12/20,Purchase,"Purchased 13,931.14 Units Of -13,931.14 13,931.14 First Am Govt Ob Fd Cl X Trade Date 11/12/20 21880 00- -A -UC-UZ -001-04",0.00
11/12/20,Purchase,"Purchased 150,000 Shares Of -240,283.90 240,283.90 Capital Counties Properties Plc Net Cost 240,283.90 USD Trade Date 11/9/20 Purchased Through Crst 784 Jpmorgan Secs Ltd Paid 119.48 USD Brokerage Paid 1,196.74 USD Misc Fee1 Purchased On The London Stock Exchange Book Value 182,861.68 GBP Traded At 0.76102341 GBP To 1 USD Valued At 0.76102341 GBP For 240,283.90 USD 150,000 Shares At 1.2124 GBP Asml Holding Nv Ny Reg Shs 1.395738 USD/Share On 510 Shares Due 11/13/20 15.0000000% Foreign Taxes Withheld Non-USD Taxes Asml Holding Nv Ny Reg Shs","-240,283.90"
11/13/20,Sale,"Sold 240,283.9 Units Of 240,283.90 -240,283.90 First Am Govt Ob Fd Cl X Trade Date 11/12/20","-192,212.15"
11/13/20,Sale,"Sold 192,774.21 Units Of 192,774.21 -192,774.21 First Am Govt Ob Fd Cl X Trade Date 11/13/20",562.06
11/16/20,Purchase,"Purchased 450,448.74 Units Of -450,448.74 450,448.74 First Am Govt Ob Fd Cl X Trade Date 11/16/20","-456,747.36"
11/16/20,Sale,"Sold 6,298.62 Units Of 6,298.62 -6,298.62 First Am Govt Ob Fd Cl X Trade Date 11/16/20","-450,448.74"
11/16/20,Sale,"Sold 3,000 Shares Of 450,448.74 -322,480.20 Grupo Aeroportuario Sure Spon A D R Trade Date 11/12/20 Sold Through J.P. Morgan Securities LLC Paid 30.00 USD Brokerage Paid 9.96 USD Sec Fee 3,000 Shares At 150.1629 USD Transfer From Another Account",0.00
11/17/20,Purchase,"Purchased 35,896.22 Units Of -35,896.22 35,896.22 First Am Govt Ob Fd Cl X Trade Date 11/17/20 21880 00- -A -UC-UZ -001-04",0.00
11/18/20,Sale,"Sold 498,768.07 Units Of 498,768.07 -498,768.07 First Am Govt Ob Fd Cl X Trade Date 11/18/20","504,934.96"
11/18/20,Purchase,"Purchased 4,500 Shares Of -230,000.57 229,639.12 Fnac Darty Sa Net Cost 230,000.57 USD Trade Date 11/16/20 Purchased Through Jpmsgb2l Jp Morgan Sec London Paid 114.60 USD Brokerage Paid 686.52 USD Misc Fee1 Book Value 194,280.21 EUR Traded At 0.84469447 EUR To 1 USD Valued At 0.846024 EUR For 229,639.12 USD 4,500 Shares At 43.0228 EUR","274,934.39"
11/18/20,Purchase,"Purchased 297,000 Shares Of -274,934.39 274,934.39 Aston Martin Lagonda Global Net Cost 274,934.39 USD Trade Date 11/16/20 Purchased Through Jpmsgb2l Jp Morgan Sec London Paid 136.72 USD Brokerage Paid 1,369.15 USD Misc Fee1 Purchased On The London Stock Exchange Book Value 208,417.84 GBP Traded At 0.75806393 GBP To 1 USD Valued At 0.75806393 GBP For 274,934.39 USD 297,000 Shares At 0.6979 GBP",0.00
11/19/20,Sale,"Sold 12,053.26 Units Of 12,053.26 -12,053.26 First Am Govt Ob Fd Cl X Trade Date 11/19/20",-141.00
11/19/20,Sale,Sold 141 Units Of 141.00 -141.00 First Am Govt Ob Fd Cl X Trade Date 11/19/20 Transfer From Another Account,0.00
11/20/20,Purchase,"Purchased 18,479.19 Units Of -18,479.19 18,479.19 First Am Govt Ob Fd Cl X Trade Date 11/20/20 Eurofins Scientific Pay From Acct On Corp Action Valued At 167,840.14 EUR Book Value 175,085.33 EUR Valued At 0.89169941 EUR For 188,225.02 USD Market Value Of 31,476.97 USD Ca Stock Split 5972643 Eurofins Scientific Valued At 0.81307442 EUR For 2,593.92 USD Market Value Of 4,158.98 USD Ca Stock Split 5972643 Eurofins Scientific Valued At 0.84990529 EUR For 4,967.73 USD Market Value Of 8,317.95 USD Ca Stock Split 5972643 Eurofins Scientific Valued At 0.86158627 EUR For 18,656.17 USD Market Value Of 29,112.83 USD Ca Stock Split 5972643 21880 00- -A -UC-UZ -001-04",0.00
11/23/20,Sale,"Sold 8,106.95 Units Of 8,106.95 -8,106.95 First Am Govt Ob Fd Cl X Trade Date 11/23/20 Transfer From Another Account",0.00
11/24/20,Purchase,"Purchased 24,953.49 Units Of -24,953.49 24,953.49 First Am Govt Ob Fd Cl X Trade Date 11/24/20 Keyence Corp 100 JPY/Share On 210 Shares Due 11/24/20 Received 21,000 JPY Valued At 104.42 JPY For 201.11 USD Keyence Corp Non-USD Taxes 3,216 JPY Valued At 104.42 JPY For 30.80 USD 15.3150000% Foreign Taxes Withheld 21880 00- -A -UC-UZ -001-04",0.00
11/25/20,Sale,"Sold 17,784.00 Units Of 170.31 -170.31 Yen Trade Date 11/24/20 Value Date 11/25/20 Book Value 17,784 JPY Traded At 104.42 JPY To 1 USD Valued At 104.42 JPY For 170.31 USD Net Proceeds 170.31 USD Repatriating Keyence Corp Transfer To Income Keyence Corp Repatriating Keyence Corp Transfer From Principal Keyence Corp Repatriating Keyence Corp",340.62
11/25/20,Purchase,Purchased 170.31 Units Of -170.31 170.31 First Am Govt Ob Fd Cl X Trade Date 11/25/20,79.98
11/25/20,Sale,"Sold 41,980.19 Units Of 41,980.19 -41,980.19 First Am Govt Ob Fd Cl X Trade Date 11/25/20 21880 00- -A -UC-UZ -001-04","42,060.17"
11/25/20,Purchase,"Purchased 50,000 Shares Of -41,889.86 41,889.86 Zoo Digital Group Net Cost 41,889.86 USD Trade Date 11/23/20 Purchased Through Crst 784 Jpmorgan Secs Ltd Paid 20.93 USD Brokerage Paid 1.33 USD Misc Fee1 Purchased On The London Stock Exchange Book Value 31,516.75 GBP Traded At 0.75237182 GBP To 1 USD Valued At 0.75237182 GBP For 41,889.86 USD 50,000 Shares At 0.63 GBP 17,784 Yen 99999JPY3 Transfer From Another Account",170.31
11/27/20,Sale,"Sold 79,368.78 Units Of 79,368.78 -79,368.78 First Am Govt Ob Fd Cl X Trade Date 11/27/20","97,302.39"
11/27/20,Purchase,"Purchased 39,000 Shares Of -33,347.59 33,347.59 Zoo Digital Group Net Cost 33,347.59 USD Trade Date 11/24/20 Purchased Through Jpmsgb2l Jp Morgan Sec London Paid 16.66 USD Brokerage Paid 1.34 USD Misc Fee1 Purchased On The London Stock Exchange Book Value 24,973.48 GBP Traded At 0.7488841 GBP To 1 USD Valued At 0.7488841 GBP For 33,347.59 USD 39,000 Shares At 0.64 GBP 21880 00- -A -UC-UZ -001-04","63,954.80"
11/27/20,Purchase,"Purchased 75,000 Shares Of -63,954.80 63,954.80 Zoo Digital Group Net Cost 63,954.80 USD Trade Date 11/25/20 Purchased Through Crst 784 Jpmorgan Secs Ltd Paid 31.97 USD Brokerage Paid 1.34 USD Misc Fee1 Purchased On The London Stock Exchange Book Value 47,777.38 GBP Traded At 0.74704917 GBP To 1 USD Valued At 0.74704917 GBP For 63,954.80 USD 75,000 Shares At 0.63669994 GBP Comture Corp 7.75 JPY/Share On 12,080 Shares Due 11/30/20 Received 93,620 JPY Valued At 104.13 JPY For 899.07 USD Comture Corp Non-USD Taxes 14,338 JPY Valued At 104.13 JPY For 137.69 USD 15.3150000% Foreign Taxes Withheld",0.00
11/30/20,Sale,"Sold 79,282.00 Units Of 761.38 -761.38 Yen Trade Date 11/30/20 Value Date 11/30/20 Book Value 79,282 JPY Traded At 104.13 JPY To 1 USD Valued At 104.13 JPY For 761.38 USD Net Proceeds 761.38 USD Repatriating Comture Corp Transfer To Income Comture Corp Repatriating Comture Corp Transfer From Principal Comture Corp Repatriating Comture Corp 21880 00- -A -UC-UZ -001-04","1,522.76"
11/30/20,Purchase,Purchased 761.38 Units Of -761.38 761.38 First Am Govt Ob Fd Cl X Trade Date 11/30/20,"11,302.07"
11/30/20,Sale,"Sold 10,498.05 Units Of 10,498.05 -10,498.05 First Am Govt Ob Fd Cl X Trade Date 11/30/20","21,800.12"
11/30/20,Purchase,"Purchased 25,000 Shares Of -21,038.74 21,038.74 Zoo Digital Group Net Cost 21,038.74 USD Trade Date 11/26/20 Purchased Through Crst 784 Jpmorgan Secs Ltd Paid 10.52 USD Brokerage Paid 1.34 USD Misc Fee1 Purchased On The London Stock Exchange Book Value 15,758.88 GBP Traded At 0.74904105 GBP To 1 USD Valued At 0.74904105 GBP For 21,038.74 USD 25,000 Shares At 0.63 GBP 79,282 Yen 99999JPY3 Disco Corporation 116 JPY/Share On 960 Shares Due 12/1/20 Received 111,360 JPY Valued At 104.4 JPY For 1,066.67 USD Disco Corporation Non-USD Taxes 17,055 JPY Valued At 104.4 JPY For 163.37 USD 15.3150000% Foreign Taxes Withheld 21880 00- -A -UC-UZ -001-04",761.38
12/01/20,Sale,"Sold 94,305.00 Units Of 903.30 -903.30 Yen Trade Date 12/1/20 Value Date 12/1/20 Book Value 94,305 JPY Traded At 104.4 JPY To 1 USD Valued At 104.4 JPY For 903.30 USD Net Proceeds 903.30 USD Repatriating Disco Corporation Transfer To Income Disco Corporation Repatriating Disco Corporation Transfer From Principal Disco Corporation Repatriating Disco Corporation Keyence Corp 100 JPY/Share On 300 Shares Due 11/24/20 Received 30,000 JPY Valued At 104.21 JPY For 287.88 USD Keyence Corp Non-USD Taxes 4,595 JPY Valued At 104.21 JPY For 44.09 USD 15.3150000% Foreign Taxes Withheld","1,806.60"
12/01/20,Sale,"Sold 25,405.00 Units Of 243.78 -243.79 Yen Trade Date 11/24/20 Value Date 12/1/20 Book Value 25,405 JPY Traded At 104.21 JPY To 1 USD Valued At 104.21 JPY For 243.78 USD Net Proceeds 243.78 USD Repatriating Keyence Corp 21880 00- -A -UC-UZ -001-04","2,294.17"
12/01/20,Sale,"Sold 133,125.00 Units Of 1,275.15 -1,275.14 Yen Trade Date 12/1/20 Value Date 12/1/20 Book Value 133,125 JPY Traded At 104.4 JPY To 1 USD Valued At 104.4 JPY For 1,275.15 USD Net Proceeds 1,275.15 USD Repatriating Nidec Corp Transfer To Income Nidec Corp Repatriating Nidec Corp Transfer From Principal Nidec Corp Repatriating Nidec Corp 21880 00- -A -UC-UZ -001-04","4,844.46"
12/01/20,Sale,"Sold 131,939.00 Units Of 1,263.78 -1,263.78 Yen Trade Date 12/1/20 Value Date 12/1/20 Book Value 131,939 JPY Traded At 104.4 JPY To 1 USD Valued At 104.4 JPY For 1,263.78 USD Net Proceeds 1,263.78 USD Repatriating Advantest Corp Ord(Jp) Transfer To Income Advantest Corp Ord(Jp) Repatriating Advantest Corp Ord(Jp) Transfer From Principal Advantest Corp Ord(Jp) Repatriating Advantest Corp Ord(Jp)","7,372.02"
12/01/20,Purchase,"Purchased 3,686.01 Units Of -3,686.01 3,686.01 First Am Govt Ob Fd Cl X Trade Date 12/1/20","-38,300.92"
12/01/20,Sale,"Sold 41,986.93 Units Of 41,986.93 -41,986.93 First Am Govt Ob Fd Cl X Trade Date 12/1/20 First Am Govt Ob Fd Cl X Interest From 11/1/20 To 11/30/20 94,305 Yen 99999JPY3 25,405 Yen 99999JPY3 133,125 Yen 99999JPY3 131,939 Yen 99999JPY3 Transfer From Another Account","3,686.01"
12/02/20,Purchase,"Purchased 328,758.86 Units Of -328,758.86 328,758.86 First Am Govt Ob Fd Cl X Trade Date 12/2/20","-336,641.66"
12/02/20,Sale,"Sold 4,414 Shares Of 145,485.05 -70,991.93 Frontier Developments Plc Net Proceeds 145,485.05 USD Trade Date 11/30/20 Sold Through Jpmsgb2l Jp Morgan Sec London Paid 72.78 USD Brokerage Paid 1.33 USD Sec Fee Sold On The London Stock Exchange Book Value 48,802.40 GBP Local Proceeds 108,985.73 GBP Traded At 0.74911979 GBP To 1 USD 4,414 Shares At 24.70350023 GBP","-191,156.61"
12/02/20,Sale,"Sold 10,200 Shares Of 191,156.61 -85,835.51 Boozt Ab Net Proceeds 191,156.61 USD Trade Date 11/30/20 Sold Through Jpmsgb2l Jp Morgan Sec London Paid 95.63 USD Brokerage Book Value 603,122.04 SEK Local Proceeds 1,636,816.68 SEK Traded At 8.56269987 SEK To 1 USD Valued At 8.56269987 SEK For 191,156.61 USD 10,200 Shares At 160.5525 SEK",0.00
12/03/20,Sale,"Sold 165,355.68 Units Of 165,355.68 -165,355.68 First Am Govt Ob Fd Cl X Trade Date 12/3/20 Jeol Ltd 12 JPY/Share On 5,050 Shares Due 12/4/20 Received 60,600 JPY Valued At 104.07 JPY For 582.30 USD Jeol Ltd Non-USD Taxes 9,281 JPY Valued At 104.07 JPY For 89.18 USD 15.3150000% Foreign Taxes Withheld",0.00
12/04/20,Sale,"Sold 51,319.00 Units Of 493.12 -493.12 Yen Trade Date 12/4/20 Value Date 12/4/20 Book Value 51,319 JPY Traded At 104.07 JPY To 1 USD Valued At 104.07 JPY For 493.12 USD Net Proceeds 493.12 USD Repatriating Jeol Ltd Transfer To Income Jeol Ltd Repatriating Jeol Ltd Transfer From Principal Jeol Ltd Repatriating Jeol Ltd Transfer From Another Account",986.24
12/04/20,Purchase,Purchased 493.12 Units Of -493.12 493.12 First Am Govt Ob Fd Cl X Trade Date 12/4/20,"52,688.02"
12/04/20,Purchase,"Purchased 52,194.9 Units Of -52,194.90 52,194.90 First Am Govt Ob Fd Cl X Trade Date 12/4/20 51,319 Yen 99999JPY3",493.12
12/07/20,Sale,"Sold 31,063.61 Units Of 31,063.61 -31,063.61 First Am Govt Ob Fd Cl X Trade Date 12/7/20 Transfer From Another Account",0.00
12/08/20,Purchase,"Purchased 12,025.6 Units Of -12,025.60 12,025.60 First Am Govt Ob Fd Cl X Trade Date 12/8/20 Transfer From Another Account",0.00
12/09/20,Purchase,"Purchased 82,424.31 Units Of -82,424.31 82,424.31 First Am Govt Ob Fd Cl X Trade Date 12/9/20 Transfer From Another Account",0.00
12/10/20,Purchase,"Purchased 61,041.22 Units Of -61,041.22 61,041.22 First Am Govt Ob Fd Cl X Trade Date 12/10/20",0.00
12/11/20,Sale,"Sold 12,798.85 Units Of 12,798.85 -12,798.85 First Am Govt Ob Fd Cl X Trade Date 12/11/20 Cyberagent Inc Npv 34 JPY/Share On 5,030 Shares Due 12/14/20 Received 171,020 JPY Valued At 104.11 JPY For 1,642.69 USD Cyberagent Inc Npv Non-USD Taxes 26,192 JPY Valued At 104.11 JPY For 251.58 USD 15.3150000% Foreign Taxes Withheld",0.00
12/14/20,Sale,"Sold 144,828.00 Units Of 1,391.11 -1,391.11 Yen Trade Date 12/14/20 Value Date 12/14/20 Book Value 144,828 JPY Traded At 104.11 JPY To 1 USD Valued At 104.11 JPY For 1,391.11 USD Net Proceeds 1,391.11 USD Repatriating Cyberagent Inc Npv Transfer To Income Cyberagent Inc Npv Repatriating Cyberagent Inc Npv Transfer From Principal Cyberagent Inc Npv Repatriating Cyberagent Inc Npv Aston Martin Lagonda Global Pay From Acct On Corp Action Valued At 355,369.93 GBP Book Value 354,770.71 GBP Valued At 0.76664243 GBP For 463,540.65 USD Market Value Of 554,495.79 USD Ca Reverse Stock Split Bfxzc44 21880 00- -A -UC-UZ -001-04","2,782.22"
12/14/20,Sale,"Sold 33,784.97 Units Of 33,784.97 -33,784.97 First Am Govt Ob Fd Cl X Trade Date 12/14/20 144,828 Yen 99999JPY3","2,782.22"
12/15/20,Purchase,"Purchased 254,982.13 Units Of -254,982.13 254,982.13 First Am Govt Ob Fd Cl X Trade Date 12/15/20","-257,077.88"
12/15/20,Sale,"Sold 28,200 Shares Of 257,077.88 -309,555.79 Tomtom Net Proceeds 257,077.88 USD Trade Date 12/11/20 Sold Through Jpmsgb2l Jp Morgan Sec London Paid 128.60 USD Brokerage Sold On The NYSE Euronext - Euronext Amste Book Value 280,534.11 EUR Local Proceeds 212,282.11 EUR Traded At 0.8257502 EUR To 1 USD Valued At 0.824436 EUR For 257,487.68 USD 28,200 Shares At 7.5315 EUR Nintendo Ltd 0.9687 USD/Share On 50 Shares Due 12/16/20 10.0000000% Foreign Taxes Withheld Non-USD Taxes Nintendo Ltd Adr Paying Agent Fee Nintendo Ltd Adr Fee Of 0.055 Per Share Due 12/16/20",0.00
12/16/20,Purchase,"Purchased 256,994.05 Units Of -256,994.05 256,994.05 First Am Govt Ob Fd Cl X Trade Date 12/16/20","-282,516.97"
12/16/20,Sale,"Sold 25,563.77 Units Of 25,563.77 -25,563.77 First Am Govt Ob Fd Cl X Trade Date 12/16/20 21880 00- -A -UC-UZ -001-04","-256,953.20"
12/16/20,Sale,"Sold 510 Shares Of 256,994.05 -81,266.78 Keyence Corp Net Proceeds 256,994.05 USD Trade Date 12/14/20 Sold Through Jpmsgb2l Jp Morgan Sec London Paid 128.55 USD Brokerage Book Value 7,137,880 JPY Local Proceeds 26,662,362 JPY Traded At 103.74700114 JPY To 1 USD Valued At 103.74700114 JPY For 256,994.05 USD 510 Shares At 52,305.29215686 JPY 21880 00- -A -UC-UZ -001-04",40.85
12/17/20,Purchase,"Purchased 11,402.74 Units Of -11,402.74 11,402.74 First Am Govt Ob Fd Cl X Trade Date 12/17/20 Transfer From Another Account",0.00
12/18/20,Purchase,"Purchased 6,780.47 Units Of -6,780.47 6,780.47 First Am Govt Ob Fd Cl X Trade Date 12/18/20",0.00
12/21/20,Sale,"Sold 25,849.24 Units Of 25,849.24 -25,849.24 First Am Govt Ob Fd Cl X Trade Date 12/21/20 Transfer From Another Account 21880 00- -A -UC-UZ -001-04",0.00
12/22/20,Purchase,"Purchased 264,236.74 Units Of -264,236.74 264,236.74 First Am Govt Ob Fd Cl X Trade Date 12/22/20","-243,769.71"
12/22/20,Sale,"Sold 510 Shares Of 243,769.71 -93,764.92 Asml Holding Nv Ny Reg Shs Trade Date 12/18/20 Sold Through J.P. Morgan Securities LLC Paid 5.10 USD Brokerage Paid 5.39 USD Sec Fee 510 Shares At 478.0004 USD Stmicroelectronics N V 0.042 USD/Share On 10,100 Shares Due 12/22/20 15.0000000% Foreign Taxes Withheld Non-USD Taxes Stmicroelectronics N V Transfer From Another Account",0.00
12/23/20,Purchase,"Purchased 8,558.54 Units Of -8,558.54 8,558.54 First Am Govt Ob Fd Cl X Trade Date 12/23/20 Transfer From Another Account",54.09
12/24/20,Purchase,Purchased 27.14 Units Of -27.14 27.14 First Am Govt Ob Fd Cl X Trade Date 12/24/20,"16,175.62"
12/24/20,Sale,"Sold 258,521.21 Units Of 258,521.21 -258,521.21 First Am Govt Ob Fd Cl X Trade Date 12/24/20 21880 00- -A -UC-UZ -001-04","274,696.83"
12/24/20,Purchase,"Purchased 10,000 Shares Of -274,696.83 274,479.20 Comture Corp Net Cost 274,696.83 USD Trade Date 12/22/20 Purchased Through Jpmsgb2l Jp Morgan Sec London Paid 137.28 USD Brokerage Purchased On The Jasdaq Securities Exchange Book Value 28,408,597 JPY Traded At 103.41800085 JPY To 1 USD Valued At 103.5 JPY For 274,479.20 USD 10,000 Shares At 2,839.44000028 JPY Dustin Group Ab 2.20 SEK/Share On 46,200 Shares Due 12/21/20 Received 101,640.00 SEK Valued At 8.2837729 SEK For 12,269.77 USD Dustin Group Ab Non-USD Taxes 30,492.00 SEK Valued At 8.2837729 SEK For 3,680.93 USD 30.0000000% Foreign Taxes Withheld",0.00
12/28/20,Sale,"Sold 71,148.00 Units Of 8,588.84 -8,588.84 Swedish Krona Trade Date 12/21/20 Value Date 12/22/20 Book Value 71,148.00 SEK Traded At 8.2837729 SEK To 1 USD Valued At 8.2837729 SEK For 8,588.84 USD Net Proceeds 8,588.84 USD Repatriating Dustin Group Ab Transfer To Income Dustin Group Ab Repatriating Dustin Group Ab Transfer From Principal Dustin Group Ab Repatriating Dustin Group Ab 21880 00- -A -UC-UZ -001-04","17,177.68"
12/28/20,Purchase,"Purchased 261 Units Of -261.00 261.00 First Am Govt Ob Fd Cl X Trade Date 12/28/20 71,148.00 Swedish Krona 99999SEK5","17,177.68"
12/29/20,Purchase,"Purchased 246,612.27 Units Of -246,612.27 246,612.27 First Am Govt Ob Fd Cl X Trade Date 12/29/20","-255,860.58"
12/29/20,Sale,"Sold 2,015 Shares Of 255,860.58 -199,956.08 Orpea Net Proceeds 255,860.58 USD Trade Date 12/8/20 Sold Through Jpmsgb2l Jp Morgan Sec London Paid 128.00 USD Brokerage Book Value 192,506.90 EUR Local Proceeds 211,186.24 EUR Traded At 0.82539577 EUR To 1 USD Valued At 0.82539577 EUR For 255,860.58 USD 2,015 Shares At 104.85949876 EUR Vitec Software Group Ab B Sh 0.34 SEK/Share On 10,100 Shares Due 12/30/20 Received 3,434.00 SEK Valued At 8.19821971 SEK For 418.87 USD 21880 00- -A -UC-UZ -001-04",0.00
12/30/20,Sale,"Sold 2,403.80 Units Of 293.21 -293.21 Swedish Krona Trade Date 12/30/20 Value Date 12/30/20 Book Value 2,403.80 SEK Traded At 8.19821971 SEK To 1 USD Valued At 8.19821971 SEK For 293.21 USD Net Proceeds 293.21 USD Repatriating Vitec Software Group Ab B Sh Transfer To Income Vitec Software Group Ab B Sh Repatriating Vitec Software Group Ab B Sh Transfer From Principal Vitec Software Group Ab B Sh Repatriating Vitec Software Group Ab B Sh Long-Term Capital Gain Div First Am Govt Ob Fd Cl X Ltcg Payable 12/29/20 Short-Term Capital Gain Div First Am Govt Ob Fd Cl X Stcg Payable 12/29/20",586.42
12/30/20,Sale,"Sold 222,242.76 Units Of 222,242.76 -222,242.76 First Am Govt Ob Fd Cl X Trade Date 12/30/20 21880 00- -A -UC-UZ -001-04",587.76
12/31/20,Sale,"Sold 316,116.01 Units Of 316,116.01 -316,116.01 First Am Govt Ob Fd Cl X Trade Date 12/31/20 Japan Elevator Ser Due 12/31/20 7,000 Additional Shares Received Ca Stock Split Exdt 12/29/20 Ending Balance 12/31/2020 $148,773.02 -$148,773.02 $15,175,236.67 $0.00 21880 00- -A -UC-UZ -001-04",0.00
