Date Posted,Activity,Description,Principal Cash
01/03/22,Sale,"Sold 5,768.70 Units Of 638.69 -638.69 Swedish Krona Trade Date 12/30/21 Value Date 1/3/22 Book Value 5,768.70 SEK Traded At 9.032123 SEK To 1 USD Valued At 9.032123 SEK For 638.69 USD Net Proceeds 638.69 USD Repatriating Vitec Software Group Ab B Sh Transfer To Income Vitec Software Group Ab B Sh Repatriating Vitec Software Group Ab B Sh Transfer From Principal Vitec Software Group Ab B Sh Repatriating Vitec Software Group Ab B Sh Transfer From Another Account","-81,408.35"
01/03/22,Purchase,"Purchased 506,029.27 Units Of -506,029.27 506,029.27 First Am Govt Ob Fd Cl X Trade Date 1/3/22 25233 00- -A -UC-UZ -365-04","-564,249.89"
01/03/22,Sale,"Sold 5,000 Shares Of 320,638.14 -339,772.61 Fnac Darty Net Proceeds 282,488.13 EUR Trade Date 12/30/21 Sold Through Jeffus33 Jefferies Jersey City Paid 424.37 EUR Brokerage Book Value 246,218.05 EUR Valued At 0.8810185 EUR For 320,638.14 USD Fed Tax Cost Of Proceeds 5,000 Shares At 56.5825 EUR","-243,611.75"
01/03/22,Sale,"Sold 10,000 Shares Of 245,985.74 -232,800.00 Materialise Nv A D R Trade Date 12/30/21 Sold Through Jefferies LLC Paid 400.00 USD Brokerage Paid 1.26 USD Sec Fee Sold On The OTC Bulletin Board 10,000 Shares At 24.6387 USD","2,373.99"
01/03/22,Sale,"Sold 282,488.13 Units Of 319,541.53 -320,638.14 Euro Trade Date 12/31/21 Value Date 1/3/22 Book Value 282,488.13 EUR Traded At 0.88404199 EUR To 1 USD Valued At 0.88404199 EUR For 319,541.53 USD Net Proceeds 319,541.53 USD Fed ST Currency Loss On EUR Of 1,096.61- USD Fx7338355-Aset First Am Govt Ob Fd Cl X Interest From 12/1/21 To 12/31/21 5,768.70 Swedish Krona 99999SEK5 282,488.13 Euro 99999EUR3 25233 00- -A -UC-UZ -365-04","321,915.52"
01/04/22,Sale,"Sold 506,029.27 Units Of 506,029.27 -506,029.27 First Am Govt Ob Fd Cl X Trade Date 1/4/22","-540,936.23"
01/04/22,Sale,"Sold 45,000 Shares Of 100,165.10 -113,669.12 Boku Inc Net Proceeds 74,273.42 GBP Trade Date 12/30/21 Sold Through Jeffgb2x Jefferies Intl London Paid 111.58 GBP Brokerage Sold On The London Stock Exchange Book Value 78,492.56 GBP Valued At 0.74151 GBP For 100,165.10 USD Fed Tax Cost Of Proceeds 45,000 Shares At 1.653 GBP","-440,771.13"
01/04/22,Sale,"Sold 10,000 Shares Of 337,831.31 -319,627.14 Nordic Semiconductor Asa Net Proceeds 2,965,719.74 NOK Trade Date 12/30/21 Sold Through Parbfrpp Banque Paribas Fr Paid 4,455.26 NOK Brokerage Book Value 1,927,737.01 NOK Valued At 8.7787 NOK For 337,831.31 USD Fed Tax Cost Of Proceeds 10,000 Shares At 297.0175 NOK","-102,939.82"
01/04/22,Sale,"Sold 74,273.42 Units Of 100,450.80 -100,165.10 British Pound Trade Date 12/31/21 Value Date 1/4/22 Book Value 74,273.42 GBP Traded At 0.73940098 GBP To 1 USD Valued At 0.73940098 GBP For 100,450.80 USD Net Proceeds 100,450.80 USD Fed ST Currency Gain On GBP Of 285.70 USD Fx7339169-Aset 25233 00- -A -UC-UZ -365-04","-2,489.02"
01/04/22,Sale,"Sold 2,965,719.74 Units Of 333,358.48 -337,831.31 Norwegian Krone Trade Date 1/3/22 Value Date 1/4/22 Book Value 2,965,719.74 NOK Traded At 8.89648807 NOK To 1 USD Valued At 8.89648807 NOK For 333,358.48 USD Net Proceeds 333,358.48 USD Fed ST Currency Loss On NOK Of 4,472.83- USD Fx7340354-Aset 74,273.42 British Pound 99999GBP3 2,965,719.74 Norwegian Krone 99999NOK5 Transfer From Another Account","330,869.46"
01/05/22,Purchase,"Purchased 244,253.24 Units Of -244,253.24 244,253.24 First Am Govt Ob Fd Cl X Trade Date 1/5/22","-352,389.12"
01/05/22,Sale,"Sold 3,000 Shares Of 353,293.58 -339,857.71 Nidec Corp Net Proceeds 40,605,798 JPY Trade Date 12/31/21 Sold Through Jeffus33 Jefferies Jersey City Paid 61,000 JPY Brokerage Book Value 30,427,205 JPY Valued At 114.935 JPY For 353,293.58 USD Fed Tax Cost Of Proceeds 3,000 Shares At 13,555.59933333 JPY 25233 00- -A -UC-UZ -365-04",904.46
01/05/22,Sale,"Sold 40,605,798.00 Units Of 352,389.12 -353,293.58 Yen Trade Date 12/31/21 Value Date 1/5/22 Book Value 40,605,798 JPY Traded At 115.22999916 JPY To 1 USD Valued At 116.12 JPY For 349,688.24 USD Net Proceeds 352,389.12 USD Fed ST Currency Loss On JPY Of 3,605.34- USD Fx7338303-Aset 40,605,798 Yen 99999JPY3 Transfer From Another Account","353,293.58"
01/06/22,Purchase,"Purchased 777,818.91 Units Of -777,818.91 777,818.91 First Am Govt Ob Fd Cl X Trade Date 1/6/22 25233 00- -A -UC-UZ -365-04","-794,044.12"
01/06/22,Sale,"Sold 10,000 Shares Of 212,028.31 -137,174.35 Watches Of Switzerland Group Net Proceeds 157,671.14 GBP Trade Date 1/4/22 Sold Through Parbfrpp Banque Paribas Fr Paid 236.86 GBP Brokerage Paid 1.00 GBP Misc Fee1 Sold On The London Stock Exchange Book Value 76,385.54 GBP Valued At 0.7436325 GBP For 212,028.31 USD Fed Tax Cost Of Proceeds 10,000 Shares At 15.7909 GBP","-582,015.81"
01/06/22,Sale,"Sold 5,000 Shares Of 580,249.78 -307,401.92 Eurofins Scientific Net Proceeds 513,859.05 EUR Trade Date 1/4/22 Sold Through Parbfrpp Banque Paribas Fr Paid 771.95 EUR Brokerage Sold On The NYSE Euronext - Euronext Paris Book Value 451,968.41 EUR Valued At 0.8855825 EUR For 580,249.78 USD Fed Tax Cost Of Proceeds 5,000 Shares At 102.9262 EUR","-1,766.03"
01/06/22,Sale,"Sold 157,671.14 Units Of 213,399.30 -212,028.31 British Pound Trade Date 1/5/22 Value Date 1/6/22 Book Value 157,671.14 GBP Traded At 0.738855 GBP To 1 USD Valued At 0.738855 GBP For 213,399.30 USD Net Proceeds 213,399.30 USD Fed ST Currency Gain On GBP Of 1,370.99 USD Fx7344248-Aset 25233 00- -A -UC-UZ -365-04","211,633.27"
01/06/22,Sale,"Sold 513,859.05 Units Of 580,644.82 -580,249.78 Euro Trade Date 1/5/22 Value Date 1/6/22 Book Value 513,859.05 EUR Traded At 0.88498 EUR To 1 USD Valued At 0.88498 EUR For 580,644.82 USD Net Proceeds 580,644.82 USD Fed ST Currency Gain On EUR Of 395.04 USD Fx7344383-Aset 157,671.14 British Pound 99999GBP3 513,859.05 Euro 99999EUR3 Pets At Home Group Plc 0.043 GBP/Share On 150,000 Shares Due 1/7/22 Received 6,450.00 GBP Valued At 0.739073 GBP For 8,727.15 USD","792,278.09"
01/07/22,Sale,"Sold 6,450.00 Units Of 8,727.14 -8,727.15 British Pound Trade Date 1/7/22 Value Date 1/7/22 Book Value 6,450.00 GBP Traded At 0.739073 GBP To 1 USD Valued At 0.739073 GBP For 8,727.14 USD Net Proceeds 8,727.14 USD Repatriating Pets At Home Group Plc Transfer To Income Pets At Home Group Plc Repatriating Pets At Home Group Plc 25233 00- -A -UC-UZ -365-04","17,454.29"
01/07/22,Purchase,"Purchased 349,014.09 Units Of -349,014.09 349,014.09 First Am Govt Ob Fd Cl X Trade Date 1/7/22","-291,385.54"
01/07/22,Sale,"Sold 1,977 Shares Of 115,731.26 -108,409.19 Vitec Software Group Ab B Sh Net Proceeds 1,055,260.81 SEK Trade Date 1/4/22 Sold Through Parbfrpp Banque Paribas Fr Paid 1,585.27 SEK Brokerage Book Value 595,475.06 SEK Valued At 9.1182 SEK For 115,731.26 USD Fed Tax Cost Of Proceeds 1,977 Shares At 534.5706 SEK","-175,654.28"
01/07/22,Sale,"Sold 3,123 Shares Of 184,299.80 -171,250.33 Vitec Software Group Ab B Sh Net Proceeds 1,672,990.61 SEK Trade Date 1/5/22 Sold Through Parbfrpp Banque Paribas Fr Paid 2,513.26 SEK Brokerage Book Value 940,651.80 SEK Valued At 9.07755 SEK For 184,299.80 USD Fed Tax Cost Of Proceeds 3,123 Shares At 536.5046 SEK","8,645.52"
01/07/22,Sale,"Sold 1,055,260.81 Units Of 116,277.49 -116,249.52 Swedish Krona Trade Date 1/5/22 Value Date 1/7/22 Book Value 1,055,260.81 SEK Traded At 9.07536626 SEK To 1 USD Valued At 9.07536626 SEK For 116,277.49 USD Net Proceeds 116,277.49 USD Fed ST Currency Gain On SEK Of 27.97 USD 25233 00- -A -UC-UZ -365-04","124,923.01"
01/07/22,Sale,"Sold 1,672,990.61 Units Of 183,835.20 -183,781.54 Swedish Krona Trade Date 1/5/22 Value Date 1/7/22 Book Value 1,672,990.61 SEK Traded At 9.10049115 SEK To 1 USD Valued At 9.10049115 SEK For 183,835.20 USD Net Proceeds 183,835.20 USD Fed ST Currency Gain On SEK Of 53.66 USD Fx7343861-Aset 6,450.00 British Pound 99999GBP3 1,055,260.81 Swedish Krona 99999SEK5 1,672,990.61 Swedish Krona 99999SEK5","308,758.21"
01/10/22,Sale,"Sold 3,299.84 Units Of 3,299.84 -3,299.84 First Am Govt Ob Fd Cl X Trade Date 1/10/22",0.00
01/11/22,Sale,"Sold 20,069.07 Units Of 20,069.07 -20,069.07 First Am Govt Ob Fd Cl X Trade Date 1/11/22 Raccoon Holdings I Npv 10 JPY/Share On 56,000 Shares Due 1/11/22 Received 560,000 JPY Valued At 115.38 JPY For 4,853.53 USD Raccoon Holdings I Npv Non-USD Taxes 85,764 JPY Valued At 115.38 JPY For 743.32 USD 15.3150000% Foreign Taxes Withheld 25233 00- -A -UC-UZ -365-04",0.00
01/12/22,Sale,"Sold 474,236.00 Units Of 4,110.21 -4,110.21 Yen Trade Date 1/11/22 Value Date 1/12/22 Book Value 474,236 JPY Traded At 115.38 JPY To 1 USD Valued At 115.38 JPY For 4,110.21 USD Net Proceeds 4,110.21 USD Repatriating Raccoon Holdings I Npv Transfer To Income Raccoon Holdings I Npv Repatriating Raccoon Holdings I Npv Transfer From Principal Raccoon Holdings I Npv Repatriating Raccoon Holdings I Npv","8,220.42"
01/12/22,Sale,"Sold 1,347,717.33 Units Of 1,347,717.33 -1,347,717.33 First Am Govt Ob Fd Cl X Trade Date 1/12/22 474,236 Yen 99999JPY3 Taiwan Semiconductor A D R 0.496981 USD/Share On 8,050 Shares Due 1/13/22 21.0000000% Foreign Taxes Withheld Non-USD Taxes Taiwan Semiconductor A D R 25233 00- -A -UC-UZ -365-04","-1,082,105.86"
01/14/22,Purchase,"Purchased 1,066,462.07 Units Of -1,066,462.07 1,066,462.07 First Am Govt Ob Fd Cl X Trade Date 1/14/22","-1,515,597.15"
01/14/22,Sale,"Sold 6,145 Shares Of 34,782.35 -82,866.66 Raysearch Laboratories Ab Net Proceeds 315,964.57 SEK Trade Date 1/12/22 Sold Through Jeffus33 Jefferies Jersey City Paid 474.66 SEK Brokerage Book Value 527,346.48 SEK Valued At 9.08405 SEK For 34,782.35 USD Fed Tax Cost Of Proceeds 6,145 Shares At 51.4954 SEK","-1,480,814.80"
01/14/22,Sale,"Sold 6,000 Shares Of 515,302.69 -547,054.55 Dermapharm Hldg Net Proceeds 454,391.59 EUR Trade Date 1/12/22 Sold Through Jeffus33 Jefferies Jersey City Paid 682.61 EUR Brokerage Sold On The Deutsche Boerse Ag Book Value 413,570.40 EUR Valued At 0.8817955 EUR For 515,302.69 USD Fed Tax Cost Of Proceeds 6,000 Shares At 75.8457 EUR 25233 00- -A -UC-UZ -365-04","-965,512.11"
01/14/22,Sale,"Sold 25,000 Shares Of 479,151.53 -700,043.53 Aston Martin Lagonda Gbl Hldgs Plc O Net Proceeds 352,174.94 GBP Trade Date 1/12/22 Sold Through Jeffgb2x Jefferies Intl London Paid 529.06 GBP Brokerage Paid 1.00 GBP Misc Fee1 Sold On The London Stock Exchange Book Value 409,938.90 GBP Valued At 0.734997 GBP For 479,151.53 USD Fed Tax Cost Of Proceeds 25,000 Shares At 14.1082 GBP","-486,360.58"
01/14/22,Sale,"Sold 10,000 Shares Of 475,971.26 -276,208.20 Future Plc Net Proceeds 349,837.45 GBP Trade Date 1/12/22 Sold Through Jeffgb2x Jefferies Intl London Paid 525.55 GBP Brokerage Paid 1.00 GBP Misc Fee1 Sold On The London Stock Exchange Book Value 129,746.35 GBP Valued At 0.734997 GBP For 475,971.26 USD Fed Tax Cost Of Proceeds 10,000 Shares At 35.0364 GBP","-10,389.32"
01/14/22,Sale,"Sold 454,391.59 Units Of 519,440.62 -515,302.69 Euro Trade Date 1/12/22 Value Date 1/14/22 Book Value 454,391.59 EUR Traded At 0.874771 EUR To 1 USD Valued At 0.874771 EUR For 519,440.62 USD Net Proceeds 519,440.62 USD Fed ST Currency Gain On EUR Of 4,137.93 USD Fx7353680-Aset 25233 00- -A -UC-UZ -365-04","509,051.30"
01/14/22,Sale,"Sold 352,174.94 Units Of 482,102.54 -479,151.53 British Pound Trade Date 1/12/22 Value Date 1/14/22 Book Value 352,174.94 GBP Traded At 0.730498 GBP To 1 USD Valued At 0.730498 GBP For 482,102.54 USD Net Proceeds 482,102.54 USD Fed ST Currency Gain On GBP Of 2,951.01 USD Fx7353684-Aset","991,153.84"
01/14/22,Sale,"Sold 349,837.45 Units Of 478,763.08 -475,971.26 British Pound Trade Date 1/12/22 Value Date 1/14/22 Book Value 349,837.45 GBP Traded At 0.730711 GBP To 1 USD Valued At 0.730711 GBP For 478,763.08 USD Net Proceeds 478,763.08 USD Fed ST Currency Gain On GBP Of 2,791.82 USD Fx7353688-Aset","1,469,916.92"
01/14/22,Sale,"Sold 315,964.57 Units Of 35,290.91 -34,782.35 Swedish Krona Trade Date 1/12/22 Value Date 1/14/22 Book Value 315,964.57 SEK Traded At 8.95314317 SEK To 1 USD Valued At 8.95314317 SEK For 35,290.91 USD Net Proceeds 35,290.91 USD Fed ST Currency Gain On SEK Of 508.56 USD Fx7353703-Aset 315,964.57 Swedish Krona 99999SEK5 454,391.59 Euro 99999EUR3 25233 00- -A -UC-UZ -365-04","1,505,207.83"
01/18/22,Sale,"Sold 1,066,462.07 Units Of 1,066,462.07 -1,066,462.07 First Am Govt Ob Fd Cl X Trade Date 1/18/22","-597,449.65"
01/18/22,Sale,"Sold 4,574 Shares Of 25,744.20 -56,409.98 Raysearch Laboratories Ab Net Proceeds 230,733.69 SEK Trade Date 1/13/22 Sold Through Jeffus33 Jefferies Jersey City Paid 346.62 SEK Brokerage Book Value 392,527.71 SEK Valued At 8.96255 SEK For 25,744.20 USD Fed Tax Cost Of Proceeds 4,574 Shares At 50.5204 SEK","-571,705.45"
01/18/22,Sale,"Sold 12,025 Shares Of 66,544.41 -127,405.18 Raysearch Laboratories Ab Net Proceeds 593,895.59 SEK Trade Date 1/14/22 Sold Through Jeffus33 Jefferies Jersey City Paid 892.18 SEK Brokerage Book Value 1,031,951.41 SEK Valued At 8.9248 SEK For 66,544.41 USD Fed Tax Cost Of Proceeds 12,025 Shares At 49.4626 SEK 25233 00- -A -UC-UZ -365-04","-505,161.04"
01/18/22,Sale,"Sold 230,733.69 Units Of 25,776.14 -25,853.09 Swedish Krona Trade Date 1/13/22 Value Date 1/18/22 Book Value 230,733.69 SEK Traded At 8.95144463 SEK To 1 USD Valued At 8.95144463 SEK For 25,776.14 USD Net Proceeds 25,776.14 USD Fed ST Currency Loss On SEK Of 76.95- USD Fx7355735-Aset","-479,384.90"
01/18/22,Sale,"Sold 593,895.59 Units Of 65,675.10 -66,435.52 Swedish Krona Trade Date 1/14/22 Value Date 1/18/22 Book Value 593,895.59 SEK Traded At 9.04293393 SEK To 1 USD Valued At 9.04293393 SEK For 65,675.10 USD Net Proceeds 65,675.10 USD Fed ST Currency Loss On SEK Of 760.42- USD Fx7357602-Aset 230,733.69 Swedish Krona 99999SEK5 593,895.59 Swedish Krona 99999SEK5 Transfer From Another Account","-413,709.80"
01/19/22,Purchase,"Purchased 352,113.54 Units Of -352,113.54 352,113.54 First Am Govt Ob Fd Cl X Trade Date 1/19/22 25233 00- -A -UC-UZ -365-04","-847,583.40"
01/19/22,Sale,"Sold 30,000 Shares Of 287,479.54 -315,379.23 Rakuten Group Inc Net Proceeds 32,710,860 JPY Trade Date 1/17/22 Sold Through Jeffus33 Jefferies Jersey City Paid 49,140 JPY Brokerage Book Value 33,001,451 JPY Valued At 113.785 JPY For 287,479.54 USD Fed Tax Cost Of Proceeds 30,000 Shares At 1,092 JPY","-560,103.86"
01/19/22,Sale,"Sold 30,120 Shares Of 477,732.74 -576,465.52 Cyberagent Inc Npv Net Proceeds 54,358,820 JPY Trade Date 1/17/22 Sold Through Jeffus33 Jefferies Jersey City Paid 81,661 JPY Brokerage Book Value 53,912,562 JPY Valued At 113.785 JPY For 477,732.74 USD Fed Tax Cost Of Proceeds 30,120 Shares At 1,807.45288845 JPY","-82,371.12"
01/19/22,Sale,"Sold 16,845 Shares Of 89,373.08 -151,202.99 Raysearch Laboratories Ab Net Proceeds 804,053.86 SEK Trade Date 1/17/22 Sold Through Jeffus33 Jefferies Jersey City Paid 1,207.89 SEK Brokerage Book Value 1,445,590.15 SEK Valued At 8.9966 SEK For 89,373.08 USD Fed Tax Cost Of Proceeds 16,845 Shares At 47.8042 SEK","7,001.96"
01/19/22,Sale,"Sold 54,358,820.00 Units Of 474,004.36 -477,732.74 Yen Trade Date 1/18/22 Value Date 1/19/22 Book Value 54,358,820 JPY Traded At 114.67999999 JPY To 1 USD Valued At 114.67999999 JPY For 474,004.36 USD Net Proceeds 474,004.36 USD Fed ST Currency Loss On JPY Of 3,728.38- USD Fx7359225-Aset 25233 00- -A -UC-UZ -365-04","481,006.32"
01/19/22,Sale,"Sold 32,710,860.00 Units Of 285,235.96 -287,479.54 Yen Trade Date 1/18/22 Value Date 1/19/22 Book Value 32,710,860 JPY Traded At 114.68000038 JPY To 1 USD Valued At 114.68000038 JPY For 285,235.96 USD Net Proceeds 285,235.96 USD Fed ST Currency Loss On JPY Of 2,243.58- USD Fx7359224-Aset","766,242.28"
01/19/22,Sale,"Sold 804,053.86 Units Of 88,343.08 -89,373.08 Swedish Krona Trade Date 1/18/22 Value Date 1/19/22 Book Value 804,053.86 SEK Traded At 9.10149227 SEK To 1 USD Valued At 9.10149227 SEK For 88,343.08 USD Net Proceeds 88,343.08 USD Fed ST Currency Loss On SEK Of 1,030.00- USD Fx7359267-Aset 32,710,860 Yen 99999JPY3 54,358,820 Yen 99999JPY3 804,053.86 Swedish Krona 99999SEK5 Transfer From Another Account","854,585.36"
01/20/22,Purchase,"Purchased 78,478.57 Units Of -78,478.57 78,478.57 First Am Govt Ob Fd Cl X Trade Date 1/20/22 25233 00- -A -UC-UZ -365-04","-52,095.33"
01/20/22,Sale,"Sold 10,280 Shares Of 52,924.53 -72,441.01 Raysearch Laboratories Ab Net Proceeds 476,961.16 SEK Trade Date 1/18/22 Sold Through Jeffus33 Jefferies Jersey City Paid 716.52 SEK Brokerage Book Value 882,200.46 SEK Valued At 9.0121 SEK For 52,924.53 USD Fed Tax Cost Of Proceeds 10,280 Shares At 46.4667 SEK",829.20
01/20/22,Sale,"Sold 476,961.16 Units Of 52,095.33 -52,924.53 Swedish Krona Trade Date 1/18/22 Value Date 1/20/22 Book Value 476,961.16 SEK Traded At 9.15554542 SEK To 1 USD Valued At 9.15554542 SEK For 52,095.33 USD Net Proceeds 52,095.33 USD Fed ST Currency Loss On SEK Of 829.20- USD Fx7360145-Aset 476,961.16 Swedish Krona 99999SEK5","52,924.53"
01/21/22,Purchase,"Purchased 21,174.77 Units Of -21,174.77 21,174.77 First Am Govt Ob Fd Cl X Trade Date 1/21/22","-42,278.51"
01/21/22,Sale,"Sold 8,260 Shares Of 42,277.57 -56,647.49 Raysearch Laboratories Ab Net Proceeds 385,009.16 SEK Trade Date 1/19/22 Sold Through Jeffus33 Jefferies Jersey City Paid 578.38 SEK Brokerage Book Value 708,849.79 SEK Valued At 9.1067 SEK For 42,277.57 USD Fed Tax Cost Of Proceeds 8,260 Shares At 46.68130024 SEK",-0.94
01/21/22,Sale,"Sold 385,009.16 Units Of 42,278.51 -42,277.57 Swedish Krona Trade Date 1/19/22 Value Date 1/21/22 Book Value 385,009.16 SEK Traded At 9.10649784 SEK To 1 USD Valued At 9.10649784 SEK For 42,278.51 USD Net Proceeds 42,278.51 USD Fed ST Currency Gain On SEK Of 0.94 USD Fx7362420-Aset 385,009.16 Swedish Krona 99999SEK5","42,277.57"
01/24/22,Sale,"Sold 50,291.2 Units Of 50,291.20 -50,291.20 First Am Govt Ob Fd Cl X Trade Date 1/24/22 Transfer From Another Account",0.00
01/25/22,Purchase,"Purchased 299,509.03 Units Of -299,509.03 299,509.03 First Am Govt Ob Fd Cl X Trade Date 1/25/22","-290,030.90"
01/25/22,Sale,"Sold 11,568 Shares Of 58,926.08 -78,108.60 Raysearch Laboratories Ab Net Proceeds 536,660.43 SEK Trade Date 1/21/22 Sold Through Jeffus33 Jefferies Jersey City Paid 806.20 SEK Brokerage Book Value 992,732.97 SEK Valued At 9.10735 SEK For 58,926.08 USD Fed Tax Cost Of Proceeds 11,568 Shares At 46.46149983 SEK","-231,104.82"
01/25/22,Sale,"Sold 2,879 Shares Of 233,034.46 -211,011.70 Dermapharm Hldg Net Proceeds 205,352.88 EUR Trade Date 1/21/22 Sold Through Parbfrpp Banque Paribas Fr Paid 308.49 EUR Brokerage Sold On The Deutsche Boerse Ag Book Value 198,444.87 EUR Valued At 0.8812125 EUR For 233,034.46 USD Fed Tax Cost Of Proceeds 2,879 Shares At 71.43500174 EUR","1,929.64"
01/25/22,Sale,"Sold 536,660.43 Units Of 58,255.38 -58,926.08 Swedish Krona Trade Date 1/21/22 Value Date 1/25/22 Book Value 536,660.43 SEK Traded At 9.21220375 SEK To 1 USD Valued At 9.21220375 SEK For 58,255.38 USD Net Proceeds 58,255.38 USD Fed ST Currency Loss On SEK Of 670.70- USD 25233 00- -A -UC-UZ -365-04","60,185.02"
01/25/22,Sale,"Sold 205,352.88 Units Of 231,775.52 -233,034.46 Euro Trade Date 1/24/22 Value Date 1/25/22 Book Value 205,352.88 EUR Traded At 0.885999 EUR To 1 USD Valued At 0.885999 EUR For 231,775.52 USD Net Proceeds 231,775.52 USD Fed ST Currency Loss On EUR Of 1,258.94- USD Fx7367668-Aset 536,660.43 Swedish Krona 99999SEK5 205,352.88 Euro 99999EUR3 Transfer From Another Account","291,960.54"
01/26/22,Purchase,"Purchased 850,680.6 Units Of -850,680.60 850,680.60 First Am Govt Ob Fd Cl X Trade Date 1/26/22","-825,588.51"
01/26/22,Purchase,"Purchased 25,092.09 Units Of -25,092.09 25,092.09 First Am Govt Ob Fd Cl X Trade Date 1/26/22","-850,680.60"
01/26/22,Sale,"Sold 100,000 Shares Of 232,610.50 -219,601.51 Capital Counties Properties Plc Net Proceeds 171,611.19 GBP Trade Date 1/24/22 Sold Through Crst 871 Paid 257.81 GBP Brokerage Paid 1.00 GBP Misc Fee1 Sold On The London Stock Exchange Book Value 160,652.99 GBP Valued At 0.737762 GBP For 232,610.50 USD Fed Tax Cost Of Proceeds 100,000 Shares At 1.7187 GBP 25233 00- -A -UC-UZ -365-04","-618,070.10"
01/26/22,Sale,"Sold 105,000 Shares Of 230,216.32 -262,276.30 Boku Inc Net Proceeds 169,844.85 GBP Trade Date 1/24/22 Sold Through Crst 871 Paid 255.15 GBP Brokerage Sold On The London Stock Exchange Book Value 183,149.31 GBP Valued At 0.737762 GBP For 230,216.32 USD Fed Tax Cost Of Proceeds 105,000 Shares At 1.62 GBP","-387,853.78"
01/26/22,Sale,"Sold 10,000 Shares Of 173,748.63 -219,112.53 Boozt Ab Net Proceeds 1,594,621.47 SEK Trade Date 1/24/22 Sold Through Jeffus33 Jefferies Jersey City Paid 2,395.53 SEK Brokerage Book Value 1,354,031.19 SEK Valued At 9.17775 SEK For 173,748.63 USD Fed Tax Cost Of Proceeds 10,000 Shares At 159.7017 SEK","-214,105.15"
01/26/22,Sale,"Sold 3,000 Shares Of 219,441.01 -344,959.75 Zalando SE Net Proceeds 193,391.28 EUR Trade Date 1/24/22 Sold Through Jeffus33 Jefferies Jersey City Paid 290.52 EUR Brokerage Book Value 235,011.54 EUR Valued At 0.8812905 EUR For 219,441.01 USD Fed Tax Cost Of Proceeds 3,000 Shares At 64.5606 EUR","5,335.86"
01/26/22,Sale,"Sold 171,611.19 Units Of 231,340.54 -232,610.51 British Pound Trade Date 1/25/22 Value Date 1/26/22 Book Value 171,611.19 GBP Traded At 0.74181201 GBP To 1 USD Valued At 0.74181201 GBP For 231,340.54 USD Net Proceeds 231,340.54 USD Fed ST Currency Loss On GBP Of 1,269.97- USD 25233 00- -A -UC-UZ -365-04","236,676.40"
01/26/22,Sale,"Sold 169,844.85 Units Of 228,976.40 -230,216.31 British Pound Trade Date 1/25/22 Value Date 1/26/22 Book Value 169,844.85 GBP Traded At 0.74175701 GBP To 1 USD Valued At 0.74175701 GBP For 228,976.40 USD Net Proceeds 228,976.40 USD Fed ST Currency Loss On GBP Of 1,239.92- USD Fx7370414-Aset","465,652.80"
01/26/22,Sale,"Sold 1,594,621.47 Units Of 172,146.71 -173,748.63 Swedish Krona Trade Date 1/25/22 Value Date 1/26/22 Book Value 1,594,621.47 SEK Traded At 9.26315391 SEK To 1 USD Valued At 9.26315391 SEK For 172,146.71 USD Net Proceeds 172,146.71 USD Fed ST Currency Loss On SEK Of 1,601.92- USD Fx7370749-Aset","637,799.51"
01/26/22,Sale,"Sold 193,391.28 Units Of 218,216.95 -219,441.01 Euro Trade Date 1/25/22 Value Date 1/26/22 Book Value 193,391.28 EUR Traded At 0.886234 EUR To 1 USD Valued At 0.886234 EUR For 218,216.95 USD Net Proceeds 218,216.95 USD Fed ST Currency Loss On EUR Of 1,224.06- USD Fx7370754-Aset 171,611.19 British Pound 99999GBP3 169,844.85 British Pound 99999GBP3 25233 00- -A -UC-UZ -365-04","856,016.46"
01/27/22,Purchase,"Purchased 688,568.25 Units Of -688,568.25 688,568.25 First Am Govt Ob Fd Cl X Trade Date 1/27/22","-710,788.71"
01/27/22,Sale,"Sold 43,296.97 Units Of 43,296.97 -43,296.97 First Am Govt Ob Fd Cl X Trade Date 1/27/22","-667,491.74"
01/27/22,Sale,"Sold 2,000 Shares Of 171,945.14 -172,601.01 Advantest Corp Ord(Jp) Net Proceeds 19,590,570 JPY Trade Date 1/25/22 Sold Through Jeffus33 Jefferies Jersey City Paid 29,430 JPY Brokerage Book Value 15,200,141 JPY Valued At 113.935 JPY For 171,945.14 USD Fed Tax Cost Of Proceeds 2,000 Shares At 9,810 JPY","-495,546.60"
01/27/22,Sale,"Sold 5,000 Shares Of 210,111.36 -269,411.32 Mercari Inc Net Proceeds 23,939,038 JPY Trade Date 1/25/22 Sold Through Jeffus33 Jefferies Jersey City Paid 35,962 JPY Brokerage Sold On The Tokyo Stock Exchange Book Value 27,446,069 JPY Valued At 113.935 JPY For 210,111.36 USD Fed Tax Cost Of Proceeds 5,000 Shares At 4,795 JPY 25233 00- -A -UC-UZ -365-04","-285,435.24"
01/27/22,Sale,"Sold 1,000 Shares Of 285,698.86 -335,209.28 Disco Corporation Net Proceeds 32,551,100 JPY Trade Date 1/25/22 Sold Through Jeffus33 Jefferies Jersey City Paid 48,900 JPY Brokerage Book Value 29,315,729 JPY Valued At 113.935 JPY For 285,698.86 USD Fed Tax Cost Of Proceeds 1,000 Shares At 32,600 JPY",263.62
01/27/22,Sale,"Sold 23,939,038.00 Units Of 210,028.41 -210,111.36 Yen Trade Date 1/25/22 Value Date 1/27/22 Book Value 23,939,038 JPY Traded At 113.97999918 JPY To 1 USD Valued At 113.97999918 JPY For 210,028.41 USD Net Proceeds 210,028.41 USD Fed ST Currency Loss On JPY Of 82.95- USD Fx7371078-Aset","210,292.03"
01/27/22,Sale,"Sold 32,551,100.00 Units Of 285,586.07 -285,698.86 Yen Trade Date 1/25/22 Value Date 1/27/22 Book Value 32,551,100 JPY Traded At 113.97999909 JPY To 1 USD Valued At 113.97999909 JPY For 285,586.07 USD Net Proceeds 285,586.07 USD Fed ST Currency Loss On JPY Of 112.79- USD Fx7371079-Aset 25233 00- -A -UC-UZ -365-04","495,878.10"
01/27/22,Sale,"Sold 19,590,570.00 Units Of 171,877.26 -171,945.14 Yen Trade Date 1/25/22 Value Date 1/27/22 Book Value 19,590,570 JPY Traded At 113.97999945 JPY To 1 USD Valued At 113.97999945 JPY For 171,877.26 USD Net Proceeds 171,877.26 USD Fed ST Currency Loss On JPY Of 67.88- USD Fx7371077-Aset 19,590,570 Yen 99999JPY3 23,939,038 Yen 99999JPY3 32,551,100 Yen 99999JPY3","667,755.36"
01/28/22,Sale,"Sold 46,527.52 Units Of 46,527.52 -46,527.52 First Am Govt Ob Fd Cl X Trade Date 1/28/22",0.00
01/28/22,Sale,"Sold 10,000 Shares Of 22,114.52 -24,079.15 Boku Inc Net Proceeds 16,385.38 GBP Trade Date 12/31/21 Sold Through Jeffgb2x Jefferies Intl London Paid 24.62 GBP Brokerage Sold On The London Stock Exchange Book Value 17,442.79 GBP Valued At 0.740933 GBP For 22,114.52 USD Fed Tax Cost Of Proceeds 10,000 Shares At 1.641 GBP 25233 00- -A -UC-UZ -365-04","22,114.52"
01/31/22,Sale,"Sold 378,845.29 Units Of 378,845.29 -378,845.29 First Am Govt Ob Fd Cl X Trade Date 1/31/22","-21,911.53"
01/31/22,Sale,"Sold 16,385.38 Units Of 21,911.53 -22,114.52 British Pound Trade Date 1/28/22 Value Date 1/31/22 Book Value 16,385.38 GBP Traded At 0.74779716 GBP To 1 USD Valued At 0.74779716 GBP For 21,911.53 USD Net Proceeds 21,911.53 USD Fed ST Currency Loss On GBP Of 202.99- USD Fx7377837-Aset Transfer From Another Account",0.00
02/01/22,Sale,"Sold 391,947.47 Units Of 391,947.47 -391,947.47 First Am Govt Ob Fd Cl X Trade Date 2/1/22","469,721.46"
02/01/22,Purchase,"Purchased 417,744.43 Units Of -469,721.46 469,721.46 Euro Trade Date 1/31/22 Value Date 2/1/22 Book Value 417,744.43 EUR Traded At 0.889345 EUR To 1 USD Valued At 0.889345 EUR For 469,721.46 USD Net Cost 469,721.46 USD 417,744.43 Units At 1 EUR Fx7380339-Aset",0.00
02/01/22,Purchase,"Purchased 10,000 Shares Of -465,743.23 465,743.23 Orpea Net Cost 417,744.43 EUR Trade Date 1/28/22 Purchased Through Parbfrpp Banque Paribas Fr Paid 623.81 EUR Brokerage Paid 1,247.62 EUR Misc Fee1 Book Value 417,744.43 EUR Valued At 0.8969415 EUR For 465,743.23 USD Fed Tax Cost Reduction 469,721.46- USD Fed ST Currency Loss Of 3,978.23- USD 10,000 Shares At 41.5873 EUR Raysearch Laboratories Ab Valued At 8.31095 SEK For 53,737.06 USD Market Value Of 23,485.12 USD Transfer From Eclr To Sweden 25233 00- -A -UC-UZ -365-04","-465,743.23"
02/01/22,Sale,"Sold 14,447 Shares Of 75,741.33 -162,778.21 Raysearch Laboratories Ab Net Proceeds 690,132.29 SEK Trade Date 1/20/22 Sold Through Jeffus33 Jefferies Jersey City Paid 1,036.75 SEK Brokerage Book Value 1,293,691.35 SEK Valued At 9.1117 SEK For 75,741.33 USD Fed Tax Cost Of Proceeds 14,447 Shares At 47.8417 SEK","-390,001.90"
02/01/22,Sale,"Sold 16,056 Shares Of 76,282.24 -176,910.95 Raysearch Laboratories Ab Net Proceeds 700,099.34 SEK Trade Date 1/24/22 Sold Through Jeffus33 Jefferies Jersey City Paid 1,051.73 SEK Brokerage Book Value 1,437,773.12 SEK Valued At 9.17775 SEK For 76,282.24 USD Fed Tax Cost Of Proceeds 16,056 Shares At 43.66910002 SEK Raysearch Laboratories Ab Valued At 1,384,500.00 SEK Book Value 2,686,422.12 SEK Valued At 9.3341 SEK For 148,327.10 USD Market Value Of 148,327.10 USD Transfer From Eclr To Sweden First Am Govt Ob Fd Cl X Interest From 1/1/22 To 1/31/22 25233 00- -A -UC-UZ -365-04","-313,719.66"
02/02/22,Sale,"Sold 64,905.39 Units Of 64,905.39 -64,905.39 First Am Govt Ob Fd Cl X Trade Date 2/2/22","-39,313.36"
02/02/22,Purchase,"Purchased 100 Shares Of -110,605.00 110,605.00 Mercadolibre Inc Trade Date 1/31/22 Purchased Through Jefferies LLC Paid 4.00 USD Brokerage Purchased On The OTC Bulletin Board 100 Shares At 1,106.01 USD","-149,918.36"
02/02/22,Sale,"Sold 690,132.29 Units Of 74,415.30 -75,741.33 Swedish Krona Trade Date 2/1/22 Value Date 2/2/22 Book Value 690,132.29 SEK Traded At 9.27406447 SEK To 1 USD Valued At 9.27406447 SEK For 74,415.30 USD Net Proceeds 74,415.30 USD Fed ST Currency Loss On SEK Of 1,326.03- USD Fx7381022-Aset 25233 00- -A -UC-UZ -365-04","-75,503.06"
02/02/22,Sale,"Sold 700,099.34 Units Of 75,503.06 -76,282.24 Swedish Krona Trade Date 2/1/22 Value Date 2/2/22 Book Value 700,099.34 SEK Traded At 9.27246313 SEK To 1 USD Valued At 9.27246313 SEK For 75,503.06 USD Net Proceeds 75,503.06 USD Fed ST Currency Loss On SEK Of 779.18- USD Fx7381061-Aset",0.00
02/03/22,Sale,"Reversal- 6,111 Shares Of 72,524.54 -72,524.54 Mister Spex SE Npv Net Proceeds 64,696.28 EUR Trade Date 2/1/22 Sold Through Parbdeff Bnp Paribas Frankfurt Paid 96.90- EUR Brokerage Sold On The Deutsche Boerse Ag Book Value 64,696.28 EUR Valued At 0.8920605 EUR For 72,524.54 USD Fed Tax Cost Of Proceeds 6,111 Shares At 10.57099984 EUR","72,524.54"
02/03/22,Purchase,"Purchased 4,657 Shares Of -55,268.66 55,268.66 Mister Spex SE Npv Net Cost 49,302.99 EUR Trade Date 2/1/22 Purchased Through Parbdeff Bnp Paribas Frankfurt Paid 73.84 EUR Brokerage Purchased On The Deutsche Boerse Ag Book Value 49,302.99 EUR Valued At 0.8920605 EUR For 55,268.66 USD Fed Tax Cost Reduction 55,268.66- USD 4,657 Shares At 10.57100064 EUR","17,255.88"
02/03/22,Sale,"Sold 94,681.34 Units Of 94,681.34 -94,681.34 First Am Govt Ob Fd Cl X Trade Date 2/3/22 25233 00- -A -UC-UZ -365-04","90,254.43"
02/03/22,Purchase,"Purchased 64,696.28 Units Of -72,998.55 72,998.55 Euro Trade Date 2/1/22 Value Date 2/3/22 Book Value 64,696.28 EUR Traded At 0.88626801 EUR To 1 USD Valued At 0.88626801 EUR For 72,998.55 USD Net Cost 72,998.55 USD 64,696.28 Units At 1 EUR Fx7382306-Aset","17,255.88"
02/03/22,Purchase,"Purchased 6,111 Shares Of -72,524.54 72,524.54 Mister Spex SE Npv Net Cost 64,696.28 EUR Trade Date 2/1/22 Purchased Through Parbdeff Bnp Paribas Frankfurt Paid 96.90 EUR Brokerage Purchased On The Deutsche Boerse Ag Book Value 64,696.28 EUR Valued At 0.8920605 EUR For 72,524.54 USD Fed Tax Cost Reduction 72,998.55- USD Fed ST Currency Loss Of 474.01- USD 6,111 Shares At 10.57099984 EUR","-55,268.66"
02/03/22,Purchase,"Purchased 1,454 Shares Of -17,255.88 17,255.88 Mister Spex SE Npv Net Cost 15,393.29 EUR Trade Date 2/1/22 Purchased Through Parbdeff Bnp Paribas Frankfurt Paid 23.06 EUR Brokerage Purchased On The Deutsche Boerse Ag Book Value 15,393.29 EUR Valued At 0.8920605 EUR For 17,255.88 USD Fed Tax Cost Reduction 17,255.88- USD 1,454 Shares At 10.571 EUR 64,696.28 Euro 99999EUR3 -49,302.99 Euro 99999EUR3 25233 00- -A -UC-UZ -365-04","-72,524.54"
02/04/22,Sale,"Sold 441,429.96 Units Of 441,429.96 -441,429.96 First Am Govt Ob Fd Cl X Trade Date 2/4/22","460,308.61"
02/04/22,Purchase,"Purchased 200,688.31 Units Of -226,803.61 226,803.61 Euro Trade Date 2/3/22 Value Date 2/4/22 Book Value 200,688.31 EUR Traded At 0.88485501 EUR To 1 USD Valued At 0.88485501 EUR For 226,803.61 USD Net Cost 226,803.61 USD 200,688.31 Units At 1 EUR Fx7384480-Aset","233,505.00"
02/04/22,Purchase,"Purchased 200 Shares Of -233,505.00 233,505.00 Mercadolibre Inc Trade Date 2/2/22 Purchased Through Jefferies LLC Paid 8.00 USD Brokerage Purchased On The OTC Bulletin Board 200 Shares At 1,167.485 USD 25233 00- -A -UC-UZ -365-04",0.00
02/04/22,Purchase,"Purchased 18,889 Shares Of -225,754.26 225,754.26 Mister Spex SE Npv Net Cost 200,688.31 EUR Trade Date 2/2/22 Purchased Through Parbfrpp Banque Paribas Fr Paid 300.58 EUR Brokerage Purchased On The Deutsche Boerse Ag Book Value 200,688.31 EUR Valued At 0.888968 EUR For 225,754.26 USD Fed Tax Cost Reduction 226,803.61- USD Fed ST Currency Loss Of 1,049.35- USD 18,889 Shares At 10.6087 EUR -200,688.31 Euro 99999EUR3","-225,754.26"
02/07/22,Sale,"Sold 263,822.49 Units Of 263,822.49 -263,822.49 First Am Govt Ob Fd Cl X Trade Date 2/7/22 Musti Group Oy 0.22 EUR/Share On 25,000 Shares Due 2/8/22 Received 5,500.00 EUR Valued At 0.87768615 EUR For 6,266.48 USD Musti Group Oy Non-USD Taxes 1,925.00 EUR Valued At 0.87768615 EUR For 2,193.27 USD 35.0000000% Foreign Taxes Withheld 25233 00- -A -UC-UZ -365-04",0.00
02/08/22,Sale,"Sold 3,575.00 Units Of 4,073.21 -4,073.21 Euro Trade Date 2/8/22 Value Date 2/8/22 Book Value 3,575.00 EUR Traded At 0.87768615 EUR To 1 USD Valued At 0.87768615 EUR For 4,073.21 USD Net Proceeds 4,073.21 USD Repatriating Musti Group Oy Transfer To Income Musti Group Oy Repatriating Musti Group Oy Transfer From Principal Musti Group Oy Repatriating Musti Group Oy Transfer From Another Account","8,146.42"
02/08/22,Purchase,"Purchased 4,785.45 Units Of -4,785.45 4,785.45 First Am Govt Ob Fd Cl X Trade Date 2/8/22 3,575.00 Euro 99999EUR3 Transfer From Another Account","4,073.21"
02/09/22,Purchase,"Purchased 34,996.54 Units Of -34,996.54 34,996.54 First Am Govt Ob Fd Cl X Trade Date 2/9/22 25233 00- -A -UC-UZ -365-04",0.00
02/10/22,Sale,"Sold 1,124.20 Units Of 1,521.43 -1,521.43 British Pound Trade Date 2/9/22 Value Date 2/10/22 Book Value 1,124.20 GBP Traded At 0.73891 GBP To 1 USD Valued At 0.73891 GBP For 1,521.43 USD Net Proceeds 1,521.43 USD Repatriating Future Plc Transfer To Income Future Plc Repatriating Future Plc Transfer From Principal Future Plc Repatriating Future Plc","3,042.86"
02/10/22,Sale,"Sold 75,027.63 Units Of 75,027.63 -75,027.63 First Am Govt Ob Fd Cl X Trade Date 2/10/22 25233 00- -A -UC-UZ -365-04","-151,002.13"
02/10/22,Purchase,"Purchased 162,397.53 Units Of -185,659.77 185,659.77 Euro Trade Date 2/8/22 Value Date 2/10/22 Book Value 162,397.53 EUR Traded At 0.874705 EUR To 1 USD Valued At 0.874705 EUR For 185,659.77 USD Net Cost 185,659.77 USD 162,397.53 Units At 1 EUR Fx7391400-Aset","-336,661.90"
02/10/22,Purchase,"Purchased 485,395.28 Units Of -53,425.24 53,425.24 Swedish Krona Trade Date 2/9/22 Value Date 2/10/22 Book Value 485,395.28 SEK Traded At 9.0855049 SEK To 1 USD Valued At 9.0855049 SEK For 53,425.24 USD Net Cost 53,425.24 USD 485,395.28 Units At 1 SEK Fx7392422-Aset","-390,087.14"
02/10/22,Sale,"Sold 10,100 Shares Of 175,760.42 -332,106.42 Ocado Group Plc Net Proceeds 129,889.85 GBP Trade Date 2/8/22 Sold Through Jeffgb2x Jefferies Intl London Paid 195.13 GBP Brokerage Paid 1.00 GBP Misc Fee1 Sold On The London Stock Exchange Book Value 165,619.05 GBP Valued At 0.7390165 GBP For 175,760.42 USD Fed Tax Cost Of Proceeds 10,100 Shares At 12.8798 GBP 25233 00- -A -UC-UZ -365-04","-214,326.72"
02/10/22,Sale,"Sold 100,000 Shares Of 217,528.97 -292,443.21 Learning Technologies Group Net Proceeds 160,757.50 GBP Trade Date 2/8/22 Sold Through Jeffgb2x Jefferies Intl London Paid 241.50 GBP Brokerage Paid 1.00 GBP Misc Fee1 Sold On The London Stock Exchange Book Value 142,267.66 GBP Valued At 0.7390165 GBP For 217,528.97 USD Fed Tax Cost Of Proceeds 100,000 Shares At 1.61 GBP","3,202.25"
02/10/22,Purchase,"Purchased 100 Shares Of -185,872.16 185,872.16 Adyen Bv Net Cost 162,397.53 EUR Trade Date 2/8/22 Purchased Through Parbfrpp Banque Paribas Fr Paid 243.23 EUR Brokerage Purchased On The NYSE Euronext - Euronext Amste Book Value 162,397.53 EUR Valued At 0.8737055 EUR For 185,872.16 USD Fed Tax Cost Reduction 185,659.77- USD Fed ST Currency Gain Of 212.39 USD 100 Shares At 1,621.543 EUR","-182,669.91"
02/10/22,Purchase,"Purchased 13,809 Shares Of -53,226.08 53,226.08 Tobii Ab Net Cost 485,395.28 SEK Trade Date 2/8/22 Purchased Through Parbfrpp Banque Paribas Fr Paid 727.00 SEK Brokerage Book Value 485,395.28 SEK Valued At 9.1195 SEK For 53,226.08 USD Fed Tax Cost Reduction 53,425.24- USD Fed ST Currency Loss Of 199.16- USD 13,809 Shares At 35.09799986 SEK 25233 00- -A -UC-UZ -365-04","-235,895.99"
02/10/22,Sale,"Sold 129,889.85 Units Of 175,682.09 -175,760.42 British Pound Trade Date 2/8/22 Value Date 2/10/22 Book Value 129,889.85 GBP Traded At 0.739346 GBP To 1 USD Valued At 0.739346 GBP For 175,682.09 USD Net Proceeds 175,682.09 USD Fed ST Currency Loss On GBP Of 78.33- USD Fx7391072-Aset","-60,213.90"
02/10/22,Sale,"Sold 160,757.50 Units Of 217,447.91 -217,528.97 British Pound Trade Date 2/8/22 Value Date 2/10/22 Book Value 160,757.50 GBP Traded At 0.739292 GBP To 1 USD Valued At 0.739292 GBP For 217,447.91 USD Net Proceeds 217,447.91 USD Fed ST Currency Loss On GBP Of 81.06- USD Fx7391078-Aset 1,124.20 British Pound 99999GBP3 129,889.85 British Pound 99999GBP3 160,757.50 British Pound 99999GBP3 -162,397.53 Euro 99999EUR3 -485,395.28 Swedish Krona 99999SEK5 25233 00- -A -UC-UZ -365-04","157,234.01"
02/11/22,Sale,"Sold 17,229.2 Units Of 17,229.20 -17,229.20 First Am Govt Ob Fd Cl X Trade Date 2/11/22","62,140.15"
02/11/22,Purchase,"Purchased 571,459.12 Units Of -62,140.15 62,140.15 Swedish Krona Trade Date 2/10/22 Value Date 2/11/22 Book Value 571,459.12 SEK Traded At 9.19629451 SEK To 1 USD Valued At 9.19629451 SEK For 62,140.15 USD Net Cost 62,140.15 USD 571,459.12 Units At 1 SEK Fx7394638-Aset",0.00
02/11/22,Purchase,"Purchased 16,191 Shares Of -62,371.05 62,371.05 Tobii Ab Net Cost 571,459.12 SEK Trade Date 2/9/22 Purchased Through Parbfrpp Banque Paribas Fr Paid 855.90 SEK Brokerage Book Value 571,459.12 SEK Valued At 9.16225 SEK For 62,371.05 USD Fed Tax Cost Reduction 62,140.15- USD Fed ST Currency Gain Of 230.90 USD 16,191 Shares At 35.24199988 SEK -571,459.12 Swedish Krona 99999SEK5 Transfer From Another Account","-62,371.05"
02/14/22,Purchase,"Purchased 64,981.84 Units Of -64,981.84 64,981.84 First Am Govt Ob Fd Cl X Trade Date 2/14/22 25233 00- -A -UC-UZ -365-04",0.00
02/15/22,Purchase,"Purchased 13,772.54 Units Of -13,772.54 13,772.54 First Am Govt Ob Fd Cl X Trade Date 2/15/22 Transfer From Another Account",0.00
02/16/22,Purchase,"Purchased 2,405.75 Units Of -2,405.75 2,405.75 First Am Govt Ob Fd Cl X Trade Date 2/16/22 Transfer From Another Account",0.00
02/17/22,Purchase,"Purchased 21,110.92 Units Of -21,110.92 21,110.92 First Am Govt Ob Fd Cl X Trade Date 2/17/22 25233 00- -A -UC-UZ -365-04",0.00
02/18/22,Purchase,"Purchased 77,087.91 Units Of -77,087.91 77,087.91 First Am Govt Ob Fd Cl X Trade Date 2/18/22",0.00
02/22/22,Sale,"Sold 666,753.34 Units Of 666,753.34 -666,753.34 First Am Govt Ob Fd Cl X Trade Date 2/22/22","-519,028.90"
02/24/22,Sale,"Sold 10,000 Shares Of 163,043.67 -384,559.36 Frontier Developments Plc Net Proceeds 119,819.00 GBP Trade Date 2/22/22 Sold Through Parbfrpp Banque Paribas Fr Paid 180.00 GBP Brokerage Paid 1.00 GBP Misc Fee1 Sold On The London Stock Exchange Book Value 217,908.00 GBP Valued At 0.734889 GBP For 163,043.67 USD Fed Tax Cost Of Proceeds 10,000 Shares At 12 GBP 25233 00- -A -UC-UZ -365-04","-1,014,411.28"
02/24/22,Sale,"Sold 15,000 Shares Of 335,131.59 -384,754.37 Entain Plc Net Proceeds 246,284.52 GBP Trade Date 2/22/22 Sold Through Crst 871 Paid 369.98 GBP Brokerage Paid 1.00 GBP Misc Fee1 Sold On The London Stock Exchange Book Value 206,670.24 GBP Valued At 0.734889 GBP For 335,131.59 USD Fed Tax Cost Of Proceeds 15,000 Shares At 16.4437 GBP","-679,279.69"
02/24/22,Sale,"Sold 2,000 Shares Of 501,157.44 -146,055.52 Solaredge Technologies Inc Trade Date 2/22/22 Sold Through Jefferies LLC Paid 80.00 USD Brokerage Paid 2.56 USD Sec Fee Sold On The OTC Bulletin Board 2,000 Shares At 250.62 USD","-178,122.25"
02/24/22,Sale,"Sold 246,284.52 Units Of 334,341.33 -335,131.59 British Pound Trade Date 2/22/22 Value Date 2/24/22 Book Value 246,284.52 GBP Traded At 0.73662601 GBP To 1 USD Valued At 0.73662601 GBP For 334,341.33 USD Net Proceeds 334,341.33 USD Fed ST Currency Loss On GBP Of 790.26- USD Fx7409913-Aset","156,219.08"
02/24/22,Sale,"Sold 119,819.00 Units Of 162,683.06 -163,043.67 British Pound Trade Date 2/22/22 Value Date 2/24/22 Book Value 119,819.00 GBP Traded At 0.73651799 GBP To 1 USD Valued At 0.73651799 GBP For 162,683.06 USD Net Proceeds 162,683.06 USD Fed ST Currency Loss On GBP Of 360.61- USD 25233 00- -A -UC-UZ -365-04","318,902.14"
02/25/22,Purchase,"Purchased 342,498.41 Units Of -342,498.41 342,498.41 First Am Govt Ob Fd Cl X Trade Date 2/25/22 25233 00- -A -UC-UZ -365-04","-425,493.97"
02/25/22,Sale,"Sold 10,000 Shares Of 180,533.98 -272,291.89 Ocado Group Plc Net Proceeds 132,789.51 GBP Trade Date 2/23/22 Sold Through Crest 393 Paid 199.49 GBP Brokerage Paid 1.00 GBP Misc Fee1 Sold On The London Stock Exchange Book Value 163,979.26 GBP Valued At 0.7355375 GBP For 180,533.98 USD Fed Tax Cost Of Proceeds 10,000 Shares At 13.299 GBP","-244,959.99"
02/25/22,Sale,"Sold 50,000 Shares Of 246,671.90 -291,545.79 Ds Smith Plc Net Proceeds 181,436.43 GBP Trade Date 2/23/22 Sold Through Crest 393 Paid 272.57 GBP Brokerage Paid 1.00 GBP Misc Fee1 Sold On The London Stock Exchange Book Value 193,601.11 GBP Valued At 0.7355375 GBP For 246,671.90 USD Fed Tax Cost Of Proceeds 50,000 Shares At 3.6342 GBP","1,711.91"
02/25/22,Sale,"Sold 132,789.51 Units Of 179,802.95 -180,533.98 British Pound Trade Date 2/23/22 Value Date 2/25/22 Book Value 132,789.51 GBP Traded At 0.73852798 GBP To 1 USD Valued At 0.73852798 GBP For 179,802.95 USD Net Proceeds 179,802.95 USD Fed ST Currency Loss On GBP Of 731.03- USD Fx7411759-Aset 25233 00- -A -UC-UZ -365-04","181,514.86"
02/25/22,Sale,"Sold 181,436.43 Units Of 245,691.02 -246,671.90 British Pound Trade Date 2/23/22 Value Date 2/25/22 Book Value 181,436.43 GBP Traded At 0.738474 GBP To 1 USD Valued At 0.738474 GBP For 245,691.02 USD Net Proceeds 245,691.02 USD Fed ST Currency Loss On GBP Of 980.88- USD Fx7411774-Aset 132,789.51 British Pound 99999GBP3 181,436.43 British Pound 99999GBP3 Comture Corp 9.25 JPY/Share On 32,080 Shares Due 2/28/22 Received 296,740 JPY Valued At 115.7 JPY For 2,564.74 USD Comture Corp Non-USD Taxes 45,446 JPY Valued At 115.7 JPY For 392.80 USD 15.3150000% Foreign Taxes Withheld","427,205.88"
02/28/22,Sale,"Sold 251,294.00 Units Of 2,171.94 -2,171.94 Yen Trade Date 2/28/22 Value Date 2/28/22 Book Value 251,294 JPY Traded At 115.7 JPY To 1 USD Valued At 115.7 JPY For 2,171.94 USD Net Proceeds 2,171.94 USD Repatriating Comture Corp 25233 00- -A -UC-UZ -365-04","4,343.88"
02/28/22,Purchase,"Purchased 305,706.03 Units Of -305,706.03 305,706.03 First Am Govt Ob Fd Cl X Trade Date 2/28/22","-231,102.55"
02/28/22,Sale,"Sold 50,000 Shares Of 236,746.10 -317,766.46 Z Holdings Corp Net Proceeds 27,234,088 JPY Trade Date 2/24/22 Sold Through Jeffus33 Jefferies Jersey City Paid 40,912 JPY Brokerage Book Value 29,759,851 JPY Valued At 115.035 JPY For 236,746.10 USD Fed Tax Cost Of Proceeds 50,000 Shares At 545.5 JPY","5,643.55"
02/28/22,Sale,"Sold 27,234,088.00 Units Of 235,446.43 -236,746.10 Yen Trade Date 2/25/22 Value Date 2/28/22 Book Value 27,234,088 JPY Traded At 115.66999763 JPY To 1 USD Valued At 115.66999763 JPY For 235,446.43 USD Net Proceeds 235,446.43 USD Fed ST Currency Loss On JPY Of 1,299.67- USD Fx7415751-Aset 251,294 Yen 99999JPY3 25233 00- -A -UC-UZ -365-04","241,089.98"
03/01/22,Sale,"Sold 347,442.28 Units Of 347,442.28 -347,442.28 First Am Govt Ob Fd Cl X Trade Date 3/1/22","371,555.61"
03/01/22,Purchase,"Purchased 137,205.50 Units Of -184,217.66 184,217.66 British Pound Trade Date 2/25/22 Value Date 3/1/22 Book Value 137,205.50 GBP Traded At 0.74480101 GBP To 1 USD Valued At 0.74480101 GBP For 184,217.66 USD Net Cost 184,217.66 USD 137,205.5 Units At 1 GBP Fx7417822-Aset","187,337.95"
03/01/22,Purchase,"Purchased 166,075.84 Units Of -187,337.95 187,337.95 Euro Trade Date 2/25/22 Value Date 3/1/22 Book Value 166,075.84 EUR Traded At 0.88650399 EUR To 1 USD Valued At 0.88650399 EUR For 187,337.95 USD Net Cost 187,337.95 USD 166,075.84 Units At 1 EUR Fx7417823-Aset 25233 00- -A -UC-UZ -365-04",0.00
03/01/22,Purchase,"Purchased 100,000 Shares Of -182,160.90 182,160.90 Boku Inc Net Cost 137,205.50 GBP Trade Date 2/25/22 Purchased Through Crst 871 Paid 205.50 GBP Brokerage Purchased On The London Stock Exchange Book Value 137,205.50 GBP Valued At 0.7532105 GBP For 182,160.90 USD Fed Tax Cost Reduction 184,217.66- USD Fed ST Currency Loss Of 2,056.76- USD 100,000 Shares At 1.37 GBP","-182,160.90"
03/01/22,Purchase,"Purchased 3,000 Shares Of -184,576.70 184,576.70 Zalando SE Net Cost 166,075.84 EUR Trade Date 2/25/22 Purchased Through Parbfrpp Banque Paribas Fr Paid 248.74 EUR Brokerage Book Value 166,075.84 EUR Valued At 0.899766 EUR For 184,576.70 USD Fed Tax Cost Reduction 187,337.95- USD Fed ST Currency Loss Of 2,761.25- USD 3,000 Shares At 55.2757 EUR First Am Govt Ob Fd Cl X Interest From 2/1/22 To 2/28/22 -137,205.50 British Pound 99999GBP3 -166,075.84 Euro 99999EUR3 Transfer From Another Account","-366,737.60"
03/03/22,Purchase,"Purchased 717,318.92 Units Of -717,318.92 717,318.92 First Am Govt Ob Fd Cl X Trade Date 3/3/22","-706,545.32"
03/03/22,Sale,"Sold 15,000 Shares Of 283,489.91 -347,832.88 Monotaro Co Ltd First Section Net Proceeds 32,650,950 JPY Trade Date 3/1/22 Sold Through Jeffus33 Jefferies Jersey City Paid 49,050 JPY Brokerage Book Value 30,694,949 JPY Valued At 115.175 JPY For 283,489.91 USD Fed Tax Cost Of Proceeds 15,000 Shares At 2,180 JPY","-423,055.41"
03/03/22,Sale,"Sold 20,000 Shares Of 423,543.42 -412,891.61 Entain Plc Net Proceeds 315,664.79 GBP Trade Date 3/1/22 Sold Through Crst 871 Paid 474.21 GBP Brokerage Paid 1.00 GBP Misc Fee1 Sold On The London Stock Exchange Book Value 275,560.32 GBP Valued At 0.745295 GBP For 423,543.42 USD Fed Tax Cost Of Proceeds 20,000 Shares At 15.807 GBP",488.01
03/03/22,Sale,"Sold 32,650,950.00 Units Of 283,946.00 -283,489.91 Yen Trade Date 3/1/22 Value Date 3/3/22 Book Value 32,650,950 JPY Traded At 114.9899981 JPY To 1 USD Valued At 114.9899981 JPY For 283,946.00 USD Net Proceeds 283,946.00 USD Fed ST Currency Gain On JPY Of 456.09 USD Fx7422493-Aset 25233 00- -A -UC-UZ -365-04","284,434.01"
03/03/22,Sale,"Sold 315,664.79 Units Of 422,599.32 -423,543.42 British Pound Trade Date 3/2/22 Value Date 3/3/22 Book Value 315,664.79 GBP Traded At 0.74696 GBP To 1 USD Valued At 0.74696 GBP For 422,599.32 USD Net Proceeds 422,599.32 USD Fed ST Currency Loss On GBP Of 944.10- USD Fx7424940-Aset 32,650,950 Yen 99999JPY3 315,664.79 British Pound 99999GBP3 Lasertec Corp 32 JPY/Share On 3,000 Shares Due 3/4/22 Received 96,000 JPY Valued At 115.71 JPY For 829.66 USD Lasertec Corp Non-USD Taxes 14,702 JPY Valued At 115.71 JPY For 127.06 USD 15.3150000% Foreign Taxes Withheld","707,033.33"
03/04/22,Sale,"Sold 81,298.00 Units Of 702.60 -702.60 Yen Trade Date 3/4/22 Value Date 3/4/22 Book Value 81,298 JPY Traded At 115.71 JPY To 1 USD Valued At 115.71 JPY For 702.60 USD Net Proceeds 702.60 USD Repatriating Lasertec Corp 25233 00- -A -UC-UZ -365-04","1,405.20"
03/04/22,Sale,"Sold 30,847.65 Units Of 30,847.65 -30,847.65 First Am Govt Ob Fd Cl X Trade Date 3/4/22 81,298 Yen 99999JPY3 Transfer From Another Account","1,405.20"
03/07/22,Purchase,"Purchased 245,853.93 Units Of -245,853.93 245,853.93 First Am Govt Ob Fd Cl X Trade Date 3/7/22 25233 00- -A -UC-UZ -365-04","-273,157.91"
03/07/22,Sale,"Sold 4,121 Shares Of 276,921.92 -301,319.73 Dermapharm Hldg Net Proceeds 250,211.83 EUR Trade Date 3/3/22 Sold Through Parbfrpp Banque Paribas Fr Paid 375.88 EUR Brokerage Sold On The Deutsche Boerse Ag Book Value 284,053.94 EUR Valued At 0.9035465 EUR For 276,921.92 USD Fed Tax Cost Of Proceeds 4,121 Shares At 60.8075 EUR","3,764.01"
03/07/22,Sale,"Sold 250,211.83 Units Of 273,157.91 -276,921.92 Euro Trade Date 3/4/22 Value Date 3/7/22 Book Value 250,211.83 EUR Traded At 0.91599701 EUR To 1 USD Valued At 0.91599701 EUR For 273,157.91 USD Net Proceeds 273,157.91 USD Fed ST Currency Loss On EUR Of 3,764.01- USD Fx7427343-Aset 250,211.83 Euro 99999EUR3 Transfer From Another Account","276,921.92"
03/08/22,Sale,"Sold 365,473.87 Units Of 365,473.87 -365,473.87 First Am Govt Ob Fd Cl X Trade Date 3/8/22","373,196.20"
03/08/22,Purchase,"Purchased 341,914.52 Units Of -373,196.20 373,196.20 Euro Trade Date 3/7/22 Value Date 3/8/22 Book Value 341,914.52 EUR Traded At 0.916179 EUR To 1 USD Valued At 0.916179 EUR For 373,196.20 USD Net Cost 373,196.20 USD 341,914.52 Units At 1 EUR Fx7429584-Aset",0.00
03/08/22,Purchase,"Purchased 20,000 Shares Of -378,243.06 378,243.06 Ebro Foods Sa Net Cost 341,914.52 EUR Trade Date 3/4/22 Purchased Through Jeffus33 Jefferies Jersey City Paid 511.08 EUR Brokerage Paid 681.44 EUR Misc Fee1 Book Value 341,914.52 EUR Valued At 0.9039545 EUR For 378,243.06 USD Fed Tax Cost Reduction 373,196.20- USD Fed ST Currency Gain Of 5,046.86 USD 20,000 Shares At 17.0361 EUR -341,914.52 Euro 99999EUR3 Transfer From Another Account Paid From Account # Cuschecksus US Bank Invoice 25233 00- -A -UC-UZ -365-04","-378,243.06"
03/09/22,Sale,"Sold 119,501.6 Units Of 119,501.60 -119,501.60 First Am Govt Ob Fd Cl X Trade Date 3/9/22","1,396.74"
03/10/22,Sale,"Sold 748,111.89 Units Of 748,111.89 -748,111.89 First Am Govt Ob Fd Cl X Trade Date 3/10/22","-6,985,320.67"
03/10/22,Sale,"Sold 6,000 Shares Of 154,796.71 -164,687.52 Comture Corp Net Proceeds 17,861,218 JPY Trade Date 3/8/22 Sold Through Jeffus33 Jefferies Jersey City Paid 26,832 JPY Brokerage Sold On The Jasdaq Securities Exchange Book Value 15,538,754 JPY Valued At 115.385 JPY For 154,796.71 USD Fed Tax Cost Of Proceeds 6,000 Shares At 2,981.34166667 JPY 25233 00- -A -UC-UZ -365-04","-6,830,523.96"
03/10/22,Sale,"Sold 600 Shares Of 146,056.10 -172,085.56 Disco Corporation Net Proceeds 16,852,683 JPY Trade Date 3/8/22 Sold Through Jeffus33 Jefferies Jersey City Paid 25,317 JPY Brokerage Book Value 17,589,437 JPY Valued At 115.385 JPY For 146,056.10 USD Fed Tax Cost Of Proceeds 600 Shares At 28,130 JPY","-6,684,467.86"
03/10/22,Sale,"Sold 6,000 Shares Of 116,512.58 -124,315.06 Monotaro Co Ltd First Section Net Proceeds 13,443,804 JPY Trade Date 3/8/22 Sold Through Jeffus33 Jefferies Jersey City Paid 20,196 JPY Brokerage Book Value 12,277,979 JPY Valued At 115.385 JPY For 116,512.58 USD Fed Tax Cost Of Proceeds 6,000 Shares At 2,244 JPY","-6,567,955.28"
03/10/22,Sale,"Sold 20,000 Shares Of 84,978.72 -121,825.22 Z Holdings Corp Net Proceeds 9,805,270 JPY Trade Date 3/8/22 Sold Through Jeffus33 Jefferies Jersey City Paid 14,730 JPY Brokerage Book Value 11,903,941 JPY Valued At 115.385 JPY For 84,978.72 USD Fed Tax Cost Of Proceeds 20,000 Shares At 491 JPY","-6,482,976.56"
03/10/22,Sale,"Sold 2,000 Shares Of 155,730.87 -222,095.31 Nidec Corp Net Proceeds 17,969,006 JPY Trade Date 3/8/22 Sold Through Jeffus33 Jefferies Jersey City Paid 26,994 JPY Brokerage Book Value 20,284,803 JPY Valued At 115.385 JPY For 155,730.87 USD Fed Tax Cost Of Proceeds 2,000 Shares At 8,998 JPY 25233 00- -A -UC-UZ -365-04","-6,327,245.69"
03/10/22,Sale,"Sold 1,300 Shares Of 10,124.76 -13,256.96 Rakuten Group Inc Net Proceeds 1,168,245 JPY Trade Date 3/8/22 Sold Through Jeffus33 Jefferies Jersey City Paid 1,755 JPY Brokerage Book Value 1,430,063 JPY Valued At 115.385 JPY For 10,124.76 USD Fed Tax Cost Of Proceeds 1,300 Shares At 900 JPY","-6,317,120.93"
03/10/22,Sale,"Sold 5,000 Shares Of 57,676.50 -82,916.20 Cyberagent Inc Npv Net Proceeds 6,655,003 JPY Trade Date 3/8/22 Sold Through Jeffus33 Jefferies Jersey City Paid 9,997 JPY Brokerage Book Value 8,949,629 JPY Valued At 115.385 JPY For 57,676.50 USD Fed Tax Cost Of Proceeds 5,000 Shares At 1,333 JPY","-6,259,444.43"
03/10/22,Sale,"Sold 10,000 Shares Of 125,933.80 -262,729.12 Japan Elevator Ser Net Proceeds 14,530,871 JPY Trade Date 3/8/22 Sold Through Jeffus33 Jefferies Jersey City Paid 21,829 JPY Brokerage Book Value 20,853,372 JPY Valued At 115.385 JPY For 125,933.80 USD Fed Tax Cost Of Proceeds 10,000 Shares At 1,455.27 JPY","-6,133,510.63"
03/10/22,Sale,"Sold 10,000 Shares Of 99,027.02 -212,885.53 Adevinta Asa B Net Proceeds 895,575.62 NOK Trade Date 3/8/22 Sold Through Jeffus33 Jefferies Jersey City Paid 1,345.38 NOK Brokerage Sold On The Oslo Bors Asa Book Value 1,472,142.80 NOK Valued At 9.04375 NOK For 99,027.02 USD Fed Tax Cost Of Proceeds 10,000 Shares At 89.6921 NOK 25233 00- -A -UC-UZ -365-04","-6,034,483.61"
03/10/22,Sale,"Sold 50,000 Shares Of 128,797.25 -399,195.61 Kahoot Asa Net Proceeds 1,164,810.16 NOK Trade Date 3/8/22 Sold Through Jeffus33 Jefferies Jersey City Paid 1,749.84 NOK Brokerage Sold On The Norwegian Over The Counter Mar Book Value 2,613,280.04 NOK Valued At 9.04375 NOK For 128,797.25 USD Fed Tax Cost Of Proceeds 50,000 Shares At 23.3312 NOK","-5,905,686.36"
03/10/22,Sale,"Sold 4,500 Shares Of 110,316.66 -113,593.88 Nordic Semiconductor Asa Net Proceeds 997,676.29 NOK Trade Date 3/8/22 Sold Through Jeffus33 Jefferies Jersey City Paid 1,498.76 NOK Brokerage Book Value 867,481.66 NOK Valued At 9.04375 NOK For 110,316.66 USD Fed Tax Cost Of Proceeds 4,500 Shares At 222.0389 NOK","-5,795,369.70"
03/10/22,Sale,"Sold 80 Shares Of 129,954.92 -170,902.34 Adyen Bv Net Proceeds 119,493.29 EUR Trade Date 3/8/22 Sold Through Jeffus33 Jefferies Jersey City Paid 179.51 EUR Brokerage Sold On The NYSE Euronext - Euronext Amste Book Value 101,636.93 EUR Valued At 0.919498 EUR For 129,954.92 USD Fed Tax Cost Of Proceeds 80 Shares At 1,495.91 EUR 25233 00- -A -UC-UZ -365-04","-5,665,414.78"
03/10/22,Sale,"Sold 20,000 Shares Of 176,083.44 -241,481.07 Accesso Technology Group Plc Net Proceeds 134,051.62 GBP Trade Date 3/8/22 Sold Through Jeffus33 Jefferies Jersey City Paid 201.38 GBP Brokerage Paid 1.00 GBP Misc Fee1 Sold On The London Stock Exchange Book Value 93,131.98 GBP Valued At 0.761296 GBP For 176,083.44 USD Fed Tax Cost Of Proceeds 20,000 Shares At 6.7127 GBP","-5,489,331.34"
03/10/22,Sale,"Sold 6,000 Shares Of 113,948.69 -84,623.29 Entain Plc Net Proceeds 86,748.68 GBP Trade Date 3/8/22 Sold Through Jeffus33 Jefferies Jersey City Paid 130.32 GBP Brokerage Paid 1.00 GBP Misc Fee1 Sold On The London Stock Exchange Book Value 82,668.10 GBP Valued At 0.761296 GBP For 113,948.69 USD Fed Tax Cost Of Proceeds 6,000 Shares At 14.48 GBP","-5,375,382.65"
03/10/22,Sale,"Sold 4,400 Shares Of 166,826.77 -535,109.83 Orpea Net Proceeds 153,396.88 EUR Trade Date 3/8/22 Sold Through Jeffus33 Jefferies Jersey City Paid 230.44 EUR Brokerage Book Value 310,693.64 EUR Valued At 0.919498 EUR For 166,826.77 USD Fed Tax Cost Of Proceeds 4,400 Shares At 34.9153 EUR 25233 00- -A -UC-UZ -365-04","-5,208,555.88"
03/10/22,Sale,"Sold 6,600 Shares Of 135,124.94 -148,384.76 Lumibird Net Proceeds 124,247.11 EUR Trade Date 3/8/22 Sold Through Jeffus33 Jefferies Jersey City Paid 186.65 EUR Brokerage Sold On The NYSE Euronext - Euronext Paris Book Value 108,904.46 EUR Valued At 0.919498 EUR For 135,124.94 USD Fed Tax Cost Of Proceeds 6,600 Shares At 18.8536 EUR","-5,073,430.94"
03/10/22,Sale,"Sold 3,000 Shares Of 143,622.40 -191,120.48 Hugo Boss Ag Net Proceeds 132,060.51 EUR Trade Date 3/8/22 Sold Through Jeffus33 Jefferies Jersey City Paid 198.39 EUR Brokerage Book Value 162,646.70 EUR Valued At 0.919498 EUR For 143,622.40 USD Fed Tax Cost Of Proceeds 3,000 Shares At 44.0863 EUR","-4,929,808.54"
03/10/22,Sale,"Sold 14,000 Shares Of 138,358.19 -205,453.82 Mister Spex SE Npv Net Proceeds 127,220.08 EUR Trade Date 3/8/22 Sold Through Jeffus33 Jefferies Jersey City Paid 191.12 EUR Brokerage Sold On The Deutsche Boerse Ag Book Value 167,493.21 EUR Valued At 0.919498 EUR For 138,358.19 USD Fed Tax Cost Of Proceeds 14,000 Shares At 9.1008 EUR 25233 00- -A -UC-UZ -365-04","-4,791,450.35"
03/10/22,Sale,"Sold 10,000 Shares Of 130,770.66 -274,577.70 Slm Solutions Group Ag Net Proceeds 120,243.36 EUR Trade Date 3/8/22 Sold Through Jeffus33 Jefferies Jersey City Paid 180.64 EUR Brokerage Book Value 172,307.94 EUR Valued At 0.919498 EUR For 130,770.66 USD Fed Tax Cost Of Proceeds 10,000 Shares At 12.0424 EUR","-4,660,679.69"
03/10/22,Sale,"Sold 30,000 Shares Of 117,356.17 -159,322.01 Ds Smith Plc Net Proceeds 89,342.78 GBP Trade Date 3/8/22 Sold Through Jeffus33 Jefferies Jersey City Paid 134.22 GBP Brokerage Paid 1.00 GBP Misc Fee1 Sold On The London Stock Exchange Book Value 116,160.66 GBP Valued At 0.761296 GBP For 117,356.17 USD Fed Tax Cost Of Proceeds 30,000 Shares At 2.9826 GBP","-4,543,323.52"
03/10/22,Sale,"Sold 5,000 Shares Of 111,857.22 -202,802.71 Musti Group Oy Net Proceeds 102,852.49 EUR Trade Date 3/8/22 Sold Through Jeffus33 Jefferies Jersey City Paid 154.51 EUR Brokerage Sold On The Omx Nordic Exchange Helsinki O Book Value 163,280.56 EUR Valued At 0.919498 EUR For 111,857.22 USD Fed Tax Cost Of Proceeds 5,000 Shares At 20.6014 EUR 25233 00- -A -UC-UZ -365-04","-4,431,466.30"
03/10/22,Sale,"Sold 4,400 Shares Of 100,365.63 -179,584.79 Basware Oyj Npv Net Proceeds 92,286.00 EUR Trade Date 3/8/22 Sold Through Jeffus33 Jefferies Jersey City Paid 138.64 EUR Brokerage Book Value 138,620.12 EUR Valued At 0.919498 EUR For 100,365.63 USD Fed Tax Cost Of Proceeds 4,400 Shares At 21.0056 EUR","-4,331,100.67"
03/10/22,Sale,"Sold 400 Shares Of 154,580.25 -194,874.59 Alk Abello A S Net Proceeds 1,057,784.94 DKK Trade Date 3/8/22 Sold Through Jeffus33 Jefferies Jersey City Paid 1,589.06 DKK Brokerage Book Value 968,427.46 DKK Valued At 6.84295 DKK For 154,580.25 USD Fed Tax Cost Of Proceeds 400 Shares At 2,648.435 DKK","-4,176,520.42"
03/10/22,Sale,"Sold 3,000 Shares Of 141,466.09 -200,200.22 Fnac Darty Net Proceeds 130,077.79 EUR Trade Date 3/8/22 Sold Through Jeffus33 Jefferies Jersey City Paid 195.41 EUR Brokerage Book Value 147,730.83 EUR Valued At 0.919498 EUR For 141,466.09 USD Fed Tax Cost Of Proceeds 3,000 Shares At 43.4244 EUR","-4,035,054.33"
03/10/22,Sale,"Sold 18,000 Shares Of 35,309.33 -0.20 Tobii Dynavox Ab Npv Net Proceeds 351,961.66 SEK Trade Date 3/8/22 Sold Through Jeffus33 Jefferies Jersey City Paid 528.74 SEK Brokerage Sold On The Omx Nordic Exchange Stockholm Book Value 19.80 SEK Valued At 9.96795 SEK For 35,309.33 USD Fed Tax Cost Of Proceeds 18,000 Shares At 19.5828 SEK 25233 00- -A -UC-UZ -365-04","-3,999,745.00"
03/10/22,Sale,"Sold 3,000 Shares Of 115,098.97 -164,505.61 Vitec Software Group Ab B Sh Net Proceeds 1,147,300.76 SEK Trade Date 3/8/22 Sold Through Jeffus33 Jefferies Jersey City Paid 1,723.54 SEK Brokerage Book Value 903,604.03 SEK Valued At 9.96795 SEK For 115,098.97 USD Fed Tax Cost Of Proceeds 3,000 Shares At 383.0081 SEK","-3,884,646.03"
03/10/22,Sale,"Sold 24,000 Shares Of 66,160.01 -175,992.66 Tobii Ab Net Proceeds 659,479.69 SEK Trade Date 3/8/22 Sold Through Jeffus33 Jefferies Jersey City Paid 990.71 SEK Brokerage Book Value 1,150,652.56 SEK Valued At 9.96795 SEK For 66,160.01 USD Fed Tax Cost Of Proceeds 24,000 Shares At 27.5196 SEK","-3,818,486.02"
03/10/22,Sale,"Sold 8,030 Shares Of 240,865.09 -449,142.59 Future Plc Net Proceeds 183,369.63 GBP Trade Date 3/8/22 Sold Through Jeffus33 Jefferies Jersey City Paid 275.47 GBP Brokerage Paid 1.00 GBP Misc Fee1 Sold On The London Stock Exchange Book Value 126,717.05 GBP Valued At 0.761296 GBP For 240,865.09 USD Fed Tax Cost Of Proceeds 8,030 Shares At 22.87 GBP 25233 00- -A -UC-UZ -365-04","-3,577,620.93"
03/10/22,Sale,"Sold 3,000 Shares Of 123,008.96 -155,799.22 Amplifon Spa Net Proceeds 113,106.49 EUR Trade Date 3/8/22 Sold Through Jeffus33 Jefferies Jersey City Paid 169.91 EUR Brokerage Book Value 113,934.86 EUR Valued At 0.919498 EUR For 123,008.96 USD Fed Tax Cost Of Proceeds 3,000 Shares At 37.7588 EUR","-3,454,611.97"
03/10/22,Sale,"Sold 10,000 Shares Of 15,476.63 -24,079.15 Boku Inc Net Proceeds 11,782.30 GBP Trade Date 3/8/22 Sold Through Jeffus33 Jefferies Jersey City Paid 17.70 GBP Brokerage Sold On The London Stock Exchange Book Value 16,488.37 GBP Valued At 0.761296 GBP For 15,476.63 USD Fed Tax Cost Of Proceeds 10,000 Shares At 1.18 GBP","-3,439,135.34"
03/10/22,Sale,"Sold 10,000 Shares Of 135,548.26 -218,554.44 Boozt Ab Net Proceeds 1,351,138.25 SEK Trade Date 3/8/22 Sold Through Jeffus33 Jefferies Jersey City Paid 2,029.75 SEK Brokerage Book Value 1,354,031.19 SEK Valued At 9.96795 SEK For 135,548.26 USD Fed Tax Cost Of Proceeds 10,000 Shares At 135.3168 SEK 25233 00- -A -UC-UZ -365-04","-3,303,587.08"
03/10/22,Sale,"Sold 6,600 Shares Of 146,494.04 -301,876.07 Pva Tepla Ag Net Proceeds 134,700.98 EUR Trade Date 3/8/22 Sold Through Jeffus33 Jefferies Jersey City Paid 202.36 EUR Brokerage Sold On The Boerse Frankfurt - Regulierter Book Value 213,759.24 EUR Valued At 0.919498 EUR For 146,494.04 USD Fed Tax Cost Of Proceeds 6,600 Shares At 20.4399 EUR","-3,157,093.04"
03/10/22,Sale,"Sold 12,000 Shares Of 122,291.91 -292,324.15 Aston Martin Lagonda Gbl Hldgs Plc O Net Proceeds 93,100.34 GBP Trade Date 3/8/22 Sold Through Jeffus33 Jefferies Jersey City Paid 139.86 GBP Brokerage Paid 1.00 GBP Misc Fee1 Sold On The London Stock Exchange Book Value 196,770.67 GBP Valued At 0.761296 GBP For 122,291.91 USD Fed Tax Cost Of Proceeds 12,000 Shares At 7.7701 GBP","-3,034,801.13"
03/10/22,Sale,"Sold 2,400 Shares Of 116,614.63 -260,207.27 Zalando SE Net Proceeds 107,226.92 EUR Trade Date 3/8/22 Sold Through Jeffus33 Jefferies Jersey City Paid 161.08 EUR Brokerage Book Value 174,222.09 EUR Valued At 0.919498 EUR For 116,614.63 USD Fed Tax Cost Of Proceeds 2,400 Shares At 44.745 EUR 25233 00- -A -UC-UZ -365-04","-2,918,186.50"
03/10/22,Sale,"Sold 6,415 Shares Of 143,248.34 -421,211.44 Asos Plc Net Proceeds 109,054.39 GBP Trade Date 3/8/22 Sold Through Jeffus33 Jefferies Jersey City Paid 163.83 GBP Brokerage Paid 1.00 GBP Misc Fee1 Sold On The London Stock Exchange Book Value 192,001.16 GBP Valued At 0.761296 GBP For 143,248.34 USD Fed Tax Cost Of Proceeds 6,415 Shares At 17.02559938 GBP","-2,774,938.16"
03/10/22,Sale,"Sold 6,000 Shares Of 92,701.10 -203,103.08 Frontier Developments Plc Net Proceeds 70,572.98 GBP Trade Date 3/8/22 Sold Through Jeffus33 Jefferies Jersey City Paid 106.02 GBP Brokerage Paid 1.00 GBP Misc Fee1 Sold On The London Stock Exchange Book Value 130,744.80 GBP Valued At 0.761296 GBP For 92,701.10 USD Fed Tax Cost Of Proceeds 6,000 Shares At 11.78 GBP","-2,682,237.06"
03/10/22,Sale,"Sold 60,000 Shares Of 117,230.26 -127,631.19 Learning Technologies Group Net Proceeds 89,246.93 GBP Trade Date 3/8/22 Sold Through Jeffus33 Jefferies Jersey City Paid 134.07 GBP Brokerage Paid 1.00 GBP Misc Fee1 Sold On The London Stock Exchange Book Value 85,360.59 GBP Valued At 0.761296 GBP For 117,230.26 USD Fed Tax Cost Of Proceeds 60,000 Shares At 1.4897 GBP 25233 00- -A -UC-UZ -365-04","-2,565,006.80"
03/10/22,Sale,"Sold 30,000 Shares Of 138,894.92 -211,419.49 Pets At Home Group Plc Net Proceeds 105,740.15 GBP Trade Date 3/8/22 Sold Through Jeffus33 Jefferies Jersey City Paid 158.85 GBP Brokerage Paid 1.00 GBP Misc Fee1 Sold On The London Stock Exchange Book Value 144,017.62 GBP Valued At 0.761296 GBP For 138,894.92 USD Fed Tax Cost Of Proceeds 30,000 Shares At 3.53 GBP","-2,426,111.88"
03/10/22,Sale,"Sold 10,000 Shares Of 125,766.01 -137,174.34 Watches Of Switzerland Group Net Proceeds 95,745.16 GBP Trade Date 3/8/22 Sold Through Jeffus33 Jefferies Jersey City Paid 143.84 GBP Brokerage Paid 1.00 GBP Misc Fee1 Sold On The London Stock Exchange Book Value 76,385.54 GBP Valued At 0.761296 GBP For 125,766.01 USD Fed Tax Cost Of Proceeds 10,000 Shares At 9.589 GBP","-2,300,345.87"
03/10/22,Sale,"Sold 5,000 Shares Of 6,557.90 -7,633.68 Zoo Digital Group Net Proceeds 4,992.50 GBP Trade Date 3/8/22 Sold Through Jeffus33 Jefferies Jersey City Paid 7.50 GBP Brokerage Sold On The London Stock Exchange Book Value 3,454.15 GBP Valued At 0.761296 GBP For 6,557.90 USD Fed Tax Cost Of Proceeds 5,000 Shares At 1 GBP 25233 00- -A -UC-UZ -365-04","-2,293,787.97"
03/10/22,Sale,"Sold 12,000 Shares Of 179,683.99 -278,247.75 Ocado Group Plc Net Proceeds 136,792.70 GBP Trade Date 3/8/22 Sold Through Jeffus33 Jefferies Jersey City Paid 205.50 GBP Brokerage Paid 1.00 GBP Misc Fee1 Sold On The London Stock Exchange Book Value 196,775.11 GBP Valued At 0.761296 GBP For 179,683.99 USD Fed Tax Cost Of Proceeds 12,000 Shares At 11.4166 GBP","-2,114,103.98"
03/10/22,Sale,"Sold 600 Shares Of 87,248.05 -282,264.71 Zur Rose Group Ag Net Proceeds 80,769.88 CHF Trade Date 3/8/22 Sold Through Jeffus33 Jefferies Jersey City Paid 121.34 CHF Brokerage Sold On The Swiss Exchange Book Value 198,584.69 CHF Valued At 0.92575 CHF For 87,248.05 USD Fed Tax Cost Of Proceeds 600 Shares At 134.8187 CHF","-2,026,855.93"
03/10/22,Sale,"Sold 50,000 Shares Of 99,501.64 -118,078.75 Capital Counties Properties Plc Net Proceeds 75,750.20 GBP Trade Date 3/8/22 Sold Through Jeffgb2x Jefferies Intl London Paid 113.80 GBP Brokerage Paid 1.00 GBP Misc Fee1 Sold On The London Stock Exchange Book Value 80,326.49 GBP Valued At 0.761296 GBP For 99,501.64 USD Fed Tax Cost Of Proceeds 50,000 Shares At 1.5173 GBP 25233 00- -A -UC-UZ -365-04","-1,927,354.29"
03/10/22,Sale,"Sold 210 Shares Of 196,491.79 -253,142.80 Mercadolibre Inc Trade Date 3/8/22 Sold Through Jefferies LLC Paid 8.40 USD Brokerage Paid 1.01 USD Sec Fee Sold On The OTC Bulletin Board 210 Shares At 935.72 USD","-1,730,862.50"
03/10/22,Sale,"Sold 700 Shares Of 128,343.64 -144,644.01 Grupo Aeroportuario Sure Spon A D R Trade Date 3/8/22 Sold Through Jefferies LLC Paid 28.00 USD Brokerage Paid 0.66 USD Sec Fee 700 Shares At 183.389 USD","-1,602,518.86"
03/10/22,Sale,"Sold 1,000 Shares Of 155,231.80 -169,461.40 Jazz Pharmaceuticals Plc Trade Date 3/8/22 Sold Through Jefferies LLC Paid 40.00 USD Brokerage Paid 0.80 USD Sec Fee Sold On The OTC Bulletin Board 1,000 Shares At 155.2726 USD","-1,447,287.06"
03/10/22,Sale,"Sold 1,600 Shares Of 159,153.42 -189,634.08 Taiwan Semiconductor A D R Trade Date 3/8/22 Sold Through Jefferies LLC Paid 64.00 USD Brokerage Paid 0.82 USD Sec Fee 1,600 Shares At 99.5114 USD","-1,288,133.64"
03/10/22,Sale,"Sold 7,000 Shares Of 132,834.82 -161,835.48 Materialise Nv A D R Trade Date 3/8/22 Sold Through Jefferies LLC Paid 280.00 USD Brokerage Paid 0.68 USD Sec Fee Sold On The OTC Bulletin Board 7,000 Shares At 19.0165 USD 25233 00- -A -UC-UZ -365-04","-1,155,298.82"
03/10/22,Sale,"Sold 28,000 Shares Of 177,157.89 -290,659.90 Blackberry Ltd Trade Date 3/8/22 Sold Through Jefferies LLC Paid 1,120.00 USD Brokerage Paid 0.91 USD Sec Fee Sold On The OTC Bulletin Board 28,000 Shares At 6.3671 USD","-978,140.93"
03/10/22,Sale,"Sold 17,861,218.00 Units Of 154,281.92 -154,796.72 Yen Trade Date 3/8/22 Value Date 3/10/22 Book Value 17,861,218 JPY Traded At 115.77000079 JPY To 1 USD Valued At 115.77000079 JPY For 154,281.92 USD Net Proceeds 154,281.92 USD Fed ST Currency Loss On JPY Of 514.79- USD Fx7432884-Aset","-823,859.01"
03/10/22,Sale,"Sold 9,805,270.00 Units Of 84,725.40 -84,978.73 Yen Trade Date 3/8/22 Value Date 3/10/22 Book Value 9,805,270 JPY Traded At 115.7299936 JPY To 1 USD Valued At 115.7299936 JPY For 84,725.40 USD Net Proceeds 84,725.40 USD Fed ST Currency Loss On JPY Of 253.32- USD Fx7432969-Aset","-739,133.61"
03/10/22,Sale,"Sold 13,443,804.00 Units Of 116,155.21 -116,512.58 Yen Trade Date 3/8/22 Value Date 3/10/22 Book Value 13,443,804 JPY Traded At 115.73999995 JPY To 1 USD Valued At 115.73999995 JPY For 116,155.21 USD Net Proceeds 116,155.21 USD Fed ST Currency Loss On JPY Of 357.37- USD Fx7432975-Aset 25233 00- -A -UC-UZ -365-04","-622,978.40"
03/10/22,Sale,"Sold 16,852,683.00 Units Of 145,608.11 -146,056.10 Yen Trade Date 3/8/22 Value Date 3/10/22 Book Value 16,852,683 JPY Traded At 115.74000239 JPY To 1 USD Valued At 115.74000239 JPY For 145,608.11 USD Net Proceeds 145,608.11 USD Fed ST Currency Loss On JPY Of 447.99- USD Fx7432974-Aset","-477,370.29"
03/10/22,Sale,"Sold 1,168,245.00 Units Of 10,092.83 -10,124.76 Yen Trade Date 3/8/22 Value Date 3/10/22 Book Value 1,168,245 JPY Traded At 115.74999282 JPY To 1 USD Valued At 115.74999282 JPY For 10,092.83 USD Net Proceeds 10,092.83 USD Fed ST Currency Loss On JPY Of 31.93- USD Fx7432979-Aset","-467,277.46"
03/10/22,Sale,"Sold 6,655,003.00 Units Of 57,499.59 -57,676.50 Yen Trade Date 3/8/22 Value Date 3/10/22 Book Value 6,655,003 JPY Traded At 115.74000789 JPY To 1 USD Valued At 115.74000789 JPY For 57,499.59 USD Net Proceeds 57,499.59 USD Fed ST Currency Loss On JPY Of 176.91- USD Fx7432984-Aset 25233 00- -A -UC-UZ -365-04","-409,777.87"
03/10/22,Sale,"Sold 14,530,871.00 Units Of 125,525.84 -125,933.79 Yen Trade Date 3/8/22 Value Date 3/10/22 Book Value 14,530,871 JPY Traded At 115.7599981 JPY To 1 USD Valued At 115.7599981 JPY For 125,525.84 USD Net Proceeds 125,525.84 USD Fed ST Currency Loss On JPY Of 407.95- USD Fx7432987-Aset","-284,252.03"
03/10/22,Sale,"Sold 17,969,006.00 Units Of 155,226.38 -155,730.86 Yen Trade Date 3/8/22 Value Date 3/10/22 Book Value 17,969,006 JPY Traded At 115.76000162 JPY To 1 USD Valued At 115.76000162 JPY For 155,226.38 USD Net Proceeds 155,226.38 USD Fed ST Currency Loss On JPY Of 504.48- USD Fx7432986-Aset","-129,025.65"
03/10/22,Sale,"Sold 1,164,810.16 Units Of 130,379.10 -128,797.25 Norwegian Krone Trade Date 3/9/22 Value Date 3/10/22 Book Value 1,164,810.16 NOK Traded At 8.93402516 NOK To 1 USD Valued At 8.93402516 NOK For 130,379.10 USD Net Proceeds 130,379.10 USD Fed ST Currency Gain On NOK Of 1,581.85 USD Fx7436507-Aset 25233 00- -A -UC-UZ -365-04","1,353.45"
03/10/22,Sale,"Sold 997,676.29 Units Of 111,675.29 -110,316.66 Norwegian Krone Trade Date 3/9/22 Value Date 3/10/22 Book Value 997,676.29 NOK Traded At 8.93372464 NOK To 1 USD Valued At 8.93372464 NOK For 111,675.29 USD Net Proceeds 111,675.29 USD Fed ST Currency Gain On NOK Of 1,358.63 USD Fx7436509-Aset","113,028.74"
03/10/22,Sale,"Sold 895,575.62 Units Of 100,237.62 -99,027.02 Norwegian Krone Trade Date 3/9/22 Value Date 3/10/22 Book Value 895,575.62 NOK Traded At 8.93452598 NOK To 1 USD Valued At 8.93452598 NOK For 100,237.62 USD Net Proceeds 100,237.62 USD Fed ST Currency Gain On NOK Of 1,210.60 USD Fx7436506-Aset","213,266.36"
03/10/22,Sale,"Sold 132,060.51 Units Of 145,992.10 -143,622.40 Euro Trade Date 3/9/22 Value Date 3/10/22 Book Value 132,060.51 EUR Traded At 0.90457299 EUR To 1 USD Valued At 0.90457299 EUR For 145,992.10 USD Net Proceeds 145,992.10 USD Fed ST Currency Gain On EUR Of 2,369.70 USD Fx7436518-Aset 25233 00- -A -UC-UZ -365-04","359,258.46"
03/10/22,Sale,"Sold 119,493.29 Units Of 132,099.11 -129,954.92 Euro Trade Date 3/9/22 Value Date 3/10/22 Book Value 119,493.29 EUR Traded At 0.90457301 EUR To 1 USD Valued At 0.90457301 EUR For 132,099.11 USD Net Proceeds 132,099.11 USD Fed ST Currency Gain On EUR Of 2,144.19 USD Fx7436510-Aset","491,357.57"
03/10/22,Sale,"Sold 124,247.11 Units Of 137,354.43 -135,124.94 Euro Trade Date 3/9/22 Value Date 3/10/22 Book Value 124,247.11 EUR Traded At 0.90457301 EUR To 1 USD Valued At 0.90457301 EUR For 137,354.43 USD Net Proceeds 137,354.43 USD Fed ST Currency Gain On EUR Of 2,229.50 USD Fx7436517-Aset","628,712.00"
03/10/22,Sale,"Sold 89,342.78 Units Of 117,644.99 -117,356.17 British Pound Trade Date 3/9/22 Value Date 3/10/22 Book Value 89,342.78 GBP Traded At 0.75942698 GBP To 1 USD Valued At 0.75942698 GBP For 117,644.99 USD Net Proceeds 117,644.99 USD Fed ST Currency Gain On GBP Of 288.83 USD Fx7436521-Aset 25233 00- -A -UC-UZ -365-04","746,356.99"
03/10/22,Sale,"Sold 1,057,784.94 Units Of 157,145.98 -154,580.25 Danish Krone Trade Date 3/9/22 Value Date 3/10/22 Book Value 1,057,784.94 DKK Traded At 6.73122494 DKK To 1 USD Valued At 6.73122494 DKK For 157,145.98 USD Net Proceeds 157,145.98 USD Fed ST Currency Gain On DKK Of 2,565.73 USD Fx7436524-Aset","903,502.97"
03/10/22,Sale,"Sold 130,077.79 Units Of 143,800.21 -141,466.10 Euro Trade Date 3/9/22 Value Date 3/10/22 Book Value 130,077.79 EUR Traded At 0.90457302 EUR To 1 USD Valued At 0.90457302 EUR For 143,800.21 USD Net Proceeds 143,800.21 USD Fed ST Currency Gain On EUR Of 2,334.12 USD Fx7436530-Aset","1,047,303.18"
03/10/22,Sale,"Sold 92,286.00 Units Of 102,030.75 -100,365.63 Euro Trade Date 3/9/22 Value Date 3/10/22 Book Value 92,286.00 EUR Traded At 0.90449203 EUR To 1 USD Valued At 0.90449203 EUR For 102,030.75 USD Net Proceeds 102,030.75 USD Fed ST Currency Gain On EUR Of 1,665.12 USD Fx7436523-Aset 25233 00- -A -UC-UZ -365-04","1,149,333.93"
03/10/22,Sale,"Sold 1,147,300.76 Units Of 118,324.94 -115,098.97 Swedish Krona Trade Date 3/9/22 Value Date 3/10/22 Book Value 1,147,300.76 SEK Traded At 9.69618713 SEK To 1 USD Valued At 9.69618713 SEK For 118,324.94 USD Net Proceeds 118,324.94 USD Fed ST Currency Gain On SEK Of 3,225.97 USD Fx7436534-Aset","1,267,658.87"
03/10/22,Sale,"Sold 134,051.62 Units Of 176,503.31 -176,083.45 British Pound Trade Date 3/9/22 Value Date 3/10/22 Book Value 134,051.62 GBP Traded At 0.75948502 GBP To 1 USD Valued At 0.75948502 GBP For 176,503.31 USD Net Proceeds 176,503.31 USD Fed ST Currency Gain On GBP Of 419.86 USD Fx7436513-Aset","1,444,162.18"
03/10/22,Sale,"Sold 120,243.36 Units Of 132,928.31 -130,770.66 Euro Trade Date 3/9/22 Value Date 3/10/22 Book Value 120,243.36 EUR Traded At 0.904573 EUR To 1 USD Valued At 0.904573 EUR For 132,928.31 USD Net Proceeds 132,928.31 USD Fed ST Currency Gain On EUR Of 2,157.65 USD Fx7436520-Aset 25233 00- -A -UC-UZ -365-04","1,577,090.49"
03/10/22,Sale,"Sold 659,479.69 Units Of 68,024.87 -66,160.01 Swedish Krona Trade Date 3/9/22 Value Date 3/10/22 Book Value 659,479.69 SEK Traded At 9.69468505 SEK To 1 USD Valued At 9.69468505 SEK For 68,024.87 USD Net Proceeds 68,024.87 USD Fed ST Currency Gain On SEK Of 1,864.86 USD Fx7436536-Aset","1,645,115.36"
03/10/22,Sale,"Sold 153,396.88 Units Of 169,579.33 -166,826.77 Euro Trade Date 3/9/22 Value Date 3/10/22 Book Value 153,396.88 EUR Traded At 0.90457298 EUR To 1 USD Valued At 0.90457298 EUR For 169,579.33 USD Net Proceeds 169,579.33 USD Fed ST Currency Gain On EUR Of 2,752.56 USD Fx7436516-Aset","1,814,694.69"
03/10/22,Sale,"Sold 102,852.49 Units Of 113,712.99 -111,857.22 Euro Trade Date 3/9/22 Value Date 3/10/22 Book Value 102,852.49 EUR Traded At 0.904492 EUR To 1 USD Valued At 0.904492 EUR For 113,712.99 USD Net Proceeds 113,712.99 USD Fed ST Currency Gain On EUR Of 1,855.77 USD Fx7436522-Aset 25233 00- -A -UC-UZ -365-04","1,928,407.68"
03/10/22,Sale,"Sold 127,220.08 Units Of 140,641.03 -138,358.19 Euro Trade Date 3/9/22 Value Date 3/10/22 Book Value 127,220.08 EUR Traded At 0.90457301 EUR To 1 USD Valued At 0.90457301 EUR For 140,641.03 USD Net Proceeds 140,641.03 USD Fed ST Currency Gain On EUR Of 2,282.83 USD Fx7436519-Aset","2,069,048.71"
03/10/22,Sale,"Sold 351,961.66 Units Of 36,298.60 -35,309.33 Swedish Krona Trade Date 3/9/22 Value Date 3/10/22 Book Value 351,961.66 SEK Traded At 9.69628746 SEK To 1 USD Valued At 9.69628746 SEK For 36,298.60 USD Net Proceeds 36,298.60 USD Fed ST Currency Gain On SEK Of 989.27 USD Fx7436531-Aset","2,105,347.31"
03/10/22,Sale,"Sold 113,106.49 Units Of 125,038.54 -123,008.95 Euro Trade Date 3/9/22 Value Date 3/10/22 Book Value 113,106.49 EUR Traded At 0.90457302 EUR To 1 USD Valued At 0.90457302 EUR For 125,038.54 USD Net Proceeds 125,038.54 USD Fed ST Currency Gain On EUR Of 2,029.58 USD Fx7436538-Aset 25233 00- -A -UC-UZ -365-04","2,230,385.85"
03/10/22,Sale,"Sold 86,748.68 Units Of 114,220.40 -113,948.69 British Pound Trade Date 3/9/22 Value Date 3/10/22 Book Value 86,748.68 GBP Traded At 0.759485 GBP To 1 USD Valued At 0.759485 GBP For 114,220.40 USD Net Proceeds 114,220.40 USD Fed ST Currency Gain On GBP Of 271.71 USD Fx7436515-Aset","2,344,606.25"
03/10/22,Sale,"Sold 183,369.63 Units Of 241,421.32 -240,865.09 British Pound Trade Date 3/9/22 Value Date 3/10/22 Book Value 183,369.63 GBP Traded At 0.75954199 GBP To 1 USD Valued At 0.75954199 GBP For 241,421.32 USD Net Proceeds 241,421.32 USD Fed ST Currency Gain On GBP Of 556.24 USD Fx7436537-Aset","2,586,027.57"
03/10/22,Sale,"Sold 6,655,003.00 Units Of 57,380.61 -57,380.61 Yen Trade Date 3/9/22 Value Date 3/10/22 Book Value 6,655,003 JPY Traded At 115.97999742 JPY To 1 USD Valued At 115.97999742 JPY For 57,380.61 USD Net Proceeds 57,380.61 USD Fx7436568-Aset","2,643,408.18"
03/10/22,Sale,"Sold 1,168,245.00 Units Of 10,071.08 -10,071.08 Yen Trade Date 3/9/22 Value Date 3/10/22 Book Value 1,168,245 JPY Traded At 115.9999722 JPY To 1 USD Valued At 115.9999722 JPY For 10,071.08 USD Net Proceeds 10,071.08 USD 25233 00- -A -UC-UZ -365-04","2,653,479.26"
03/10/22,Sale,"Sold 93,100.34 Units Of 122,639.38 -122,291.91 British Pound Trade Date 3/9/22 Value Date 3/10/22 Book Value 93,100.34 GBP Traded At 0.75913903 GBP To 1 USD Valued At 0.75913903 GBP For 122,639.38 USD Net Proceeds 122,639.38 USD Fed ST Currency Gain On GBP Of 347.47 USD Fx7436572-Aset","2,776,118.64"
03/10/22,Sale,"Sold 1,351,138.25 Units Of 139,367.53 -135,548.26 Swedish Krona Trade Date 3/9/22 Value Date 3/10/22 Book Value 1,351,138.25 SEK Traded At 9.69478508 SEK To 1 USD Valued At 9.69478508 SEK For 139,367.53 USD Net Proceeds 139,367.53 USD Fed ST Currency Gain On SEK Of 3,819.29 USD Fx7436570-Aset","2,915,486.17"
03/10/22,Sale,"Sold 134,700.98 Units Of 149,032.22 -146,494.04 Euro Trade Date 3/9/22 Value Date 3/10/22 Book Value 134,700.98 EUR Traded At 0.90383798 EUR To 1 USD Valued At 0.90383798 EUR For 149,032.22 USD Net Proceeds 149,032.22 USD Fed ST Currency Gain On EUR Of 2,538.17 USD Fx7436571-Aset 25233 00- -A -UC-UZ -365-04","3,064,518.39"
03/10/22,Sale,"Sold 11,782.30 Units Of 15,518.26 -15,476.63 British Pound Trade Date 3/9/22 Value Date 3/10/22 Book Value 11,782.30 GBP Traded At 0.75925394 GBP To 1 USD Valued At 0.75925394 GBP For 15,518.26 USD Net Proceeds 15,518.26 USD Fed ST Currency Gain On GBP Of 41.63 USD Fx7436569-Aset","3,080,036.65"
03/10/22,Sale,"Sold 9,805,270.00 Units Of 84,528.19 -84,528.19 Yen Trade Date 3/9/22 Value Date 3/10/22 Book Value 9,805,270 JPY Traded At 115.99999953 JPY To 1 USD Valued At 115.99999953 JPY For 84,528.19 USD Net Proceeds 84,528.19 USD Reversed By Trx 3 Batch Db000366 On 3/17/22 Reversal Posted By B3k Fx7436573-Aset","3,164,564.84"
03/10/22,Sale,"Sold 107,226.92 Units Of 118,645.74 -116,614.63 Euro Trade Date 3/9/22 Value Date 3/10/22 Book Value 107,226.92 EUR Traded At 0.90375702 EUR To 1 USD Valued At 0.90375702 EUR For 118,645.74 USD Net Proceeds 118,645.74 USD Fed ST Currency Gain On EUR Of 2,031.11 USD Fx7436577-Aset 25233 00- -A -UC-UZ -365-04","3,283,210.58"
03/10/22,Sale,"Sold 109,054.39 Units Of 143,655.36 -143,248.35 British Pound Trade Date 3/9/22 Value Date 3/10/22 Book Value 109,054.39 GBP Traded At 0.75913903 GBP To 1 USD Valued At 0.75913903 GBP For 143,655.36 USD Net Proceeds 143,655.36 USD Fed ST Currency Gain On GBP Of 407.02 USD Fx7436578-Aset","3,426,865.94"
03/10/22,Sale,"Sold 16,852,683.00 Units Of 145,281.75 -145,281.75 Yen Trade Date 3/9/22 Value Date 3/10/22 Book Value 16,852,683 JPY Traded At 116 JPY To 1 USD Valued At 116 JPY For 145,281.75 USD Net Proceeds 145,281.75 USD Reversed By Trx 1 Batch Db000367 On 3/17/22 Reversal Posted By B3k Fx7436580-Aset","3,572,147.69"
03/10/22,Sale,"Sold 89,246.93 Units Of 117,545.55 -117,230.26 British Pound Trade Date 3/9/22 Value Date 3/10/22 Book Value 89,246.93 GBP Traded At 0.75925401 GBP To 1 USD Valued At 0.75925401 GBP For 117,545.55 USD Net Proceeds 117,545.55 USD Fed ST Currency Gain On GBP Of 315.29 USD Fx7436583-Aset 25233 00- -A -UC-UZ -365-04","3,689,693.24"
03/10/22,Sale,"Sold 70,572.98 Units Of 92,964.50 -92,701.11 British Pound Trade Date 3/9/22 Value Date 3/10/22 Book Value 70,572.98 GBP Traded At 0.75913903 GBP To 1 USD Valued At 0.75913903 GBP For 92,964.50 USD Net Proceeds 92,964.50 USD Fed ST Currency Gain On GBP Of 263.40 USD Fx7436581-Aset","3,782,657.74"
03/10/22,Sale,"Sold 105,740.15 Units Of 139,194.41 -138,894.92 British Pound Trade Date 3/9/22 Value Date 3/10/22 Book Value 105,740.15 GBP Traded At 0.75965802 GBP To 1 USD Valued At 0.75965802 GBP For 139,194.41 USD Net Proceeds 139,194.41 USD Fed ST Currency Gain On GBP Of 299.49 USD Fx7436587-Aset","3,921,852.15"
03/10/22,Sale,"Sold 95,745.16 Units Of 126,065.90 -125,766.01 British Pound Trade Date 3/9/22 Value Date 3/10/22 Book Value 95,745.16 GBP Traded At 0.759485 GBP To 1 USD Valued At 0.759485 GBP For 126,065.90 USD Net Proceeds 126,065.90 USD Fed ST Currency Gain On GBP Of 299.89 USD Fx7436594-Aset 25233 00- -A -UC-UZ -365-04","4,047,918.05"
03/10/22,Sale,"Sold 13,443,804.00 Units Of 115,904.85 -115,904.85 Yen Trade Date 3/9/22 Value Date 3/10/22 Book Value 13,443,804 JPY Traded At 115.99000387 JPY To 1 USD Valued At 115.99000387 JPY For 115,904.85 USD Net Proceeds 115,904.85 USD Reversed By Trx 3 Batch Db000367 On 3/17/22 Reversal Posted By B3k Fx7436602-Aset","4,163,822.90"
03/10/22,Sale,"Sold 17,969,006.00 Units Of 154,918.58 -154,918.58 Yen Trade Date 3/9/22 Value Date 3/10/22 Book Value 17,969,006 JPY Traded At 115.98999939 JPY To 1 USD Valued At 115.98999939 JPY For 154,918.58 USD Net Proceeds 154,918.58 USD Reversed By Trx 5 Batch Db000367 On 3/17/22 Reversal Posted By B3k Fx7436603-Aset","4,318,741.48"
03/10/22,Sale,"Sold 17,861,218.00 Units Of 153,989.29 -153,989.29 Yen Trade Date 3/9/22 Value Date 3/10/22 Book Value 17,861,218 JPY Traded At 115.99000164 JPY To 1 USD Valued At 115.99000164 JPY For 153,989.29 USD Net Proceeds 153,989.29 USD Reversed By Trx 7 Batch Db000367 On 3/17/22 Reversal Posted By B3k Fx7436604-Aset 25233 00- -A -UC-UZ -365-04","4,472,730.77"
03/10/22,Sale,"Sold 14,530,871.00 Units Of 125,276.93 -125,276.93 Yen Trade Date 3/9/22 Value Date 3/10/22 Book Value 14,530,871 JPY Traded At 115.98999912 JPY To 1 USD Valued At 115.98999912 JPY For 125,276.93 USD Net Proceeds 125,276.93 USD Reversed By Trx 9 Batch Db000367 On 3/17/22 Reversal Posted By B3k Fx7436605-Aset","4,598,007.70"
03/10/22,Sale,"Sold 80,769.88 Units Of 87,080.89 -87,248.05 Swiss Franc Trade Date 3/9/22 Value Date 3/10/22 Book Value 80,769.88 CHF Traded At 0.92752704 CHF To 1 USD Valued At 0.92752704 CHF For 87,080.89 USD Net Proceeds 87,080.89 USD Fed ST Currency Loss On CHF Of 167.16- USD Fx7436607-Aset","4,685,088.59"
03/10/22,Sale,"Sold 4,992.50 Units Of 6,571.53 -6,557.90 British Pound Trade Date 3/9/22 Value Date 3/10/22 Book Value 4,992.50 GBP Traded At 0.75971653 GBP To 1 USD Valued At 0.75971653 GBP For 6,571.53 USD Net Proceeds 6,571.53 USD Fed ST Currency Gain On GBP Of 13.63 USD Fx7436609-Aset 25233 00- -A -UC-UZ -365-04","4,691,660.12"
03/10/22,Sale,"Sold 136,792.70 Units Of 180,057.68 -179,683.98 British Pound Trade Date 3/9/22 Value Date 3/10/22 Book Value 136,792.70 GBP Traded At 0.759716 GBP To 1 USD Valued At 0.759716 GBP For 180,057.68 USD Net Proceeds 180,057.68 USD Fed ST Currency Gain On GBP Of 373.70 USD Fx7436610-Aset","4,871,717.80"
03/10/22,Sale,"Sold 75,750.20 Units Of 99,678.40 -99,501.62 British Pound Trade Date 3/10/22 Value Date 3/10/22 Book Value 75,750.20 GBP Traded At 0.75994599 GBP To 1 USD Valued At 0.75994599 GBP For 99,678.40 USD Net Proceeds 99,678.40 USD Fed ST Currency Gain On GBP Of 176.77 USD Fx7436949-Aset 17,861,218 Yen 99999JPY3 16,852,683 Yen 99999JPY3 13,443,804 Yen 99999JPY3 9,805,270 Yen 99999JPY3 17,969,006 Yen 99999JPY3 25233 00- -A -UC-UZ -365-04","4,971,396.20"
03/11/22,Purchase,"Purchased 1,167,150.17 Units Of -1,167,150.17 1,167,150.17 First Am Govt Ob Fd Cl X Trade Date 3/11/22","-1,189,980.57"
03/11/22,Sale,"Sold 10,000 Shares Of 13,154.97 -15,267.35 Zoo Digital Group Net Proceeds 10,033.92 GBP Trade Date 3/9/22 Sold Through Crest 393 Paid 15.08 GBP Brokerage Paid 1.00 GBP Misc Fee1 Sold On The London Stock Exchange Book Value 6,908.31 GBP Valued At 0.7627475 GBP For 13,154.97 USD Fed Tax Cost Of Proceeds 10,000 Shares At 1.005 GBP 25233 00- -A -UC-UZ -365-04","-1,176,825.60"
03/11/22,Sale,"Sold 68,000 Shares Of 102,895.52 -163,738.22 Boku Inc Net Proceeds 78,483.30 GBP Trade Date 3/9/22 Sold Through Crest 393 Paid 117.90 GBP Brokerage Sold On The London Stock Exchange Book Value 112,120.92 GBP Valued At 0.7627475 GBP For 102,895.52 USD Fed Tax Cost Of Proceeds 68,000 Shares At 1.1559 GBP","-1,073,930.08"
03/11/22,Sale,"Sold 20,000 Shares Of 96,760.89 -140,946.32 Pets At Home Group Plc Net Proceeds 73,804.13 GBP Trade Date 3/9/22 Sold Through Parbfrpp Banque Paribas Fr Paid 110.87 GBP Brokerage Paid 1.00 GBP Misc Fee1 Sold On The London Stock Exchange Book Value 96,011.74 GBP Valued At 0.7627475 GBP For 96,760.89 USD Fed Tax Cost Of Proceeds 20,000 Shares At 3.6958 GBP","-977,169.19"
03/11/22,Sale,"Sold 20,000 Shares Of 350,153.66 -378,243.06 Ebro Foods Sa Net Proceeds 321,906.41 EUR Trade Date 3/9/22 Sold Through Parbfrpp Banque Paribas Fr Paid 483.59 EUR Brokerage Book Value 341,914.52 EUR Valued At 0.919329 EUR For 350,153.66 USD Fed Tax Cost Of Proceeds 20,000 Shares At 16.1195 EUR","-627,015.53"
03/11/22,Sale,"Sold 4,000 Shares Of 619,937.63 -568,591.00 Jazz Pharmaceuticals Plc Trade Date 3/9/22 Sold Through Jefferies LLC Paid 160.00 USD Brokerage Paid 3.17 USD Sec Fee Sold On The OTC Bulletin Board 4,000 Shares At 155.0252 USD 25233 00- -A -UC-UZ -365-04","-7,077.90"
03/11/22,Sale,"Sold 78,483.30 Units Of 103,361.07 -102,895.52 British Pound Trade Date 3/9/22 Value Date 3/11/22 Book Value 78,483.30 GBP Traded At 0.75931199 GBP To 1 USD Valued At 0.75931199 GBP For 103,361.07 USD Net Proceeds 103,361.07 USD Fed ST Currency Gain On GBP Of 465.55 USD Fx7436241-Aset","96,283.17"
03/11/22,Sale,"Sold 10,033.92 Units Of 13,216.49 -13,154.97 British Pound Trade Date 3/9/22 Value Date 3/11/22 Book Value 10,033.92 GBP Traded At 0.75919703 GBP To 1 USD Valued At 0.75919703 GBP For 13,216.49 USD Net Proceeds 13,216.49 USD Fed ST Currency Gain On GBP Of 61.52 USD Fx7436249-Aset","109,499.66"
03/11/22,Sale,"Sold 321,906.41 Units Of 356,347.78 -350,153.66 Euro Trade Date 3/10/22 Value Date 3/11/22 Book Value 321,906.41 EUR Traded At 0.903349 EUR To 1 USD Valued At 0.903349 EUR For 356,347.78 USD Net Proceeds 356,347.78 USD Fed ST Currency Gain On EUR Of 6,194.12 USD Fx7436887-Aset 25233 00- -A -UC-UZ -365-04","465,847.44"
03/11/22,Sale,"Sold 73,804.13 Units Of 97,117.60 -96,760.89 British Pound Trade Date 3/10/22 Value Date 3/11/22 Book Value 73,804.13 GBP Traded At 0.75994598 GBP To 1 USD Valued At 0.75994598 GBP For 97,117.60 USD Net Proceeds 97,117.60 USD Fed ST Currency Gain On GBP Of 356.71 USD Fx7436943-Aset 10,033.92 British Pound 99999GBP3 78,483.30 British Pound 99999GBP3 73,804.13 British Pound 99999GBP3 321,906.41 Euro 99999EUR3 Rakuten Group Inc 4.5 JPY/Share On 90,300 Shares Due 3/14/22 Received 406,350 JPY Valued At 117.33 JPY For 3,463.31 USD Repayment Of Currency Overdraft Resulted In Fed ST Currency Gain Of 34.14 USD Rakuten Group Inc Non-USD Taxes 62,233 JPY Valued At 117.33 JPY For 530.41 USD 15.3150000% Foreign Taxes Withheld 25233 00- -A -UC-UZ -365-04","562,965.04"
03/14/22,Sale,"Sold 344,117.00 Units Of 2,932.90 -2,932.90 Yen Trade Date 3/14/22 Value Date 3/14/22 Book Value 344,117 JPY Traded At 117.33 JPY To 1 USD Valued At 117.33 JPY For 2,932.90 USD Net Proceeds 2,932.90 USD Repatriating Rakuten Group Inc Transfer To Income Rakuten Group Inc Repatriating Rakuten Group Inc Transfer From Principal Rakuten Group Inc Repatriating Rakuten Group Inc Transfer From Another Account","5,865.80"
03/14/22,Purchase,"Purchased 14,842.39 Units Of -14,842.39 14,842.39 First Am Govt Ob Fd Cl X Trade Date 3/14/22 344,117 Yen 99999JPY3 Transfer From Another Account","5,865.80"
03/15/22,Purchase,"Purchased 92,704.89 Units Of -92,704.89 92,704.89 First Am Govt Ob Fd Cl X Trade Date 3/15/22 Transfer From Another Account 25233 00- -A -UC-UZ -365-04",0.00
03/16/22,Purchase,"Purchased 56,086.64 Units Of -56,086.64 56,086.64 First Am Govt Ob Fd Cl X Trade Date 3/16/22",0.00
03/17/22,Purchase,"Reversal- 6,655,003.00 Units Of -57,380.61 57,380.35 Yen Trade Date 3/9/22 Value Date 3/10/22 Book Value 6,655,003 JPY Traded At 115.97999742 JPY To 1 USD Valued At 115.97999742 JPY For 57,380.61 USD Net Cost 57,380.61 USD Repayment Of Currency Overdraft Resulted In Fed ST Currency Gain On JPY Of 0.26- USD 6,655,003 Units At 1 JPY Rev Due To Duplicate","-57,380.61"
03/17/22,Purchase,"Reversal- 1,168,245.00 Units Of -10,071.08 10,071.95 Yen Trade Date 3/9/22 Value Date 3/10/22 Book Value 1,168,245 JPY Traded At 115.9999722 JPY To 1 USD Valued At 115.9999722 JPY For 10,071.08 USD Net Cost 10,071.08 USD Repayment Of Currency Overdraft Resulted In Fed ST Currency Loss On JPY Of 0.87 USD 1,168,245 Units At 1 JPY Rev Due To Duplicate","-67,451.69"
03/17/22,Purchase,"Reversal- 9,805,270.00 Units Of -84,528.19 84,535.48 Yen Trade Date 3/9/22 Value Date 3/10/22 Book Value 9,805,270 JPY Traded At 115.99999953 JPY To 1 USD Valued At 115.99999953 JPY For 84,528.19 USD Net Cost 84,528.19 USD Repayment Of Currency Overdraft Resulted In Fed ST Currency Loss On JPY Of 7.29 USD 9,805,270 Units At 1 JPY 25233 00- -A -UC-UZ -365-04","-151,979.88"
03/17/22,Purchase,"Reversal- 16,852,683.00 Units Of -145,281.75 145,294.27 Yen Trade Date 3/9/22 Value Date 3/10/22 Book Value 16,852,683 JPY Traded At 116 JPY To 1 USD Valued At 116 JPY For 145,281.75 USD Net Cost 145,281.75 USD Repayment Of Currency Overdraft Resulted In Fed ST Currency Loss On JPY Of 12.52 USD 16,852,683 Units At 1 JPY Rev Due To Duplicate","-297,261.63"
03/17/22,Purchase,"Reversal- 13,443,804.00 Units Of -115,904.85 115,904.86 Yen Trade Date 3/9/22 Value Date 3/10/22 Book Value 13,443,804 JPY Traded At 115.99000387 JPY To 1 USD Valued At 115.99000387 JPY For 115,904.85 USD Net Cost 115,904.85 USD Reversal Of Trx 94164 Batch Zy000490 From 3/10/22 Reversal Posted By B3k 13,443,804 Units At 1 JPY Rev Due To Duplicate","-413,166.48"
03/17/22,Purchase,"Reversal- 17,969,006.00 Units Of -154,918.58 154,918.57 Yen Trade Date 3/9/22 Value Date 3/10/22 Book Value 17,969,006 JPY Traded At 115.98999939 JPY To 1 USD Valued At 115.98999939 JPY For 154,918.58 USD Net Cost 154,918.58 USD Reversal Of Trx 94168 Batch Zy000490 From 3/10/22 Reversal Posted By B3k 17,969,006 Units At 1 JPY Rev Due To Duplicate 25233 00- -A -UC-UZ -365-04","-568,085.06"
03/17/22,Purchase,"Reversal- 17,861,218.00 Units Of -153,989.29 153,979.16 Yen Trade Date 3/9/22 Value Date 3/10/22 Book Value 17,861,218 JPY Traded At 115.99000164 JPY To 1 USD Valued At 115.99000164 JPY For 153,989.29 USD Net Cost 153,989.29 USD Repayment Of Currency Overdraft Resulted In Fed ST Currency Gain On JPY Of 10.13- USD 17,861,218 Units At 1 JPY Rev Due To Duplicate","-722,074.35"
03/17/22,Purchase,"Reversal- 14,530,871.00 Units Of -125,276.93 125,232.50 Yen Trade Date 3/9/22 Value Date 3/10/22 Book Value 14,530,871 JPY Traded At 115.98999912 JPY To 1 USD Valued At 115.98999912 JPY For 125,276.93 USD Net Cost 125,276.93 USD Repayment Of Currency Overdraft Resulted In Fed ST Currency Gain On JPY Of 44.43- USD 14,530,871 Units At 1 JPY Rev Due To Duplicate Transfer From Another Account","-847,351.28"
03/17/22,Purchase,"Purchased 129,429.3 Units Of -129,429.30 129,429.30 First Am Govt Ob Fd Cl X Trade Date 3/17/22","-847,351.28"
03/17/22,Sale,"Sold 847,351.28 Units Of 847,351.28 -847,351.28 First Am Govt Ob Fd Cl X Trade Date 3/17/22 Transfer From Another Account",0.00
03/18/22,Sale,"Sold 407,294.49 Units Of 407,294.49 -407,294.49 First Am Govt Ob Fd Cl X Trade Date 3/18/22","436,083.06"
03/18/22,Purchase,"Purchased 700 Shares Of -436,083.06 436,083.06 Asml Holding Nv Ny Reg Shs Trade Date 3/16/22 Purchased Through Jefferies LLC Paid 28.00 USD Brokerage Purchased On The OTC Bulletin Board 700 Shares At 622.9358 USD Transfer From Another Account",0.00
03/21/22,Purchase,"Purchased 87,314.93 Units Of -87,314.93 87,314.93 First Am Govt Ob Fd Cl X Trade Date 3/21/22 Transfer From Another Account 25233 00- -A -UC-UZ -365-04",0.00
03/22/22,Purchase,"Purchased 12,372.53 Units Of -12,372.53 12,372.53 First Am Govt Ob Fd Cl X Trade Date 3/22/22 Transfer From Another Account",0.00
03/23/22,Purchase,"Purchased 39,963.95 Units Of -39,963.95 39,963.95 First Am Govt Ob Fd Cl X Trade Date 3/23/22 Transfer From Another Account",0.00
03/24/22,Purchase,"Purchased 55,735.31 Units Of -55,735.31 55,735.31 First Am Govt Ob Fd Cl X Trade Date 3/24/22 Transfer From Another Account",0.00
03/25/22,Purchase,"Purchased 50,940.46 Units Of -50,940.46 50,940.46 First Am Govt Ob Fd Cl X Trade Date 3/25/22",0.00
03/28/22,Sale,"Sold 400,797.37 Units Of 400,797.37 -400,797.37 First Am Govt Ob Fd Cl X Trade Date 3/28/22 25233 00- -A -UC-UZ -365-04",0.00
03/29/22,Sale,"Sold 19,472.45 Units Of 19,472.45 -19,472.45 First Am Govt Ob Fd Cl X Trade Date 3/29/22",-988.50
03/29/22,Sale,"Sold 988.5 Units Of 988.50 -988.50 First Am Govt Ob Fd Cl X Trade Date 3/29/22 Monotaro Co Ltd First Section 5.75 JPY/Share On 47,100 Shares Due 3/30/22 Received 270,825 JPY Valued At 122.91 JPY For 2,203.44 USD Monotaro Co Ltd First Section Non-USD Taxes 41,477 JPY Valued At 122.91 JPY For 337.46 USD 15.3150000% Foreign Taxes Withheld",0.00
03/30/22,Sale,"Sold 229,348.00 Units Of 1,865.98 -1,865.98 Yen Trade Date 3/30/22 Value Date 3/30/22 Book Value 229,348 JPY Traded At 122.91 JPY To 1 USD Valued At 122.91 JPY For 1,865.98 USD Net Proceeds 1,865.98 USD Repatriating Monotaro Co Ltd First Section Transfer To Income Monotaro Co Ltd First Section Repatriating Monotaro Co Ltd First Section 25233 00- -A -UC-UZ -365-04","3,731.96"
03/30/22,Purchase,"Purchased 201,065.18 Units Of -201,065.18 201,065.18 First Am Govt Ob Fd Cl X Trade Date 3/30/22","-291,572.95"
03/30/22,Sale,"Sold 2,400 Shares Of 293,811.23 -811,071.70 Zur Rose Group Ag Net Proceeds 273,494.18 CHF Trade Date 3/28/22 Sold Through Parbfrpp Banque Paribas Fr Paid 410.86 CHF Brokerage Sold On The Swiss Exchange Book Value 794,338.77 CHF Valued At 0.93085 CHF For 293,811.23 USD Fed Tax Cost Of Proceeds 2,400 Shares At 114.1271 CHF","2,238.28"
03/30/22,Sale,"Sold 273,494.18 Units Of 293,438.93 -293,811.23 Swiss Franc Trade Date 3/29/22 Value Date 3/30/22 Book Value 273,494.18 CHF Traded At 0.932031 CHF To 1 USD Valued At 0.932031 CHF For 293,438.93 USD Net Proceeds 293,438.93 USD Fed ST Currency Loss On CHF Of 372.30- USD Fx7469069-Aset 229,348 Yen 99999JPY3 25233 00- -A -UC-UZ -365-04","295,677.21"
03/31/22,Sale,"Sold 3,444.00 Units Of 369.84 -369.84 Swedish Krona Trade Date 3/30/22 Value Date 3/31/22 Book Value 3,444.00 SEK Traded At 9.312203 SEK To 1 USD Valued At 9.312203 SEK For 369.84 USD Net Proceeds 369.84 USD Repatriating Vitec Software Group Ab B Sh Transfer To Income Vitec Software Group Ab B Sh Repatriating Vitec Software Group Ab B Sh Transfer From Principal Vitec Software Group Ab B Sh Repatriating Vitec Software Group Ab B Sh Transfer From Another Account",739.68
03/31/22,Purchase,"Purchased 75,016.11 Units Of -75,016.11 75,016.11 First Am Govt Ob Fd Cl X Trade Date 3/31/22 25233 00- -A -UC-UZ -365-04","-65,651.29"
03/31/22,Sale,"Sold 28,192 Shares Of 64,725.70 -0.31 Tobii Dynavox Ab Npv Net Proceeds 616,751.74 SEK Trade Date 3/29/22 Sold Through Parbfrpp Banque Paribas Fr Paid 926.52 SEK Brokerage Sold On The Omx Nordic Exchange Stockholm Book Value 31.01 SEK Valued At 9.5287 SEK For 64,725.70 USD Fed Tax Cost Of Proceeds 28,192 Shares At 21.9097 SEK",-925.59
03/31/22,Sale,"Sold 616,751.74 Units Of 66,021.13 -64,725.70 Swedish Krona Trade Date 3/29/22 Value Date 3/31/22 Book Value 616,751.74 SEK Traded At 9.34173256 SEK To 1 USD Valued At 9.34173256 SEK For 66,021.13 USD Net Proceeds 66,021.13 USD Fed ST Currency Gain On SEK Of 1,295.43 USD Fx7469408-Aset","65,095.54"
03/31/22,Sale,"Sold 400 Shares Of 8,669.74 -8,545.92 Alk Abello A S Ser B Net Proceeds 58,712.32 DKK Trade Date 3/28/22 Sold Through Parbfrpp Banque Paribas Fr Paid 88.20 DKK Brokerage Sold On The Omx Nordic Exchange Copenhagen Book Value 38,542.96 DKK Valued At 6.7721 DKK For 8,669.74 USD Fed Tax Cost Of Proceeds 400 Shares At 147.0013 DKK 3,444.00 Swedish Krona 99999SEK5 616,751.74 Swedish Krona 99999SEK5 25233 00- -A -UC-UZ -365-04","73,765.28"
04/01/22,Purchase,"Purchased 126,158.98 Units Of -126,158.98 126,158.98 First Am Govt Ob Fd Cl X Trade Date 4/1/22","-110,893.56"
04/01/22,Sale,"Sold 43,808 Shares Of 101,756.57 -0.49 Tobii Dynavox Ab Npv Net Proceeds 945,664.52 SEK Trade Date 3/30/22 Sold Through Parbfrpp Banque Paribas Fr Paid 1,420.63 SEK Brokerage Sold On The Omx Nordic Exchange Stockholm Book Value 48.19 SEK Valued At 9.2934 SEK For 101,756.57 USD Fed Tax Cost Of Proceeds 43,808 Shares At 21.619 SEK","-9,136.99"
04/01/22,Sale,"Sold 945,664.52 Units Of 102,152.85 -101,756.57 Swedish Krona Trade Date 3/30/22 Value Date 4/1/22 Book Value 945,664.52 SEK Traded At 9.25734838 SEK To 1 USD Valued At 9.25734838 SEK For 102,152.85 USD Net Proceeds 102,152.85 USD Fed ST Currency Gain On SEK Of 396.28 USD Fx7471630-Aset 25233 00- -A -UC-UZ -365-04","93,015.86"
04/01/22,Sale,"Sold 58,712.32 Units Of 8,740.71 -8,669.74 Danish Krone Trade Date 3/31/22 Value Date 4/1/22 Book Value 58,712.32 DKK Traded At 6.71711108 DKK To 1 USD Valued At 6.71711108 DKK For 8,740.71 USD Net Proceeds 8,740.71 USD Fed ST Currency Gain On DKK Of 70.97 USD Fx7474108-Aset First Am Govt Ob Fd Cl X Interest From 3/1/22 To 3/31/22 945,664.52 Swedish Krona 99999SEK5","101,756.57"
04/04/22,Sale,Sold 592.5 Units Of 592.50 -592.50 First Am Govt Ob Fd Cl X Trade Date 4/4/22,0.00
04/05/22,Sale,"Sold 19,045.78 Units Of 19,045.78 -19,045.78 First Am Govt Ob Fd Cl X Trade Date 4/5/22 Transfer From Another Account",0.00
04/06/22,Purchase,"Purchased 34,689.3 Units Of -34,689.30 34,689.30 First Am Govt Ob Fd Cl X Trade Date 4/6/22","-8,583.72"
04/06/22,Purchase,"Purchased 39,222,116.00 Units Of -319,684.70 319,684.70 Yen Trade Date 4/4/22 Value Date 4/6/22 Book Value 39,222,116 JPY Traded At 122.69000049 JPY To 1 USD Valued At 122.69000049 JPY For 319,684.70 USD Net Cost 319,684.70 USD 39,222,116 Units At 1 JPY Fx7478373-Aset","-328,268.42"
04/06/22,Sale,"Sold 31,000 Shares Of 407,107.66 -519,636.11 Japan Elevator Ser Net Proceeds 50,015,212 JPY Trade Date 4/4/22 Sold Through Jeffus33 Jefferies Jersey City Paid 75,136 JPY Brokerage Book Value 64,645,453 JPY Valued At 122.855 JPY For 407,107.66 USD Fed Tax Cost Of Proceeds 31,000 Shares At 1,615.81767742 JPY 25233 00- -A -UC-UZ -365-04","78,839.24"
04/06/22,Sale,"Sold 200,638 Shares Of 446,929.60 -359,761.77 Capital Counties Properties Plc Net Proceeds 340,972.65 GBP Trade Date 4/4/22 Sold Through Crst 871 Paid 512.23 GBP Brokerage Paid 1.00 GBP Misc Fee1 Sold On The London Stock Exchange Book Value 322,330.95 GBP Valued At 0.7629225 GBP For 446,929.60 USD Fed Tax Cost Of Proceeds 200,638 Shares At 1.70200002 GBP","525,768.84"
04/06/22,Purchase,"Purchased 5,000 Shares Of -524,750.00 524,750.00 Nutrien Ltd Trade Date 4/4/22 Purchased Through Jefferies LLC Paid 200.00 USD Brokerage 5,000 Shares At 104.91 USD","1,018.84"
04/06/22,Purchase,"Purchased 30,000 Shares Of -319,255.35 319,255.35 Uuum Inc Net Cost 39,222,116 JPY Trade Date 4/4/22 Purchased Through Jeffus33 Jefferies Jersey City Paid 58,745 JPY Brokerage Purchased On The Tokyo Stock Exchange Book Value 39,222,116 JPY Valued At 122.855 JPY For 319,255.35 USD Fed Tax Cost Reduction 319,684.70- USD Fed ST Currency Loss Of 429.35- USD 30,000 Shares At 1,305.4457 JPY","-318,236.51"
04/06/22,Sale,"Sold 50,015,212.00 Units Of 406,859.29 -407,107.66 Yen Trade Date 4/4/22 Value Date 4/6/22 Book Value 50,015,212 JPY Traded At 122.92999872 JPY To 1 USD Valued At 122.92999872 JPY For 406,859.29 USD Net Proceeds 406,859.29 USD Fed ST Currency Loss On JPY Of 248.37- USD Fx7478374-Aset 25233 00- -A -UC-UZ -365-04","88,622.78"
04/06/22,Sale,"Sold 340,972.65 Units Of 446,159.13 -446,929.60 British Pound Trade Date 4/4/22 Value Date 4/6/22 Book Value 340,972.65 GBP Traded At 0.76423999 GBP To 1 USD Valued At 0.76423999 GBP For 446,159.13 USD Net Proceeds 446,159.13 USD Fed ST Currency Loss On GBP Of 770.47- USD Fx7478506-Aset 50,015,212 Yen 99999JPY3 340,972.65 British Pound 99999GBP3 -39,222,116 Yen 99999JPY3","534,781.91"
04/07/22,Purchase,"Purchased 423,796.42 Units Of -423,796.42 423,796.42 First Am Govt Ob Fd Cl X Trade Date 4/7/22","-432,137.78"
04/07/22,Sale,"Sold 62,000 Shares Of 432,137.78 -596,145.10 Blackberry Ltd Trade Date 4/5/22 Sold Through Jefferies LLC Paid 2,480.00 USD Brokerage Paid 2.22 USD Sec Fee Sold On The OTC Bulletin Board 62,000 Shares At 7.01 USD",0.00
04/08/22,Sale,"Sold 219,119.54 Units Of 219,119.54 -219,119.54 First Am Govt Ob Fd Cl X Trade Date 4/8/22 25233 00- -A -UC-UZ -365-04","205,037.80"
04/08/22,Purchase,"Purchased 2,000 Shares Of -205,037.80 205,037.80 Nutrien Ltd Trade Date 4/6/22 Purchased Through Jefferies LLC Paid 80.00 USD Brokerage 2,000 Shares At 102.4789 USD Transfer From Another Account",0.00
04/11/22,Purchase,Purchased 634.64 Units Of -634.64 634.64 First Am Govt Ob Fd Cl X Trade Date 4/11/22,0.00
04/12/22,Sale,"Sold 61,564.88 Units Of 61,564.88 -61,564.88 First Am Govt Ob Fd Cl X Trade Date 4/12/22","47,209.01"
04/12/22,Purchase,"Purchased 19,028,069.00 Units Of -151,751.09 151,751.09 Yen Trade Date 4/11/22 Value Date 4/12/22 Book Value 19,028,069 JPY Traded At 125.38999885 JPY To 1 USD Valued At 125.38999885 JPY For 151,751.09 USD Net Cost 151,751.09 USD 19,028,069 Units At 1 JPY Fx7487950-Aset 25233 00- -A -UC-UZ -365-04","-104,542.08"
04/12/22,Purchase,"Purchased 21,753.75 Units Of -23,724.42 23,724.42 Euro Trade Date 4/11/22 Value Date 4/12/22 Book Value 21,753.75 EUR Traded At 0.91693496 EUR To 1 USD Valued At 0.91693496 EUR For 23,724.42 USD Net Cost 23,724.42 USD 21,753.75 Units At 1 EUR Fx7488722-Aset","-128,266.50"
04/12/22,Sale,"Sold 8,000 Shares Of 128,823.85 -185,470.95 Ocado Group Plc Net Proceeds 98,590.89 GBP Trade Date 4/8/22 Sold Through Crst 871 Paid 148.11 GBP Brokerage Paid 1.00 GBP Misc Fee1 Sold On The London Stock Exchange Book Value 131,183.40 GBP Valued At 0.7653155 GBP For 128,823.85 USD Fed Tax Cost Of Proceeds 8,000 Shares At 12.3425 GBP",557.35
04/12/22,Purchase,"Purchased 15,000 Shares Of -153,545.04 153,545.04 Uuum Inc Net Cost 19,028,069 JPY Trade Date 4/8/22 Purchased Through Jeffus33 Jefferies Jersey City Paid 28,499 JPY Brokerage Purchased On The Tokyo Stock Exchange Book Value 19,028,069 JPY Valued At 123.925 JPY For 153,545.04 USD Fed Tax Cost Reduction 151,751.09- USD Fed ST Currency Gain Of 1,793.95 USD 15,000 Shares At 1,266.638 JPY 25233 00- -A -UC-UZ -365-04","-152,987.69"
04/12/22,Purchase,"Purchased 1,327 Shares Of -23,736.61 23,736.61 Ebro Foods Sa Net Cost 21,753.75 EUR Trade Date 4/8/22 Purchased Through Parbfrpp Banque Paribas Fr Paid 32.52 EUR Brokerage Book Value 21,753.75 EUR Valued At 0.916464 EUR For 23,736.61 USD Fed Tax Cost Reduction 23,724.42- USD Fed ST Currency Gain Of 12.19 USD 1,327 Shares At 16.3686737 EUR","-176,724.30"
04/12/22,Sale,"Sold 98,590.89 Units Of 128,266.50 -128,823.85 British Pound Trade Date 4/11/22 Value Date 4/12/22 Book Value 98,590.89 GBP Traded At 0.76864099 GBP To 1 USD Valued At 0.76864099 GBP For 128,266.50 USD Net Proceeds 128,266.50 USD Fed ST Currency Loss On GBP Of 557.35- USD Fx7488423-Aset 98,590.89 British Pound 99999GBP3 -19,028,069 Yen 99999JPY3 -21,753.75 Euro 99999EUR3","-48,457.80"
04/13/22,Sale,Sold 252.28 Units Of 252.28 -252.28 First Am Govt Ob Fd Cl X Trade Date 4/13/22 25233 00- -A -UC-UZ -365-04,0.00
04/14/22,Sale,"Sold 26,550.97 Units Of 26,550.97 -26,550.97 First Am Govt Ob Fd Cl X Trade Date 4/14/22","2,423.48"
04/14/22,Purchase,"Purchased 11,334 Shares Of -201,856.71 201,856.71 Ebro Foods Sa Net Cost 185,240.67 EUR Trade Date 4/12/22 Purchased Through Parbfrpp Banque Paribas Fr Paid 276.89 EUR Brokerage Paid 369.19 EUR Misc Fee1 Book Value 185,240.67 EUR Valued At 0.917684 EUR For 201,856.71 USD Fed Tax Cost Reduction 201,856.71- USD 11,334 Shares At 16.28679989 EUR -185,240.67 Euro 99999EUR3 Transfer From Another Account","-199,433.23"
04/18/22,Purchase,"Purchased 61,225.58 Units Of -61,225.58 61,225.58 First Am Govt Ob Fd Cl X Trade Date 4/18/22 25233 00- -A -UC-UZ -365-04",0.00
04/19/22,Sale,"Sold 268,368.05 Units Of 268,368.05 -268,368.05 First Am Govt Ob Fd Cl X Trade Date 4/19/22","200,779.17"
04/19/22,Purchase,"Purchased 185,240.67 Units Of -200,779.17 201,856.71 Euro Trade Date 4/14/22 Value Date 4/19/22 Book Value 185,240.67 EUR Traded At 0.922609 EUR To 1 USD Valued At 0.922609 EUR For 200,779.17 USD Net Cost 200,779.17 USD Repayment Of Currency Overdraft Resulted In Fed ST Currency Gain On EUR Of 1,077.54 USD 185,240.67 Units At 1 EUR Fx7495728-Aset Transfer From Another Account",0.00
04/20/22,Purchase,"Purchased 763,810.02 Units Of -763,810.02 763,810.02 First Am Govt Ob Fd Cl X Trade Date 4/20/22","-751,670.47"
04/20/22,Sale,"Sold 277,629 Units Of 277,629.00 -277,629.00 First Am Govt Ob Fd Cl X Trade Date 4/20/22","-474,041.47"
04/20/22,Sale,"Sold 17,600 Shares Of 754,893.24 -566,053.83 Basware Oyj Npv Net Proceeds 695,914.56 EUR Trade Date 4/14/22 Sold Through Jeffus33 Jefferies Jersey City Paid 1,045.44 EUR Brokerage Book Value 554,480.49 EUR Valued At 0.9218715 EUR For 754,893.24 USD Fed Tax Cost Of Proceeds 17,600 Shares At 39.6 EUR","280,851.77"
04/20/22,Sale,"Sold 695,914.56 Units Of 751,670.47 -754,893.24 Euro Trade Date 4/14/22 Value Date 4/20/22 Book Value 695,914.56 EUR Traded At 0.925824 EUR To 1 USD Valued At 0.925824 EUR For 751,670.47 USD Net Proceeds 751,670.47 USD Fed ST Currency Loss On EUR Of 3,222.77- USD Fx7495490-Aset 25233 00- -A -UC-UZ -365-04","1,032,522.24"
04/20/22,Purchase,"Purchased 30,000 Shares Of -277,629.00 277,629.00 Cresud S A Spon A D R Trade Date 4/14/22 Purchased Through Jefferies LLC Paid 1,200.00 USD Brokerage Purchased On The OTC Bulletin Board 30,000 Shares At 9.2143 USD 695,914.56 Euro 99999EUR3","754,893.24"
04/21/22,Sale,"Sold 307,530.76 Units Of 307,530.76 -307,530.76 First Am Govt Ob Fd Cl X Trade Date 4/21/22","288,846.00"
04/21/22,Purchase,"Purchased 30,000 Shares Of -288,846.00 288,846.00 Cresud S A Spon A D R Trade Date 4/19/22 Purchased Through Jefferies LLC Paid 1,200.00 USD Brokerage Purchased On The OTC Bulletin Board 30,000 Shares At 9.5882 USD",0.00
04/21/22,Purchase,"Purchased 7,339 Shares Of -131,270.22 131,270.22 Ebro Foods Sa Net Cost 120,724.89 EUR Trade Date 4/11/22 Purchased Through Parbfrpp Banque Paribas Fr Paid 180.46 EUR Brokerage Paid 240.61 EUR Misc Fee1 Book Value 120,724.89 EUR Valued At 0.919667 EUR For 131,270.22 USD Fed Tax Cost Reduction 131,270.22- USD 7,339 Shares At 16.3924 EUR -120,724.89 Euro 99999EUR3 25233 00- -A -UC-UZ -365-04","-131,270.22"
04/22/22,Sale,"Sold 102,660.01 Units Of 102,660.01 -102,660.01 First Am Govt Ob Fd Cl X Trade Date 4/22/22","131,093.32"
04/22/22,Purchase,"Purchased 120,724.89 Units Of -131,093.32 131,270.22 Euro Trade Date 4/21/22 Value Date 4/22/22 Book Value 120,724.89 EUR Traded At 0.92090802 EUR To 1 USD Valued At 0.92090802 EUR For 131,093.32 USD Net Cost 131,093.32 USD Repayment Of Currency Overdraft Resulted In Fed ST Currency Gain On EUR Of 176.90 USD 120,724.89 Units At 1 EUR Fx7505386-Aset Transfer From Another Account",0.00
04/25/22,Purchase,"Purchased 15,408.7 Units Of -15,408.70 15,408.70 First Am Govt Ob Fd Cl X Trade Date 4/25/22 Transfer From Another Account",0.00
04/26/22,Purchase,"Purchased 1,376,567.58 Units Of -1,376,567.58 1,376,567.58 First Am Govt Ob Fd Cl X Trade Date 4/26/22 Transfer From Another Account",0.00
04/27/22,Purchase,"Purchased 27,192.76 Units Of -27,192.76 27,192.76 First Am Govt Ob Fd Cl X Trade Date 4/27/22 25233 00- -A -UC-UZ -365-04",0.00
04/28/22,Purchase,"Purchased 9,390.49 Units Of -9,390.49 9,390.49 First Am Govt Ob Fd Cl X Trade Date 4/28/22",0.00
04/29/22,Sale,"Sold 186,154.69 Units Of 186,154.69 -186,154.69 First Am Govt Ob Fd Cl X Trade Date 4/29/22","160,536.00"
04/29/22,Purchase,"Purchased 20,000 Shares Of -160,536.00 160,536.00 Cresud S A Spon A D R Trade Date 4/27/22 Purchased Through Jefferies LLC Paid 800.00 USD Brokerage Purchased On The OTC Bulletin Board 20,000 Shares At 7.9868 USD Transfer From Another Account",0.00
05/02/22,Sale,"Sold 267,117.01 Units Of 267,117.01 -267,117.01 First Am Govt Ob Fd Cl X Trade Date 5/2/22","291,453.54"
05/02/22,Purchase,"Purchased 2,701,692.97 Units Of -291,453.54 291,453.54 Norwegian Krone Trade Date 4/29/22 Value Date 5/2/22 Book Value 2,701,692.97 NOK Traded At 9.2697209 NOK To 1 USD Valued At 9.2697209 NOK For 291,453.54 USD Net Cost 291,453.54 USD 2,701,692.97 Units At 1 NOK Fx7518829-Aset 25233 00- -A -UC-UZ -365-04",0.00
05/02/22,Purchase,"Purchased 15,000 Shares Of -288,225.16 288,225.16 Nordic Semiconductor Asa Net Cost 2,701,692.97 NOK Trade Date 4/28/22 Purchased Through Parbfrpp Banque Paribas Fr Paid 4,046.47 NOK Brokerage Book Value 2,701,692.97 NOK Valued At 9.37355 NOK For 288,225.16 USD Fed Tax Cost Reduction 291,453.54- USD Fed ST Currency Loss Of 3,228.38- USD 15,000 Shares At 179.8431 NOK First Am Govt Ob Fd Cl X Interest From 4/1/22 To 4/30/22 -2,701,692.97 Norwegian Krone 99999NOK5 Ds Smith Plc 0.048 GBP/Share On 120,000 Shares Due 5/3/22 Received 5,760.00 GBP Valued At 0.800225 GBP For 7,197.98 USD","-288,225.16"
05/03/22,Sale,"Sold 5,760.00 Units Of 7,197.98 -7,197.98 British Pound Trade Date 5/3/22 Value Date 5/3/22 Book Value 5,760.00 GBP Traded At 0.800225 GBP To 1 USD Valued At 0.800225 GBP For 7,197.98 USD Net Proceeds 7,197.98 USD Repatriating Ds Smith Plc Transfer To Income Ds Smith Plc Repatriating Ds Smith Plc 25233 00- -A -UC-UZ -365-04","14,527.25"
05/03/22,Sale,"Sold 25,012.36 Units Of 25,012.36 -25,012.36 First Am Govt Ob Fd Cl X Trade Date 5/3/22 5,760.00 British Pound 99999GBP3 Transfer From Another Account","14,395.96"
05/04/22,Purchase,"Purchased 7,432.43 Units Of -7,432.43 7,432.43 First Am Govt Ob Fd Cl X Trade Date 5/4/22",78.00
05/05/22,Sale,"Sold 11,176.06 Units Of 11,176.06 -11,176.06 First Am Govt Ob Fd Cl X Trade Date 5/5/22",78.00
05/05/22,Purchase,"Purchased 5,660 Shares Of -101,246.83 101,246.83 Ebro Foods Sa Net Cost 95,062.98 EUR Trade Date 4/27/22 Purchased Through Parbfrpp Banque Paribas Fr Paid 142.10 EUR Brokerage Paid 189.46 EUR Misc Fee1 Book Value 95,062.98 EUR Valued At 0.938923 EUR For 101,246.83 USD Fed Tax Cost Reduction 101,246.83- USD 5,660 Shares At 16.737 EUR -95,062.98 Euro 99999EUR3","-101,168.83"
05/06/22,Sale,"Sold 679,120.05 Units Of 679,120.05 -679,120.05 First Am Govt Ob Fd Cl X Trade Date 5/6/22 25233 00- -A -UC-UZ -365-04","307,924.47"
05/06/22,Purchase,"Purchased 96,852.19 Units Of -121,128.07 121,128.07 British Pound Trade Date 5/4/22 Value Date 5/6/22 Book Value 96,852.19 GBP Traded At 0.79958502 GBP To 1 USD Valued At 0.79958502 GBP For 121,128.07 USD Net Cost 121,128.07 USD 96,852.19 Units At 1 GBP Fx7525798-Aset","186,796.40"
05/06/22,Purchase,"Purchased 95,062.98 Units Of -100,182.40 101,246.83 Euro Trade Date 5/5/22 Value Date 5/6/22 Book Value 95,062.98 EUR Traded At 0.94889901 EUR To 1 USD Valued At 0.94889901 EUR For 100,182.40 USD Net Cost 100,182.40 USD Repayment Of Currency Overdraft Resulted In Fed ST Currency Gain On EUR Of 1,064.43 USD 95,062.98 Units At 1 EUR Fx7528893-Aset","86,614.00"
05/06/22,Purchase,"Purchased 5,000 Shares Of -86,536.00 86,536.00 Materialise Nv A D R Trade Date 5/4/22 Purchased Through Jefferies LLC Paid 200.00 USD Brokerage Purchased On The OTC Bulletin Board 5,000 Shares At 17.2672 USD 25233 00- -A -UC-UZ -365-04",78.00
05/06/22,Purchase,"Purchased 10,000 Shares Of -121,171.79 121,171.79 Watches Of Switzerland Group Net Cost 96,852.19 GBP Trade Date 5/4/22 Purchased Through Jeffgb2x Jefferies Intl London Paid 144.34 GBP Brokerage Paid 1.00 GBP Misc Fee1 Paid 481.85 GBP Misc Fee2 Purchased On The London Stock Exchange Book Value 96,852.19 GBP Valued At 0.7992965 GBP For 121,171.79 USD 10,000 Shares At 9.6225 GBP -96,852.19 British Pound 99999GBP3","-121,093.79"
05/09/22,Sale,"Sold 70,360.26 Units Of 70,360.26 -70,360.26 First Am Govt Ob Fd Cl X Trade Date 5/9/22","-148,977.98"
05/09/22,Purchase,"Purchased 115,301.79 Units Of -122,018.93 122,018.93 Euro Trade Date 5/6/22 Value Date 5/9/22 Book Value 115,301.79 EUR Traded At 0.94495002 EUR To 1 USD Valued At 0.94495002 EUR For 122,018.93 USD Net Cost 122,018.93 USD 115,301.79 Units At 1 EUR Fx7529532-Aset 25233 00- -A -UC-UZ -365-04","-270,996.91"
05/09/22,Sale,"Sold 4,000 Shares Of 273,439.18 -331,514.58 Advantest Corp Ord(Jp) Net Proceeds 35,426,780 JPY Trade Date 5/2/22 Sold Through Jeffus33 Jefferies Jersey City Paid 53,220 JPY Brokerage Book Value 30,400,282 JPY Valued At 129.56 JPY For 273,439.18 USD Fed Tax Cost Of Proceeds 4,000 Shares At 8,870 JPY","2,442.27"
05/09/22,Purchase,"Purchased 3,400 Shares Of -121,626.10 121,626.10 Zalando SE Net Cost 115,301.79 EUR Trade Date 5/5/22 Purchased Through Parbfrpp Banque Paribas Fr Paid 172.69 EUR Brokerage Book Value 115,301.79 EUR Valued At 0.948002 EUR For 121,626.10 USD Fed Tax Cost Reduction 122,018.93- USD Fed ST Currency Loss Of 392.83- USD 3,400 Shares At 33.8615 EUR","-119,183.83"
05/09/22,Sale,"Sold 35,426,780.00 Units Of 271,074.91 -273,439.18 Yen Trade Date 5/6/22 Value Date 5/9/22 Book Value 35,426,780 JPY Traded At 130.69000004 JPY To 1 USD Valued At 130.69000004 JPY For 271,074.91 USD Net Proceeds 271,074.91 USD Fed ST Currency Loss On JPY Of 2,364.27- USD Fx7531062-Aset 25233 00- -A -UC-UZ -365-04","151,891.08"
05/09/22,Purchase,"Purchased 4,340 Shares Of -78,122.99 78,122.99 Ebro Foods Sa Net Cost 74,279.07 EUR Trade Date 4/28/22 Purchased Through Parbfrpp Banque Paribas Fr Paid 111.03 EUR Brokerage Paid 148.04 EUR Misc Fee1 Book Value 74,279.07 EUR Valued At 0.9507965 EUR For 78,122.99 USD Fed Tax Cost Reduction 78,122.99- USD 4,340 Shares At 17.05529954 EUR 35,426,780 Yen 99999JPY3 -115,301.79 Euro 99999EUR3 -74,279.07 Euro 99999EUR3","73,768.09"
05/10/22,Sale,"Reversal- 6,538 Shares Of 71,631.83 -71,631.83 Slm Solutions Group Ag Net Proceeds 68,023.20 EUR Trade Date 5/6/22 Sold Through Parbfrpp Banque Paribas Fr Paid 101.88- EUR Brokerage Book Value 68,023.20 EUR Valued At 0.9496225 EUR For 71,631.83 USD Fed Tax Cost Of Proceeds Reversal Of Trx 55165 Batch Zy000400 From 5/10/22 6,538 Shares At 10.38869991 EUR Rev For Partial 25233 00- -A -UC-UZ -365-04","71,709.83"
05/10/22,Purchase,"Purchased 6,510 Shares Of -71,325.06 71,325.06 Slm Solutions Group Ag Net Cost 67,731.88 EUR Trade Date 5/6/22 Purchased Through Parbfrpp Banque Paribas Fr Paid 101.44 EUR Brokerage Book Value 67,731.88 EUR Valued At 0.9496225 EUR For 71,325.06 USD Fed Tax Cost Reduction 71,325.06- USD 6,510 Shares At 10.38870046 EUR",384.77
05/10/22,Sale,"Sold 252,035.76 Units Of 252,035.76 -252,035.76 First Am Govt Ob Fd Cl X Trade Date 5/10/22","150,699.80"
05/10/22,Purchase,"Purchased 68,023.20 Units Of -71,808.97 71,543.38 Euro Trade Date 5/6/22 Value Date 5/10/22 Book Value 68,023.20 EUR Traded At 0.94727998 EUR To 1 USD Valued At 0.94727998 EUR For 71,808.97 USD Net Cost 71,808.97 USD Repayment Of Currency Overdraft Resulted In Fed ST Currency Loss On EUR Of 265.59- USD 68,023.2 Units At 1 EUR Fx7531085-Aset 25233 00- -A -UC-UZ -365-04","78,890.83"
05/10/22,Purchase,"Purchased 74,279.07 Units Of -78,584.06 78,545.23 Euro Trade Date 5/9/22 Value Date 5/10/22 Book Value 74,279.07 EUR Traded At 0.94521803 EUR To 1 USD Valued At 0.94521803 EUR For 78,584.06 USD Net Cost 78,584.06 USD Repayment Of Currency Overdraft Resulted In Fed ST Currency Loss On EUR Of 38.83- USD 74,279.07 Units At 1 EUR Fx7532655-Aset",306.77
05/10/22,Purchase,"Purchased 6,538 Shares Of -71,631.83 71,631.83 Slm Solutions Group Ag Net Cost 68,023.20 EUR Trade Date 5/6/22 Purchased Through Parbfrpp Banque Paribas Fr Paid 101.88 EUR Brokerage Book Value 68,023.20 EUR Valued At 0.9496225 EUR For 71,631.83 USD Fed Tax Cost Reduction 71,965.62- USD Fed ST Currency Loss Of 333.79- USD 6,538 Shares At 10.38869991 EUR","-71,325.06"
05/10/22,Purchase,"Purchased 28 Shares Of -306.77 306.77 Slm Solutions Group Ag Net Cost 291.32 EUR Trade Date 5/6/22 Purchased Through Parbfrpp Banque Paribas Fr Paid 0.44 EUR Brokerage Book Value 291.32 EUR Valued At 0.9496225 EUR For 306.77 USD Fed Tax Cost Reduction 306.77- USD 28 Shares At 10.3887 EUR 68,023.20 Euro 99999EUR3 -67,731.88 Euro 99999EUR3 25233 00- -A -UC-UZ -365-04","-71,631.83"
05/11/22,Sale,"Reversal- 3,462 Shares Of 37,602.57 -37,602.57 Slm Solutions Group Ag Net Proceeds 35,531.10 EUR Trade Date 5/9/22 Sold Through Parbfrpp Banque Paribas Fr Paid 53.22- EUR Brokerage Book Value 35,531.10 EUR Valued At 0.9449115 EUR For 37,602.57 USD Fed Tax Cost Of Proceeds Reversal Of Trx 63963 Batch Zy000463 From 5/11/22 3,462 Shares At 10.24779896 EUR","37,602.57"
05/11/22,Purchase,"Purchased 2,361 Shares Of -25,644.03 25,644.03 Slm Solutions Group Ag Net Cost 24,231.34 EUR Trade Date 5/9/22 Purchased Through Parbfrpp Banque Paribas Fr Paid 36.29 EUR Brokerage Book Value 24,231.34 EUR Valued At 0.9449115 EUR For 25,644.03 USD Fed Tax Cost Reduction 25,644.03- USD 2,361 Shares At 10.24779896 EUR","11,958.54"
05/11/22,Purchase,"Purchased 184,741.92 Units Of -184,741.92 184,741.92 First Am Govt Ob Fd Cl X Trade Date 5/11/22 25233 00- -A -UC-UZ -365-04","-178,647.74"
05/11/22,Purchase,"Purchased 35,531.10 Units Of -37,558.35 37,558.35 Euro Trade Date 5/9/22 Value Date 5/11/22 Book Value 35,531.10 EUR Traded At 0.94602399 EUR To 1 USD Valued At 0.94602399 EUR For 37,558.35 USD Net Cost 37,558.35 USD 35,531.1 Units At 1 EUR Fx7532873-Aset","-216,206.09"
05/11/22,Sale,"Sold 5,050 Shares Of 228,348.35 -358,970.26 Jeol Ltd Net Proceeds 29,777,766 JPY Trade Date 5/9/22 Sold Through Jeffus33 Jefferies Jersey City Paid 44,733 JPY Brokerage Book Value 23,731,116 JPY Valued At 130.405 JPY For 228,348.35 USD Fed Tax Cost Of Proceeds 5,050 Shares At 5,905.44534653 JPY","12,142.26"
05/11/22,Purchase,"Purchased 3,462 Shares Of -37,602.57 37,602.57 Slm Solutions Group Ag Net Cost 35,531.10 EUR Trade Date 5/9/22 Purchased Through Parbfrpp Banque Paribas Fr Paid 53.22 EUR Brokerage Book Value 35,531.10 EUR Valued At 0.9449115 EUR For 37,602.57 USD Fed Tax Cost Reduction 37,558.35- USD Fed ST Currency Gain Of 44.22 USD 3,462 Shares At 10.24779896 EUR 25233 00- -A -UC-UZ -365-04","-25,460.31"
05/11/22,Sale,"Sold 29,777,766.00 Units Of 228,164.63 -228,348.35 Yen Trade Date 5/9/22 Value Date 5/11/22 Book Value 29,777,766 JPY Traded At 130.51000061 JPY To 1 USD Valued At 130.51000061 JPY For 228,164.63 USD Net Proceeds 228,164.63 USD Fed ST Currency Loss On JPY Of 183.72- USD Fx7532893-Aset","202,704.32"
05/11/22,Purchase,"Purchased 1,101 Shares Of -11,958.54 11,958.54 Slm Solutions Group Ag Net Cost 11,299.76 EUR Trade Date 5/9/22 Purchased Through Parbfrpp Banque Paribas Fr Paid 16.93 EUR Brokerage Book Value 11,299.76 EUR Valued At 0.9449115 EUR For 11,958.54 USD Fed Tax Cost Reduction 11,958.54- USD 1,101 Shares At 10.2478 EUR 35,531.10 Euro 99999EUR3 -24,231.34 Euro 99999EUR3 29,777,766 Yen 99999JPY3 -35,531.10 Euro 99999EUR3 -11,299.76 Euro 99999EUR3 25233 00- -A -UC-UZ -365-04","190,745.78"
05/12/22,Purchase,"Purchased 9,937.91 Units Of -9,937.91 9,937.91 First Am Govt Ob Fd Cl X Trade Date 5/12/22","2,319.28"
05/13/22,Sale,"Sold 228,103.02 Units Of 228,103.02 -228,103.02 First Am Govt Ob Fd Cl X Trade Date 5/13/22","183,008.50"
05/13/22,Purchase,"Purchased 78,524.61 Units Of -82,737.70 82,737.70 Euro Trade Date 5/11/22 Value Date 5/13/22 Book Value 78,524.61 EUR Traded At 0.94907896 EUR To 1 USD Valued At 0.94907896 EUR For 82,737.70 USD Net Cost 82,737.70 USD 78,524.61 Units At 1 EUR Fx7537001-Aset","100,270.80"
05/13/22,Purchase,"Purchased 140 Shares Of -100,270.80 100,270.80 Mercadolibre Inc Trade Date 5/11/22 Purchased Through Jefferies LLC Paid 5.60 USD Brokerage Purchased On The OTC Bulletin Board 140 Shares At 716.18 USD 25233 00- -A -UC-UZ -365-04",0.00
05/13/22,Purchase,"Purchased 14,000 Shares Of -82,788.46 82,788.46 Mister Spex SE Npv Net Cost 78,524.61 EUR Trade Date 5/11/22 Purchased Through Jeffus33 Jefferies Jersey City Paid 117.61 EUR Brokerage Purchased On The Deutsche Boerse Ag Book Value 78,524.61 EUR Valued At 0.948497 EUR For 82,788.46 USD Fed Tax Cost Reduction 82,737.70- USD Fed ST Currency Gain Of 50.76 USD 14,000 Shares At 5.6005 EUR -78,524.61 Euro 99999EUR3","-82,788.46"
05/16/22,Purchase,"Purchased 636,583.22 Units Of -636,583.22 636,583.22 First Am Govt Ob Fd Cl X Trade Date 5/16/22 25233 00- -A -UC-UZ -365-04","-988,252.50"
05/16/22,Sale,"Sold 2,360 Shares Of 567,930.64 -551,913.01 Disco Corporation Net Proceeds 73,992,844 JPY Trade Date 5/12/22 Sold Through Jeffus33 Jefferies Jersey City Paid 111,156 JPY Brokerage Book Value 69,185,120 JPY Valued At 130.285 JPY For 567,930.64 USD Fed Tax Cost Of Proceeds 2,360 Shares At 31,400 JPY","-420,321.86"
05/16/22,Sale,"Sold 3,000 Shares Of 186,602.28 -252,827.05 Nidec Corp Net Proceeds 24,311,478 JPY Trade Date 5/12/22 Sold Through Jeffus33 Jefferies Jersey City Paid 36,522 JPY Brokerage Book Value 30,427,205 JPY Valued At 130.285 JPY For 186,602.28 USD Fed Tax Cost Of Proceeds 3,000 Shares At 8,116 JPY","-233,719.58"
05/16/22,Sale,"Sold 30,500 Shares Of 100,536.31 -185,760.90 Z Holdings Corp Net Proceeds 13,098,373 JPY Trade Date 5/12/22 Sold Through Jeffus33 Jefferies Jersey City Paid 19,677 JPY Brokerage Book Value 18,153,509 JPY Valued At 130.285 JPY For 100,536.31 USD Fed Tax Cost Of Proceeds 30,500 Shares At 430.1 JPY","-133,183.27"
05/16/22,Sale,"Sold 6,080 Shares Of 126,981.68 -163,801.44 Comture Corp Net Proceeds 16,543,808 JPY Trade Date 5/12/22 Sold Through Jeffus33 Jefferies Jersey City Paid 24,852 JPY Brokerage Sold On The Jasdaq Securities Exchange Book Value 15,745,937 JPY Valued At 130.285 JPY For 126,981.68 USD Fed Tax Cost Of Proceeds 6,080 Shares At 2,725.10855263 JPY 25233 00- -A -UC-UZ -365-04","-6,201.59"
05/16/22,Sale,"Sold 73,992,844.00 Units Of 571,814.87 -567,930.65 Yen Trade Date 5/13/22 Value Date 5/16/22 Book Value 73,992,844 JPY Traded At 129.39999969 JPY To 1 USD Valued At 129.39999969 JPY For 571,814.87 USD Net Proceeds 571,814.87 USD Fed ST Currency Gain On JPY Of 3,884.22 USD Fx7541035-Aset","565,613.28"
05/16/22,Sale,"Sold 16,543,808.00 Units Of 127,692.25 -126,981.68 Yen Trade Date 5/13/22 Value Date 5/16/22 Book Value 16,543,808 JPY Traded At 129.5600007 JPY To 1 USD Valued At 129.5600007 JPY For 127,692.25 USD Net Proceeds 127,692.25 USD Fed ST Currency Gain On JPY Of 710.57 USD Fx7541108-Aset","693,305.53"
05/16/22,Sale,"Sold 24,311,478.00 Units Of 187,646.48 -186,602.27 Yen Trade Date 5/13/22 Value Date 5/16/22 Book Value 24,311,478 JPY Traded At 129.56000027 JPY To 1 USD Valued At 129.56000027 JPY For 187,646.48 USD Net Proceeds 187,646.48 USD Fed ST Currency Gain On JPY Of 1,044.20 USD Fx7541106-Aset 25233 00- -A -UC-UZ -365-04","880,952.01"
05/16/22,Sale,"Sold 13,098,373.00 Units Of 101,098.90 -100,536.31 Yen Trade Date 5/13/22 Value Date 5/16/22 Book Value 13,098,373 JPY Traded At 129.55999521 JPY To 1 USD Valued At 129.55999521 JPY For 101,098.90 USD Net Proceeds 101,098.90 USD Fed ST Currency Gain On JPY Of 562.59 USD Fx7541107-Aset 73,992,844 Yen 99999JPY3 24,311,478 Yen 99999JPY3 13,098,373 Yen 99999JPY3 16,543,808 Yen 99999JPY3 Transfer From Another Account","982,050.91"
05/17/22,Sale,"Sold 11,882.41 Units Of 11,882.41 -11,882.41 First Am Govt Ob Fd Cl X Trade Date 5/17/22 25233 00- -A -UC-UZ -365-04","23,801.81"
05/17/22,Purchase,"Purchased 239,915.33 Units Of -23,801.81 23,801.81 Swedish Krona Trade Date 5/13/22 Value Date 5/17/22 Book Value 239,915.33 SEK Traded At 10.07970948 SEK To 1 USD Valued At 10.07970948 SEK For 23,801.81 USD Net Cost 23,801.81 USD 239,915.33 Units At 1 SEK Fx7541967-Aset",0.00
05/17/22,Purchase,"Purchased 4,000 Shares Of -23,758.23 23,758.23 Raysearch Laboratories Ab Net Cost 239,915.33 SEK Trade Date 5/13/22 Purchased Through Parbfrpp Banque Paribas Fr Paid 359.33 SEK Brokerage Book Value 239,915.33 SEK Valued At 10.0982 SEK For 23,758.23 USD Fed Tax Cost Reduction 23,801.81- USD Fed ST Currency Loss Of 43.58- USD 4,000 Shares At 59.889 SEK -239,915.33 Swedish Krona 99999SEK5 Transfer From Another Account","-23,758.23"
05/18/22,Sale,"Sold 202,093.86 Units Of 202,093.86 -202,093.86 First Am Govt Ob Fd Cl X Trade Date 5/18/22","231,721.67"
05/18/22,Sale,Sold 78 Units Of 78.00 -78.00 First Am Govt Ob Fd Cl X Trade Date 5/18/22 25233 00- -A -UC-UZ -365-04,"231,799.67"
05/18/22,Purchase,"Purchased 64,904,990.00 Units Of -503,451.68 503,451.68 Yen Trade Date 5/16/22 Value Date 5/18/22 Book Value 64,904,990 JPY Traded At 128.91999884 JPY To 1 USD Valued At 128.91999884 JPY For 503,451.68 USD Net Cost 503,451.68 USD 64,904,990 Units At 1 JPY Fx7543664-Aset","-271,652.01"
05/18/22,Sale,"Sold 4,000 Shares Of 271,404.46 -82,584.26 Advantest Corp Ord(Jp) Net Proceeds 35,112,952 JPY Trade Date 5/16/22 Sold Through Jeffus33 Jefferies Jersey City Paid 52,748 JPY Brokerage Book Value 30,400,282 JPY Valued At 129.375 JPY For 271,404.46 USD Fed Tax Cost Of Proceeds 4,000 Shares At 8,791.425 JPY",-247.55
05/18/22,Purchase,"Purchased 30,000 Shares Of -501,681.08 501,681.08 Subaru Corporation Net Cost 64,904,990 JPY Trade Date 5/16/22 Purchased Through Jeffus33 Jefferies Jersey City Paid 97,211 JPY Brokerage Book Value 64,904,990 JPY Valued At 129.375 JPY For 501,681.08 USD Fed Tax Cost Reduction 503,451.68- USD Fed ST Currency Loss Of 1,770.60- USD 30,000 Shares At 2,160.2593 JPY 25233 00- -A -UC-UZ -365-04","-501,928.63"
05/18/22,Sale,"Sold 35,112,952.00 Units Of 271,730.01 -271,404.46 Yen Trade Date 5/16/22 Value Date 5/18/22 Book Value 35,112,952 JPY Traded At 129.2200004 JPY To 1 USD Valued At 129.2200004 JPY For 271,730.01 USD Net Proceeds 271,730.01 USD Fed ST Currency Gain On JPY Of 325.55 USD Fx7543663-Aset 35,112,952 Yen 99999JPY3 -64,904,990 Yen 99999JPY3","-230,198.62"
05/19/22,Sale,"Sold 44,382.43 Units Of 44,382.43 -44,382.43 First Am Govt Ob Fd Cl X Trade Date 5/19/22",78.00
05/20/22,Sale,"Reversal- 16,058 Shares Of 110,932.21 -110,932.21 Raysearch Laboratories Ab Net Proceeds 1,101,817.55 SEK Trade Date 5/18/22 Sold Through Jeffus33 Jefferies Jersey City Paid 1,650.25- SEK Brokerage Book Value 1,101,817.55 SEK Valued At 9.93235 SEK For 110,932.21 USD Fed Tax Cost Of Proceeds Reversal Of Trx 63631 Batch Zy001623 From 5/20/22 16,058 Shares At 68.51209989 SEK Rev For Partial 25233 00- -A -UC-UZ -365-04","111,010.21"
05/20/22,Purchase,"Purchased 13,278 Shares Of -91,727.36 91,727.36 Raysearch Laboratories Ab Net Cost 911,068.21 SEK Trade Date 5/18/22 Purchased Through Jeffus33 Jefferies Jersey City Paid 1,364.55 SEK Brokerage Book Value 911,068.21 SEK Valued At 9.93235 SEK For 91,727.36 USD Fed Tax Cost Reduction 91,727.36- USD 13,278 Shares At 68.51209971 SEK Transfer From Another Account","19,282.85"
05/20/22,Purchase,"Purchased 382,606.31 Units Of -382,606.31 382,606.31 First Am Govt Ob Fd Cl X Trade Date 5/20/22","-332,321.76"
05/20/22,Purchase,"Purchased 1,101,817.55 Units Of -111,255.52 111,255.52 Swedish Krona Trade Date 5/19/22 Value Date 5/20/22 Book Value 1,101,817.55 SEK Traded At 9.90348659 SEK To 1 USD Valued At 9.90348659 SEK For 111,255.52 USD Net Cost 111,255.52 USD 1,101,817.55 Units At 1 SEK Fx7553139-Aset","-443,577.28"
05/20/22,Sale,"Sold 17,600 Shares Of 460,870.71 -1,244,124.55 Orpea Net Proceeds 437,445.57 EUR Trade Date 5/18/22 Sold Through Jeffus33 Jefferies Jersey City Paid 657.15 EUR Brokerage Book Value 1,242,774.56 EUR Valued At 0.949172 EUR For 460,870.71 USD Fed Tax Cost Of Proceeds 17,600 Shares At 24.8922 EUR 25233 00- -A -UC-UZ -365-04","17,293.43"
05/20/22,Purchase,"Purchased 16,058 Shares Of -110,932.21 110,932.21 Raysearch Laboratories Ab Net Cost 1,101,817.55 SEK Trade Date 5/18/22 Purchased Through Jeffus33 Jefferies Jersey City Paid 1,650.25 SEK Brokerage Book Value 1,101,817.55 SEK Valued At 9.93235 SEK For 110,932.21 USD Fed Tax Cost Reduction 111,255.52- USD Fed ST Currency Loss Of 323.31- USD 16,058 Shares At 68.51209989 SEK","-93,638.78"
05/20/22,Sale,"Sold 437,445.57 Units Of 462,704.13 -460,870.71 Euro Trade Date 5/19/22 Value Date 5/20/22 Book Value 437,445.57 EUR Traded At 0.94541099 EUR To 1 USD Valued At 0.94541099 EUR For 462,704.13 USD Net Proceeds 462,704.13 USD Fed ST Currency Gain On EUR Of 1,833.42 USD Fx7553118-Aset","369,065.35"
05/20/22,Purchase,"Purchased 10,747 Shares Of -73,552.49 73,552.49 Raysearch Laboratories Ab Net Cost 741,037.62 SEK Trade Date 5/17/22 Purchased Through Jeffus33 Jefferies Jersey City Paid 1,109.89 SEK Brokerage Book Value 741,037.62 SEK Valued At 10.07495 SEK For 73,552.49 USD Fed Tax Cost Reduction 73,824.31- USD Fed ST Currency Loss Of 271.82- USD 10,747 Shares At 68.84970038 SEK 25233 00- -A -UC-UZ -365-04","295,512.86"
05/20/22,Purchase,"Purchased 2,780 Shares Of -19,204.85 19,204.85 Raysearch Laboratories Ab Net Cost 190,749.33 SEK Trade Date 5/18/22 Purchased Through Jeffus33 Jefferies Jersey City Paid 285.69 SEK Brokerage Book Value 190,749.33 SEK Valued At 9.93235 SEK For 19,204.85 USD Fed Tax Cost Reduction 19,204.85- USD 2,780 Shares At 68.51209989 SEK 1,101,817.55 Swedish Krona 99999SEK5 -911,068.21 Swedish Krona 99999SEK5 437,445.57 Euro 99999EUR3 -1,101,817.55 Swedish Krona 99999SEK5 -741,037.62 Swedish Krona 99999SEK5 -190,749.33 Swedish Krona 99999SEK5 Transfer From Another Account","276,308.01"
05/23/22,Sale,"Sold 56,757.23 Units Of 56,757.23 -56,757.23 First Am Govt Ob Fd Cl X Trade Date 5/23/22 25233 00- -A -UC-UZ -365-04","90,724.26"
05/23/22,Purchase,"Purchased 898,912.47 Units Of -90,724.26 89,758.10 Swedish Krona Trade Date 5/19/22 Value Date 5/23/22 Book Value 898,912.47 SEK Traded At 9.90818189 SEK To 1 USD Valued At 9.90818189 SEK For 90,724.26 USD Net Cost 90,724.26 USD Repayment Of Currency Overdraft Resulted In Fed ST Currency Loss On SEK Of 966.16- USD 898,912.47 Units At 1 SEK Fx7553783-Aset",0.00
05/23/22,Purchase,"Purchased 13,195 Shares Of -90,200.18 90,200.18 Raysearch Laboratories Ab Net Cost 898,912.47 SEK Trade Date 5/19/22 Purchased Through Jeffus33 Jefferies Jersey City Paid 1,346.35 SEK Brokerage Book Value 898,912.47 SEK Valued At 9.96575 SEK For 90,200.18 USD Fed Tax Cost Reduction 90,292.23- USD Fed ST Currency Loss Of 92.05- USD 13,195 Shares At 68.0231997 SEK -898,912.47 Swedish Krona 99999SEK5 Amplifon Spa 0.26 EUR/Share On 12,000 Shares Due 5/25/22 Received 3,120.00 EUR Valued At 0.940084 EUR For 3,318.85 USD Amplifon Spa Non-USD Taxes 811.20 EUR Valued At 0.940084 EUR For 862.90 USD 26.0000000% Foreign Taxes Withheld 25233 00- -A -UC-UZ -365-04","-90,200.18"
05/25/22,Sale,"Sold 2,308.80 Units Of 2,455.95 -2,455.95 Euro Trade Date 5/25/22 Value Date 5/25/22 Book Value 2,308.80 EUR Traded At 0.940084 EUR To 1 USD Valued At 0.940084 EUR For 2,455.95 USD Net Proceeds 2,455.95 USD Repatriating Amplifon Spa Transfer To Income Amplifon Spa Repatriating Amplifon Spa Transfer From Principal Amplifon Spa Repatriating Amplifon Spa Transfer From Another Account","4,911.90"
05/25/22,Sale,"Sold 151,278.72 Units Of 151,278.72 -151,278.72 First Am Govt Ob Fd Cl X Trade Date 5/25/22","191,294.32"
05/25/22,Purchase,"Purchased 240 Shares Of -186,382.42 186,382.42 Mercadolibre Inc Trade Date 5/23/22 Purchased Through Jefferies LLC Paid 9.60 USD Brokerage Purchased On The OTC Bulletin Board 240 Shares At 776.5534 USD 25233 00- -A -UC-UZ -365-04","4,911.90"
05/25/22,Purchase,"Purchased 10,000 Shares Of -114,429.14 114,429.14 Watches Of Switzerland Group Net Cost 91,609.28 GBP Trade Date 5/20/22 Purchased Through Jeffgb2x Jefferies Intl London Paid 136.52 GBP Brokerage Paid 1.00 GBP Misc Fee1 Paid 455.76 GBP Misc Fee2 Purchased On The London Stock Exchange Book Value 91,609.28 GBP Valued At 0.8005765 GBP For 114,429.14 USD 10,000 Shares At 9.1016 GBP 2,308.80 Euro 99999EUR3 -91,609.28 British Pound 99999GBP3 Transfer From Another Account","-109,517.24"
05/26/22,Sale,"Sold 312,807.66 Units Of 312,807.66 -312,807.66 First Am Govt Ob Fd Cl X Trade Date 5/26/22","316,040.69"
05/26/22,Purchase,"Purchased 91,553.93 Units Of -114,905.05 114,360.00 British Pound Trade Date 5/24/22 Value Date 5/26/22 Book Value 91,553.93 GBP Traded At 0.79677899 GBP To 1 USD Valued At 0.79677899 GBP For 114,905.05 USD Net Cost 114,905.05 USD Repayment Of Currency Overdraft Resulted In Fed ST Currency Loss On GBP Of 545.05- USD 91,553.93 Units At 1 GBP Fx7560333-Aset 25233 00- -A -UC-UZ -365-04","201,135.64"
05/26/22,Purchase,"Purchased 91,609.28 Units Of -115,323.04 115,322.50 British Pound Trade Date 5/25/22 Value Date 5/26/22 Book Value 91,609.28 GBP Traded At 0.79437101 GBP To 1 USD Valued At 0.79437101 GBP For 115,323.04 USD Net Cost 115,323.04 USD Repayment Of Currency Overdraft Resulted In Fed ST Currency Loss On GBP Of 0.54- USD 91,609.28 Units At 1 GBP Fx7562418-Aset","85,812.60"
05/26/22,Purchase,"Purchased 120 Shares Of -85,812.60 85,812.60 Mercadolibre Inc Trade Date 5/24/22 Purchased Through Jefferies LLC Paid 4.80 USD Brokerage Purchased On The OTC Bulletin Board 120 Shares At 715.065 USD",0.00
05/26/22,Purchase,"Purchased 10,000 Shares Of -115,110.70 115,110.70 Watches Of Switzerland Group Net Cost 91,553.93 GBP Trade Date 5/24/22 Purchased Through Parbfrpp Banque Paribas Fr Paid 136.44 GBP Brokerage Paid 1.00 GBP Misc Fee1 Paid 455.49 GBP Misc Fee2 Purchased On The London Stock Exchange Book Value 91,553.93 GBP Valued At 0.7953555 GBP For 115,110.70 USD 10,000 Shares At 9.0961 GBP -91,553.93 British Pound 99999GBP3 Transfer From Another Account 25233 00- -A -UC-UZ -365-04","-115,110.70"
05/27/22,Purchase,"Purchased 40,701.64 Units Of -40,701.64 40,701.64 First Am Govt Ob Fd Cl X Trade Date 5/27/22 Hugo Boss Ag Npv Regd 0.70 EUR/Share On 12,000 Shares Due 5/30/22 Received 8,400.00 EUR Valued At 0.934816 EUR For 8,985.73 USD Hugo Boss Ag Npv Regd Non-USD Taxes 2,215.50 EUR Valued At 0.934816 EUR For 2,369.99 USD 26.3750000% Foreign Taxes Withheld",0.00
05/31/22,Sale,"Sold 6,184.50 Units Of 6,615.74 -6,615.74 Euro Trade Date 5/30/22 Value Date 5/31/22 Book Value 6,184.50 EUR Traded At 0.934816 EUR To 1 USD Valued At 0.934816 EUR For 6,615.74 USD Net Proceeds 6,615.74 USD Repatriating Hugo Boss Ag Npv Regd Transfer To Income Hugo Boss Ag Npv Regd Repatriating Hugo Boss Ag Npv Regd 25233 00- -A -UC-UZ -365-04","13,231.48"
05/31/22,Sale,"Sold 167,853.93 Units Of 167,853.93 -167,853.93 First Am Govt Ob Fd Cl X Trade Date 5/31/22","234,419.77"
05/31/22,Purchase,"Purchased 6,291,723.00 Units Of -49,595.80 49,595.80 Yen Trade Date 5/27/22 Value Date 5/31/22 Book Value 6,291,723 JPY Traded At 126.85999621 JPY To 1 USD Valued At 126.85999621 JPY For 49,595.80 USD Net Cost 49,595.80 USD 6,291,723 Units At 1 JPY Fx7565968-Aset","184,823.97"
05/31/22,Purchase,"Purchased 95,518.56 Units Of -120,569.38 120,569.38 British Pound Trade Date 5/27/22 Value Date 5/31/22 Book Value 95,518.56 GBP Traded At 0.79222901 GBP To 1 USD Valued At 0.79222901 GBP For 120,569.38 USD Net Cost 120,569.38 USD 95,518.56 Units At 1 GBP Fx7566037-Aset 25233 00- -A -UC-UZ -365-04","64,254.59"
05/31/22,Purchase,"Purchased 500,612.19 Units Of -51,023.11 50,233.27 Swedish Krona Trade Date 5/27/22 Value Date 5/31/22 Book Value 500,612.19 SEK Traded At 9.81147935 SEK To 1 USD Valued At 9.81147935 SEK For 51,023.11 USD Net Cost 51,023.11 USD Repayment Of Currency Overdraft Resulted In Fed ST Currency Loss On SEK Of 789.84- USD 500,612.19 Units At 1 SEK Fx7567052-Aset","13,231.48"
05/31/22,Purchase,"Purchased 5,000 Shares Of -49,403.03 49,403.03 Uuum Inc Net Cost 6,291,723 JPY Trade Date 5/26/22 Purchased Through Jeffus33 Jefferies Jersey City Paid 9,423 JPY Brokerage Purchased On The Tokyo Stock Exchange Book Value 6,291,723 JPY Valued At 127.355 JPY For 49,403.03 USD Fed Tax Cost Reduction 49,595.80- USD Fed ST Currency Loss Of 192.77- USD 5,000 Shares At 1,256.46 JPY","-36,171.55"
05/31/22,Purchase,"Purchased 10,000 Shares Of -120,105.09 120,105.09 Watches Of Switzerland Group Net Cost 95,518.56 GBP Trade Date 5/27/22 Purchased Through Parbfrpp Banque Paribas Fr Paid 142.35 GBP Brokerage Paid 1.00 GBP Misc Fee1 Paid 475.21 GBP Misc Fee2 Purchased On The London Stock Exchange Book Value 95,518.56 GBP Valued At 0.7952915 GBP For 120,105.09 USD 10,000 Shares At 9.49 GBP 25233 00- -A -UC-UZ -365-04","-156,276.64"
05/31/22,Purchase,"Purchased 24,000 Shares Of -50,715.45 50,715.45 Tobii Ab Net Cost 500,612.19 SEK Trade Date 5/27/22 Purchased Through Jeffus33 Jefferies Jersey City Paid 749.79 SEK Brokerage Book Value 500,612.19 SEK Valued At 9.871 SEK For 50,715.45 USD Fed Tax Cost Reduction 50,715.45- USD 24,000 Shares At 20.8276 SEK 6,184.50 Euro 99999EUR3 -6,291,723 Yen 99999JPY3 -95,518.56 British Pound 99999GBP3 -500,612.19 Swedish Krona 99999SEK5 Nidec Corp 35 JPY/Share On 6,240 Shares Due 6/1/22 Received 218,400 JPY Valued At 128.9 JPY For 1,694.34 USD Nidec Corp Non-USD Taxes 33,448 JPY Valued At 128.9 JPY For 259.49 USD 15.3150000% Foreign Taxes Withheld 25233 00- -A -UC-UZ -365-04","-206,992.09"
06/01/22,Sale,"Sold 184,952.00 Units Of 1,434.85 -1,434.85 Yen Trade Date 6/1/22 Value Date 6/1/22 Book Value 184,952 JPY Traded At 128.9 JPY To 1 USD Valued At 128.9 JPY For 1,434.85 USD Net Proceeds 1,434.85 USD Repatriating Nidec Corp Transfer To Income Nidec Corp Repatriating Nidec Corp Transfer From Principal Nidec Corp Repatriating Nidec Corp Transfer From Another Account","9,485.44"
06/01/22,Sale,"Sold 34,790.37 Units Of 34,790.37 -34,790.37 First Am Govt Ob Fd Cl X Trade Date 6/1/22","78,783.79"
06/01/22,Purchase,"Purchased 741,037.61 Units Of -75,914.09 74,840.62 Swedish Krona Trade Date 5/31/22 Value Date 6/1/22 Book Value 741,037.61 SEK Traded At 9.76152925 SEK To 1 USD Valued At 9.76152925 SEK For 75,914.09 USD Net Cost 75,914.09 USD Repayment Of Currency Overdraft Resulted In Fed ST Currency Loss On SEK Of 1,073.47- USD 741,037.61 Units At 1 SEK Fx7571113-Aset 25233 00- -A -UC-UZ -365-04","2,869.70"
06/02/22,Purchase,"Purchased 49,820.31 Units Of -49,820.31 49,820.31 First Am Govt Ob Fd Cl X Trade Date 6/2/22 Z Holdings Corp 5.81 JPY/Share On 130,500 Shares Due 6/3/22 Received 758,205 JPY Valued At 130 JPY For 5,832.35 USD Z Holdings Corp Non-USD Taxes 116,119 JPY Valued At 130 JPY For 893.23 USD 15.3150000% Foreign Taxes Withheld",0.00
06/03/22,Sale,"Sold 642,086.00 Units Of 4,939.12 -4,939.12 Yen Trade Date 6/3/22 Value Date 6/3/22 Book Value 642,086 JPY Traded At 130 JPY To 1 USD Valued At 130 JPY For 4,939.12 USD Net Proceeds 4,939.12 USD Repatriating Z Holdings Corp Transfer To Income Z Holdings Corp Repatriating Z Holdings Corp 25233 00- -A -UC-UZ -365-04","9,878.24"
06/03/22,Sale,"Sold 474,236.00 Units Of 3,647.97 -3,647.97 Yen Trade Date 6/3/22 Value Date 6/3/22 Book Value 474,236 JPY Traded At 130 JPY To 1 USD Valued At 130 JPY For 3,647.97 USD Net Proceeds 3,647.97 USD Repatriating Advantest Corp Ord(Jp) Transfer To Income Advantest Corp Ord(Jp) Repatriating Advantest Corp Ord(Jp) Transfer From Principal Advantest Corp Ord(Jp) Repatriating Advantest Corp Ord(Jp) Transfer From Another Account","17,174.18"
06/03/22,Purchase,"Purchased 11,883.9 Units Of -11,883.90 11,883.90 First Am Govt Ob Fd Cl X Trade Date 6/3/22 25233 00- -A -UC-UZ -365-04","8,587.09"
06/06/22,Purchase,"Purchased 15,734.58 Units Of -15,734.58 15,734.58 First Am Govt Ob Fd Cl X Trade Date 6/6/22 Transfer From Another Account",0.00
06/07/22,Purchase,"Purchased 50,959.83 Units Of -50,959.83 50,959.83 First Am Govt Ob Fd Cl X Trade Date 6/7/22 Transfer From Another Account",0.00
06/08/22,Purchase,"Purchased 46,668.81 Units Of -46,668.81 46,668.81 First Am Govt Ob Fd Cl X Trade Date 6/8/22 Transfer From Another Account",0.00
06/09/22,Purchase,"Purchased 3,268.78 Units Of -3,268.78 3,268.78 First Am Govt Ob Fd Cl X Trade Date 6/9/22 Transfer From Another Account",0.00
06/10/22,Purchase,"Purchased 24,910.36 Units Of -24,910.36 24,910.36 First Am Govt Ob Fd Cl X Trade Date 6/10/22",0.00
06/13/22,Sale,"Sold 1,912.4 Units Of 1,912.40 -1,912.40 First Am Govt Ob Fd Cl X Trade Date 6/13/22 Grupo Aeroportuario Sure Spon A D R 3.05541 USD/Share On 2,800 Shares Due 6/13/22 Special Dividend Non-USD Taxes Grupo Aeroportuario Sure Spon A D R Grupo Aeroportuario Sure Spon A D R 4.598392 USD/Share On 2,800 Shares Due 6/13/22 Cash Dividend Non-USD Taxes Grupo Aeroportuario Sure Spon A D R Transfer From Another Account",0.00
06/14/22,Purchase,"Purchased 26,607.56 Units Of -26,607.56 26,607.56 First Am Govt Ob Fd Cl X Trade Date 6/14/22 Transfer From Another Account","19,287.58"
06/15/22,Sale,"Sold 34,087.86 Units Of 34,087.86 -34,087.86 First Am Govt Ob Fd Cl X Trade Date 6/15/22 25233 00- -A -UC-UZ -365-04","62,300.00"
06/15/22,Purchase,"Purchased 100 Shares Of -62,300.00 62,300.00 Mercadolibre Inc Trade Date 6/13/22 Purchased Through Jefferies LLC Paid 4.00 USD Brokerage Purchased On The OTC Bulletin Board 100 Shares At 622.96 USD Transfer From Another Account",0.00
06/16/22,Purchase,"Purchased 162,797.36 Units Of -162,797.36 162,797.36 First Am Govt Ob Fd Cl X Trade Date 6/16/22","-154,165.89"
06/16/22,Sale,Sold 293.09 Units Of 293.09 -293.09 First Am Govt Ob Fd Cl X Trade Date 6/16/22,"-153,872.80"
06/16/22,Sale,"Sold 16,000 Shares Of 155,010.64 -256,289.38 Cyberagent Inc Npv Net Proceeds 20,752,824 JPY Trade Date 6/14/22 Sold Through Jeffus33 Jefferies Jersey City Paid 31,176 JPY Brokerage Book Value 28,638,811 JPY Valued At 133.88 JPY For 155,010.64 USD Fed Tax Cost Of Proceeds 16,000 Shares At 1,299 JPY","1,137.84"
06/16/22,Sale,"Sold 20,752,824.00 Units Of 153,872.80 -155,010.64 Yen Trade Date 6/14/22 Value Date 6/16/22 Book Value 20,752,824 JPY Traded At 134.86999652 JPY To 1 USD Valued At 134.86999652 JPY For 153,872.80 USD Net Proceeds 153,872.80 USD Fed ST Currency Loss On JPY Of 1,137.84- USD Fx7591541-Aset 25233 00- -A -UC-UZ -365-04","155,010.64"
06/17/22,Sale,"Sold 9,567.28 Units Of 9,567.28 -9,567.28 First Am Govt Ob Fd Cl X Trade Date 6/17/22 Comture Corp 11.25 JPY/Share On 26,080 Shares Due 6/20/22 Received 293,400 JPY Valued At 135.18 JPY For 2,170.44 USD Comture Corp Non-USD Taxes 44,934 JPY Valued At 135.18 JPY For 332.40 USD 15.3150000% Foreign Taxes Withheld 25233 00- -A -UC-UZ -365-04",0.00
06/21/22,Sale,"Sold 248,466.00 Units Of 1,838.04 -1,838.04 Yen Trade Date 6/20/22 Value Date 6/21/22 Book Value 248,466 JPY Traded At 135.18 JPY To 1 USD Valued At 135.18 JPY For 1,838.04 USD Net Proceeds 1,838.04 USD Repatriating Comture Corp Transfer To Income Comture Corp Repatriating Comture Corp Transfer From Principal Comture Corp Repatriating Comture Corp","3,676.08"
06/21/22,Sale,"Sold 7,164.75 Units Of 7,164.75 -7,164.75 First Am Govt Ob Fd Cl X Trade Date 6/21/22 248,466 Yen 99999JPY3 Transfer From Another Account","3,676.08"
06/22/22,Purchase,"Purchased 9,757.48 Units Of -9,757.48 9,757.48 First Am Govt Ob Fd Cl X Trade Date 6/22/22 25233 00- -A -UC-UZ -365-04",0.00
06/23/22,Sale,"Sold 18,000.00 Units Of 18,890.08 -18,890.08 Euro Trade Date 6/23/22 Value Date 6/23/22 Book Value 18,000.00 EUR Traded At 0.952881 EUR To 1 USD Valued At 0.952881 EUR For 18,890.08 USD Net Proceeds 18,890.08 USD Repatriating Fnac Darty Transfer To Income Fnac Darty Repatriating Fnac Darty Transfer From Principal Fnac Darty Repatriating Fnac Darty Transfer From Another Account","37,780.16"
06/23/22,Purchase,"Purchased 36,545.08 Units Of -36,545.08 36,545.08 First Am Govt Ob Fd Cl X Trade Date 6/23/22 18,000.00 Euro 99999EUR3 25233 00- -A -UC-UZ -365-04","18,890.08"
06/24/22,Sale,"Sold 367,533.00 Units Of 2,728.73 -2,728.73 Yen Trade Date 6/24/22 Value Date 6/24/22 Book Value 367,533 JPY Traded At 134.69 JPY To 1 USD Valued At 134.69 JPY For 2,728.73 USD Net Proceeds 2,728.73 USD Repatriating Japan Elevator Ser Transfer To Income Japan Elevator Ser Repatriating Japan Elevator Ser Transfer From Principal Japan Elevator Ser Repatriating Japan Elevator Ser","5,457.46"
06/24/22,Sale,"Sold 17,130.99 Units Of 17,130.99 -17,130.99 First Am Govt Ob Fd Cl X Trade Date 6/24/22 367,533 Yen 99999JPY3 25233 00- -A -UC-UZ -365-04","5,457.46"
06/27/22,Sale,"Sold 792,075.76 Units Of 792,075.76 -792,075.76 First Am Govt Ob Fd Cl X Trade Date 6/27/22","-45,692.74"
06/29/22,Sale,"Sold 458,823.00 Units Of 3,364.30 -3,364.30 Yen Trade Date 6/29/22 Value Date 6/29/22 Book Value 458,823 JPY Traded At 136.38 JPY To 1 USD Valued At 136.38 JPY For 3,364.30 USD Net Proceeds 3,364.30 USD Repatriating Jeol Ltd Transfer To Income Jeol Ltd Repatriating Jeol Ltd 25233 00- -A -UC-UZ -365-04","-48,013.58"
06/29/22,Purchase,"Purchased 218,687.94 Units Of -218,687.94 218,687.94 First Am Govt Ob Fd Cl X Trade Date 6/29/22","-256,365.52"
06/29/22,Sale,"Sold 3,000 Shares Of 133,325.62 -192,873.52 Fnac Darty Net Proceeds 126,440.95 EUR Trade Date 6/27/22 Sold Through Parbfrpp Banque Paribas Fr Paid 189.95 EUR Brokerage Book Value 147,730.83 EUR Valued At 0.948362 EUR For 133,325.62 USD Fed Tax Cost Of Proceeds 3,000 Shares At 42.2103 EUR","-123,039.90"
06/29/22,Sale,"Sold 1,450 Shares Of 126,089.11 -94,241.57 Taiwan Semiconductor A D R Trade Date 6/27/22 Sold Through Jefferies LLC Paid 58.00 USD Brokerage Paid 2.89 USD Sec Fee 1,450 Shares At 87.00 USD","3,049.21"
06/29/22,Sale,"Sold 126,440.95 Units Of 133,640.71 -133,325.62 Euro Trade Date 6/27/22 Value Date 6/29/22 Book Value 126,440.95 EUR Traded At 0.946126 EUR To 1 USD Valued At 0.946126 EUR For 133,640.71 USD Net Proceeds 133,640.71 USD Fed ST Currency Gain On EUR Of 315.09 USD Fx7613586-Aset 25233 00- -A -UC-UZ -365-04","136,689.92"
06/30/22,Sale,"Sold 1,217,127.00 Units Of 8,913.42 -8,913.42 Yen Trade Date 6/30/22 Value Date 6/30/22 Book Value 1,217,127 JPY Traded At 136.55 JPY To 1 USD Valued At 136.55 JPY For 8,913.42 USD Net Proceeds 8,913.42 USD Repatriating Disco Corporation Transfer To Income Disco Corporation Repatriating Disco Corporation Transfer From Principal Disco Corporation Repatriating Disco Corporation 25233 00- -A -UC-UZ -365-04","17,826.84"
06/30/22,Sale,"Sold 4,617.00 Units Of 4,791.34 -4,791.34 Euro Trade Date 6/30/22 Value Date 6/30/22 Book Value 4,617.00 EUR Traded At 0.963613 EUR To 1 USD Valued At 0.963613 EUR For 4,791.34 USD Net Proceeds 4,791.34 USD Repatriating Ebro Foods Sa Transfer To Income Ebro Foods Sa Repatriating Ebro Foods Sa Transfer From Principal Ebro Foods Sa Repatriating Ebro Foods Sa Transfer From Another Account","27,409.52"
06/30/22,Purchase,"Purchased 149,681.94 Units Of -149,681.94 149,681.94 First Am Govt Ob Fd Cl X Trade Date 6/30/22 25233 00- -A -UC-UZ -365-04","-87,938.52"
06/30/22,Sale,"Sold 10,000 Shares Of 102,511.64 -106,418.45 Uuum Inc Net Proceeds 13,859,061 JPY Trade Date 6/28/22 Sold Through Jeffus33 Jefferies Jersey City Paid 20,819 JPY Brokerage Sold On The Tokyo Stock Exchange Book Value 12,908,382 JPY Valued At 135.195 JPY For 102,511.64 USD Fed Tax Cost Of Proceeds 10,000 Shares At 1,387.988 JPY","14,573.12"
06/30/22,Sale,"Sold 13,859,061.00 Units Of 101,643.28 -102,511.64 Yen Trade Date 6/28/22 Value Date 6/30/22 Book Value 13,859,061 JPY Traded At 136.34999776 JPY To 1 USD Valued At 136.34999776 JPY For 101,643.28 USD Net Proceeds 101,643.28 USD Fed ST Currency Loss On JPY Of 868.36- USD Fx7615936-Aset 1,217,127 Yen 99999JPY3 4,617.00 Euro 99999EUR3 13,859,061 Yen 99999JPY3 Vitec Software Group Ab B Sh 0.50 SEK/Share On 12,000 Shares Due 6/30/22 Received 6,000.00 SEK Valued At 10.239629 SEK For 585.96 USD 25233 00- -A -UC-UZ -365-04","116,216.40"
07/01/22,Sale,"Sold 4,200.00 Units Of 410.17 -410.17 Swedish Krona Trade Date 6/30/22 Value Date 7/1/22 Book Value 4,200.00 SEK Traded At 10.239629 SEK To 1 USD Valued At 10.239629 SEK For 410.17 USD Net Proceeds 410.17 USD Repatriating Vitec Software Group Ab B Sh Transfer To Income Vitec Software Group Ab B Sh Repatriating Vitec Software Group Ab B Sh Transfer From Principal Vitec Software Group Ab B Sh Repatriating Vitec Software Group Ab B Sh Transfer From Another Account",820.34
07/01/22,Purchase,"Purchased 6,123.62 Units Of -6,123.62 6,123.62 First Am Govt Ob Fd Cl X Trade Date 7/1/22 First Am Govt Ob Fd Cl X Interest From 6/1/22 To 6/30/22 4,200.00 Swedish Krona 99999SEK5 Transfer From Another Account",820.34
07/05/22,Purchase,"Purchased 7,938.76 Units Of -7,938.76 7,938.76 First Am Govt Ob Fd Cl X Trade Date 7/5/22",0.00
07/06/22,Sale,"Sold 73,507.61 Units Of 73,507.61 -73,507.61 First Am Govt Ob Fd Cl X Trade Date 7/6/22",750.00
07/07/22,Sale,"Sold 18,225.77 Units Of 18,225.77 -18,225.77 First Am Govt Ob Fd Cl X Trade Date 7/7/22",-750.00
07/07/22,Sale,Sold 750 Units Of 750.00 -750.00 First Am Govt Ob Fd Cl X Trade Date 7/7/22 25233 00- -A -UC-UZ -365-04,0.00
07/08/22,Sale,"Reversal- 1,586 Shares Of 9,177.26 -9,177.26 Raysearch Laboratories Ab Net Proceeds 96,692.09 SEK Trade Date 7/6/22 Sold Through Parbfrpp Banque Paribas Fr Paid 144.82- SEK Brokerage Book Value 96,692.09 SEK Valued At 10.53605 SEK For 9,177.26 USD Fed Tax Cost Of Proceeds Reversal Of Trx 58692 Batch Zy000262 From 7/8/22 1,586 Shares At 60.8747 SEK","9,177.26"
07/08/22,Purchase,"Purchased 1,026 Shares Of -5,936.87 5,936.87 Raysearch Laboratories Ab Net Cost 62,551.13 SEK Trade Date 7/6/22 Purchased Through Parbfrpp Banque Paribas Fr Paid 93.69 SEK Brokerage Book Value 62,551.13 SEK Valued At 10.53605 SEK For 5,936.87 USD Fed Tax Cost Reduction 5,936.87- USD 1,026 Shares At 60.87469786 SEK Transfer From Another Account","3,240.39"
07/08/22,Purchase,"Purchased 225,492.95 Units Of -225,492.95 225,492.95 First Am Govt Ob Fd Cl X Trade Date 7/8/22","-170,940.79"
07/08/22,Purchase,"Purchased 96,692.09 Units Of -9,172.04 9,172.04 Swedish Krona Trade Date 7/7/22 Value Date 7/8/22 Book Value 96,692.09 SEK Traded At 10.54204844 SEK To 1 USD Valued At 10.54204844 SEK For 9,172.04 USD Net Cost 9,172.04 USD 96,692.09 Units At 1 SEK Fx7630041-Aset 25233 00- -A -UC-UZ -365-04","-180,112.83"
07/08/22,Sale,"Sold 2,000 Shares Of 103,245.91 -127,413.65 Hugo Boss Ag Npv Regd Net Proceeds 100,806.36 EUR Trade Date 7/6/22 Sold Through Parbfrpp Banque Paribas Fr Paid 151.44 EUR Brokerage Book Value 108,431.14 EUR Valued At 0.9763715 EUR For 103,245.91 USD Fed Tax Cost Of Proceeds 2,000 Shares At 50.4789 EUR","-76,866.92"
07/08/22,Sale,"Sold 5,000 Shares Of 81,564.11 -89,929.16 Ebro Foods Sa Net Proceeds 79,636.87 EUR Trade Date 7/6/22 Sold Through Parbfrpp Banque Paribas Fr Paid 119.63 EUR Brokerage Book Value 82,843.56 EUR Valued At 0.9763715 EUR For 81,564.11 USD Fed Tax Cost Of Proceeds 5,000 Shares At 15.9513 EUR","4,697.19"
07/08/22,Purchase,"Purchased 1,586 Shares Of -9,177.26 9,177.26 Raysearch Laboratories Ab Net Cost 96,692.09 SEK Trade Date 7/6/22 Purchased Through Parbfrpp Banque Paribas Fr Paid 144.82 SEK Brokerage Book Value 96,692.09 SEK Valued At 10.53605 SEK For 9,177.26 USD Fed Tax Cost Reduction 9,172.04- USD Fed ST Currency Gain Of 5.22 USD 1,586 Shares At 60.8747 SEK","-4,480.07"
07/08/22,Sale,"Sold 100,806.36 Units Of 102,578.72 -103,245.91 Euro Trade Date 7/7/22 Value Date 7/8/22 Book Value 100,806.36 EUR Traded At 0.98272195 EUR To 1 USD Valued At 0.98272195 EUR For 102,578.72 USD Net Proceeds 102,578.72 USD Fed ST Currency Loss On EUR Of 667.19- USD 25233 00- -A -UC-UZ -365-04","98,098.65"
07/08/22,Sale,"Sold 79,636.87 Units Of 80,774.50 -81,564.11 Euro Trade Date 7/7/22 Value Date 7/8/22 Book Value 79,636.87 EUR Traded At 0.98591598 EUR To 1 USD Valued At 0.98591598 EUR For 80,774.50 USD Net Proceeds 80,774.50 USD Fed ST Currency Loss On EUR Of 789.61- USD Fx7631156-Aset","178,873.15"
07/08/22,Purchase,"Purchased 560 Shares Of -3,240.39 3,240.39 Raysearch Laboratories Ab Net Cost 34,140.96 SEK Trade Date 7/6/22 Purchased Through Parbfrpp Banque Paribas Fr Paid 51.13 SEK Brokerage Book Value 34,140.96 SEK Valued At 10.53605 SEK For 3,240.39 USD Fed Tax Cost Reduction 3,240.39- USD 560 Shares At 60.8747 SEK 96,692.09 Swedish Krona 99999SEK5 -62,551.13 Swedish Krona 99999SEK5 100,806.36 Euro 99999EUR3 79,636.87 Euro 99999EUR3 -96,692.09 Swedish Krona 99999SEK5 25233 00- -A -UC-UZ -365-04","175,632.76"
07/11/22,Sale,"Sold 121,592.9 Units Of 121,592.90 -121,592.90 First Am Govt Ob Fd Cl X Trade Date 7/11/22","64,442.84"
07/11/22,Purchase,"Purchased 246,936.97 Units Of -23,446.67 23,446.67 Swedish Krona Trade Date 7/7/22 Value Date 7/11/22 Book Value 246,936.97 SEK Traded At 10.53185676 SEK To 1 USD Valued At 10.53185676 SEK For 23,446.67 USD Net Cost 23,446.67 USD 246,936.97 Units At 1 SEK Fx7631417-Aset","40,996.17"
07/11/22,Sale,"Sold 6,000 Shares Of 116,959.11 -128,474.58 Lumibird Net Proceeds 114,727.65 EUR Trade Date 7/7/22 Sold Through Jeffus33 Jefferies Jersey City Paid 172.35 EUR Brokerage Sold On The NYSE Euronext - Euronext Paris Book Value 99,004.05 EUR Valued At 0.980921 EUR For 116,959.11 USD Fed Tax Cost Of Proceeds 6,000 Shares At 19.15 EUR","157,955.28"
07/11/22,Purchase,"Purchased 2,000 Shares Of -157,420.00 157,420.00 Taiwan Semiconductor A D R Trade Date 7/7/22 Purchased Through Jefferies LLC Paid 80.00 USD Brokerage 2,000 Shares At 78.67 USD 25233 00- -A -UC-UZ -365-04",535.28
07/11/22,Purchase,"Purchased 3,922 Shares Of -23,453.70 23,453.70 Raysearch Laboratories Ab Net Cost 246,936.97 SEK Trade Date 7/7/22 Purchased Through Parbfrpp Banque Paribas Fr Paid 369.85 SEK Brokerage Book Value 246,936.97 SEK Valued At 10.5287 SEK For 23,453.70 USD Fed Tax Cost Reduction 23,446.67- USD Fed ST Currency Gain Of 7.03 USD 3,922 Shares At 62.86770015 SEK","-22,918.42"
07/11/22,Sale,"Sold 114,727.65 Units Of 116,423.83 -116,959.11 Euro Trade Date 7/7/22 Value Date 7/11/22 Book Value 114,727.65 EUR Traded At 0.98543099 EUR To 1 USD Valued At 0.98543099 EUR For 116,423.83 USD Net Proceeds 116,423.83 USD Fed ST Currency Loss On EUR Of 535.28- USD Fx7631429-Aset 114,727.65 Euro 99999EUR3 -246,936.97 Swedish Krona 99999SEK5 Pets At Home Group Plc 0.075 GBP/Share On 100,000 Shares Due 7/12/22 Received 7,500.00 GBP Valued At 0.84544 GBP For 8,871.12 USD 25233 00- -A -UC-UZ -365-04","93,505.41"
07/12/22,Sale,"Sold 7,500.00 Units Of 8,871.12 -8,871.12 British Pound Trade Date 7/12/22 Value Date 7/12/22 Book Value 7,500.00 GBP Traded At 0.84544 GBP To 1 USD Valued At 0.84544 GBP For 8,871.12 USD Net Proceeds 8,871.12 USD Repatriating Pets At Home Group Plc Transfer To Income Pets At Home Group Plc Repatriating Pets At Home Group Plc Transfer From Principal Pets At Home Group Plc Repatriating Pets At Home Group Plc","17,742.24"
07/12/22,Sale,"Sold 21,405.95 Units Of 21,405.95 -21,405.95 First Am Govt Ob Fd Cl X Trade Date 7/12/22","38,348.87"
07/12/22,Purchase,"Purchased 310,184.54 Units Of -29,477.75 29,477.75 Swedish Krona Trade Date 7/8/22 Value Date 7/12/22 Book Value 310,184.54 SEK Traded At 10.52266676 SEK To 1 USD Valued At 10.52266676 SEK For 29,477.75 USD Net Cost 29,477.75 USD 310,184.54 Units At 1 SEK Fx7633163-Aset 25233 00- -A -UC-UZ -365-04","8,871.12"
07/12/22,Purchase,"Purchased 4,771 Shares Of -29,435.28 29,435.28 Raysearch Laboratories Ab Net Cost 310,184.54 SEK Trade Date 7/8/22 Purchased Through Parbfrpp Banque Paribas Fr Paid 464.58 SEK Brokerage Book Value 310,184.54 SEK Valued At 10.53785 SEK For 29,435.28 USD Fed Tax Cost Reduction 29,477.75- USD Fed ST Currency Loss Of 42.47- USD 4,771 Shares At 64.91719975 SEK 7,500.00 British Pound 99999GBP3 -310,184.54 Swedish Krona 99999SEK5 Transfer From Another Account","-20,564.16"
07/13/22,Sale,"Sold 206,862.43 Units Of 206,862.43 -206,862.43 First Am Govt Ob Fd Cl X Trade Date 7/13/22","216,475.06"
07/13/22,Purchase,"Purchased 152,414.42 Units Of -181,569.81 181,569.81 British Pound Trade Date 7/11/22 Value Date 7/13/22 Book Value 152,414.42 GBP Traded At 0.839426 GBP To 1 USD Valued At 0.839426 GBP For 181,569.81 USD Net Cost 181,569.81 USD 152,414.42 Units At 1 GBP Fx7634909-Aset 25233 00- -A -UC-UZ -365-04","34,905.25"
07/13/22,Purchase,"Purchased 370,783.38 Units Of -34,905.25 34,905.25 Swedish Krona Trade Date 7/11/22 Value Date 7/13/22 Book Value 370,783.38 SEK Traded At 10.62256767 SEK To 1 USD Valued At 10.62256767 SEK For 34,905.25 USD Net Cost 34,905.25 USD 370,783.38 Units At 1 SEK Fx7635748-Aset",0.00
07/13/22,Purchase,"Purchased 20,000 Shares Of -183,293.62 183,293.62 Watches Of Switzerland Group Net Cost 152,414.42 GBP Trade Date 7/11/22 Purchased Through Crest 393 Paid 227.14 GBP Brokerage Paid 759.28 GBP Misc Fee1 Purchased On The London Stock Exchange Book Value 152,414.42 GBP Valued At 0.8315315 GBP For 183,293.62 USD Fed Tax Cost Reduction 181,569.81- USD 20,000 Shares At 7.5714 GBP","-183,293.62"
07/13/22,Purchase,"Purchased 5,719 Shares Of -35,230.00 35,230.00 Raysearch Laboratories Ab Net Cost 370,783.38 SEK Trade Date 7/11/22 Purchased Through Parbfrpp Banque Paribas Fr Paid 555.34 SEK Brokerage Book Value 370,783.38 SEK Valued At 10.52465 SEK For 35,230.00 USD Fed Tax Cost Reduction 34,905.25- USD Fed ST Currency Gain Of 324.75 USD 5,719 Shares At 64.73649939 SEK -152,414.42 British Pound 99999GBP3 -370,783.38 Swedish Krona 99999SEK5 25233 00- -A -UC-UZ -365-04","-218,523.62"
07/14/22,Sale,"Sold 16,937.14 Units Of 16,937.14 -16,937.14 First Am Govt Ob Fd Cl X Trade Date 7/14/22","26,629.88"
07/14/22,Purchase,"Purchased 256,050.47 Units Of -24,277.91 24,277.91 Swedish Krona Trade Date 7/12/22 Value Date 7/14/22 Book Value 256,050.47 SEK Traded At 10.54664384 SEK To 1 USD Valued At 10.54664384 SEK For 24,277.91 USD Net Cost 24,277.91 USD 256,050.47 Units At 1 SEK Fx7637184-Aset","2,351.97"
07/14/22,Purchase,"Purchased 4,002 Shares Of -24,148.98 24,148.98 Raysearch Laboratories Ab Net Cost 256,050.47 SEK Trade Date 7/12/22 Purchased Through Parbfrpp Banque Paribas Fr Paid 383.50 SEK Brokerage Book Value 256,050.47 SEK Valued At 10.60295 SEK For 24,148.98 USD Fed Tax Cost Reduction 24,277.91- USD Fed ST Currency Loss Of 128.93- USD 4,002 Shares At 63.8848001 SEK 25233 00- -A -UC-UZ -365-04","-21,797.01"
07/15/22,Purchase,"Purchased 231,853.39 Units Of -231,853.39 231,853.39 First Am Govt Ob Fd Cl X Trade Date 7/15/22","-195,680.63"
07/15/22,Sale,"Sold 12,799 Shares Of 199,320.44 -228,939.75 Ebro Foods Sa Net Proceeds 198,338.69 EUR Trade Date 7/13/22 Sold Through Parbfrpp Banque Paribas Fr Paid 297.95 EUR Brokerage Book Value 212,062.94 EUR Valued At 0.9950745 EUR For 199,320.44 USD Fed Tax Cost Of Proceeds 12,799 Shares At 15.51969998 EUR","3,639.81"
07/15/22,Sale,"Sold 198,338.69 Units Of 198,536.63 -199,320.44 Euro Trade Date 7/14/22 Value Date 7/15/22 Book Value 198,338.69 EUR Traded At 0.99900301 EUR To 1 USD Valued At 0.99900301 EUR For 198,536.63 USD Net Proceeds 198,536.63 USD Fed ST Currency Loss On EUR Of 783.81- USD Fx7642637-Aset 25233 00- -A -UC-UZ -365-04","202,176.44"
07/18/22,Purchase,"Purchased 204,998.79 Units Of -204,998.79 204,998.79 First Am Govt Ob Fd Cl X Trade Date 7/18/22","-187,606.84"
07/18/22,Sale,"Sold 12,201 Shares Of 189,528.77 -217,364.45 Ebro Foods Sa Net Proceeds 187,475.89 EUR Trade Date 7/14/22 Sold Through Parbfrpp Banque Paribas Fr Paid 281.64 EUR Brokerage Book Value 202,154.86 EUR Valued At 0.9891685 EUR For 189,528.77 USD Fed Tax Cost Of Proceeds 12,201 Shares At 15.38870011 EUR","1,921.93"
07/18/22,Sale,"Sold 187,475.89 Units Of 187,606.84 -189,528.77 Euro Trade Date 7/14/22 Value Date 7/18/22 Book Value 187,475.89 EUR Traded At 0.999302 EUR To 1 USD Valued At 0.999302 EUR For 187,606.84 USD Net Proceeds 187,606.84 USD Fed ST Currency Loss On EUR Of 1,921.93- USD Fx7642607-Aset 187,475.89 Euro 99999EUR3 Transfer From Another Account 25233 00- -A -UC-UZ -365-04","189,528.77"
07/19/22,Sale,"Sold 200,997.29 Units Of 200,997.29 -200,997.29 First Am Govt Ob Fd Cl X Trade Date 7/19/22","210,344.59"
07/19/22,Purchase,"Purchased 29,193,725.00 Units Of -210,344.59 210,344.59 Yen Trade Date 7/14/22 Value Date 7/19/22 Book Value 29,193,725 JPY Traded At 138.78999693 JPY To 1 USD Valued At 138.78999693 JPY For 210,344.59 USD Net Cost 210,344.59 USD 29,193,725 Units At 1 JPY Fx7642297-Aset",0.00
07/19/22,Purchase,"Purchased 11,000 Shares Of -212,805.52 212,805.52 Olympus Corp Net Cost 29,193,725 JPY Trade Date 7/14/22 Purchased Through Jeffus33 Jefferies Jersey City Paid 43,725 JPY Brokerage Book Value 29,193,725 JPY Valued At 137.185 JPY For 212,805.52 USD Fed Tax Cost Reduction 210,344.59- USD Fed ST Currency Gain Of 2,460.93 USD 11,000 Shares At 2,650 JPY -29,193,725 Yen 99999JPY3","-212,805.52"
07/20/22,Sale,"Sold 3,379.05 Units Of 3,379.05 -3,379.05 First Am Govt Ob Fd Cl X Trade Date 7/20/22 Learning Technologies Group 0.007 GBP/Share On 240,000 Shares Due 7/21/22 Received 1,680.00 GBP Valued At 0.838079 GBP For 2,004.58 USD",0.00
07/21/22,Sale,"Sold 1,680.00 Units Of 2,004.59 -2,004.58 British Pound Trade Date 7/21/22 Value Date 7/21/22 Book Value 1,680.00 GBP Traded At 0.838079 GBP To 1 USD Valued At 0.838079 GBP For 2,004.59 USD Net Proceeds 2,004.59 USD Repatriating Learning Technologies Group Transfer To Income Learning Technologies Group Repatriating Learning Technologies Group Transfer From Principal Learning Technologies Group Repatriating Learning Technologies Group Transfer From Another Account","4,009.17"
07/21/22,Purchase,"Purchased 11,101.59 Units Of -11,101.59 11,101.59 First Am Govt Ob Fd Cl X Trade Date 7/21/22 25233 00- -A -UC-UZ -365-04","2,004.58"
07/22/22,Purchase,Purchased 317.25 Units Of -317.25 317.25 First Am Govt Ob Fd Cl X Trade Date 7/22/22 Transfer From Another Account,0.00
07/25/22,Purchase,"Purchased 16,924.11 Units Of -16,924.11 16,924.11 First Am Govt Ob Fd Cl X Trade Date 7/25/22 Transfer From Another Account",0.00
07/26/22,Purchase,"Purchased 13,950.04 Units Of -13,950.04 13,950.04 First Am Govt Ob Fd Cl X Trade Date 7/26/22 Transfer From Another Account",0.00
07/27/22,Purchase,"Purchased 11,759.14 Units Of -11,759.14 11,759.14 First Am Govt Ob Fd Cl X Trade Date 7/27/22 Transfer From Another Account 25233 00- -A -UC-UZ -365-04",0.00
07/28/22,Purchase,"Purchased 24,227.51 Units Of -24,227.51 24,227.51 First Am Govt Ob Fd Cl X Trade Date 7/28/22",0.00
07/29/22,Sale,"Sold 16,793.65 Units Of 16,793.65 -16,793.65 First Am Govt Ob Fd Cl X Trade Date 7/29/22 Transfer From Another Account",0.00
08/01/22,Purchase,"Purchased 16,239.8 Units Of -16,239.80 16,239.80 First Am Govt Ob Fd Cl X Trade Date 8/1/22 First Am Govt Ob Fd Cl X Interest From 7/1/22 To 7/31/22 Transfer From Another Account",0.00
08/02/22,Purchase,"Purchased 20,722.9 Units Of -20,722.90 20,722.90 First Am Govt Ob Fd Cl X Trade Date 8/2/22 Transfer From Another Account",0.00
08/03/22,Purchase,"Purchased 40,594.91 Units Of -40,594.91 40,594.91 First Am Govt Ob Fd Cl X Trade Date 8/3/22",0.00
08/04/22,Purchase,"Purchased 186,692.55 Units Of -186,692.55 186,692.55 First Am Govt Ob Fd Cl X Trade Date 8/4/22","-214,709.45"
08/04/22,Sale,"Sold 12,000 Shares Of 218,862.60 -607,196.88 Mercari Inc Net Proceeds 28,852,656 JPY Trade Date 8/2/22 Sold Through Jeffus33 Jefferies Jersey City Paid 43,344 JPY Brokerage Sold On The Tokyo Stock Exchange Book Value 65,870,566 JPY Valued At 131.83 JPY For 218,862.60 USD Fed Tax Cost Of Proceeds 12,000 Shares At 2,408 JPY","4,153.15"
08/04/22,Sale,"Sold 28,852,656.00 Units Of 214,709.45 -218,862.60 Yen Trade Date 8/3/22 Value Date 8/4/22 Book Value 28,852,656 JPY Traded At 134.38000051 JPY To 1 USD Valued At 134.38000051 JPY For 214,709.45 USD Net Proceeds 214,709.45 USD Fed ST Currency Loss On JPY Of 4,153.15- USD Fx7672493-Aset 28,852,656 Yen 99999JPY3","218,862.60"
08/05/22,Purchase,"Purchased 33,370.5 Units Of -33,370.50 33,370.50 First Am Govt Ob Fd Cl X Trade Date 8/5/22 25233 00- -A -UC-UZ -365-04",-11.21
08/05/22,Sale,Sold 11.21 Units Of 11.21 -11.21 First Am Govt Ob Fd Cl X Trade Date 8/5/22 Transfer From Another Account,0.00
08/08/22,Purchase,"Purchased 1,796.04 Units Of -1,796.04 1,796.04 First Am Govt Ob Fd Cl X Trade Date 8/8/22 Transfer From Another Account",0.00
08/09/22,Sale,"Sold 2,475 Units Of 2,475.00 -2,475.00 First Am Govt Ob Fd Cl X Trade Date 8/9/22 Transfer From Another Account","2,275.40"
08/10/22,Purchase,"Purchased 3,502.62 Units Of -3,502.62 3,502.62 First Am Govt Ob Fd Cl X Trade Date 8/10/22 25233 00- -A -UC-UZ -365-04","2,275.40"
08/11/22,Sale,"Sold 3,824.34 Units Of 3,824.34 -3,824.34 First Am Govt Ob Fd Cl X Trade Date 8/11/22 Asml Holding Nv Ny Reg Shs 1.395934 USD/Share On 700 Shares Due 8/12/22 15.0000000% Foreign Taxes Withheld Non-USD Taxes Asml Holding Nv Ny Reg Shs","2,275.40"
08/12/22,Purchase,Purchased 830.58 Units Of -830.58 830.58 First Am Govt Ob Fd Cl X Trade Date 8/12/22,"-7,186.27"
08/12/22,Sale,"Sold 256,116.73 Units Of 256,116.73 -256,116.73 First Am Govt Ob Fd Cl X Trade Date 8/12/22 25233 00- -A -UC-UZ -365-04","248,930.46"
08/12/22,Purchase,"Purchased 32,963,371.00 Units Of -248,930.46 248,930.46 Yen Trade Date 8/10/22 Value Date 8/12/22 Book Value 32,963,371 JPY Traded At 132.41999794 JPY To 1 USD Valued At 132.41999794 JPY For 248,930.46 USD Net Cost 248,930.46 USD 32,963,371 Units At 1 JPY Fx7682699-Aset",0.00
08/12/22,Purchase,"Purchased 7,000 Shares Of -244,671.52 244,671.52 Suzuki Motor Corp Ord Net Cost 32,963,371 JPY Trade Date 8/9/22 Purchased Through Jeffus33 Jefferies Jersey City Paid 49,371 JPY Brokerage Book Value 32,963,371 JPY Valued At 134.725 JPY For 244,671.52 USD Fed Tax Cost Reduction 248,930.46- USD Fed ST Currency Loss Of 4,258.94- USD 7,000 Shares At 4,702 JPY -32,963,371 Yen 99999JPY3 Transfer From Another Account","-244,671.52"
08/15/22,Purchase,"Purchased 288,881.4 Units Of -288,881.40 288,881.40 First Am Govt Ob Fd Cl X Trade Date 8/15/22 25233 00- -A -UC-UZ -365-04","-261,226.83"
08/15/22,Sale,"Sold 12,000 Shares Of 264,128.22 -482,246.79 Pva Tepla Ag Net Proceeds 255,060.83 EUR Trade Date 8/11/22 Sold Through Jeffus33 Jefferies Jersey City Paid 383.17 EUR Brokerage Sold On The Boerse Frankfurt - Regulierter Book Value 388,653.17 EUR Valued At 0.9656705 EUR For 264,128.22 USD Fed Tax Cost Of Proceeds 12,000 Shares At 21.287 EUR","2,901.39"
08/15/22,Sale,"Sold 255,060.83 Units Of 261,226.83 -264,128.22 Euro Trade Date 8/12/22 Value Date 8/15/22 Book Value 255,060.83 EUR Traded At 0.97639599 EUR To 1 USD Valued At 0.97639599 EUR For 261,226.83 USD Net Proceeds 261,226.83 USD Fed ST Currency Loss On EUR Of 2,901.39- USD Fx7686748-Aset 255,060.83 Euro 99999EUR3 Transfer From Another Account","264,128.22"
08/16/22,Sale,"Sold 233,476.84 Units Of 233,476.84 -233,476.84 First Am Govt Ob Fd Cl X Trade Date 8/16/22 25233 00- -A -UC-UZ -365-04","234,641.63"
08/16/22,Purchase,"Purchased 230,466.18 Units Of -234,641.63 234,641.63 Euro Trade Date 8/15/22 Value Date 8/16/22 Book Value 230,466.18 EUR Traded At 0.98220499 EUR To 1 USD Valued At 0.98220499 EUR For 234,641.63 USD Net Cost 234,641.63 USD 230,466.18 Units At 1 EUR Fx7689035-Aset",0.00
08/16/22,Purchase,"Purchased 5,000 Shares Of -238,428.75 238,428.75 Stroeer SE and Co Kgaa Net Cost 230,466.18 EUR Trade Date 8/12/22 Purchased Through Jeffus33 Jefferies Jersey City Paid 345.18 EUR Brokerage Book Value 230,466.18 EUR Valued At 0.966604 EUR For 238,428.75 USD Fed Tax Cost Reduction 234,641.63- USD Fed ST Currency Gain Of 3,787.12 USD 5,000 Shares At 46.0242 EUR -230,466.18 Euro 99999EUR3 Transfer From Another Account","-238,428.75"
08/17/22,Purchase,"Purchased 230,465.61 Units Of -230,465.61 230,465.61 First Am Govt Ob Fd Cl X Trade Date 8/17/22 Transfer From Another Account",0.00
08/18/22,Purchase,"Purchased 637,437.54 Units Of -637,437.54 637,437.54 First Am Govt Ob Fd Cl X Trade Date 8/18/22","-637,877.10"
08/18/22,Sale,"Sold 2,000 Shares Of 117,511.64 -127,413.65 Hugo Boss Ag Npv Regd Net Proceeds 115,269.64 EUR Trade Date 8/16/22 Sold Through Jeffus33 Jefferies Jersey City Paid 173.16 EUR Brokerage Book Value 108,431.14 EUR Valued At 0.980921 EUR For 117,511.64 USD Fed Tax Cost Of Proceeds 2,000 Shares At 57.7214 EUR","-520,365.46"
08/18/22,Sale,"Sold 100 Shares Of 189,375.23 -201,415.39 Adyen Bv Net Proceeds 185,762.14 EUR Trade Date 8/16/22 Sold Through Jeffus33 Jefferies Jersey City Paid 279.06 EUR Brokerage Sold On The NYSE Euronext - Euronext Amste Book Value 127,046.17 EUR Valued At 0.980921 EUR For 189,375.23 USD Fed Tax Cost Of Proceeds 100 Shares At 1,860.412 EUR 25233 00- -A -UC-UZ -365-04","-330,990.23"
08/18/22,Sale,"Sold 14,400 Shares Of 316,743.11 -396,990.80 Pva Tepla Ag Net Proceeds 310,699.97 EUR Trade Date 8/16/22 Sold Through Jeffus33 Jefferies Jersey City Paid 466.75 EUR Brokerage Sold On The Boerse Frankfurt - Regulierter Book Value 466,383.80 EUR Valued At 0.980921 EUR For 316,743.11 USD Fed Tax Cost Of Proceeds 14,400 Shares At 21.6088 EUR","-14,247.12"
08/18/22,Sale,"Sold 10,000 Shares Of 16,885.42 -15,267.35 Zoo Digital Group Net Proceeds 13,978.00 GBP Trade Date 8/16/22 Sold Through Jeffgb2x Jefferies Intl London Paid 21.00 GBP Brokerage Paid 1.00 GBP Misc Fee1 Sold On The London Stock Exchange Book Value 6,908.31 GBP Valued At 0.827815 GBP For 16,885.42 USD Fed Tax Cost Of Proceeds 10,000 Shares At 1.4 GBP","2,638.30"
08/18/22,Sale,"Sold 115,269.64 Units Of 117,019.91 -117,511.64 Euro Trade Date 8/16/22 Value Date 8/18/22 Book Value 115,269.64 EUR Traded At 0.98504297 EUR To 1 USD Valued At 0.98504297 EUR For 117,019.91 USD Net Proceeds 117,019.91 USD Fed ST Currency Loss On EUR Of 491.73- USD Fx7691398-Aset 25233 00- -A -UC-UZ -365-04","119,658.21"
08/18/22,Sale,"Sold 185,762.14 Units Of 188,601.34 -189,375.23 Euro Trade Date 8/16/22 Value Date 8/18/22 Book Value 185,762.14 EUR Traded At 0.98494602 EUR To 1 USD Valued At 0.98494602 EUR For 188,601.34 USD Net Proceeds 188,601.34 USD Fed ST Currency Loss On EUR Of 773.89- USD Fx7691405-Aset","308,259.55"
08/18/22,Sale,"Sold 310,699.97 Units Of 315,448.74 -316,743.11 Euro Trade Date 8/16/22 Value Date 8/18/22 Book Value 310,699.97 EUR Traded At 0.98494599 EUR To 1 USD Valued At 0.98494599 EUR For 315,448.74 USD Net Proceeds 315,448.74 USD Fed ST Currency Loss On EUR Of 1,294.37- USD Fx7691463-Aset","623,708.29"
08/18/22,Sale,"Sold 13,978.00 Units Of 16,807.11 -16,885.42 British Pound Trade Date 8/17/22 Value Date 8/18/22 Book Value 13,978.00 GBP Traded At 0.83167183 GBP To 1 USD Valued At 0.83167183 GBP For 16,807.11 USD Net Proceeds 16,807.11 USD Fed ST Currency Loss On GBP Of 78.31- USD Fx7692928-Aset 115,269.64 Euro 99999EUR3 185,762.14 Euro 99999EUR3 25233 00- -A -UC-UZ -365-04","640,515.40"
08/19/22,Purchase,"Purchased 6,029.32 Units Of -6,029.32 6,029.32 First Am Govt Ob Fd Cl X Trade Date 8/19/22 Transfer From Another Account",0.00
08/22/22,Purchase,"Purchased 9,677.16 Units Of -9,677.16 9,677.16 First Am Govt Ob Fd Cl X Trade Date 8/22/22 Musti Group Oy 0.22 EUR/Share On 20,000 Shares Due 8/18/22 Received 4,400.00 EUR Valued At 0.98814229 EUR For 4,452.80 USD Musti Group Oy Non-USD Taxes 1,540.00 EUR Valued At 0.98814229 EUR For 1,558.48 USD 35.0000000% Foreign Taxes Withheld 25233 00- -A -UC-UZ -365-04",0.00
08/23/22,Sale,"Sold 2,860.00 Units Of 2,894.32 -2,894.32 Euro Trade Date 8/18/22 Value Date 8/19/22 Book Value 2,860.00 EUR Traded At 0.98814229 EUR To 1 USD Valued At 0.98814229 EUR For 2,894.32 USD Net Proceeds 2,894.32 USD Repatriating Musti Group Oy Transfer To Income Musti Group Oy Repatriating Musti Group Oy Transfer From Principal Musti Group Oy Repatriating Musti Group Oy Transfer From Another Account","5,788.64"
08/23/22,Purchase,"Purchased 4,752.92 Units Of -4,752.92 4,752.92 First Am Govt Ob Fd Cl X Trade Date 8/23/22 2,860.00 Euro 99999EUR3 Transfer From Another Account","5,788.64"
08/24/22,Purchase,"Purchased 630,203.85 Units Of -630,203.85 630,203.85 First Am Govt Ob Fd Cl X Trade Date 8/24/22 25233 00- -A -UC-UZ -365-04","-596,736.32"
08/24/22,Sale,"Sold 7,000 Shares Of 596,736.32 -364,133.66 Taiwan Semiconductor A D R Trade Date 8/22/22 Sold Through Jefferies LLC Paid 280.00 USD Brokerage Paid 13.68 USD Sec Fee 7,000 Shares At 85.29 USD Transfer From Another Account",0.00
08/25/22,Purchase,Purchased 211.68 Units Of -211.68 211.68 First Am Govt Ob Fd Cl X Trade Date 8/25/22,0.00
08/26/22,Sale,"Sold 1,437,123.42 Units Of 1,437,123.42 -1,437,123.42 First Am Govt Ob Fd Cl X Trade Date 8/26/22","97,800.60"
08/26/22,Purchase,"Purchased 14,661 Shares Of -97,800.60 97,800.60 Cresud S A Spon A D R Trade Date 8/24/22 Purchased Through Jefferies LLC Paid 586.44 USD Brokerage Purchased On The OTC Bulletin Board 14,661 Shares At 6.6308 USD Transfer From Another Account",0.00
08/29/22,Purchase,"Purchased 19,299.41 Units Of -19,299.41 19,299.41 First Am Govt Ob Fd Cl X Trade Date 8/29/22",0.00
08/29/22,Sale,"Sold 176,123.79 Units Of 176,123.79 -176,123.79 First Am Govt Ob Fd Cl X Trade Date 8/29/22 25233 00- -A -UC-UZ -365-04","176,123.79"
08/29/22,Purchase,"Purchased 25,339 Shares Of -176,123.79 176,123.79 Cresud S A Spon A D R Trade Date 8/25/22 Purchased Through Jefferies LLC Paid 1,013.56 USD Brokerage Purchased On The OTC Bulletin Board 25,339 Shares At 6.91070011 USD Transfer From Another Account",0.00
08/30/22,Purchase,"Purchased 38,293.28 Units Of -38,293.28 38,293.28 First Am Govt Ob Fd Cl X Trade Date 8/30/22 Comture Corp 11 JPY/Share On 20,000 Shares Due 8/31/22 Received 220,000 JPY Valued At 139.05 JPY For 1,582.16 USD Comture Corp Non-USD Taxes 33,693 JPY Valued At 139.05 JPY For 242.30 USD 15.3150000% Foreign Taxes Withheld",0.00
08/31/22,Sale,"Sold 186,307.00 Units Of 1,339.86 -1,339.86 Yen Trade Date 8/31/22 Value Date 8/31/22 Book Value 186,307 JPY Traded At 139.05 JPY To 1 USD Valued At 139.05 JPY For 1,339.86 USD Net Proceeds 1,339.86 USD Repatriating Comture Corp Transfer To Income Comture Corp Repatriating Comture Corp 25233 00- -A -UC-UZ -365-04","2,679.72"
08/31/22,Purchase,"Purchased 976,212.7 Units Of -976,212.70 976,212.70 First Am Govt Ob Fd Cl X Trade Date 8/31/22 186,307 Yen 99999JPY3 Transfer From Another Account","1,339.86"
09/01/22,Purchase,"Purchased 1,536.13 Units Of -1,536.13 1,536.13 First Am Govt Ob Fd Cl X Trade Date 9/1/22 First Am Govt Ob Fd Cl X Interest From 8/1/22 To 8/31/22",0.00
09/02/22,Sale,"Sold 83,644 Units Of 83,644.00 -83,644.00 First Am Govt Ob Fd Cl X Trade Date 9/2/22 Transfer From Another Account",0.00
09/06/22,Purchase,"Purchased 79,317.54 Units Of -79,317.54 79,317.54 First Am Govt Ob Fd Cl X Trade Date 9/6/22",0.00
09/06/22,Sale,"Sold 50,000 Shares Of 977,227.69 -793,057.12 Slm Solutions Group Ag Net Proceeds 983,522.50 EUR Trade Date 9/2/22 Sold Through Jeffus33 Jefferies Jersey City Paid 1,477.50 EUR Brokerage Book Value 792,786.07 EUR Valued At 1.0064415 EUR For 977,227.69 USD Fed Tax Cost Of Proceeds 50,000 Shares At 19.7 EUR 25233 00- -A -UC-UZ -365-04","977,227.69"
09/06/22,Purchase,"Purchased 5,000 Shares Of -204,804.15 204,804.15 Compagnie De Saint Gobain Net Cost 206,123.40 EUR Trade Date 9/2/22 Purchased Through Jeffus33 Jefferies Jersey City Paid 307.80 EUR Brokerage Paid 615.60 EUR Misc Fee1 Book Value 206,123.40 EUR Valued At 1.0064415 EUR For 204,804.15 USD Fed Tax Cost Reduction 204,804.15- USD 5,000 Shares At 41.04 EUR 983,522.50 Euro 99999EUR3 -206,123.40 Euro 99999EUR3 Transfer From Another Account","772,423.54"
09/07/22,Purchase,"Purchased 206,123.40 Units Of -204,637.53 204,637.53 Euro Trade Date 9/6/22 Value Date 9/7/22 Book Value 206,123.40 EUR Traded At 1.00726098 EUR To 1 USD Valued At 1.00726098 EUR For 204,637.53 USD Net Cost 204,637.53 USD 206,123.4 Units At 1 EUR Fx7721964-Aset 25233 00- -A -UC-UZ -365-04","-202,682.89"
09/07/22,Sale,"Sold 983,522.50 Units Of 973,204.58 -977,061.07 Euro Trade Date 9/6/22 Value Date 9/7/22 Book Value 983,522.50 EUR Traded At 1.01060201 EUR To 1 USD Valued At 1.01060201 EUR For 973,204.58 USD Net Proceeds 973,204.58 USD Fed ST Currency Loss On EUR Of 3,856.49- USD Fx7722528-Aset Transfer From Another Account","770,521.69"
09/08/22,Purchase,"Purchased 783,968.75 Units Of -783,968.75 783,968.75 First Am Govt Ob Fd Cl X Trade Date 9/8/22 Monotaro Co Ltd First Section 6.5 JPY/Share On 26,100 Shares Due 9/9/22 Received 169,650 JPY Valued At 144.2 JPY For 1,176.49 USD Monotaro Co Ltd First Section Non-USD Taxes 25,982 JPY Valued At 144.2 JPY For 180.18 USD 15.3150000% Foreign Taxes Withheld",0.00
09/09/22,Sale,"Sold 143,668.00 Units Of 996.31 -996.31 Yen Trade Date 9/9/22 Value Date 9/9/22 Book Value 143,668 JPY Traded At 144.2 JPY To 1 USD Valued At 144.2 JPY For 996.31 USD Net Proceeds 996.31 USD Repatriating Monotaro Co Ltd First Section 25233 00- -A -UC-UZ -365-04","1,992.62"
09/09/22,Purchase,"Purchased 54,277.24 Units Of -54,277.24 54,277.24 First Am Govt Ob Fd Cl X Trade Date 9/9/22",996.31
09/09/22,Purchase,"Purchased 20,000 Shares Of -177,604.74 177,604.74 Watches Of Switzerland Group Net Cost 154,077.17 GBP Trade Date 9/2/22 Purchased Through Jeffgb2x Jefferies Intl London Paid 229.62 GBP Brokerage Paid 1.00 GBP Misc Fee1 Paid 766.55 GBP Misc Fee2 Purchased On The London Stock Exchange Book Value 154,077.17 GBP Valued At 0.8675285 GBP For 177,604.74 USD 20,000 Shares At 7.654 GBP 143,668 Yen 99999JPY3 -154,077.17 British Pound 99999GBP3 Aston Martin Lagonda Global Rt Valued At 1.00 GBP For 0.00 USD Market Value Of 0.00 USD Ca Rights Distribution Bn7cg23 Xdt9/12/22 25233 00- -A -UC-UZ -365-04","-176,608.43"
09/12/22,Purchase,"Purchased 2,563.02 Units Of -2,563.02 2,563.02 First Am Govt Ob Fd Cl X Trade Date 9/12/22",0.00
09/12/22,Sale,"Sold 178,800.24 Units Of 178,800.24 -178,800.24 First Am Govt Ob Fd Cl X Trade Date 9/12/22","178,800.24"
09/12/22,Purchase,"Purchased 154,077.17 Units Of -178,800.24 177,604.74 British Pound Trade Date 9/9/22 Value Date 9/12/22 Book Value 154,077.17 GBP Traded At 0.86172798 GBP To 1 USD Valued At 0.86172798 GBP For 178,800.24 USD Net Cost 178,800.24 USD Repayment Of Currency Overdraft Resulted In Fed ST Currency Loss On GBP Of 1,195.50- USD 154,077.17 Units At 1 GBP Fx7728493-Aset",0.00
09/13/22,Sale,"Sold 263,857.53 Units Of 263,857.53 -263,857.53 First Am Govt Ob Fd Cl X Trade Date 9/13/22","263,440.00"
09/13/22,Purchase,"Purchased 25,000 Shares Of -263,440.00 263,440.00 Farfetch Ltd Class A Trade Date 9/9/22 Purchased Through Jefferies LLC Paid 1,000.00 USD Brokerage 25,000 Shares At 10.4976 USD 25233 00- -A -UC-UZ -365-04",0.00
09/14/22,Sale,"Sold 225,730.54 Units Of 225,730.54 -225,730.54 First Am Govt Ob Fd Cl X Trade Date 9/14/22","216,771.92"
09/14/22,Purchase,"Purchased 214,008.73 Units Of -216,771.92 216,771.92 Euro Trade Date 9/12/22 Value Date 9/14/22 Book Value 214,008.73 EUR Traded At 0.98725301 EUR To 1 USD Valued At 0.98725301 EUR For 216,771.92 USD Net Cost 216,771.92 USD 214,008.73 Units At 1 EUR Fx7731086-Aset",0.00
09/14/22,Purchase,"Purchased 5,000 Shares Of -214,918.26 214,918.26 Compagnie De Saint Gobain Net Cost 214,008.73 EUR Trade Date 9/12/22 Purchased Through Jeffus33 Jefferies Jersey City Paid 319.58 EUR Brokerage Paid 639.15 EUR Misc Fee1 Book Value 214,008.73 EUR Valued At 0.995768 EUR For 214,918.26 USD Fed Tax Cost Reduction 216,771.92- USD Fed ST Currency Loss Of 1,853.66- USD 5,000 Shares At 42.61 EUR -214,008.73 Euro 99999EUR3","-214,918.26"
09/15/22,Sale,"Sold 170,403.29 Units Of 170,403.29 -170,403.29 First Am Govt Ob Fd Cl X Trade Date 9/15/22","153,265.04"
09/15/22,Purchase,"Purchased 153,081.28 Units Of -153,265.04 153,265.04 Euro Trade Date 9/14/22 Value Date 9/15/22 Book Value 153,081.28 EUR Traded At 0.99880103 EUR To 1 USD Valued At 0.99880103 EUR For 153,265.04 USD Net Cost 153,265.04 USD 153,081.28 Units At 1 EUR Fx7735088-Aset",0.00
09/15/22,Purchase,"Purchased 20,000 Shares Of -155,086.63 155,086.63 Onward Medical Nv Net Cost 153,081.28 EUR Trade Date 9/13/22 Purchased Through Jeffus33 Jefferies Jersey City Paid 229.28 EUR Brokerage Purchased On The NYSE Euronext - Euronext Amste Book Value 153,081.28 EUR Valued At 0.9870695 EUR For 155,086.63 USD Fed Tax Cost Reduction 153,265.04- USD Fed ST Currency Gain Of 1,821.59 USD 20,000 Shares At 7.6426 EUR -153,081.28 Euro 99999EUR3 25233 00- -A -UC-UZ -365-04","-155,086.63"
09/16/22,Sale,"Sold 19,354.53 Units Of 19,354.53 -19,354.53 First Am Govt Ob Fd Cl X Trade Date 9/16/22",0.00
09/19/22,Sale,"Sold 241,000.17 Units Of 241,000.17 -241,000.17 First Am Govt Ob Fd Cl X Trade Date 9/19/22","119,241.00"
09/19/22,Purchase,"Purchased 10,000 Shares Of -119,241.00 119,241.00 Materialise Nv A D R Trade Date 9/15/22 Purchased Through Jefferies LLC Paid 400.00 USD Brokerage Purchased On The OTC Bulletin Board 10,000 Shares At 11.8841 USD Transfer From Another Account 25233 00- -A -UC-UZ -365-04",0.00
09/20/22,Purchase,"Purchased 6,904.81 Units Of -6,904.81 6,904.81 First Am Govt Ob Fd Cl X Trade Date 9/20/22",0.00
09/21/22,Sale,"Sold 3,433.93 Units Of 3,433.93 -3,433.93 First Am Govt Ob Fd Cl X Trade Date 9/21/22 Transfer From Another Account",0.00
09/22/22,Sale,"Sold 107,367.57 Units Of 107,367.57 -107,367.57 First Am Govt Ob Fd Cl X Trade Date 9/22/22","110,301.94"
09/22/22,Sale,"Sold 10,000 Shares Of 16,058.61 -12,196.29 Zoo Digital Group Net Proceeds 14,077.85 GBP Trade Date 9/20/22 Sold Through Jeffgb2x Jefferies Intl London Paid 21.15 GBP Brokerage Paid 1.00 GBP Misc Fee1 Sold On The London Stock Exchange Book Value 6,908.31 GBP Valued At 0.8766545 GBP For 16,058.61 USD Fed Tax Cost Of Proceeds 10,000 Shares At 1.41 GBP 25233 00- -A -UC-UZ -365-04","126,360.55"
09/22/22,Purchase,"Purchased 8,000 Shares Of -127,121.36 127,121.36 Future Plc Ord Net Cost 111,441.51 GBP Trade Date 9/20/22 Purchased Through Parbfrpp Banque Paribas Fr Paid 166.08 GBP Brokerage Paid 1.00 GBP Misc Fee1 Paid 554.43 GBP Misc Fee2 Purchased On The London Stock Exchange Book Value 111,441.51 GBP Valued At 0.8766545 GBP For 127,121.36 USD 8,000 Shares At 13.84 GBP",-760.81
09/22/22,Sale,"Sold 14,077.85 Units Of 15,920.18 -15,920.18 British Pound Trade Date 9/21/22 Value Date 9/22/22 Book Value 14,077.85 GBP Traded At 0.88427706 GBP To 1 USD Valued At 0.88427706 GBP For 15,920.18 USD Net Proceeds 15,920.18 USD Fx7746287-Aset","15,159.37"
09/22/22,Purchase,"Purchased 111,441.51 Units Of -126,222.12 126,982.93 British Pound Trade Date 9/22/22 Value Date 9/22/22 Book Value 111,441.51 GBP Traded At 0.8829 GBP To 1 USD Valued At 0.8829 GBP For 126,222.12 USD Net Cost 126,222.12 USD Repayment Of Currency Overdraft Resulted In Fed ST Currency Gain On GBP Of 760.81 USD 111,441.51 Units At 1 GBP Fx7747522-Aset 14,077.85 British Pound 99999GBP3 25233 00- -A -UC-UZ -365-04","-111,062.75"
09/23/22,Sale,"Reversal- 20,000 Shares Of 155,086.63 -155,086.63 Onward Medical Nv Net Proceeds 153,081.28 EUR Trade Date 9/13/22 Sold Through Jeffus33 Jefferies Jersey City Paid 229.28- EUR Brokerage Sold On The NYSE Euronext - Euronext Amste Book Value 153,081.28 EUR Valued At 0.9870695 EUR For 155,086.63 USD Fed Tax Cost Of Proceeds 20,000 Shares At 7.6426 EUR Rev Due To Change Of Settlement Location Entain Plc 0.085 GBP/Share On 24,000 Shares Due 9/22/22 Received 2,040.00 GBP Valued At 0.904083 GBP For 2,256.43 USD","155,086.63"
09/23/22,Sale,"Sold 2,040.00 Units Of 2,256.43 -2,256.43 British Pound Trade Date 9/22/22 Value Date 9/23/22 Book Value 2,040.00 GBP Traded At 0.904083 GBP To 1 USD Valued At 0.904083 GBP For 2,256.43 USD Net Proceeds 2,256.43 USD Repatriating Entain Plc Transfer To Income Entain Plc Repatriating Entain Plc Transfer From Principal Entain Plc Repatriating Entain Plc 25233 00- -A -UC-UZ -365-04","159,599.49"
09/23/22,Purchase,"Purchased 37,507.25 Units Of -37,507.25 37,507.25 First Am Govt Ob Fd Cl X Trade Date 9/23/22","109,778.52"
09/23/22,Sale,"Sold 30,000 Shares Of 48,205.54 -27,375.72 Zoo Digital Group Net Proceeds 42,235.55 GBP Trade Date 9/21/22 Sold Through Jeffgb2x Jefferies Intl London Paid 63.45 GBP Brokerage Paid 1.00 GBP Misc Fee1 Sold On The London Stock Exchange Book Value 20,724.92 GBP Valued At 0.8761555 GBP For 48,205.54 USD Fed Tax Cost Of Proceeds 30,000 Shares At 1.41 GBP","157,984.06"
09/23/22,Sale,"Sold 42,235.55 Units Of 47,564.54 -48,205.54 British Pound Trade Date 9/21/22 Value Date 9/23/22 Book Value 42,235.55 GBP Traded At 0.88796297 GBP To 1 USD Valued At 0.88796297 GBP For 47,564.54 USD Net Proceeds 47,564.54 USD Fed ST Currency Loss On GBP Of 641.00- USD Fx7747203-Aset 153,081.28 Euro 99999EUR3 2,040.00 British Pound 99999GBP3 42,235.55 British Pound 99999GBP3 25233 00- -A -UC-UZ -365-04","205,548.60"
09/26/22,Purchase,"Purchased 110,578.24 Units Of -110,578.24 110,578.24 First Am Govt Ob Fd Cl X Trade Date 9/26/22","-55,423.24"
09/26/22,Sale,"Sold 35,000 Shares Of 55,835.94 -31,337.67 Zoo Digital Group Net Proceeds 49,274.97 GBP Trade Date 9/22/22 Sold Through Jeffgb2x Jefferies Intl London Paid 74.03 GBP Brokerage Paid 1.00 GBP Misc Fee1 Sold On The London Stock Exchange Book Value 24,179.08 GBP Valued At 0.8824955 GBP For 55,835.94 USD Fed Tax Cost Of Proceeds 35,000 Shares At 1.41 GBP",412.70
09/26/22,Sale,"Sold 49,274.97 Units Of 55,423.24 -55,835.94 British Pound Trade Date 9/22/22 Value Date 9/26/22 Book Value 49,274.97 GBP Traded At 0.88906693 GBP To 1 USD Valued At 0.88906693 GBP For 55,423.24 USD Net Proceeds 55,423.24 USD Fed ST Currency Loss On GBP Of 412.70- USD Fx7748381-Aset 49,274.97 British Pound 99999GBP3 Transfer From Another Account","55,835.94"
09/27/22,Purchase,"Purchased 100,160.54 Units Of -100,160.54 100,160.54 First Am Govt Ob Fd Cl X Trade Date 9/27/22 25233 00- -A -UC-UZ -365-04",0.00
09/28/22,Purchase,"Purchased 197,760.00 Units Of -212,230.51 212,230.51 British Pound Trade Date 9/28/22 Value Date 9/28/22 Book Value 197,760.00 GBP Traded At 0.93181699 GBP To 1 USD Valued At 0.93181699 GBP For 212,230.51 USD Net Cost 212,230.51 USD 197,760 Units At 1 GBP Ca Rights Exercise Nxdt 9935374 Aston Martin Lagonda Global Rt Pay From Acct On Corp Action Valued At 1.00 GBP For 0.00 USD Market Value Of 83,193.60 USD Ca Rights Exercise Nxdt 9935374","-212,230.51"
09/28/22,Purchase,"Purchased 192,000 Shares Of -212,230.51 212,230.51 Aston Martin Lagon Ord Net Cost 197,760.00 GBP Trade Date 9/28/22 Purchased Through Global Corporate Actions Purchased On The London Stock Exchange Book Value 197,760.00 GBP Valued At 0.93181699 GBP For 212,230.51 USD Fed Tax Cost Reduction 212,230.51- USD 192,000 Shares At 1.03 GBP Ca Rights Exercise Nxdt 9935374","-424,461.02"
09/28/22,Sale,"Sold 978,388.12 Units Of 978,388.12 -978,388.12 First Am Govt Ob Fd Cl X Trade Date 9/28/22 -197,760.00 British Pound 99999GBP3 25233 00- -A -UC-UZ -365-04","-212,230.51"
09/29/22,Sale,"Sold 165,136.00 Units Of 1,144.84 -1,144.84 Yen Trade Date 9/29/22 Value Date 9/29/22 Book Value 165,136 JPY Traded At 144.2441 JPY To 1 USD Valued At 144.2441 JPY For 1,144.84 USD Net Proceeds 1,144.84 USD Repatriating Lasertec Corp Transfer To Income Lasertec Corp Repatriating Lasertec Corp Transfer From Principal Lasertec Corp Repatriating Lasertec Corp Aston Martin Lagon Ord Valued At 197,760.00 GBP Book Value 197,760.00 GBP Valued At 0.93181701 GBP For 212,230.51 USD Market Value Of 0.00 USD Ca Assimilation Bqb5f22 Rdt9/27/22 25233 00- -A -UC-UZ -365-04","2,289.68"
09/29/22,Sale,"Sold 8,138.94 Units Of 8,138.94 -8,138.94 First Am Govt Ob Fd Cl X Trade Date 9/29/22 165,136 Yen 99999JPY3 Transfer From Another Account","1,144.84"
09/30/22,Purchase,"Purchased 34,789.56 Units Of -34,789.56 34,789.56 First Am Govt Ob Fd Cl X Trade Date 9/30/22 Vitec Software Group Ab B Sh 0.50 SEK/Share On 12,000 Shares Due 9/30/22 Received 6,000.00 SEK Valued At 11.1830719 SEK For 536.53 USD Vitec Software Group Ab B Sh Non-USD Taxes 1,800.00 SEK Valued At 11.1830719 SEK For 160.96 USD 30.0000000% Foreign Taxes Withheld 25233 00- -A -UC-UZ -365-04",0.00
10/03/22,Sale,"Sold 4,200.00 Units Of 375.57 -375.57 Swedish Krona Trade Date 9/30/22 Value Date 10/3/22 Book Value 4,200.00 SEK Traded At 11.1830719 SEK To 1 USD Valued At 11.1830719 SEK For 375.57 USD Net Proceeds 375.57 USD Repatriating Vitec Software Group Ab B Sh Transfer To Income Vitec Software Group Ab B Sh Repatriating Vitec Software Group Ab B Sh Transfer From Principal Vitec Software Group Ab B Sh Repatriating Vitec Software Group Ab B Sh Transfer From Another Account",751.14
10/03/22,Purchase,"Purchased 416,936.57 Units Of -416,936.57 416,936.57 First Am Govt Ob Fd Cl X Trade Date 10/3/22 First Am Govt Ob Fd Cl X Interest From 9/1/22 To 9/30/22 4,200.00 Swedish Krona 99999SEK5 Transfer From Another Account",375.57
10/04/22,Purchase,"Purchased 111,044.69 Units Of -111,044.69 111,044.69 First Am Govt Ob Fd Cl X Trade Date 10/4/22 Transfer From Another Account",0.00
10/05/22,Sale,"Sold 169,898.24 Units Of 169,898.24 -169,898.24 First Am Govt Ob Fd Cl X Trade Date 10/5/22","194,953.35"
10/05/22,Purchase,"Purchased 195,364.21 Units Of -194,953.35 194,953.35 Euro Trade Date 10/4/22 Value Date 10/5/22 Book Value 195,364.21 EUR Traded At 1.00210748 EUR To 1 USD Valued At 1.00210748 EUR For 194,953.35 USD Net Cost 194,953.35 USD 195,364.21 Units At 1 EUR Fx7768903-Aset 25233 00- -A -UC-UZ -365-04",0.00
10/05/22,Purchase,"Purchased 4,000 Shares Of -191,388.59 191,388.59 Nemetschek SE Npv Net Cost 195,364.21 EUR Trade Date 10/3/22 Purchased Through Jeffus33 Jefferies Jersey City Paid 292.61 EUR Brokerage Book Value 195,364.21 EUR Valued At 1.0207725 EUR For 191,388.59 USD Fed Tax Cost Reduction 197,280.64- USD Fed ST Currency Loss Of 5,892.05- USD 4,000 Shares At 48.7679 EUR -195,364.21 Euro 99999EUR3 Transfer From Another Account","-191,388.59"
10/06/22,Sale,"Sold 128,931.73 Units Of 128,931.73 -128,931.73 First Am Govt Ob Fd Cl X Trade Date 10/6/22","124,650.00"
10/06/22,Purchase,"Purchased 15,000 Shares Of -124,650.00 124,650.00 Farfetch Ltd Class A Trade Date 10/4/22 Purchased Through Jefferies LLC Paid 600.00 USD Brokerage 15,000 Shares At 8.27 USD",0.00
10/07/22,Sale,Sold 357.44 Units Of 357.44 -357.44 First Am Govt Ob Fd Cl X Trade Date 10/7/22 Transfer From Another Account,0.00
10/11/22,Purchase,"Purchased 19,785.02 Units Of -19,785.02 19,785.02 First Am Govt Ob Fd Cl X Trade Date 10/11/22 Transfer From Another Account",0.00
10/12/22,Purchase,"Purchased 15,637.73 Units Of -15,637.73 15,637.73 First Am Govt Ob Fd Cl X Trade Date 10/12/22 Transfer From Another Account",0.00
10/13/22,Purchase,"Purchased 1,312 Units Of -1,312.00 1,312.00 First Am Govt Ob Fd Cl X Trade Date 10/13/22 Nutrien Ltd 0.48 USD/Share On 7,000 Shares Due 10/14/22 15.0000000% Foreign Taxes Withheld Non-USD Taxes Nutrien Ltd 25233 00- -A -UC-UZ -365-04",0.00
10/14/22,Sale,Sold 211.13 Units Of 211.13 -211.13 First Am Govt Ob Fd Cl X Trade Date 10/14/22,"2,856.00"
10/14/22,Purchase,"Purchased 20,000 Shares Of -155,086.63 155,086.63 Onward Medical Nv Net Cost 153,081.28 EUR Trade Date 9/13/22 Purchased Through Eclr 90793 Jefferies and Co Paid 229.28 EUR Brokerage Purchased On The NYSE Euronext - Euronext Amste Book Value 153,081.28 EUR Valued At 0.9870695 EUR For 155,086.63 USD Fed Tax Cost Reduction 152,759.34- USD Fed ST Currency Gain Of 2,327.29 USD 20,000 Shares At 7.6426 EUR -153,081.28 Euro 99999EUR3","-152,230.63"
10/17/22,Sale,"Sold 185,793.18 Units Of 185,793.18 -185,793.18 First Am Govt Ob Fd Cl X Trade Date 10/17/22",0.00
10/18/22,Sale,"Sold 201,593.62 Units Of 201,593.62 -201,593.62 First Am Govt Ob Fd Cl X Trade Date 10/18/22 25233 00- -A -UC-UZ -365-04","195,230.20"
10/18/22,Purchase,"Purchased 1,000 Shares Of -195,230.20 195,230.20 Solaredge Technologies Inc Trade Date 10/13/22 Purchased Through Jefferies LLC Paid 40.00 USD Brokerage Purchased On The OTC Bulletin Board 1,000 Shares At 195.1902 USD",0.00
10/19/22,Sale,"Sold 36,378.61 Units Of 36,378.61 -36,378.61 First Am Govt Ob Fd Cl X Trade Date 10/19/22 Transfer From Another Account",0.00
10/20/22,Sale,"Sold 29,035.09 Units Of 29,035.09 -29,035.09 First Am Govt Ob Fd Cl X Trade Date 10/20/22",0.00
10/21/22,Sale,"Sold 19,304.4 Units Of 19,304.40 -19,304.40 First Am Govt Ob Fd Cl X Trade Date 10/21/22",0.00
10/24/22,Sale,"Sold 5,437.72 Units Of 5,437.72 -5,437.72 First Am Govt Ob Fd Cl X Trade Date 10/24/22",0.00
10/25/22,Sale,"Sold 28,051.16 Units Of 28,051.16 -28,051.16 First Am Govt Ob Fd Cl X Trade Date 10/25/22 Asos Plc Valued At 0.872524 GBP For 1,966.50 USD Market Value Of 168.76 USD Cusip 00212V105 Adr Conv Fee To Gb0030927254 25233 00- -A -UC-UZ -365-04",300.00
10/26/22,Sale,"Sold 46,656.05 Units Of 46,656.05 -46,656.05 First Am Govt Ob Fd Cl X Trade Date 10/26/22",0.00
10/26/22,Sale,"Sold 25,660 Shares Of 159,488.61 -787,459.96 Asos Plc Net Proceeds 140,909.62 GBP Trade Date 10/19/22 Sold Through Jeffgb2x Jefferies Intl London Paid 211.68 GBP Brokerage Paid 1.00 GBP Misc Fee1 Sold On The London Stock Exchange Book Value 768,972.22 GBP Valued At 0.883509 GBP For 159,488.61 USD Fed Tax Cost Of Proceeds 25,660 Shares At 5.49969992 GBP 140,909.62 British Pound 99999GBP3 Learning Technologies Group 0.0045 GBP/Share On 240,000 Shares Due 10/27/22 Received 1,080.00 GBP Valued At 0.8648704 GBP For 1,248.74 USD","159,488.61"
10/27/22,Sale,"Sold 1,080.00 Units Of 1,248.75 -1,248.74 British Pound Trade Date 10/27/22 Value Date 10/27/22 Book Value 1,080.00 GBP Traded At 0.8648704 GBP To 1 USD Valued At 0.8648704 GBP For 1,248.75 USD Net Proceeds 1,248.75 USD Repatriating Learning Technologies Group Transfer To Income Learning Technologies Group Repatriating Learning Technologies Group 25233 00- -A -UC-UZ -365-04","2,497.49"
10/27/22,Sale,"Sold 38,260.04 Units Of 38,260.04 -38,260.04 First Am Govt Ob Fd Cl X Trade Date 10/27/22","1,248.74"
10/27/22,Sale,"Sold 140,909.62 Units Of 163,488.78 -159,488.61 British Pound Trade Date 10/26/22 Value Date 10/27/22 Book Value 140,909.62 GBP Traded At 0.86189168 GBP To 1 USD Valued At 0.86189168 GBP For 163,488.78 USD Net Proceeds 163,488.78 USD Fed ST Currency Gain On GBP Of 4,000.17 USD Fx7804486-Aset","164,737.52"
10/27/22,Purchase,"Purchased 163,488.78 Units Of -163,488.78 163,488.78 First Am Govt Ob Fd Cl X Trade Date 10/27/22 1,080.00 British Pound 99999GBP3 Transfer From Another Account","1,248.74"
10/28/22,Purchase,"Purchased 61,043.28 Units Of -61,043.28 61,043.28 First Am Govt Ob Fd Cl X Trade Date 10/28/22 25233 00- -A -UC-UZ -365-04","-43,968.83"
10/28/22,Sale,"Sold 25,000 Shares Of 43,628.38 -22,085.25 Zoo Digital Group Net Proceeds 38,066.81 GBP Trade Date 10/26/22 Sold Through Parbfrpp Banque Paribas Fr Paid 57.19 GBP Brokerage Paid 1.00 GBP Misc Fee1 Sold On The London Stock Exchange Book Value 17,270.77 GBP Valued At 0.872524 GBP For 43,628.38 USD Fed Tax Cost Of Proceeds 25,000 Shares At 1.525 GBP",-340.45
10/28/22,Sale,"Sold 38,066.81 Units Of 43,968.83 -43,628.38 British Pound Trade Date 10/27/22 Value Date 10/28/22 Book Value 38,066.81 GBP Traded At 0.86576809 GBP To 1 USD Valued At 0.86576809 GBP For 43,968.83 USD Net Proceeds 43,968.83 USD Fed ST Currency Gain On GBP Of 340.45 USD Fx7808081-Aset 38,066.81 British Pound 99999GBP3","43,628.38"
10/31/22,Sale,"Reversal- 4,000 Shares Of 199,113.80 -199,113.80 Nemetschek SE Npv Net Proceeds 198,152.78 EUR Trade Date 10/27/22 Sold Through Jeffus33 Jefferies Jersey City Paid 296.78- EUR Brokerage Book Value 198,152.78 EUR Valued At 0.9951735 EUR For 199,113.80 USD Fed Tax Cost Of Proceeds Reversal Of Trx 69345 Batch Zy002955 From 10/31/22 4,000 Shares At 49.464 EUR Rev Due To Partial Settlement 25233 00- -A -UC-UZ -365-04","199,113.80"
10/31/22,Purchase,"Purchased 2,786 Shares Of -138,682.76 138,682.76 Nemetschek SE Npv Net Cost 138,013.41 EUR Trade Date 10/27/22 Purchased Through Jeffus33 Jefferies Jersey City Paid 206.71 EUR Brokerage Book Value 138,013.41 EUR Valued At 0.9951735 EUR For 138,682.76 USD Fed Tax Cost Reduction 138,682.76- USD 2,786 Shares At 49.464 EUR","60,431.04"
10/31/22,Sale,"Sold 104,068.1 Units Of 104,068.10 -104,068.10 First Am Govt Ob Fd Cl X Trade Date 10/31/22","60,431.04"
10/31/22,Purchase,"Purchased 198,152.78 Units Of -197,716.20 197,716.20 Euro Trade Date 10/27/22 Value Date 10/31/22 Book Value 198,152.78 EUR Traded At 1.00220811 EUR To 1 USD Valued At 1.00220811 EUR For 197,716.20 USD Net Cost 197,716.20 USD 198,152.78 Units At 1 EUR Fx7807952-Aset","-137,285.16"
10/31/22,Sale,"Sold 45,000 Shares Of 79,772.56 -39,470.02 Zoo Digital Group Net Proceeds 68,745.72 GBP Trade Date 10/27/22 Sold Through Plhcgb3l United Kingdom Paid 103.28 GBP Brokerage Paid 1.00 GBP Misc Fee1 Sold On The London Stock Exchange Book Value 31,087.39 GBP Valued At 0.8617715 GBP For 79,772.56 USD Fed Tax Cost Of Proceeds 45,000 Shares At 1.53 GBP 25233 00- -A -UC-UZ -365-04","-57,512.60"
10/31/22,Purchase,"Purchased 4,000 Shares Of -199,113.80 199,113.80 Nemetschek SE Npv Net Cost 198,152.78 EUR Trade Date 10/27/22 Purchased Through Jeffus33 Jefferies Jersey City Paid 296.78 EUR Brokerage Book Value 198,152.78 EUR Valued At 0.9951735 EUR For 199,113.80 USD Fed Tax Cost Reduction 197,716.20- USD Fed ST Currency Gain Of 1,397.60 USD 4,000 Shares At 49.464 EUR","-256,626.40"
10/31/22,Sale,"Sold 68,745.72 Units Of 79,452.39 -79,772.56 British Pound Trade Date 10/27/22 Value Date 10/31/22 Book Value 68,745.72 GBP Traded At 0.8652442 GBP To 1 USD Valued At 0.8652442 GBP For 79,452.39 USD Net Proceeds 79,452.39 USD Fed ST Currency Loss On GBP Of 320.17- USD Fx7807895-Aset","-177,174.01"
10/31/22,Sale,"Sold 118,263.81 Units Of 118,263.81 -118,263.81 First Am Govt Ob Fd Cl X Trade Date 10/31/22","-58,910.20"
10/31/22,Purchase,"Purchased 1,214 Shares Of -60,431.04 60,431.04 Nemetschek SE Npv Net Cost 60,139.37 EUR Trade Date 10/27/22 Purchased Through Jeffus33 Jefferies Jersey City Paid 90.07 EUR Brokerage Book Value 60,139.37 EUR Valued At 0.9951735 EUR For 60,431.04 USD Fed Tax Cost Reduction 60,431.04- USD 1,214 Shares At 49.4640033 EUR 198,152.78 Euro 99999EUR3 25233 00- -A -UC-UZ -365-04","-119,341.24"
11/01/22,Sale,"Sold 12,240.00 Units Of 14,109.61 -14,109.61 British Pound Trade Date 11/1/22 Value Date 11/1/22 Book Value 12,240.00 GBP Traded At 0.8674937 GBP To 1 USD Valued At 0.8674937 GBP For 14,109.61 USD Net Proceeds 14,109.61 USD Repatriating Ds Smith Plc Transfer To Income Ds Smith Plc Repatriating Ds Smith Plc Transfer From Principal Ds Smith Plc Repatriating Ds Smith Plc 25233 00- -A -UC-UZ -365-04","28,219.22"
11/01/22,Purchase,"Purchased 37,693.23 Units Of -37,693.23 37,693.23 First Am Govt Ob Fd Cl X Trade Date 11/1/22 First Am Govt Ob Fd Cl X Interest From 10/1/22 To 10/31/22 12,240.00 British Pound 99999GBP3","14,109.61"
11/02/22,Sale,"Sold 3,605.11 Units Of 3,605.11 -3,605.11 First Am Govt Ob Fd Cl X Trade Date 11/2/22","1,108.46"
11/02/22,Sale,"Sold 10,000 Shares Of 168,980.16 -213,647.97 Alk Abello A S Ser B Net Proceeds 1,264,275.74 DKK Trade Date 10/31/22 Sold Through Jeffus33 Jefferies Jersey City Paid 1,899.26 DKK Brokerage Sold On The Omx Nordic Exchange Copenhagen Book Value 963,573.89 DKK Valued At 7.4818 DKK For 168,980.16 USD Fed Tax Cost Of Proceeds 10,000 Shares At 126.6175 DKK 25233 00- -A -UC-UZ -365-04","170,088.62"
11/02/22,Sale,"Sold 1,264,275.74 Units Of 167,906.93 -168,980.16 Danish Krone Trade Date 11/1/22 Value Date 11/2/22 Book Value 1,264,275.74 DKK Traded At 7.52962215 DKK To 1 USD Valued At 7.52962215 DKK For 167,906.93 USD Net Proceeds 167,906.93 USD Fed ST Currency Loss On DKK Of 1,073.23- USD Fx7814707-Aset","337,995.55"
11/02/22,Purchase,"Purchased 169,015.39 Units Of -169,015.39 169,015.39 First Am Govt Ob Fd Cl X Trade Date 11/2/22 1,264,275.74 Danish Krone 99999DKK1","168,980.16"
11/03/22,Sale,"Sold 28,566.14 Units Of 28,566.14 -28,566.14 First Am Govt Ob Fd Cl X Trade Date 11/3/22",0.00
11/04/22,Sale,"Sold 130,127.69 Units Of 130,127.69 -130,127.69 First Am Govt Ob Fd Cl X Trade Date 11/4/22 Transfer From Another Account",0.00
11/07/22,Purchase,"Purchased 12,665.78 Units Of -12,665.78 12,665.78 First Am Govt Ob Fd Cl X Trade Date 11/7/22",0.00
11/08/22,Sale,"Sold 141,236.32 Units Of 141,236.32 -141,236.32 First Am Govt Ob Fd Cl X Trade Date 11/8/22",0.00
11/08/22,Sale,"Sold 3,000 Shares Of 41,658.30 -75,729.25 Nordic Semiconductor Asa Net Proceeds 440,263.61 NOK Trade Date 11/4/22 Sold Through Jeffus33 Jefferies Jersey City Paid 661.39 NOK Brokerage Book Value 561,003.85 NOK Valued At 10.56845 NOK For 41,658.30 USD Fed Tax Cost Of Proceeds 3,000 Shares At 146.975 NOK 25233 00- -A -UC-UZ -365-04","41,658.30"
11/08/22,Sale,"Sold 9,147 Shares Of 64,327.23 -80,026.90 Accesso Technology Group Plc Net Proceeds 57,537.75 GBP Trade Date 11/4/22 Sold Through Jeffgb2x Jefferies Intl London Paid 86.44 GBP Brokerage Paid 1.00 GBP Misc Fee1 Sold On The London Stock Exchange Book Value 42,593.91 GBP Valued At 0.894454 GBP For 64,327.23 USD Fed Tax Cost Of Proceeds 9,147 Shares At 6.2999 GBP","105,985.53"
11/08/22,Sale,"Sold 15,000 Shares Of 27,962.78 -12,826.00 Zoo Digital Group Net Proceeds 25,011.42 GBP Trade Date 11/4/22 Sold Through Jeffgb2x Jefferies Intl London Paid 37.58 GBP Brokerage Paid 1.00 GBP Misc Fee1 Sold On The London Stock Exchange Book Value 10,362.46 GBP Valued At 0.894454 GBP For 27,962.78 USD Fed Tax Cost Of Proceeds 15,000 Shares At 1.67 GBP","133,948.31"
11/08/22,Sale,"Sold 440,263.61 Units Of 42,816.07 -41,658.30 Norwegian Krone Trade Date 11/4/22 Value Date 11/8/22 Book Value 440,263.61 NOK Traded At 10.28267214 NOK To 1 USD Valued At 10.28267214 NOK For 42,816.07 USD Net Proceeds 42,816.07 USD Fed ST Currency Gain On NOK Of 1,157.77 USD Fx7822239-Aset 25233 00- -A -UC-UZ -365-04","176,764.38"
11/08/22,Sale,"Sold 57,537.75 Units Of 65,084.85 -64,327.23 British Pound Trade Date 11/4/22 Value Date 11/8/22 Book Value 57,537.75 GBP Traded At 0.88404214 GBP To 1 USD Valued At 0.88404214 GBP For 65,084.85 USD Net Proceeds 65,084.85 USD Fed ST Currency Gain On GBP Of 757.62 USD Fx7822313-Aset","241,849.23"
11/08/22,Sale,"Sold 25,011.42 Units Of 28,294.61 -27,962.78 British Pound Trade Date 11/4/22 Value Date 11/8/22 Book Value 25,011.42 GBP Traded At 0.88396412 GBP To 1 USD Valued At 0.88396412 GBP For 28,294.61 USD Net Proceeds 28,294.61 USD Fed ST Currency Gain On GBP Of 331.83 USD Fx7822317-Aset","270,143.84"
11/08/22,Purchase,"Purchased 136,195.53 Units Of -136,195.53 136,195.53 First Am Govt Ob Fd Cl X Trade Date 11/8/22 440,263.61 Norwegian Krone 99999NOK5 57,537.75 British Pound 99999GBP3 25,011.42 British Pound 99999GBP3 Transfer From Another Account 25233 00- -A -UC-UZ -365-04","133,948.31"
11/09/22,Purchase,"Purchased 1,382.8 Units Of -1,382.80 1,382.80 First Am Govt Ob Fd Cl X Trade Date 11/9/22",0.00
11/10/22,Sale,"Sold 89,251.3 Units Of 89,251.30 -89,251.30 First Am Govt Ob Fd Cl X Trade Date 11/10/22",0.00
11/10/22,Sale,"Sold 30,000 Shares Of 102,829.11 -158,017.27 Ds Smith Plc Net Proceeds 89,705.24 GBP Trade Date 11/8/22 Sold Through Crst 871 Paid 134.76 GBP Brokerage Paid 1.00 GBP Misc Fee1 Sold On The London Stock Exchange Book Value 116,160.66 GBP Valued At 0.872372 GBP For 102,829.11 USD Fed Tax Cost Of Proceeds 30,000 Shares At 2.9947 GBP","102,829.11"
11/10/22,Sale,"Sold 853 Shares Of 6,303.17 -4,043.19 Accesso Technology Group Plc Net Proceeds 5,498.71 GBP Trade Date 11/8/22 Sold Through Jeffgb2x Jefferies Intl London Paid 8.26 GBP Brokerage Sold On The London Stock Exchange Book Value 3,972.08 GBP Valued At 0.872372 GBP For 6,303.17 USD Fed Tax Cost Of Proceeds 853 Shares At 6.45600234 GBP 25233 00- -A -UC-UZ -365-04","109,132.28"
11/10/22,Sale,"Sold 89,705.24 Units Of 103,595.56 -102,829.11 British Pound Trade Date 11/8/22 Value Date 11/10/22 Book Value 89,705.24 GBP Traded At 0.86591781 GBP To 1 USD Valued At 0.86591781 GBP For 103,595.56 USD Net Proceeds 103,595.56 USD Fed ST Currency Gain On GBP Of 766.45 USD Fx7826097-Aset","212,727.84"
11/10/22,Sale,"Sold 5,498.71 Units Of 6,361.69 -6,303.17 British Pound Trade Date 11/8/22 Value Date 11/10/22 Book Value 5,498.71 GBP Traded At 0.86434737 GBP To 1 USD Valued At 0.86434737 GBP For 6,361.69 USD Net Proceeds 6,361.69 USD Fed ST Currency Gain On GBP Of 58.52 USD Fx7826465-Aset","219,089.53"
11/10/22,Purchase,"Purchased 109,957.25 Units Of -109,957.25 109,957.25 First Am Govt Ob Fd Cl X Trade Date 11/10/22 89,705.24 British Pound 99999GBP3 5,498.71 British Pound 99999GBP3 Asml Holding Nv Ny Reg Shs 1.340065 USD/Share On 700 Shares Due 11/14/22 15.0000000% Foreign Taxes Withheld Non-USD Taxes Asml Holding Nv Ny Reg Shs 25233 00- -A -UC-UZ -365-04","109,132.28"
11/14/22,Sale,"Sold 85,285.92 Units Of 85,285.92 -85,285.92 First Am Govt Ob Fd Cl X Trade Date 11/14/22",0.00
11/14/22,Sale,"Sold 9,000 Shares Of 291,558.23 -425,633.87 Fnac Darty Net Proceeds 289,632.20 EUR Trade Date 11/9/22 Sold Through Jeffus33 Jefferies Jersey City Paid 435.10 EUR Brokerage Book Value 443,192.47 EUR Valued At 0.993394 EUR For 291,558.23 USD Fed Tax Cost Of Proceeds 9,000 Shares At 32.2297 EUR","291,558.23"
11/14/22,Sale,"Sold 20,000 Shares Of 148,978.89 -94,799.26 Accesso Technology Group Plc Net Proceeds 128,835.45 GBP Trade Date 11/9/22 Sold Through Crst 871 Paid 193.55 GBP Brokerage Paid 1.00 GBP Misc Fee1 Sold On The London Stock Exchange Book Value 93,131.97 GBP Valued At 0.86479 GBP For 148,978.89 USD Fed Tax Cost Of Proceeds 20,000 Shares At 6.4515 GBP","440,537.12"
11/14/22,Sale,"Sold 289,632.20 Units Of 294,377.12 -291,558.23 Euro Trade Date 11/10/22 Value Date 11/14/22 Book Value 289,632.20 EUR Traded At 0.98388149 EUR To 1 USD Valued At 0.98388149 EUR For 294,377.12 USD Net Proceeds 294,377.12 USD Fed ST Currency Gain On EUR Of 2,818.89 USD Fx7830749-Aset 25233 00- -A -UC-UZ -365-04","734,914.24"
11/14/22,Sale,"Sold 128,835.45 Units Of 150,239.24 -148,978.89 British Pound Trade Date 11/10/22 Value Date 11/14/22 Book Value 128,835.45 GBP Traded At 0.85753529 GBP To 1 USD Valued At 0.85753529 GBP For 150,239.24 USD Net Proceeds 150,239.24 USD Fed ST Currency Gain On GBP Of 1,260.35 USD Fx7830763-Aset","885,153.48"
11/14/22,Purchase,"Purchased 444,616.36 Units Of -444,616.36 444,616.36 First Am Govt Ob Fd Cl X Trade Date 11/14/22 289,632.20 Euro 99999EUR3 128,835.45 British Pound 99999GBP3","440,537.12"
11/15/22,Sale,"Sold 216,025.16 Units Of 216,025.16 -216,025.16 First Am Govt Ob Fd Cl X Trade Date 11/15/22",0.00
11/15/22,Sale,"Sold 700 Shares Of 392,509.01 -436,083.06 Asml Holding Nv Ny Reg Shs Trade Date 11/11/22 Sold Through Jefferies LLC Paid 28.00 USD Brokerage Paid 8.99 USD Sec Fee Sold On The OTC Bulletin Board 700 Shares At 560.78 USD","392,509.01"
11/15/22,Purchase,"Purchased 392,509.01 Units Of -392,509.01 392,509.01 First Am Govt Ob Fd Cl X Trade Date 11/15/22 Transfer From Another Account",0.00
11/16/22,Purchase,"Purchased 49,872.47 Units Of -49,872.47 49,872.47 First Am Govt Ob Fd Cl X Trade Date 11/16/22 Transfer From Another Account",0.00
11/17/22,Purchase,"Purchased 46,438.1 Units Of -46,438.10 46,438.10 First Am Govt Ob Fd Cl X Trade Date 11/17/22 Transfer From Another Account",0.00
11/18/22,Purchase,"Purchased 8,832.48 Units Of -8,832.48 8,832.48 First Am Govt Ob Fd Cl X Trade Date 11/18/22 25233 00- -A -UC-UZ -365-04",0.00
11/18/22,Purchase,"Purchased 18,207,270.00 Units Of -130,546.14 130,546.14 Yen Trade Date 11/16/22 Value Date 11/18/22 Book Value 18,207,270 JPY Traded At 139.46999888 JPY To 1 USD Valued At 139.46999888 JPY For 130,546.14 USD Net Cost 130,546.14 USD 18,207,270 Units At 1 JPY Fx7841384-Aset","-130,546.14"
11/18/22,Purchase,"Purchased 15,000 Shares Of -130,761.78 130,761.78 Cyberagent Inc Npv Net Cost 18,207,270 JPY Trade Date 11/16/22 Purchased Through Jeffus33 Jefferies Jersey City Paid 27,270 JPY Brokerage Book Value 18,207,270 JPY Valued At 139.24 JPY For 130,761.78 USD Fed Tax Cost Reduction 130,546.14- USD Fed ST Currency Gain Of 215.64 USD 15,000 Shares At 1,212 JPY","-261,307.92"
11/18/22,Sale,"Sold 130,546.14 Units Of 130,546.14 -130,546.14 First Am Govt Ob Fd Cl X Trade Date 11/18/22 -18,207,270 Yen 99999JPY3 Transfer From Another Account","-130,761.78"
11/21/22,Purchase,"Purchased 6,008.26 Units Of -6,008.26 6,008.26 First Am Govt Ob Fd Cl X Trade Date 11/21/22 25233 00- -A -UC-UZ -365-04",0.00
11/22/22,Purchase,"Purchased 20,111.6 Units Of -20,111.60 20,111.60 First Am Govt Ob Fd Cl X Trade Date 11/22/22",0.00
11/22/22,Purchase,"Purchased 194,773.52 Units Of -201,363.25 201,363.25 Euro Trade Date 11/18/22 Value Date 11/22/22 Book Value 194,773.52 EUR Traded At 0.96727442 EUR To 1 USD Valued At 0.96727442 EUR For 201,363.25 USD Net Cost 201,363.25 USD 194,773.52 Units At 1 EUR Fx7846973-Aset","-201,363.25"
11/22/22,Purchase,"Purchased 15,000 Shares Of -201,191.22 201,191.22 Ryanair Ltd Net Cost 194,773.52 EUR Trade Date 11/18/22 Purchased Through Jeffus33 Jefferies Jersey City Paid 288.83 EUR Brokerage Paid 1,929.69 EUR Misc Fee1 Purchased On The Irish Stock Exchange - Main Ma Book Value 194,773.52 EUR Valued At 0.9681015 EUR For 201,191.22 USD Fed Tax Cost Reduction 201,363.25- USD 15,000 Shares At 12.837 EUR 25233 00- -A -UC-UZ -365-04","-402,554.47"
11/22/22,Sale,"Sold 201,363.25 Units Of 201,363.25 -201,363.25 First Am Govt Ob Fd Cl X Trade Date 11/22/22 -194,773.52 Euro 99999EUR3","-201,191.22"
11/23/22,Sale,"Sold 45,971.66 Units Of 45,971.66 -45,971.66 First Am Govt Ob Fd Cl X Trade Date 11/23/22",0.00
11/25/22,Sale,"Sold 43,931.34 Units Of 43,931.34 -43,931.34 First Am Govt Ob Fd Cl X Trade Date 11/25/22",0.00
11/28/22,Sale,Sold 272.15 Units Of 272.15 -272.15 First Am Govt Ob Fd Cl X Trade Date 11/28/22 Transfer From Another Account 25233 00- -A -UC-UZ -365-04,0.00
11/29/22,Purchase,"Purchased 11,521.15 Units Of -11,521.15 11,521.15 First Am Govt Ob Fd Cl X Trade Date 11/29/22 Comture Corp 11 JPY/Share On 20,000 Shares Due 11/30/22 Received 220,000 JPY Valued At 138.64851 JPY For 1,586.75 USD Comture Corp Non-USD Taxes 33,693 JPY Valued At 138.64851 JPY For 243.01 USD 15.3150000% Foreign Taxes Withheld",0.00
11/30/22,Sale,"Sold 186,307.00 Units Of 1,343.74 -1,343.74 Yen Trade Date 11/30/22 Value Date 11/30/22 Book Value 186,307 JPY Traded At 138.64851 JPY To 1 USD Valued At 138.64851 JPY For 1,343.74 USD Net Proceeds 1,343.74 USD Repatriating Comture Corp Transfer To Income Comture Corp Repatriating Comture Corp Transfer From Principal Comture Corp Repatriating Comture Corp Suzuki Motor Corp Ord 50 JPY/Share On 7,000 Shares Due 11/30/22 Received 350,000 JPY Valued At 138.64851 JPY For 2,524.37 USD 25233 00- -A -UC-UZ -365-04","2,687.48"
11/30/22,Sale,"Sold 296,397.00 Units Of 2,137.75 -2,137.76 Yen Trade Date 11/30/22 Value Date 11/30/22 Book Value 296,397 JPY Traded At 138.64851 JPY To 1 USD Valued At 138.64851 JPY For 2,137.75 USD Net Proceeds 2,137.75 USD Repatriating Suzuki Motor Corp Ord Transfer To Income Suzuki Motor Corp Ord Repatriating Suzuki Motor Corp Ord Transfer From Principal Suzuki Motor Corp Ord Repatriating Suzuki Motor Corp Ord Transfer From Another Account","6,962.99"
11/30/22,Purchase,"Purchased 276,526.3 Units Of -276,526.30 276,526.30 First Am Govt Ob Fd Cl X Trade Date 11/30/22 186,307 Yen 99999JPY3 296,397 Yen 99999JPY3 25233 00- -A -UC-UZ -365-04","3,481.50"
12/01/22,Sale,"Sold 96,033.00 Units Of 695.10 -695.10 Yen Trade Date 12/1/22 Value Date 12/1/22 Book Value 96,033 JPY Traded At 138.15802 JPY To 1 USD Valued At 138.15802 JPY For 695.10 USD Net Proceeds 695.10 USD Repatriating Nidec Corp Transfer To Income Nidec Corp Repatriating Nidec Corp Transfer From Principal Nidec Corp Repatriating Nidec Corp Transfer From Another Account","1,390.20"
12/01/22,Purchase,"Purchased 8,304.76 Units Of -8,304.76 8,304.76 First Am Govt Ob Fd Cl X Trade Date 12/1/22 First Am Govt Ob Fd Cl X Interest From 11/1/22 To 11/30/22 25233 00- -A -UC-UZ -365-04",695.10
12/02/22,Purchase,"Purchased 2,409.31 Units Of -2,409.31 2,409.31 First Am Govt Ob Fd Cl X Trade Date 12/2/22","1,157.76"
12/02/22,Purchase,"Purchased 244,710.25 Units Of -257,496.66 257,496.66 Euro Trade Date 12/1/22 Value Date 12/2/22 Book Value 244,710.25 EUR Traded At 0.95034339 EUR To 1 USD Valued At 0.95034339 EUR For 257,496.66 USD Net Cost 257,496.66 USD 244,710.25 Units At 1 EUR Fx7870971-Aset","-256,338.90"
12/02/22,Purchase,"Purchased 5,000 Shares Of -253,434.22 253,434.22 Moncler Spa Net Cost 244,710.25 EUR Trade Date 11/30/22 Purchased Through Jeffus33 Jefferies Jersey City Paid 366.15 EUR Brokerage Paid 244.10 EUR Misc Fee1 Book Value 244,710.25 EUR Valued At 0.965577 EUR For 253,434.22 USD Fed Tax Cost Reduction 257,496.66- USD Fed ST Currency Loss Of 4,062.44- USD 5,000 Shares At 48.82 EUR","-509,773.12"
12/02/22,Sale,"Sold 256,338.9 Units Of 256,338.90 -256,338.90 First Am Govt Ob Fd Cl X Trade Date 12/2/22 -244,710.25 Euro 99999EUR3 25233 00- -A -UC-UZ -365-04","-253,434.22"
12/05/22,Sale,"Sold 15,327.43 Units Of 15,327.43 -15,327.43 First Am Govt Ob Fd Cl X Trade Date 12/5/22",0.00
12/05/22,Purchase,"Purchased 15,000 Shares Of -94,875.00 94,875.00 Farfetch Ltd Class A Trade Date 12/1/22 Purchased Through Jefferies LLC Paid 600.00 USD Brokerage 15,000 Shares At 6.285 USD 25233 00- -A -UC-UZ -365-04","-94,875.00"
12/05/22,Sale,"Sold 94,875 Units Of 94,875.00 -94,875.00 First Am Govt Ob Fd Cl X Trade Date 12/5/22 Transfer From Another Account",0.00
12/06/22,Purchase,"Purchased 1,569 Units Of -1,569.00 1,569.00 First Am Govt Ob Fd Cl X Trade Date 12/6/22 Subaru Corporation 38 JPY/Share On 30,000 Shares Due 12/7/22 Received 1,140,000 JPY Valued At 137.07694 JPY For 8,316.50 USD Subaru Corporation Non-USD Taxes 174,591 JPY Valued At 137.07694 JPY For 1,273.67 USD 15.3150000% Foreign Taxes Withheld",0.00
12/07/22,Sale,"Sold 965,409.00 Units Of 7,042.83 -7,042.83 Yen Trade Date 12/7/22 Value Date 12/7/22 Book Value 965,409 JPY Traded At 137.07694 JPY To 1 USD Valued At 137.07694 JPY For 7,042.83 USD Net Proceeds 7,042.83 USD Repatriating Subaru Corporation Transfer To Income Subaru Corporation Repatriating Subaru Corporation Transfer From Principal Subaru Corporation Repatriating Subaru Corporation 25233 00- -A -UC-UZ -365-04","14,085.66"
12/07/22,Sale,"Sold 2,591.24 Units Of 2,591.24 -2,591.24 First Am Govt Ob Fd Cl X Trade Date 12/7/22 965,409 Yen 99999JPY3 Transfer From Another Account","7,042.83"
12/08/22,Purchase,"Purchased 88,969.96 Units Of -88,969.96 88,969.96 First Am Govt Ob Fd Cl X Trade Date 12/8/22 Cresud S A Spon A D R 0.154059 USD/Share On 120,000 Shares Due 12/9/22 Adr Paying Agent Fee Cresud S A Spon A D R Adr Fee Of 0.018487 Per Share Due 12/09/22",0.00
12/09/22,Purchase,"Purchased 14,435.33 Units Of -14,435.33 14,435.33 First Am Govt Ob Fd Cl X Trade Date 12/9/22 Cyberagent Inc Npv 14 JPY/Share On 15,000 Shares Due 12/12/22 Received 210,000 JPY Valued At 136.45632 JPY For 1,538.95 USD 25233 00- -A -UC-UZ -365-04",0.00
12/12/22,Sale,"Sold 177,838.00 Units Of 1,303.26 -1,303.26 Yen Trade Date 12/12/22 Value Date 12/12/22 Book Value 177,838 JPY Traded At 136.45632 JPY To 1 USD Valued At 136.45632 JPY For 1,303.26 USD Net Proceeds 1,303.26 USD Repatriating Cyberagent Inc Npv Transfer To Income Cyberagent Inc Npv Repatriating Cyberagent Inc Npv Transfer From Principal Cyberagent Inc Npv Repatriating Cyberagent Inc Npv Jeol Ltd 30 JPY/Share On 10,000 Shares Due 12/12/22 Received 300,000 JPY Valued At 136.45632 JPY For 2,198.51 USD Jeol Ltd Non-USD Taxes 45,945 JPY Valued At 136.45632 JPY For 336.71 USD 15.3150000% Foreign Taxes Withheld 25233 00- -A -UC-UZ -365-04","2,606.52"
12/12/22,Sale,"Sold 254,055.00 Units Of 1,861.80 -1,861.80 Yen Trade Date 12/12/22 Value Date 12/12/22 Book Value 254,055 JPY Traded At 136.45632 JPY To 1 USD Valued At 136.45632 JPY For 1,861.80 USD Net Proceeds 1,861.80 USD Repatriating Jeol Ltd Transfer To Income Jeol Ltd Repatriating Jeol Ltd Transfer From Principal Jeol Ltd Repatriating Jeol Ltd Transfer From Another Account","6,330.12"
12/12/22,Purchase,"Purchased 13,113.16 Units Of -13,113.16 13,113.16 First Am Govt Ob Fd Cl X Trade Date 12/12/22 177,838 Yen 99999JPY3 254,055 Yen 99999JPY3","3,165.06"
12/13/22,Sale,"Sold 2,960.67 Units Of 2,960.67 -2,960.67 First Am Govt Ob Fd Cl X Trade Date 12/13/22 25233 00- -A -UC-UZ -365-04",0.00
12/14/22,Purchase,"Purchased 26,100.5 Units Of -26,100.50 26,100.50 First Am Govt Ob Fd Cl X Trade Date 12/14/22",0.00
12/15/22,Sale,"Sold 27,800.19 Units Of 27,800.19 -27,800.19 First Am Govt Ob Fd Cl X Trade Date 12/15/22",0.00
12/15/22,Purchase,"Purchased 132,507.72 Units Of -164,858.54 164,858.54 British Pound Trade Date 12/14/22 Value Date 12/15/22 Book Value 132,507.72 GBP Traded At 0.80376619 GBP To 1 USD Valued At 0.80376619 GBP For 164,858.54 USD Net Cost 164,858.54 USD 132,507.72 Units At 1 GBP Fx7893499-Aset","-164,858.54"
12/15/22,Purchase,"Purchased 10,000 Shares Of -162,361.74 162,361.74 Future Plc Ord Net Cost 132,507.72 GBP Trade Date 12/13/22 Purchased Through Crst 871 Paid 197.48 GBP Brokerage Paid 1.00 GBP Misc Fee1 Paid 659.24 GBP Misc Fee2 Purchased On The London Stock Exchange Book Value 132,507.72 GBP Valued At 0.8161265 GBP For 162,361.74 USD 10,000 Shares At 13.165 GBP","-327,220.28"
12/15/22,Sale,"Sold 164,858.54 Units Of 164,858.54 -164,858.54 First Am Govt Ob Fd Cl X Trade Date 12/15/22 25233 00- -A -UC-UZ -365-04","-162,361.74"
12/16/22,Sale,"Sold 30,837.77 Units Of 30,837.77 -30,837.77 First Am Govt Ob Fd Cl X Trade Date 12/16/22",0.00
12/19/22,Purchase,"Purchased 488,041.24 Units Of -488,041.24 488,041.24 First Am Govt Ob Fd Cl X Trade Date 12/19/22 25233 00- -A -UC-UZ -365-04","-492,260.39"
12/19/22,Sale,"Sold 100,000 Shares Of 204,204.79 -957,135.69 Aston Martin Lagonda Gbl Hldgs Plc O Net Proceeds 164,601.72 GBP Trade Date 12/15/22 Sold Through Jeffgb2x Jefferies Intl London Paid 247.28 GBP Brokerage Paid 1.00 GBP Misc Fee1 Sold On The London Stock Exchange Book Value 410,351.12 GBP Valued At 0.806062 GBP For 204,204.79 USD Fed Tax Cost Of Proceeds 100,000 Shares At 1.6485 GBP","-288,055.60"
12/19/22,Sale,"Sold 10,000 Shares Of 98,194.79 -43,615.42 Accesso Technology Group Plc Net Proceeds 79,151.09 GBP Trade Date 12/15/22 Sold Through Jeffgb2x Jefferies Intl London Paid 118.91 GBP Brokerage Paid 1.00 GBP Misc Fee1 Sold On The London Stock Exchange Book Value 46,565.99 GBP Valued At 0.806062 GBP For 98,194.79 USD Fed Tax Cost Of Proceeds 10,000 Shares At 7.9271 GBP","-189,860.81"
12/19/22,Sale,"Sold 800 Shares Of 196,363.98 -165,307.44 Grupo Aeroportuario Sure Spon A D R Trade Date 12/15/22 Sold Through Jefferies LLC Paid 32.00 USD Brokerage Paid 4.50 USD Sec Fee 800 Shares At 245.5006 USD","6,503.17"
12/19/22,Sale,"Sold 164,601.72 Units Of 199,824.00 -204,204.79 British Pound Trade Date 12/16/22 Value Date 12/19/22 Book Value 164,601.72 GBP Traded At 0.82373349 GBP To 1 USD Valued At 0.82373349 GBP For 199,824.00 USD Net Proceeds 199,824.00 USD Fed ST Currency Loss On GBP Of 4,380.79- USD 25233 00- -A -UC-UZ -365-04","206,327.17"
12/19/22,Sale,"Sold 79,151.09 Units Of 96,072.41 -98,194.79 British Pound Trade Date 12/16/22 Value Date 12/19/22 Book Value 79,151.09 GBP Traded At 0.8238691 GBP To 1 USD Valued At 0.8238691 GBP For 96,072.41 USD Net Proceeds 96,072.41 USD Fed ST Currency Loss On GBP Of 2,122.38- USD Fx7900426-Aset 164,601.72 British Pound 99999GBP3 79,151.09 British Pound 99999GBP3","302,399.58"
12/20/22,Sale,Sold 368.81 Units Of 368.81 -368.81 First Am Govt Ob Fd Cl X Trade Date 12/20/22 Long-Term Capital Gain Div First Am Govt Ob Fd Cl X Ltcg Payable 12/21/22 Short-Term Capital Gain Div First Am Govt Ob Fd Cl X Stcg Payable 12/21/22 25233 00- -A -UC-UZ -365-04,0.00
12/21/22,Sale,"Sold 19,246.16 Units Of 19,246.16 -19,246.16 First Am Govt Ob Fd Cl X Trade Date 12/21/22 Transfer From Another Account",0.00
12/22/22,Purchase,Purchased 494.96 Units Of -494.96 494.96 First Am Govt Ob Fd Cl X Trade Date 12/22/22,0.00
12/23/22,Sale,"Sold 7,134.56 Units Of 7,134.56 -7,134.56 First Am Govt Ob Fd Cl X Trade Date 12/23/22",0.00
12/27/22,Sale,"Sold 80,268.68 Units Of 80,268.68 -80,268.68 First Am Govt Ob Fd Cl X Trade Date 12/27/22 25233 00- -A -UC-UZ -365-04",0.00
12/28/22,Sale,"Sold 38,199.28 Units Of 38,199.28 -38,199.28 First Am Govt Ob Fd Cl X Trade Date 12/28/22",0.00
12/29/22,Sale,"Sold 16,355.46 Units Of 16,355.46 -16,355.46 First Am Govt Ob Fd Cl X Trade Date 12/29/22",0.00
12/29/22,Purchase,"Purchased 86,775.45 Units Of -104,425.76 104,425.76 British Pound Trade Date 12/27/22 Value Date 12/29/22 Book Value 86,775.45 GBP Traded At 0.83097743 GBP To 1 USD Valued At 0.83097743 GBP For 104,425.76 USD Net Cost 104,425.76 USD 86,775.45 Units At 1 GBP Fx7915429-Aset 25233 00- -A -UC-UZ -365-04","-104,425.76"
12/29/22,Purchase,"Purchased 9,191 Shares Of -104,382.16 104,382.16 Frontier Developments Plc Net Cost 86,775.45 GBP Trade Date 12/23/22 Purchased Through Jeffgb2x Jefferies Intl London Paid 129.97 GBP Brokerage Paid 1.00 GBP Misc Fee1 Purchased On The London Stock Exchange Book Value 86,775.45 GBP Valued At 0.8313245 GBP For 104,382.16 USD Fed Tax Cost Reduction 104,425.76- USD 9,191 Shares At 9.42710042 GBP","-208,807.92"
12/29/22,Sale,"Sold 104,425.76 Units Of 104,425.76 -104,425.76 First Am Govt Ob Fd Cl X Trade Date 12/29/22 -86,775.45 British Pound 99999GBP3","-104,382.16"
12/30/22,Sale,"Sold 77,802.91 Units Of 77,802.91 -77,802.91 First Am Govt Ob Fd Cl X Trade Date 12/30/22",0.00
12/30/22,Purchase,"Purchased 7,744.75 Units Of -9,327.03 9,327.03 British Pound Trade Date 12/28/22 Value Date 12/30/22 Book Value 7,744.75 GBP Traded At 0.83035543 GBP To 1 USD Valued At 0.83035543 GBP For 9,327.03 USD Net Cost 9,327.03 USD 7,744.75 Units At 1 GBP Fx7919134-Aset 25233 00- -A -UC-UZ -365-04","-9,327.03"
12/30/22,Sale,"Sold 40,000 Shares Of 72,157.01 -44,214.69 Aston Martin Lagonda Gbl Hldgs Plc O Net Proceeds 60,040.80 GBP Trade Date 12/28/22 Sold Through Jeffgb2x Jefferies Intl London Paid 90.20 GBP Brokerage Paid 1.00 GBP Misc Fee1 Sold On The London Stock Exchange Book Value 164,140.45 GBP Valued At 0.8320855 GBP For 72,157.01 USD Fed Tax Cost Of Proceeds 40,000 Shares At 1.5033 GBP","62,829.98"
12/30/22,Sale,"Sold 5,000 Shares Of 85,187.81 -99,570.43 Lumibird Net Proceeds 79,992.33 EUR Trade Date 12/28/22 Sold Through Jeffus33 Jefferies Jersey City Paid 120.17 EUR Brokerage Sold On The NYSE Euronext - Euronext Paris Book Value 82,503.38 EUR Valued At 0.9390115 EUR For 85,187.81 USD Fed Tax Cost Of Proceeds 5,000 Shares At 16.0225 EUR","148,017.79"
12/30/22,Purchase,"Purchased 809 Shares Of -9,307.64 9,307.64 Frontier Developments Plc Net Cost 7,744.75 GBP Trade Date 12/28/22 Purchased Through Jeffgb2x Jefferies Intl London Paid 11.60 GBP Brokerage Purchased On The London Stock Exchange Book Value 7,744.75 GBP Valued At 0.8320855 GBP For 9,307.64 USD Fed Tax Cost Reduction 9,327.03- USD Fed ST Currency Loss Of 19.39- USD 809 Shares At 9.55889988 GBP 25233 00- -A -UC-UZ -365-04","138,710.15"
12/30/22,Sale,"Sold 60,040.80 Units Of 72,174.85 -72,157.01 British Pound Trade Date 12/28/22 Value Date 12/30/22 Book Value 60,040.80 GBP Traded At 0.8318798 GBP To 1 USD Valued At 0.8318798 GBP For 72,174.85 USD Net Proceeds 72,174.85 USD Fed ST Currency Gain On GBP Of 17.84 USD Fx7919198-Aset","210,885.00"
12/30/22,Sale,"Sold 79,992.33 Units Of 84,898.86 -85,180.85 Euro Trade Date 12/28/22 Value Date 12/30/22 Book Value 79,992.33 EUR Traded At 0.94220735 EUR To 1 USD Valued At 0.94220735 EUR For 84,898.86 USD Net Proceeds 84,898.86 USD Fed ST Currency Loss On EUR Of 281.99- USD Fx7919219-Aset","295,783.86"
12/30/22,Purchase,"Purchased 147,746.68 Units Of -147,746.68 147,746.68 First Am Govt Ob Fd Cl X Trade Date 12/30/22 60,040.80 British Pound 99999GBP3 79,992.33 Euro 99999EUR3 -7,744.75 British Pound 99999GBP3 Ending Balance 12/31/2022 $608,138.86 -$608,138.86 $26,005,084.35 $0.00 25233 00- -A -UC-UZ -365-04","148,037.18"
