Date Posted,Activity,Description,Principal Cash
01/04/21,Purchase,"Purchased 25,695.99 Units Of -25,695.99 25,695.99 First Am Govt Ob Fd Cl X Trade Date 1/4/21 First Am Govt Ob Fd Cl X Interest From 12/1/20 To 12/31/20 Transfer From Another Account",0.00
01/05/21,Purchase,"Purchased 4,256.31 Units Of -4,256.31 4,256.31 First Am Govt Ob Fd Cl X Trade Date 1/5/21 Transfer From Another Account",0.00
01/06/21,Purchase,"Purchased 21,030.69 Units Of -21,030.69 21,030.69 First Am Govt Ob Fd Cl X Trade Date 1/6/21 13523 00- -A -UC-UZ -001-04",0.00
01/07/21,Sale,"Sold 183,134.89 Units Of 183,134.89 -183,134.89 First Am Govt Ob Fd Cl X Trade Date 1/7/21 Transfer From Another Account",0.00
01/08/21,Purchase,"Purchased 6,828.52 Units Of -6,828.52 6,828.52 First Am Govt Ob Fd Cl X Trade Date 1/8/21 Transfer From Another Account",0.00
01/11/21,Purchase,"Purchased 82,311.73 Units Of -82,311.73 82,311.73 First Am Govt Ob Fd Cl X Trade Date 1/11/21 Transfer From Another Account",0.00
01/12/21,Purchase,"Purchased 374,323.2 Units Of -374,323.20 374,323.20 First Am Govt Ob Fd Cl X Trade Date 1/12/21","-349,316.40"
01/12/21,Sale,"Sold 4,500 Shares Of 351,770.72 -64,594.09 Materialise Nv A D R Trade Date 1/8/21 Sold Through J.P. Morgan Securities LLC Paid 45.00 USD Brokerage Paid 7.78 USD Sec Fee 4,500 Shares At 78.183 USD 13523 00- -A -UC-UZ -001-04","2,454.32"
01/13/21,Purchase,"Purchased 304,906.19 Units Of -304,906.19 304,906.19 First Am Govt Ob Fd Cl X Trade Date 1/13/21","-307,914.91"
01/13/21,Sale,"Sold 2,454.32 Units Of 2,454.32 -2,454.32 First Am Govt Ob Fd Cl X Trade Date 1/13/21","-305,460.59"
01/13/21,Sale,"Sold 13,093 Shares Of 305,460.59 -293,130.01 Ams Ag Net Proceeds 305,460.59 USD Trade Date 1/11/21 Sold Through Jpmsgb2l Jp Morgan Sec London Paid 458.88 USD Brokerage Book Value 290,760.05 CHF Local Proceeds 271,991.27 CHF Traded At 0.89042999 CHF To 1 USD Valued At 0.89042999 CHF For 305,460.59 USD 13,093 Shares At 20.80500038 CHF Taiwan Semiconductor A D R 0.446428 USD/Share On 6,050 Shares Due 1/14/21 21.0000000% Foreign Taxes Withheld 13523 00- -A -UC-UZ -001-04",0.00
01/14/21,Purchase,"Purchased 8,056.65 Units Of -8,056.65 8,056.65 First Am Govt Ob Fd Cl X Trade Date 1/14/21","2,133.70"
01/15/21,Purchase,"Reversal- 13,093 Shares Of -305,460.59 305,460.59 Ams Ag Net Cost 305,460.59 USD Trade Date 1/11/21 Purchased Through Jpmsgb2l Jp Morgan Sec London Paid 458.88- USD Brokerage Book Value 271,991.27 CHF Traded At 0.89042999 CHF To 1 USD Valued At 0.89042999 CHF For 305,460.59 USD Reversal Of Trx 33034 Batch Zy000489 From 1/13/21 13,093 Shares At 20.80500038 CHF It 1797645 Rev To Change To Dvp Transfer From Another Account","-303,326.89"
01/15/21,Purchase,"Purchased 9,152.88 Units Of -9,152.88 9,152.88 First Am Govt Ob Fd Cl X Trade Date 1/15/21","-305,460.59"
01/15/21,Sale,"Sold 13,093 Shares Of 305,460.59 -305,460.59 Ams Ag Net Proceeds 305,460.59 USD Trade Date 1/11/21 Sold Through Jpmsgb2l Jp Morgan Sec London Paid 458.88 USD Brokerage Book Value 271,991.27 CHF Local Proceeds 271,991.27 CHF Traded At 0.89042999 CHF To 1 USD Valued At 0.8832 CHF For 307,961.13 USD 13,093 Shares At 20.80500038 CHF 13523 00- -A -UC-UZ -001-04",0.00
01/19/21,Sale,"Sold 187,560.34 Units Of 187,560.34 -187,560.34 First Am Govt Ob Fd Cl X Trade Date 1/19/21","192,619.73"
01/19/21,Purchase,"Purchased 10,000 Shares Of -192,619.73 192,619.73 Gvc Holdings Plc Net Cost 192,619.73 USD Trade Date 1/15/21 Purchased Through Crst 871 Paid 288.50 USD Brokerage Paid 1.36 USD Misc Fee1 Purchased On The London Stock Exchange Book Value 141,759.32 GBP Traded At 0.73595431 GBP To 1 USD Valued At 0.73595431 GBP For 192,619.73 USD 10,000 Shares At 14.1546 GBP Transfer From Another Account",0.00
01/20/21,Sale,"Sold 51,007.24 Units Of 51,007.24 -51,007.24 First Am Govt Ob Fd Cl X Trade Date 1/20/21 13523 00- -A -UC-UZ -001-04","83,047.82"
01/20/21,Purchase,"Purchased 5,000 Shares Of -83,006.32 82,920.82 Uuum Inc Net Cost 83,006.32 USD Trade Date 1/18/21 Purchased Through Jpmsgb2l Jp Morgan Sec London Purchased On The Tokyo Stock Exchange Book Value 8,613,400 JPY Traded At 103.76799776 JPY To 1 USD Valued At 103.875 JPY For 82,920.82 USD 5,000 Shares At 1,722.68 JPY",41.50
01/20/21,Purchase,Accrued Interest Paid Accrued Dividend On Purchase Of -41.50 Uuum Inc Accrued Interest 41.50 USD Traded At 103.76799776 JPY To 1 USD Valued At 103.905 JPY For 41.44 USD,0.00
01/21/21,Purchase,"Purchased 290,615.42 Units Of -290,615.42 290,615.42 First Am Govt Ob Fd Cl X Trade Date 1/21/21","-293,654.16"
01/21/21,Sale,"Sold 3,098 Shares Of 73,093.50 -91,371.08 Slm Solutions Group Ag Net Proceeds 73,093.50 USD Trade Date 1/19/21 Sold Through Jpmsgb2leql Jp Morgan Eq Lndn Paid 36.57 USD Brokerage Book Value 35,571.66 EUR Local Proceeds 60,287.28 EUR Traded At 0.82479673 EUR To 1 USD Valued At 0.82479673 EUR For 73,093.50 USD 3,098 Shares At 19.46979987 EUR 13523 00- -A -UC-UZ -001-04","-220,560.66"
01/21/21,Sale,"Sold 118,839 Shares Of 220,560.66 -306,566.14 Capital Counties Properties Plc Net Proceeds 220,560.66 USD Trade Date 1/19/21 Sold Through Crst 871 Paid 331.34 USD Brokerage Paid 1.36 USD Misc Fee1 Sold On The London Stock Exchange Book Value 185,986.33 GBP Local Proceeds 161,970.92 GBP Traded At 0.73435997 GBP To 1 USD 118,839 Shares At 1.36500004 GBP Transfer From Another Account",0.00
01/22/21,Sale,Sold 163.02 Units Of 163.02 -163.02 First Am Govt Ob Fd Cl X Trade Date 1/22/21 13523 00- -A -UC-UZ -001-04,"38,273.00"
01/22/21,Sale,"Sold 260,501.18 Units Of 260,501.18 -260,501.18 First Am Govt Ob Fd Cl X Trade Date 1/22/21","298,774.18"
01/22/21,Sale,Sold 0.8 Units Of 0.80 -0.80 First Am Govt Ob Fd Cl X Trade Date 1/22/21,"298,774.98"
01/22/21,Purchase,"Purchased 200,000 Shares Of -231,619.93 231,619.93 Iqe Plc Net Cost 231,619.93 USD Trade Date 1/20/21 Purchased Through Crst 871 Paid 346.91 USD Brokerage Paid 1.37 USD Misc Fee1 Purchased On The London Stock Exchange Book Value 169,655.10 GBP Traded At 0.73247198 GBP To 1 USD Valued At 0.73247198 GBP For 231,619.93 USD 200,000 Shares At 0.847 GBP","67,155.05"
01/22/21,Purchase,"Purchased 1,500 Shares Of -403,725.22 404,509.18 Asm International N V Net Cost 403,725.22 USD Trade Date 1/20/21 Purchased Through Jpmsgb2l Jp Morgan Sec London Paid 201.76 USD Brokerage Book Value 333,546.94 EUR Traded At 0.82617316 EUR To 1 USD Valued At 0.824572 EUR For 404,509.18 USD 1,500 Shares At 222.2535 EUR","-336,570.17"
01/22/21,Sale,"Sold 31,161 Shares Of 58,442.32 -54,303.68 Capital Counties Properties Plc Net Proceeds 58,442.32 USD Trade Date 1/20/21 Sold Through Crst 871 Paid 87.79 USD Brokerage Paid 1.36 USD Misc Fee1 Sold On The London Stock Exchange Book Value 48,767.83 GBP Local Proceeds 42,830.89 GBP Traded At 0.73287457 GBP To 1 USD 31,161 Shares At 1.37659978 GBP 13523 00- -A -UC-UZ -001-04","-278,127.85"
01/22/21,Sale,"Sold 11,952 Shares Of 278,127.85 -154,973.25 Slm Solutions Group Ag Net Proceeds 278,127.85 USD Trade Date 1/20/21 Sold Through Jpmsgb2leql Jp Morgan Eq Lndn Paid 139.14 USD Brokerage Book Value 137,234.50 EUR Local Proceeds 229,781.77 EUR Traded At 0.82617318 EUR To 1 USD Valued At 0.824572 EUR For 278,667.93 USD 11,952 Shares At 19.235 EUR Transfer From Another Account",0.00
01/25/21,Purchase,"Purchased 6,556.3 Units Of -6,556.30 6,556.30 First Am Govt Ob Fd Cl X Trade Date 1/25/21 Transfer From Another Account",0.00
01/26/21,Purchase,"Purchased 15,606.43 Units Of -15,606.43 15,606.43 First Am Govt Ob Fd Cl X Trade Date 1/26/21 Transfer From Another Account",0.00
01/27/21,Purchase,"Purchased 7,989.25 Units Of -7,989.25 7,989.25 First Am Govt Ob Fd Cl X Trade Date 1/27/21 Transfer From Another Account",0.00
01/28/21,Purchase,"Purchased 766,208.88 Units Of -766,208.88 766,208.88 First Am Govt Ob Fd Cl X Trade Date 1/28/21 13523 00- -A -UC-UZ -001-04","-759,085.36"
01/28/21,Sale,"Sold 31,050 Shares Of 605,154.22 -297,211.44 Blackberry Ltd Trade Date 1/26/21 Sold Through J.P. Morgan Securities LLC Paid 310.50 USD Brokerage Paid 13.39 USD Sec Fee 31,050 Shares At 19.5001 USD","-153,931.14"
01/28/21,Sale,"Sold 50 Shares Of 153,931.14 -106,518.31 Interroll Holding Ag Net Proceeds 153,931.14 USD Trade Date 1/26/21 Sold Through Jpmsgb2l Jp Morgan Sec London Paid 77.01 USD Brokerage Book Value 96,869.99 CHF Local Proceeds 136,681.62 CHF Traded At 0.88794002 CHF To 1 USD Valued At 0.88794002 CHF For 153,931.14 USD 50 Shares At 2,735 CHF",0.00
01/29/21,Purchase,"Purchased 888,078.97 Units Of -888,078.97 888,078.97 First Am Govt Ob Fd Cl X Trade Date 1/29/21","-982,845.25"
01/29/21,Sale,"Sold 25,000 Shares Of 517,113.56 -142,557.00 Blackberry Ltd Trade Date 1/27/21 Sold Through J.P. Morgan Securities LLC Paid 250.00 USD Brokerage Paid 11.44 USD Sec Fee 25,000 Shares At 20.695 USD","-465,731.69"
01/29/21,Sale,"Sold 10,000 Shares Of 219,895.13 -40,050.00 Blackberry Ltd Trade Date 1/27/21 Sold Through J.P. Morgan Securities LLC Paid 100.00 USD Brokerage Paid 4.87 USD Sec Fee 10,000 Shares At 22.00 USD 13523 00- -A -UC-UZ -001-04","-245,836.56"
01/29/21,Sale,"Sold 10,000 Shares Of 245,836.56 -34,954.80 Blackberry Ltd Trade Date 1/27/21 Sold Through J.P. Morgan Securities LLC Paid 100.00 USD Brokerage Paid 5.44 USD Sec Fee 10,000 Shares At 24.5942 USD Transfer From Another Account",0.00
02/01/21,Purchase,"Purchased 6,955.39 Units Of -6,955.39 6,955.39 First Am Govt Ob Fd Cl X Trade Date 2/1/21 First Am Govt Ob Fd Cl X Interest From 1/1/21 To 1/31/21",0.00
02/02/21,Purchase,"Purchased 155,808.44 Units Of -155,808.44 155,808.44 First Am Govt Ob Fd Cl X Trade Date 2/2/21","-273,333.96"
02/02/21,Sale,"Sold 251,030 Shares Of 273,333.96 -261,744.61 Iqe Plc Net Proceeds 273,333.96 USD Trade Date 1/29/21 Sold Through Crst 871 Paid 410.63 USD Brokerage Paid 1.37 USD Misc Fee1 Sold On The London Stock Exchange Book Value 153,664.00 GBP Local Proceeds 199,143.17 GBP Traded At 0.7285709 GBP To 1 USD 251,030 Shares At 0.79450002 GBP Transfer From Another Account",0.00
02/03/21,Sale,"Sold 42,714.7 Units Of 42,714.70 -42,714.70 First Am Govt Ob Fd Cl X Trade Date 2/3/21","42,906.93"
02/03/21,Purchase,"Purchased 30,000 Shares Of -265,028.50 265,028.50 Watches Of Switzerland Group Net Cost 265,028.50 USD Trade Date 2/1/21 Purchased Through Crst 784 Jpmorgan Secs Ltd Paid 131.80 USD Brokerage Paid 1,319.91 USD Misc Fee1 Purchased On The London Stock Exchange Book Value 193,751.28 GBP Traded At 0.73105831 GBP To 1 USD Valued At 0.73105831 GBP For 265,028.50 USD 30,000 Shares At 6.423 GBP 13523 00- -A -UC-UZ -001-04","-222,121.57"
02/03/21,Sale,"Sold 5,000 Shares Of 222,121.57 -69,317.68 Frontier Developments Plc Net Proceeds 222,121.57 USD Trade Date 2/1/21 Sold Through Plhcgb3l United Kingdom Paid 333.68 USD Brokerage Paid 1.37 USD Misc Fee1 Sold On The London Stock Exchange Book Value 55,281.38 GBP Local Proceeds 162,457.45 GBP Traded At 0.7313898 GBP To 1 USD 5,000 Shares At 32.5405 GBP",0.00
02/04/21,Sale,"Reversal- 15,000 Shares Of 232,844.22 -232,704.93 Adevinta Asa B Net Proceeds 232,844.22 USD Trade Date 2/2/21 Sold Through Jpmsgb2l Jp Morgan Sec London Paid 116.36- USD Brokerage Sold On The Oslo Bors Asa Book Value 2,003,438.22 NOK Local Proceeds 2,003,438.22 NOK Traded At 8.60419992 NOK To 1 USD Valued At 8.60935 NOK For 232,704.93 USD 15,000 Shares At 133.49579997 NOK Trade Cancelled","232,844.22"
02/04/21,Purchase,"Purchased 232,844.22 Units Of -232,844.22 232,844.22 First Am Govt Ob Fd Cl X Trade Date 2/4/21","-153,283.08"
02/04/21,Sale,"Sold 910,031.07 Units Of 910,031.07 -910,031.07 First Am Govt Ob Fd Cl X Trade Date 2/4/21 13523 00- -A -UC-UZ -001-04","756,747.99"
02/04/21,Purchase,"Purchased 15,000 Shares Of -232,844.22 232,844.22 Adevinta Asa B Net Cost 232,844.22 USD Trade Date 2/2/21 Purchased Through Jpmsgb2l Jp Morgan Sec London Paid 116.36 USD Brokerage Purchased On The Oslo Bors Asa Book Value 2,003,438.18 NOK Traded At 8.60419975 NOK To 1 USD Valued At 8.60419975 NOK For 232,844.22 USD 15,000 Shares At 133.49579997 NOK","523,903.77"
02/04/21,Purchase,"Purchased 4,000 Shares Of -291,059.55 292,451.23 Dermapharm Hldg Net Cost 291,059.55 USD Trade Date 2/2/21 Purchased Through Jpmsgb2leql Jp Morgan Eq Lndn Paid 145.45 USD Brokerage Purchased On The Deutsche Boerse Ag Book Value 242,045.36 EUR Traded At 0.83160082 EUR To 1 USD Valued At 0.8276435 EUR For 292,451.23 USD 4,000 Shares At 60.4811 EUR","232,844.22"
02/04/21,Purchase,"Purchased 15,000 Shares Of -232,844.22 232,704.93 Adevinta Asa B Net Cost 232,844.22 USD Trade Date 2/2/21 Purchased Through Jpmsgb2l Jp Morgan Sec London Paid 116.36 USD Brokerage Purchased On The Oslo Bors Asa Book Value 2,003,438.22 NOK Traded At 8.60419992 NOK To 1 USD Valued At 8.60935 NOK For 232,704.93 USD 15,000 Shares At 133.4958 NOK Transfer From Another Account",0.00
02/05/21,Sale,"Sold 293,173.6 Units Of 293,173.60 -293,173.60 First Am Govt Ob Fd Cl X Trade Date 2/5/21 13523 00- -A -UC-UZ -001-04","300,862.75"
02/05/21,Sale,"Sold 126,026.72 Units Of 126,026.72 -126,026.72 First Am Govt Ob Fd Cl X Trade Date 2/5/21","426,889.47"
02/05/21,Purchase,"Purchased 500 Shares Of -133,715.87 133,738.08 Asm International N V Net Cost 133,715.87 USD Trade Date 2/3/21 Purchased Through Jpmsgb2l Jp Morgan Sec London Paid 66.82 USD Brokerage Book Value 111,184.36 EUR Traded At 0.83149711 EUR To 1 USD Valued At 0.831359 EUR For 133,738.08 USD 500 Shares At 222.2576 EUR","293,173.60"
02/05/21,Purchase,"Purchased 4,000 Shares Of -293,173.60 293,173.60 Dermapharm Hldg Net Cost 293,173.60 USD Trade Date 2/3/21 Purchased Through Jpmsgb2leql Jp Morgan Eq Lndn Paid 146.51 USD Brokerage Purchased On The Deutsche Boerse Ag Book Value 243,805.44 EUR Traded At 0.83160776 EUR To 1 USD Valued At 0.83160776 EUR For 293,173.60 USD 4,000 Shares At 60.9209 EUR",0.00
02/08/21,Sale,"Sold 365,486.5 Units Of 365,486.50 -365,486.50 First Am Govt Ob Fd Cl X Trade Date 2/8/21 13523 00- -A -UC-UZ -001-04","262,520.24"
02/08/21,Purchase,"Purchased 30,000 Shares Of -262,520.24 262,095.63 Watches Of Switzerland Group Net Cost 262,520.24 USD Trade Date 2/4/21 Purchased Through Crst 871 Paid 391.23 USD Brokerage Paid 1.36 USD Misc Fee1 Paid 1,303.96 USD Misc Fee2 Purchased On The London Stock Exchange Book Value 192,081.89 GBP Traded At 0.73168412 GBP To 1 USD 30,000 Shares At 6.3613 GBP",0.00
02/09/21,Sale,"Sold 150,929.67 Units Of 150,929.67 -150,929.67 First Am Govt Ob Fd Cl X Trade Date 2/9/21",0.00
02/10/21,Sale,"Sold 673,456.09 Units Of 673,456.09 -673,456.09 First Am Govt Ob Fd Cl X Trade Date 2/10/21 Transfer From Another Account",0.00
02/11/21,Sale,"Sold 295,655.77 Units Of 295,655.77 -295,655.77 First Am Govt Ob Fd Cl X Trade Date 2/11/21 13523 00- -A -UC-UZ -001-04","320,993.06"
02/11/21,Purchase,"Purchased 55,000 Shares Of -320,993.06 320,993.06 Moonpig Group Plc Ord Net Cost 320,993.06 USD Trade Date 2/9/21 Purchased Through Jpmsgb2l Jp Morgan Sec London Paid 159.61 USD Brokerage Paid 1,598.36 USD Misc Fee1 Purchased On The London Stock Exchange Book Value 232,720.03 GBP Traded At 0.72500019 GBP To 1 USD Valued At 0.72500019 GBP For 320,993.06 USD 55,000 Shares At 4.2081 GBP Transfer From Another Account",0.00
02/12/21,Purchase,"Purchased 1,901,379.95 Units Of -1,901,379.95 1,901,379.95 First Am Govt Ob Fd Cl X Trade Date 2/12/21","-862,053.86"
02/12/21,Sale,"Sold 4,020 Shares Of 862,053.86 -456,155.44 Gw Pharmaceuticals A D R Trade Date 2/10/21 Sold Through J.P. Morgan Securities LLC Paid 40.20 USD Brokerage Paid 19.06 USD Sec Fee 4,020 Shares At 214.456 USD Future Plc 0.016 GBP/Share On 30,150 Shares Due 2/16/21 Received 482.40 GBP Valued At 0.719937 GBP For 670.06 USD",0.00
02/16/21,Sale,Sold 482.40 Units Of 670.06 -670.06 British Pound Trade Date 2/16/21 Value Date 2/16/21 Book Value 482.40 GBP Traded At 0.719937 GBP To 1 USD Valued At 0.719937 GBP For 670.06 USD Net Proceeds 670.06 USD Repatriating Future Plc 13523 00- -A -UC-UZ -001-04,"1,340.12"
02/16/21,Purchase,Purchased 670.06 Units Of -670.06 670.06 First Am Govt Ob Fd Cl X Trade Date 2/16/21,"12,664.98"
02/16/21,Sale,"Sold 606,626.89 Units Of 606,626.89 -606,626.89 First Am Govt Ob Fd Cl X Trade Date 2/16/21","619,291.87"
02/16/21,Purchase,"Purchased 6,000 Shares Of -322,468.36 323,293.58 Mercari Inc Net Cost 322,468.36 USD Trade Date 2/12/21 Purchased Through Jpmsgb2l Jp Morgan Sec London Paid 161.15 USD Brokerage Purchased On The Tokyo Stock Exchange Book Value 33,856,920 JPY Traded At 104.99299838 JPY To 1 USD Valued At 104.725 JPY For 323,293.58 USD 6,000 Shares At 5,640 JPY 13523 00- -A -UC-UZ -001-04","296,823.51"
02/16/21,Purchase,"Purchased 50,000 Shares Of -296,153.45 296,153.45 Moonpig Group Plc Ord Net Cost 296,153.45 USD Trade Date 2/12/21 Purchased Through Crst 871 Paid 441.36 USD Brokerage Paid 1.38 USD Misc Fee1 Paid 1,473.39 USD Misc Fee2 Purchased On The London Stock Exchange Book Value 213,974.43 GBP Traded At 0.72251203 GBP To 1 USD 50,000 Shares At 4.2518 GBP 482.40 British Pound 99999GBP3 Transfer From Another Account",670.06
02/17/21,Sale,"Sold 319,827.4 Units Of 319,827.40 -319,827.40 First Am Govt Ob Fd Cl X Trade Date 2/17/21","335,209.28"
02/17/21,Purchase,"Purchased 1,000 Shares Of -335,209.28 335,209.28 Disco Corporation Net Cost 335,209.28 USD Trade Date 2/15/21 Purchased Through Jpmsgb2l Jp Morgan Sec London Paid 167.52 USD Brokerage Book Value 35,317,650 JPY Traded At 105.36000077 JPY To 1 USD Valued At 105.36000077 JPY For 335,209.28 USD 1,000 Shares At 35,300 JPY Transfer From Another Account",0.00
02/18/21,Sale,"Sold 303,129.57 Units Of 303,129.57 -303,129.57 First Am Govt Ob Fd Cl X Trade Date 2/18/21","345,839.44"
02/18/21,Purchase,"Purchased 3,900 Shares Of -345,839.44 345,839.44 Advantest Corp Ord(Jp) Net Cost 345,839.44 USD Trade Date 2/16/21 Purchased Through Jpmsgb2l Jp Morgan Sec London Paid 172.83 USD Brokerage Book Value 36,472,227 JPY Traded At 105.459999 JPY To 1 USD Valued At 105.459999 JPY For 345,839.44 USD 3,900 Shares At 9,347.17948718 JPY Transfer From Another Account",0.00
02/19/21,Purchase,"Purchased 7,554,391.88 Units Of -7,554,391.88 7,554,391.88 First Am Govt Ob Fd Cl X Trade Date 2/19/21 Transfer From Another Account 13523 00- -A -UC-UZ -001-04",0.00
02/22/21,Purchase,"Purchased 39,848.14 Units Of -39,848.14 39,848.14 First Am Govt Ob Fd Cl X Trade Date 2/22/21 Transfer From Another Account",0.00
02/23/21,Sale,"Sold 2,629,063.88 Units Of 2,629,063.88 -2,629,063.88 First Am Govt Ob Fd Cl X Trade Date 2/23/21","2,915,642.91"
02/23/21,Purchase,"Purchased 8,000 Shares Of -713,840.00 713,840.00 Rio Tinto Plc A D R Trade Date 2/19/21 Purchased Through J.P. Morgan Securities LLC Paid 80.00 USD Brokerage 8,000 Shares At 89.22 USD","2,201,802.91"
02/23/21,Purchase,"Purchased 9,000 Shares Of -687,600.00 687,600.00 B H P Billiton Limited A D R Trade Date 2/19/21 Purchased Through J.P. Morgan Securities LLC Paid 90.00 USD Brokerage 9,000 Shares At 76.39 USD","1,514,202.91"
02/23/21,Purchase,"Purchased 25,000 Shares Of -272,750.00 272,750.00 Blackberry Ltd Trade Date 2/19/21 Purchased Through J.P. Morgan Securities LLC Paid 250.00 USD Brokerage 25,000 Shares At 10.90 USD","1,241,452.91"
02/23/21,Purchase,"Purchased 30,000 Shares Of -161,602.63 161,602.63 Ds Smith Plc Net Cost 161,602.63 USD Trade Date 2/19/21 Purchased Through Crst 871 Paid 240.83 USD Brokerage Paid 1.40 USD Misc Fee1 Paid 803.99 USD Misc Fee2 Purchased On The London Stock Exchange Book Value 115,268.25 GBP Traded At 0.71328202 GBP To 1 USD 30,000 Shares At 3.8174 GBP 13523 00- -A -UC-UZ -001-04","1,079,850.28"
02/23/21,Purchase,"Purchased 100,000 Shares Of -236,157.50 236,157.50 Capital Counties Properties Plc Net Cost 236,157.50 USD Trade Date 2/19/21 Purchased Through Crst 871 Paid 351.95 USD Brokerage Paid 1.40 USD Misc Fee1 Paid 1,174.90 USD Misc Fee2 Purchased On The London Stock Exchange Book Value 168,379.64 GBP Traded At 0.71299722 GBP To 1 USD 100,000 Shares At 1.6729 GBP","843,692.78"
02/23/21,Purchase,"Purchased 7,389 Shares Of -40,195.86 40,195.86 Biocartis Nv Net Cost 40,195.86 USD Trade Date 2/19/21 Purchased Through Jpmsgb2l Jp Morgan Sec London Paid 20.09 USD Brokerage Book Value 33,119.27 EUR Traded At 0.82394729 EUR To 1 USD Valued At 0.82394729 EUR For 40,195.86 USD 7,389 Shares At 4.48 EUR","803,496.92"
02/23/21,Purchase,"Purchased 1,000 Shares Of -102,288.25 101,751.39 Ucb Sa Net Cost 102,288.25 USD Trade Date 2/19/21 Purchased Through Jpmsgb2l Jp Morgan Sec London Paid 51.12 USD Brokerage Book Value 84,280.12 EUR Traded At 0.82394723 EUR To 1 USD Valued At 0.8282945 EUR For 101,751.39 USD 1,000 Shares At 84.238 EUR 13523 00- -A -UC-UZ -001-04","701,208.67"
02/23/21,Purchase,"Purchased 5,000 Shares Of -289,860.64 289,860.64 Umicore Net Cost 289,860.64 USD Trade Date 2/19/21 Purchased Through Jpmsgb2l Jp Morgan Sec London Paid 144.86 USD Brokerage Book Value 238,829.86 EUR Traded At 0.82394719 EUR To 1 USD Valued At 0.82394719 EUR For 289,860.64 USD 5,000 Shares At 47.7421 EUR","411,348.03"
02/23/21,Purchase,"Purchased 811 Shares Of -16,426.10 16,339.89 Lumibird Net Cost 16,426.10 USD Trade Date 2/19/21 Purchased Through Jpmsgb2l Jp Morgan Sec London Paid 8.20 USD Brokerage Purchased On The NYSE Euronext - Euronext Paris Book Value 13,534.24 EUR Traded At 0.82394725 EUR To 1 USD Valued At 0.8282945 EUR For 16,339.89 USD 811 Shares At 16.68 EUR","394,921.93"
02/23/21,Purchase,"Purchased 5,000 Shares Of -289,514.30 289,514.30 Publicis Groupe Net Cost 289,514.30 USD Trade Date 2/19/21 Purchased Through Jpmsgb2l Jp Morgan Sec London Paid 144.26 USD Brokerage Paid 865.52 USD Misc Fee1 Book Value 238,544.49 EUR Traded At 0.8239472 EUR To 1 USD Valued At 0.8239472 EUR For 289,514.30 USD 5,000 Shares At 47.542498 EUR 13523 00- -A -UC-UZ -001-04","105,407.63"
02/23/21,Purchase,"Purchased 2,394 Shares Of -105,407.63 104,854.40 Basware Oyj Npv Net Cost 105,407.63 USD Trade Date 2/19/21 Purchased Through Jpmsgb2l Jp Morgan Sec London Paid 52.67 USD Brokerage Book Value 86,850.32 EUR Traded At 0.82394718 EUR To 1 USD Valued At 0.8282945 EUR For 104,854.40 USD 2,394 Shares At 36.2602005 EUR Transfer From Another Account",0.00
02/24/21,Sale,"Sold 14,926.05 Units Of 14,926.05 -14,926.05 First Am Govt Ob Fd Cl X Trade Date 2/24/21","118,769.70"
02/24/21,Purchase,"Purchased 8,308 Shares Of -45,266.68 45,180.26 Biocartis Nv Net Cost 45,266.68 USD Trade Date 2/22/21 Purchased Through Jpmsgb2l Jp Morgan Sec London Paid 22.63 USD Brokerage Book Value 37,255.91 EUR Traded At 0.82303164 EUR To 1 USD Valued At 0.824606 EUR For 45,180.26 USD 8,308 Shares At 4.48209976 EUR","73,503.02"
02/24/21,Purchase,"Purchased 1,215 Shares Of -53,573.89 53,471.61 Basware Oyj Npv Net Cost 53,573.89 USD Trade Date 2/22/21 Purchased Through Jpmsgb2l Jp Morgan Sec London Paid 26.78 USD Brokerage Book Value 44,093.01 EUR Traded At 0.82303172 EUR To 1 USD Valued At 0.824606 EUR For 53,471.61 USD 1,215 Shares At 36.27240329 EUR 13523 00- -A -UC-UZ -001-04","19,929.13"
02/24/21,Purchase,"Purchased 991 Shares Of -19,929.13 19,891.09 Lumibird Net Cost 19,929.13 USD Trade Date 2/22/21 Purchased Through Jpmsgb2l Jp Morgan Sec London Paid 9.96 USD Brokerage Purchased On The NYSE Euronext - Euronext Paris Book Value 16,402.31 EUR Traded At 0.82303191 EUR To 1 USD Valued At 0.824606 EUR For 19,891.09 USD 991 Shares At 16.54299697 EUR Transfer From Another Account",0.00
02/25/21,Sale,"Sold 2,401,261.98 Units Of 2,401,261.98 -2,401,261.98 First Am Govt Ob Fd Cl X Trade Date 2/25/21","2,422,882.36"
02/25/21,Purchase,"Purchased 4,000 Shares Of -265,331.83 265,331.83 Cyberagent Inc Npv Net Cost 265,331.83 USD Trade Date 2/22/21 Purchased Through Jpmsgb2l Jp Morgan Sec London Paid 132.60 USD Brokerage Book Value 28,014,000 JPY Traded At 105.58100021 JPY To 1 USD Valued At 105.58100021 JPY For 265,331.83 USD 4,000 Shares At 7,000 JPY 13523 00- -A -UC-UZ -001-04","2,157,550.53"
02/25/21,Purchase,"Purchased 7,000 Shares Of -153,150.47 153,150.47 Japan Elevator Ser Net Cost 153,150.47 USD Trade Date 2/22/21 Purchased Through Jpmsgb2l Jp Morgan Sec London Paid 76.53 USD Brokerage Book Value 16,169,780 JPY Traded At 105.58100148 JPY To 1 USD Valued At 105.58100148 JPY For 153,150.47 USD 7,000 Shares At 2,308.81428571 JPY","2,004,400.06"
02/25/21,Purchase,"Purchased 6,000 Shares Of -311,575.38 311,575.38 Mercari Inc Net Cost 311,575.38 USD Trade Date 2/22/21 Purchased Through Jpmsgb2l Jp Morgan Sec London Paid 155.71 USD Brokerage Purchased On The Tokyo Stock Exchange Book Value 32,896,440 JPY Traded At 105.58099937 JPY To 1 USD Valued At 105.58099937 JPY For 311,575.38 USD 6,000 Shares At 5,480 JPY","1,692,824.68"
02/25/21,Purchase,"Purchased 20,000 Shares Of -213,402.60 213,402.60 Rakuten Inc Net Cost 213,402.60 USD Trade Date 2/22/21 Purchased Through Jpmsgb2l Jp Morgan Sec London Paid 106.65 USD Brokerage Book Value 22,531,260 JPY Traded At 105.58100041 JPY To 1 USD Valued At 105.58100041 JPY For 213,402.60 USD 20,000 Shares At 1,126 JPY 13523 00- -A -UC-UZ -001-04","1,479,422.08"
02/25/21,Purchase,"Purchased 10,000 Shares Of -175,293.37 175,293.37 Uuum Inc Net Cost 175,293.37 USD Trade Date 2/22/21 Purchased Through Jpmsgb2l Jp Morgan Sec London Paid 87.60 USD Brokerage Purchased On The Tokyo Stock Exchange Book Value 18,507,649 JPY Traded At 105.5809983 JPY To 1 USD Valued At 105.5809983 JPY For 175,293.37 USD 10,000 Shares At 1,849.84 JPY","1,304,128.71"
02/25/21,Purchase,"Purchased 40,000 Shares Of -243,650.43 243,650.43 Yahoo Japan Corporation Net Cost 243,650.43 USD Trade Date 2/22/21 Purchased Through Jpmsgb2l Jp Morgan Sec London Paid 121.76 USD Brokerage Book Value 25,724,856 JPY Traded At 105.58099979 JPY To 1 USD Valued At 105.58099979 JPY For 243,650.43 USD 40,000 Shares At 642.8 JPY","1,060,478.28"
02/25/21,Purchase,"Purchased 24,303 Shares Of -132,449.94 132,449.94 Biocartis Nv Net Cost 132,449.94 USD Trade Date 2/23/21 Purchased Through Jpmsgb2l Jp Morgan Sec London Paid 66.20 USD Brokerage Book Value 108,968.35 EUR Traded At 0.82271347 EUR To 1 USD Valued At 0.82271347 EUR For 132,449.94 USD 24,303 Shares At 4.48149981 EUR 13523 00- -A -UC-UZ -001-04","928,028.34"
02/25/21,Purchase,"Purchased 1,000 Shares Of -470,441.19 470,441.19 Zur Rose Group Ag Net Cost 470,441.19 USD Trade Date 2/23/21 Purchased Through Jpmsgb2l Jp Morgan Sec London Paid 235.10 USD Brokerage Purchased On The Swiss Exchange Book Value 424,130.96 CHF Traded At 0.90156 CHF To 1 USD Valued At 0.90156 CHF For 470,441.19 USD 1,000 Shares At 423.919 CHF","457,587.15"
02/25/21,Purchase,"Purchased 391 Shares Of -16,991.50 16,991.50 Basware Oyj Npv Net Cost 16,991.50 USD Trade Date 2/23/21 Purchased Through Jpmsgb2l Jp Morgan Sec London Paid 8.50 USD Brokerage Book Value 13,979.14 EUR Traded At 0.82271371 EUR To 1 USD Valued At 0.82271371 EUR For 16,991.50 USD 391 Shares At 35.73439898 EUR","440,595.65"
02/25/21,Purchase,"Purchased 3,000 Shares Of -277,339.97 277,339.97 Eurofins Scientific Net Cost 277,339.97 USD Trade Date 2/23/21 Purchased Through Jpmsgb2l Jp Morgan Sec London Paid 138.60 USD Brokerage Purchased On The NYSE Euronext - Euronext Paris Book Value 228,171.33 EUR Traded At 0.82271347 EUR To 1 USD Valued At 0.82271347 EUR For 277,339.97 USD 3,000 Shares At 76.0191 EUR 13523 00- -A -UC-UZ -001-04","163,255.68"
02/25/21,Purchase,"Purchased 8,198 Shares Of -163,255.68 163,255.68 Lumibird Net Cost 163,255.68 USD Trade Date 2/23/21 Purchased Through Jpmsgb2l Jp Morgan Sec London Paid 81.58 USD Brokerage Purchased On The NYSE Euronext - Euronext Paris Book Value 134,312.65 EUR Traded At 0.82271349 EUR To 1 USD Valued At 0.82271349 EUR For 163,255.68 USD 8,198 Shares At 16.3754001 EUR Comture Corp 7.75 JPY/Share On 22,080 Shares Due 2/26/21 Received 171,120 JPY Valued At 106.43 JPY For 1,607.82 USD Comture Corp Non-USD Taxes 26,207 JPY Valued At 106.43 JPY For 246.24 USD 15.3150000% Foreign Taxes Withheld",0.00
02/26/21,Sale,"Sold 144,913.00 Units Of 1,361.58 -1,361.58 Yen Trade Date 2/26/21 Value Date 2/26/21 Book Value 144,913 JPY Traded At 106.43 JPY To 1 USD Valued At 106.43 JPY For 1,361.58 USD Net Proceeds 1,361.58 USD Repatriating Comture Corp Transfer To Income Comture Corp Repatriating Comture Corp Transfer From Principal Comture Corp Repatriating Comture Corp 13523 00- -A -UC-UZ -001-04","2,723.16"
02/26/21,Sale,"Sold 507,022.62 Units Of 507,022.62 -507,022.62 First Am Govt Ob Fd Cl X Trade Date 2/26/21","566,777.14"
02/26/21,Sale,"Sold 1,035,728.42 Units Of 1,035,728.42 -1,035,728.42 First Am Govt Ob Fd Cl X Trade Date 2/26/21","1,602,505.56"
02/26/21,Purchase,"Purchased 10,000 Shares Of -276,208.20 276,208.20 Future Plc Net Cost 276,208.20 USD Trade Date 2/24/21 Purchased Through Jpmsgb2l Jp Morgan Sec London Paid 137.35 USD Brokerage Paid 1,375.58 USD Misc Fee1 Purchased On The London Stock Exchange Book Value 195,872.89 GBP Traded At 0.70914944 GBP To 1 USD Valued At 0.70914944 GBP For 276,208.20 USD 10,000 Shares At 19.48 GBP 13523 00- -A -UC-UZ -001-04","1,326,297.36"
02/26/21,Purchase,"Purchased 10,000 Shares Of -329,379.42 329,379.42 Ocado Group Plc Net Cost 329,379.42 USD Trade Date 2/24/21 Purchased Through Jpmsgb2l Jp Morgan Sec London Paid 163.79 USD Brokerage Paid 1,640.11 USD Misc Fee1 Purchased On The London Stock Exchange Book Value 233,579.23 GBP Traded At 0.70914946 GBP To 1 USD Valued At 0.70914946 GBP For 329,379.42 USD 10,000 Shares At 23.23 GBP","996,917.94"
02/26/21,Purchase,"Purchased 12,000 Shares Of -487,172.16 487,172.16 Amplifon Spa Net Cost 487,172.16 USD Trade Date 2/24/21 Purchased Through Jpmsgb2l Jp Morgan Sec London Paid 243.22 USD Brokerage Paid 486.44 USD Misc Fee1 Book Value 401,665.59 EUR Traded At 0.82448387 EUR To 1 USD Valued At 0.82448387 EUR For 487,172.16 USD 12,000 Shares At 33.422 EUR","509,745.78"
02/26/21,Purchase,"Purchased 3,000 Shares Of -508,384.20 508,384.20 Jazz Pharmaceuticals Plc Trade Date 2/24/21 Purchased Through J.P. Morgan Securities LLC Paid 30.00 USD Brokerage 3,000 Shares At 169.4514 USD 144,913 Yen 99999JPY3","1,361.58"
03/01/21,Sale,"Sold 462,183.34 Units Of 462,183.34 -462,183.34 First Am Govt Ob Fd Cl X Trade Date 3/1/21 13523 00- -A -UC-UZ -001-04","414,488.88"
03/01/21,Purchase,"Purchased 10,000 Shares Of -306,173.48 306,173.48 Aston Martin Lagonda Gbl Hldgs Plc O Net Cost 306,173.48 USD Trade Date 2/25/21 Purchased Through Crst 871 Paid 456.30 USD Brokerage Paid 1.41 USD Misc Fee1 Paid 1,523.24 USD Misc Fee2 Purchased On The London Stock Exchange Book Value 216,450.44 GBP Traded At 0.70695359 GBP To 1 USD 10,000 Shares At 21.505 GBP","108,315.40"
03/01/21,Purchase,"Purchased 4,750 Shares Of -54,157.70 54,157.70 Raysearch Laboratories Ab Net Cost 54,157.70 USD Trade Date 2/25/21 Purchased Through Parbfrpp Banque Paribas Fr Paid 81.12 USD Brokerage Book Value 446,606.04 SEK Traded At 8.2464 SEK To 1 USD Valued At 8.2464 SEK For 54,157.70 USD Reversed By Trx 1 Batch Ca000005 On 3/3/21 4,750 Shares At 93.8815 SEK","54,157.70"
03/01/21,Purchase,"Purchased 4,750 Shares Of -54,157.70 53,737.06 Raysearch Laboratories Ab Net Cost 54,157.70 USD Trade Date 2/25/21 Purchased Through Parbfrpp Banque Paribas Fr Paid 81.12 USD Brokerage Book Value 446,606.04 SEK Traded At 8.2464 SEK To 1 USD Valued At 8.31095 SEK For 53,737.06 USD Reversed By Trx 2 Batch Ca000005 On 3/3/21 4,750 Shares At 93.8815 SEK First Am Govt Ob Fd Cl X Interest From 2/1/21 To 2/28/21 13523 00- -A -UC-UZ -001-04",0.00
03/02/21,Sale,"Sold 1,791.44 Units Of 2,151.88 -2,151.88 Euro Trade Date 3/2/21 Value Date 3/2/21 Book Value 1,791.44 EUR Traded At 0.83249995 EUR To 1 USD Valued At 0.83249995 EUR For 2,151.88 USD Net Proceeds 2,151.88 USD Repatriating Infineon Technologies A G Transfer To Income Infineon Technologies A G Repatriating Infineon Technologies A G Transfer From Principal Infineon Technologies A G Repatriating Infineon Technologies A G Transfer From Another Account","4,374.79"
03/02/21,Purchase,"Purchased 2,151.88 Units Of -2,151.88 2,151.88 First Am Govt Ob Fd Cl X Trade Date 3/2/21","-5,742.99"
03/02/21,Sale,"Sold 198,757.97 Units Of 198,757.97 -198,757.97 First Am Govt Ob Fd Cl X Trade Date 3/2/21","193,014.98"
03/02/21,Purchase,"Purchased 17,350 Shares Of -190,863.10 190,863.10 Raysearch Laboratories Ab Net Cost 190,863.10 USD Trade Date 2/26/21 Purchased Through Parbfrpp Banque Paribas Fr Paid 285.87 USD Brokerage Book Value 1,607,391.79 SEK Traded At 8.42170011 SEK To 1 USD Valued At 8.42170011 SEK For 190,863.10 USD Reversed By Trx 3 Batch Ca000005 On 3/3/21 17,350 Shares At 92.50630029 SEK 1,791.44 Euro 99999EUR3 13523 00- -A -UC-UZ -001-04","2,151.88"
03/03/21,Sale,"Reversal- 4,750 Shares Of 54,157.70 -54,157.70 Raysearch Laboratories Ab Net Proceeds 54,157.70 USD Trade Date 2/25/21 Sold Through Parbfrpp Banque Paribas Fr Paid 81.12- USD Brokerage Book Value 446,606.06 SEK Local Proceeds 446,606.06 SEK Traded At 8.2464 SEK To 1 USD Valued At 8.2464 SEK For 54,157.70 USD 4,750 Shares At 93.88149998 SEK","54,157.70"
03/03/21,Sale,"Reversal- 4,750 Shares Of 54,157.70 -53,737.06 Raysearch Laboratories Ab Net Proceeds 54,157.70 USD Trade Date 2/25/21 Sold Through Parbfrpp Banque Paribas Fr Paid 81.12- USD Brokerage Book Value 446,606.06 SEK Local Proceeds 446,606.06 SEK Traded At 8.2464 SEK To 1 USD Valued At 8.31095 SEK For 53,737.06 USD 4,750 Shares At 93.88149998 SEK","108,315.40"
03/03/21,Sale,"Reversal- 17,350 Shares Of 190,863.10 -190,863.10 Raysearch Laboratories Ab Net Proceeds 190,863.10 USD Trade Date 2/26/21 Sold Through Parbfrpp Banque Paribas Fr Paid 285.87- USD Brokerage Book Value 1,607,391.79 SEK Local Proceeds 1,607,391.79 SEK Traded At 8.42170011 SEK To 1 USD Valued At 8.42170011 SEK For 190,863.10 USD 17,350 Shares At 92.50630028 SEK Transfer From Another Account","299,178.50"
03/03/21,Purchase,"Purchased 100,330.63 Units Of -100,330.63 100,330.63 First Am Govt Ob Fd Cl X Trade Date 3/3/21 13523 00- -A -UC-UZ -001-04","295,922.34"
03/03/21,Sale,"Sold 245,020.8 Units Of 245,020.80 -245,020.80 First Am Govt Ob Fd Cl X Trade Date 3/3/21","540,943.14"
03/03/21,Purchase,"Purchased 2,000 Shares Of -207,473.47 207,473.47 Zalando SE Net Cost 207,473.47 USD Trade Date 3/1/21 Purchased Through Eclr 15001 Paid 310.75 USD Brokerage Book Value 170,928.88 EUR Traded At 0.823859 EUR To 1 USD Valued At 0.823859 EUR For 207,473.47 USD 2,000 Shares At 85.33643567 EUR","333,469.67"
03/03/21,Purchase,"Purchased 7,900 Shares Of -88,448.87 88,448.87 Raysearch Laboratories Ab Net Cost 88,448.87 USD Trade Date 3/1/21 Purchased Through Eclr 15001 Paid 132.48 USD Brokerage Book Value 746,207.72 SEK Traded At 8.4366 SEK To 1 USD Valued At 8.4366 SEK For 88,448.87 USD Reversed By Trx 1 Batch Ca000016 On 3/5/21 7,900 Shares At 94.3152 SEK","245,020.80"
03/03/21,Purchase,"Purchased 4,750 Shares Of -54,157.70 53,737.06 Raysearch Laboratories Ab Net Cost 54,157.70 USD Trade Date 2/25/21 Purchased Through Eclr 15001 Paid 81.12 USD Brokerage Book Value 446,606.06 SEK Traded At 8.2464 SEK To 1 USD Valued At 8.31095 SEK For 53,737.06 USD 4,750 Shares At 93.88149998 SEK 13523 00- -A -UC-UZ -001-04","190,863.10"
03/03/21,Purchase,"Purchased 17,350 Shares Of -190,863.10 195,097.86 Raysearch Laboratories Ab Net Cost 190,863.10 USD Trade Date 2/26/21 Purchased Through Eclr 15001 Paid 285.87 USD Brokerage Book Value 1,607,391.79 SEK Traded At 8.42170011 SEK To 1 USD Valued At 8.2389 SEK For 195,097.86 USD 17,350 Shares At 92.50630028 SEK Transfer From Another Account",0.00
03/04/21,Purchase,"Purchased 188,729.14 Units Of -188,729.14 188,729.14 First Am Govt Ob Fd Cl X Trade Date 3/4/21",0.00
03/05/21,Sale,"Reversal- 7,900 Shares Of 88,448.87 -88,448.87 Raysearch Laboratories Ab Net Proceeds 88,448.87 USD Trade Date 3/1/21 Sold Through Eclr 15001 Paid 132.48- USD Brokerage Book Value 746,207.74 SEK Local Proceeds 746,207.74 SEK Traded At 8.4366 SEK To 1 USD Valued At 8.4366 SEK For 88,448.87 USD 7,900 Shares At 94.31519999 SEK Lasertec Corp 20 JPY/Share On 4,000 Shares Due 3/5/21 Received 80,000 JPY Valued At 107.69 JPY For 742.87 USD Lasertec Corp Non-USD Taxes 12,252 JPY Valued At 107.69 JPY For 113.77 USD 15.3150000% Foreign Taxes Withheld 13523 00- -A -UC-UZ -001-04","88,448.87"
03/05/21,Sale,"Sold 67,748.00 Units Of 629.10 -629.10 Yen Trade Date 3/5/21 Value Date 3/5/21 Book Value 67,748 JPY Traded At 107.69 JPY To 1 USD Valued At 107.69 JPY For 629.10 USD Net Proceeds 629.10 USD Repatriating Lasertec Corp Transfer To Income Lasertec Corp Repatriating Lasertec Corp Transfer From Principal Lasertec Corp Repatriating Lasertec Corp Transfer From Another Account","89,707.07"
03/05/21,Sale,"Sold 163,294.77 Units Of 163,294.77 -163,294.77 First Am Govt Ob Fd Cl X Trade Date 3/5/21","279,174.67"
03/05/21,Purchase,"Purchased 5,000 Shares Of -189,467.60 189,467.60 Amplifon Spa Net Cost 189,467.60 USD Trade Date 3/3/21 Purchased Through Jpmsgb2l Jp Morgan Sec London Paid 94.59 USD Brokerage Paid 189.18 USD Misc Fee1 Book Value 156,895.99 EUR Traded At 0.82808876 EUR To 1 USD Valued At 0.82808876 EUR For 189,467.60 USD 5,000 Shares At 31.3322 EUR 13523 00- -A -UC-UZ -001-04","89,707.07"
03/05/21,Purchase,"Purchased 7,900 Shares Of -88,448.87 88,833.20 Raysearch Laboratories Ab Net Cost 88,448.87 USD Trade Date 3/1/21 Purchased Through Eclr 15001 Paid 132.48 USD Brokerage Book Value 746,207.74 SEK Traded At 8.4366 SEK To 1 USD Valued At 8.4001 SEK For 88,833.20 USD 7,900 Shares At 94.31519999 SEK 67,748 Yen 99999JPY3 Transfer From Another Account","1,258.20"
03/08/21,Purchase,"Purchased 157,963.52 Units Of -157,963.52 157,963.52 First Am Govt Ob Fd Cl X Trade Date 3/8/21","176,585.67"
03/08/21,Purchase,"Purchased 5,320 Shares Of -176,585.67 176,168.42 Frontier Developments Plc Net Cost 176,585.67 USD Trade Date 3/4/21 Purchased Through Jpmsgb2l Jp Morgan Sec London Paid 88.25 USD Brokerage Paid 1.40 USD Misc Fee1 Purchased On The London Stock Exchange Book Value 126,059.69 GBP Traded At 0.71387271 GBP To 1 USD Valued At 0.7155635 GBP For 176,168.42 USD 5,320 Shares At 23.68340038 GBP",0.00
03/09/21,Sale,"Sold 179,489.79 Units Of 179,489.79 -179,489.79 First Am Govt Ob Fd Cl X Trade Date 3/9/21","152,754.80"
03/09/21,Purchase,"Purchased 4,680 Shares Of -152,754.80 152,754.80 Frontier Developments Plc Net Cost 152,754.80 USD Trade Date 3/5/21 Purchased Through Jpmsgb2l Jp Morgan Sec London Paid 76.34 USD Brokerage Paid 1.38 USD Misc Fee1 Purchased On The London Stock Exchange Book Value 110,588.51 GBP Traded At 0.7239609 GBP To 1 USD Valued At 0.7239609 GBP For 152,754.80 USD 4,680 Shares At 23.618 GBP Transfer From Another Account",0.00
03/10/21,Purchase,"Purchased 77,094.75 Units Of -77,094.75 77,094.75 First Am Govt Ob Fd Cl X Trade Date 3/10/21",0.00
03/10/21,Sale,"Sold 239,372.5 Units Of 239,372.50 -239,372.50 First Am Govt Ob Fd Cl X Trade Date 3/10/21","239,372.50"
03/10/21,Purchase,"Purchased 25,000 Shares Of -239,372.50 239,372.50 Blackberry Ltd Trade Date 3/8/21 Purchased Through J.P. Morgan Securities LLC Paid 250.00 USD Brokerage 25,000 Shares At 9.5649 USD Transfer From Another Account 13523 00- -A -UC-UZ -001-04",0.00
03/11/21,Purchase,"Purchased 104,200.42 Units Of -104,200.42 104,200.42 First Am Govt Ob Fd Cl X Trade Date 3/11/21 Transfer From Another Account",0.00
03/12/21,Sale,"Sold 361,225.44 Units Of 361,225.44 -361,225.44 First Am Govt Ob Fd Cl X Trade Date 3/12/21","406,711.32"
03/12/21,Sale,"Sold 2,058.45 Units Of 2,058.45 -2,058.45 First Am Govt Ob Fd Cl X Trade Date 3/12/21","408,769.77"
03/12/21,Purchase,"Purchased 10,000 Shares Of -408,769.77 408,769.77 Hugo Boss Ag Net Cost 408,769.77 USD Trade Date 3/10/21 Purchased Through Jpmsgb2leql Jp Morgan Eq Lndn Paid 204.28 USD Brokerage Book Value 343,639.73 EUR Traded At 0.84066816 EUR To 1 USD Valued At 0.84066816 EUR For 408,769.77 USD 10,000 Shares At 34.3468 EUR Rakuten Inc 4.5 JPY/Share On 15,300 Shares Due 3/15/21 Received 68,850 JPY Valued At 109.19 JPY For 630.55 USD Rakuten Inc Non-USD Taxes 10,544 JPY Valued At 109.19 JPY For 96.56 USD 15.3150000% Foreign Taxes Withheld 13523 00- -A -UC-UZ -001-04",0.00
03/15/21,Sale,"Sold 58,306.00 Units Of 533.99 -533.99 Yen Trade Date 3/15/21 Value Date 3/15/21 Book Value 58,306 JPY Traded At 109.19 JPY To 1 USD Valued At 109.19 JPY For 533.99 USD Net Proceeds 533.99 USD Repatriating Rakuten Inc Transfer To Income Rakuten Inc Repatriating Rakuten Inc Transfer From Principal Rakuten Inc Repatriating Rakuten Inc Transfer From Another Account","1,067.98"
03/15/21,Purchase,"Purchased 74,201.01 Units Of -74,201.01 74,201.01 First Am Govt Ob Fd Cl X Trade Date 3/15/21","1,067.98"
03/15/21,Purchase,"Purchased 533.99 Units Of -533.99 533.99 First Am Govt Ob Fd Cl X Trade Date 3/15/21 58,306 Yen 99999JPY3 Transfer From Another Account 13523 00- -A -UC-UZ -001-04",533.99
03/16/21,Purchase,"Purchased 70,834.14 Units Of -70,834.14 70,834.14 First Am Govt Ob Fd Cl X Trade Date 3/16/21",0.00
03/17/21,Sale,"Sold 397,320.75 Units Of 397,320.75 -397,320.75 First Am Govt Ob Fd Cl X Trade Date 3/17/21","377,578.55"
03/17/21,Purchase,"Purchased 990 Shares Of -377,578.55 377,578.55 Alk Abello A S Net Cost 377,578.55 USD Trade Date 3/15/21 Purchased Through Jpmsgb2l Jp Morgan Sec London Paid 188.70 USD Brokerage Book Value 2,355,750.32 DKK Traded At 6.23909997 DKK To 1 USD Valued At 6.23909997 DKK For 377,578.55 USD 990 Shares At 2,378.35659596 DKK",0.00
03/18/21,Sale,"Reversal- 15,000 Shares Of 232,844.22 -232,844.22 Adevinta Asa B Net Proceeds 232,844.22 USD Trade Date 2/2/21 Sold Through Jpmsgb2l Jp Morgan Sec London Paid 116.36- USD Brokerage Sold On The Oslo Bors Asa Book Value 2,003,438.18 NOK Local Proceeds 2,003,438.18 NOK Traded At 8.60419975 NOK To 1 USD Valued At 8.60419975 NOK For 232,844.22 USD 15,000 Shares At 133.49579997 NOK Transfer From Another Account 13523 00- -A -UC-UZ -001-04","232,844.22"
03/18/21,Purchase,"Purchased 232,844.22 Units Of -232,844.22 232,844.22 First Am Govt Ob Fd Cl X Trade Date 3/18/21","126,794.39"
03/18/21,Purchase,"Purchased 126,794.39 Units Of -126,794.39 126,794.39 First Am Govt Ob Fd Cl X Trade Date 3/18/21 Transfer From Another Account",0.00
03/19/21,Purchase,"Purchased 42,517.74 Units Of -42,517.74 42,517.74 First Am Govt Ob Fd Cl X Trade Date 3/19/21 Rakuten Inc A D R 0.04116 USD/Share On 10,000 Shares Due 3/22/21 10.0000000% Foreign Taxes Withheld Non-USD Taxes Rakuten Inc A D R Adr Paying Agent Fee Rakuten Inc A D R Adr Fee Of 0.001715 Per Share Due 03/22/21 Thk Co Ltd 7.5 JPY/Share On 10,050 Shares Due 3/22/21 Received 75,375 JPY Valued At 108.98 JPY For 691.64 USD Thk Co Ltd Non-USD Taxes 11,544 JPY Valued At 108.98 JPY For 105.93 USD 15.3150000% Foreign Taxes Withheld 13523 00- -A -UC-UZ -001-04",0.00
03/22/21,Sale,"Sold 63,831.00 Units Of 585.71 -585.71 Yen Trade Date 3/22/21 Value Date 3/22/21 Book Value 63,831 JPY Traded At 108.98 JPY To 1 USD Valued At 108.98 JPY For 585.71 USD Net Proceeds 585.71 USD Repatriating Thk Co Ltd Transfer To Income Thk Co Ltd Repatriating Thk Co Ltd Transfer From Principal Thk Co Ltd Repatriating Thk Co Ltd Transfer From Another Account","1,524.71"
03/22/21,Purchase,"Purchased 27,725.11 Units Of -27,725.11 27,725.11 First Am Govt Ob Fd Cl X Trade Date 3/22/21 63,831 Yen 99999JPY3 B H P Billiton Limited A D R 2.02 USD/Share On 9,000 Shares Due 3/23/21 Transfer From Another Account 13523 00- -A -UC-UZ -001-04","1,524.71"
03/23/21,Purchase,"Purchased 52,982.38 Units Of -52,982.38 52,982.38 First Am Govt Ob Fd Cl X Trade Date 3/23/21 Transfer From Another Account","18,180.00"
03/24/21,Sale,"Sold 379,582.11 Units Of 379,582.11 -379,582.11 First Am Govt Ob Fd Cl X Trade Date 3/24/21","404,905.86"
03/24/21,Purchase,"Purchased 500 Shares Of -179,835.46 179,835.46 Zur Rose Group Ag Net Cost 179,835.46 USD Trade Date 3/22/21 Purchased Through Jpmsgb2l Jp Morgan Sec London Paid 89.87 USD Brokerage Purchased On The Swiss Exchange Book Value 166,360.39 CHF Traded At 0.92507001 CHF To 1 USD Valued At 0.92507001 CHF For 179,835.46 USD 500 Shares At 332.5545 CHF","225,070.40"
03/24/21,Purchase,"Purchased 100,000 Shares Of -225,070.40 225,070.40 Learning Technologies Group Net Cost 225,070.40 USD Trade Date 3/22/21 Purchased Through Jpmsgb2l Jp Morgan Sec London Paid 112.49 USD Brokerage Paid 1.39 USD Misc Fee1 Purchased On The London Stock Exchange Book Value 162,352.14 GBP Traded At 0.72133938 GBP To 1 USD Valued At 0.72133938 GBP For 225,070.40 USD 100,000 Shares At 1.6227 GBP Transfer From Another Account 13523 00- -A -UC-UZ -001-04",0.00
03/25/21,Purchase,"Purchased 19,454.23 Units Of -19,454.23 19,454.23 First Am Govt Ob Fd Cl X Trade Date 3/25/21 Transfer From Another Account",0.00
03/26/21,Sale,"Sold 182,548.81 Units Of 182,548.81 -182,548.81 First Am Govt Ob Fd Cl X Trade Date 3/26/21","183,353.19"
03/26/21,Purchase,"Purchased 5,000 Shares Of -183,353.19 183,353.19 Jeol Ltd Net Cost 183,353.19 USD Trade Date 3/24/21 Purchased Through Jpmsgb2l Jp Morgan Sec London Paid 91.63 USD Brokerage Book Value 19,926,458 JPY Traded At 108.67799999 JPY To 1 USD Valued At 108.67799999 JPY For 183,353.19 USD 5,000 Shares At 3,983.3 JPY Monotaro Co Ltd First Section 9.5 JPY/Share On 8,550 Shares Due 3/29/21 Received 81,225 JPY Valued At 109.81 JPY For 739.69 USD Monotaro Co Ltd First Section Non-USD Taxes 12,440 JPY Valued At 109.81 JPY For 113.29 USD 15.3150000% Foreign Taxes Withheld 13523 00- -A -UC-UZ -001-04",0.00
03/29/21,Sale,"Sold 68,785.00 Units Of 626.40 -626.40 Yen Trade Date 3/29/21 Value Date 3/29/21 Book Value 68,785 JPY Traded At 109.81 JPY To 1 USD Valued At 109.81 JPY For 626.40 USD Net Proceeds 626.40 USD Repatriating Monotaro Co Ltd First Section Transfer To Income Monotaro Co Ltd First Section Repatriating Monotaro Co Ltd First Section Transfer From Principal Monotaro Co Ltd First Section Repatriating Monotaro Co Ltd First Section Transfer From Another Account","1,252.80"
03/29/21,Purchase,"Purchased 62,037.53 Units Of -62,037.53 62,037.53 First Am Govt Ob Fd Cl X Trade Date 3/29/21","68,134.26"
03/29/21,Purchase,Purchased 626.4 Units Of -626.40 626.40 First Am Govt Ob Fd Cl X Trade Date 3/29/21,"67,507.86"
03/29/21,Purchase,"Purchased 12,000 Shares Of -345,649.76 345,649.76 Pva Tepla Ag Net Cost 345,649.76 USD Trade Date 3/25/21 Purchased Through Parbfrpp Banque Paribas Fr Paid 517.70 USD Brokerage Purchased On The Boerse Frankfurt - Regulierter Book Value 293,518.02 EUR Traded At 0.84917756 EUR To 1 USD Valued At 0.84917756 EUR For 345,649.76 USD 12,000 Shares At 24.4232 EUR 13523 00- -A -UC-UZ -001-04","-278,141.90"
03/29/21,Sale,"Sold 3,000 Shares Of 278,768.30 -260,809.13 Ucb Sa Net Proceeds 278,768.30 USD Trade Date 3/25/21 Sold Through Jpmsgb2l Jp Morgan Sec London Paid 139.45 USD Brokerage Book Value 224,235.89 EUR Local Proceeds 236,244.32 EUR Traded At 0.84745763 EUR To 1 USD Valued At 0.84745763 EUR For 278,768.30 USD 3,000 Shares At 78.7875 EUR 68,785 Yen 99999JPY3 Stmicroelectronics N V 0.042 USD/Share On 10,100 Shares Due 3/30/21 15.0000000% Foreign Taxes Withheld Non-USD Taxes Stmicroelectronics N V",626.40
03/30/21,Purchase,Purchased 360.57 Units Of -360.57 360.57 First Am Govt Ob Fd Cl X Trade Date 3/30/21,"-5,555.08"
03/30/21,Sale,"Sold 5,555.08 Units Of 5,555.08 -5,555.08 First Am Govt Ob Fd Cl X Trade Date 3/30/21 Vitec Software Group Ab B Sh 0.33 SEK/Share On 10,100 Shares Due 3/30/21 Received 3,333.00 SEK Valued At 8.7516411 SEK For 380.84 USD 13523 00- -A -UC-UZ -001-04",0.00
03/31/21,Sale,"Sold 2,333.10 Units Of 266.59 -266.59 Swedish Krona Trade Date 3/30/21 Value Date 3/31/21 Book Value 2,333.10 SEK Traded At 8.7516411 SEK To 1 USD Valued At 8.7516411 SEK For 266.59 USD Net Proceeds 266.59 USD Repatriating Vitec Software Group Ab B Sh Transfer To Income Vitec Software Group Ab B Sh Repatriating Vitec Software Group Ab B Sh Transfer From Principal Vitec Software Group Ab B Sh Repatriating Vitec Software Group Ab B Sh Transfer From Another Account",533.18
03/31/21,Purchase,"Purchased 198,358.05 Units Of -198,358.05 198,358.05 First Am Govt Ob Fd Cl X Trade Date 3/31/21",533.18
03/31/21,Purchase,"Purchased 266.59 Units Of -266.59 266.59 First Am Govt Ob Fd Cl X Trade Date 3/31/21 Monotaro Co Ltd First Section Due 3/31/21 8,550 Additional Shares Received Ca Exdt 03/30/21 13523 00- -A -UC-UZ -001-04",266.59
04/01/21,Sale,"Sold 28,147.25 Units Of 28,147.25 -28,147.25 First Am Govt Ob Fd Cl X Trade Date 4/1/21 First Am Govt Ob Fd Cl X Interest From 3/1/21 To 3/31/21",0.00
04/05/21,Sale,"Sold 107,976.49 Units Of 107,976.49 -107,976.49 First Am Govt Ob Fd Cl X Trade Date 4/5/21 13523 00- -A -UC-UZ -001-04",0.00
04/06/21,Sale,"Sold 245,273.3 Units Of 245,273.30 -245,273.30 First Am Govt Ob Fd Cl X Trade Date 4/6/21","356,192.80"
04/06/21,Purchase,"Purchased 14,000 Shares Of -356,192.80 356,192.80 Raccoon Holdings I Npv Net Cost 356,192.80 USD Trade Date 4/2/21 Purchased Through Jpmsgb2l Jp Morgan Sec London Paid 178.01 USD Brokerage Purchased On The Japan Exchange Group Book Value 39,401,691 JPY Traded At 110.619 JPY To 1 USD Valued At 110.619 JPY For 356,192.80 USD 14,000 Shares At 2,813 JPY Transfer From Another Account",0.00
04/07/21,Purchase,"Purchased 42,707.44 Units Of -42,707.44 42,707.44 First Am Govt Ob Fd Cl X Trade Date 4/7/21","-1,895.05"
04/07/21,Sale,"Sold 20 Shares Of 1,895.05 -1,492.92 Ucb Sa Net Proceeds 1,895.05 USD Trade Date 4/1/21 Sold Through Jpmsgb2l Jp Morgan Sec London Paid 0.95 USD Brokerage Book Value 1,494.91 EUR Local Proceeds 1,611.19 EUR Traded At 0.85021 EUR To 1 USD Valued At 0.85021 EUR For 1,895.05 USD 20 Shares At 80.6 EUR 13523 00- -A -UC-UZ -001-04",0.00
04/08/21,Purchase,"Purchased 34,672.42 Units Of -34,672.42 34,672.42 First Am Govt Ob Fd Cl X Trade Date 4/8/21 Transfer From Another Account",0.00
04/09/21,Purchase,"Purchased 126,131.72 Units Of -126,131.72 126,131.72 First Am Govt Ob Fd Cl X Trade Date 4/9/21 Transfer From Another Account",0.00
04/12/21,Purchase,"Purchased 23,322.9 Units Of -23,322.90 23,322.90 First Am Govt Ob Fd Cl X Trade Date 4/12/21 13523 00- -A -UC-UZ -001-04",0.00
04/13/21,Purchase,"Purchased 101,697.8 Units Of -101,697.80 101,697.80 First Am Govt Ob Fd Cl X Trade Date 4/13/21 Transfer From Another Account",0.00
04/14/21,Purchase,"Purchased 37,697.32 Units Of -37,697.32 37,697.32 First Am Govt Ob Fd Cl X Trade Date 4/14/21 Rio Tinto Plc A D R 3.09 USD/Share On 8,000 Shares Due 4/15/21 Rio Tinto Plc A D R 0.93 USD/Share On 8,000 Shares Due 4/15/21 Special Dividend Transfer From Another Account",0.00
04/15/21,Purchase,"Purchased 7,223 Units Of -7,223.00 7,223.00 First Am Govt Ob Fd Cl X Trade Date 4/15/21","32,160.00"
04/15/21,Purchase,"Purchased 32,160 Units Of -32,160.00 32,160.00 First Am Govt Ob Fd Cl X Trade Date 4/15/21 13523 00- -A -UC-UZ -001-04",0.00
04/16/21,Sale,"Sold 197,494.73 Units Of 197,494.73 -197,494.73 First Am Govt Ob Fd Cl X Trade Date 4/16/21","262,337.60"
04/16/21,Purchase,"Purchased 15,000 Shares Of -260,235.35 260,235.35 Adevinta Asa B Net Cost 260,235.35 USD Trade Date 4/14/21 Purchased Through Jpmsgb2l Jp Morgan Sec London Paid 130.05 USD Brokerage Purchased On The Oslo Bors Asa Book Value 2,189,594.25 NOK Traded At 8.4139 NOK To 1 USD Valued At 8.4139 NOK For 260,235.35 USD 15,000 Shares At 145.9 NOK 13523 00- -A -UC-UZ -001-04","2,102.25"
04/19/21,Purchase,"Purchased 18,920.89 Units Of -18,920.89 18,920.89 First Am Govt Ob Fd Cl X Trade Date 4/19/21",156.51
04/19/21,Purchase,Purchased 156.51 Units Of -156.51 156.51 First Am Govt Ob Fd Cl X Trade Date 4/19/21 Transfer From Another Account,0.00
04/20/21,Purchase,"Purchased 17,083.9 Units Of -17,083.90 17,083.90 First Am Govt Ob Fd Cl X Trade Date 4/20/21",0.00
04/21/21,Sale,"Sold 100,429.1 Units Of 100,429.10 -100,429.10 First Am Govt Ob Fd Cl X Trade Date 4/21/21 13523 00- -A -UC-UZ -001-04",0.00
04/22/21,Purchase,"Purchased 180,966.63 Units Of -180,966.63 180,966.63 First Am Govt Ob Fd Cl X Trade Date 4/22/21","-195,058.23"
04/22/21,Sale,"Sold 250,000 Shares Of 195,058.23 -144,331.67 Iqe Plc Net Proceeds 195,058.23 USD Trade Date 4/20/21 Sold Through Jpmsgb2l Jp Morgan Sec London Paid 97.58 USD Brokerage Paid 1.39 USD Misc Fee1 Sold On The London Stock Exchange Book Value 153,033.51 GBP Local Proceeds 139,929.00 GBP Traded At 0.71737041 GBP To 1 USD 250,000 Shares At 0.56 GBP Transfer From Another Account",0.00
04/23/21,Purchase,"Purchased 52,691.32 Units Of -52,691.32 52,691.32 First Am Govt Ob Fd Cl X Trade Date 4/23/21",0.00
04/26/21,Sale,"Sold 33,023.13 Units Of 33,023.13 -33,023.13 First Am Govt Ob Fd Cl X Trade Date 4/26/21",0.00
04/27/21,Sale,"Sold 4,128.14 Units Of 4,128.14 -4,128.14 First Am Govt Ob Fd Cl X Trade Date 4/27/21",0.00
04/28/21,Sale,"Sold 49,622.06 Units Of 49,622.06 -49,622.06 First Am Govt Ob Fd Cl X Trade Date 4/28/21 Transfer From Another Account",0.00
04/29/21,Purchase,"Purchased 786,919.33 Units Of -786,919.33 786,919.33 First Am Govt Ob Fd Cl X Trade Date 4/29/21","-580,308.04"
04/29/21,Sale,"Sold 3,000 Shares Of 305,832.31 -277,339.97 Eurofins Scientific Net Proceeds 305,832.31 USD Trade Date 4/27/21 Sold Through Jpmsgb2l Jp Morgan Sec London Paid 153.00 USD Brokerage Sold On The NYSE Euronext - Euronext Paris Book Value 169,719.20 EUR Local Proceeds 253,065.60 EUR Traded At 0.82746523 EUR To 1 USD Valued At 0.82746523 EUR For 305,832.31 USD 3,000 Shares At 84.3974 EUR","-274,475.73"
04/29/21,Sale,"Sold 4,235 Shares Of 274,475.73 -245,218.61 Publicis Groupe Net Proceeds 274,475.73 USD Trade Date 4/27/21 Sold Through Jpmsgb2l Jp Morgan Sec London Paid 137.31 USD Brokerage Book Value 165,082.48 EUR Local Proceeds 227,119.12 EUR Traded At 0.82746523 EUR To 1 USD Valued At 0.82746523 EUR For 274,475.73 USD 4,235 Shares At 53.65590083 EUR 13523 00- -A -UC-UZ -001-04",0.00
04/30/21,Purchase,"Purchased 14,467.45 Units Of -14,467.45 14,467.45 First Am Govt Ob Fd Cl X Trade Date 4/30/21 Transfer From Another Account",0.00
05/03/21,Purchase,"Purchased 37,941.25 Units Of -37,941.25 37,941.25 First Am Govt Ob Fd Cl X Trade Date 5/3/21 First Am Govt Ob Fd Cl X Interest From 4/1/21 To 4/30/21 Ds Smith Plc 0.04 GBP/Share On 115,000 Shares Due 5/4/21 Received 4,600.00 GBP Valued At 0.722536 GBP For 6,366.46 USD",0.00
05/04/21,Sale,"Sold 4,600.00 Units Of 6,366.46 -6,366.46 British Pound Trade Date 5/4/21 Value Date 5/4/21 Book Value 4,600.00 GBP Traded At 0.722536 GBP To 1 USD Valued At 0.722536 GBP For 6,366.46 USD Net Proceeds 6,366.46 USD Repatriating Ds Smith Plc Transfer To Income Ds Smith Plc Repatriating Ds Smith Plc 13523 00- -A -UC-UZ -001-04","12,749.79"
05/04/21,Sale,"Sold 545,664.25 Units Of 545,664.25 -545,664.25 First Am Govt Ob Fd Cl X Trade Date 5/4/21","604,883.47"
05/04/21,Purchase,"Purchased 70,000 Shares Of -430,669.11 430,669.11 Pets At Home Group Plc Net Cost 430,669.11 USD Trade Date 4/29/21 Purchased Through Jpmsgb2l Jp Morgan Sec London Paid 214.16 USD Brokerage Paid 2,144.02 USD Misc Fee1 Purchased On The London Stock Exchange Book Value 308,823.00 GBP Traded At 0.71707719 GBP To 1 USD Valued At 0.71707719 GBP For 430,669.11 USD 70,000 Shares At 4.3876 GBP 13523 00- -A -UC-UZ -001-04","174,214.36"
05/04/21,Purchase,"Purchased 500 Shares Of -167,847.90 167,610.24 Zur Rose Group Ag Net Cost 167,847.90 USD Trade Date 4/30/21 Purchased Through Jpmsgb2l Jp Morgan Sec London Paid 83.88 USD Brokerage Purchased On The Swiss Exchange Book Value 152,701.31 CHF Traded At 0.90976003 CHF To 1 USD Valued At 0.91105 CHF For 167,610.24 USD 500 Shares At 305.25 CHF 4,600.00 British Pound 99999GBP3 Transfer From Another Account","6,366.46"
05/05/21,Purchase,"Purchased 136,197.2 Units Of -136,197.20 136,197.20 First Am Govt Ob Fd Cl X Trade Date 5/5/21 Umicore 0.50 EUR/Share On 10,030 Shares Due 5/5/21 Received 5,015.00 EUR Valued At 0.83402826 EUR For 6,012.99 USD Umicore Non-USD Taxes 1,504.50 EUR Valued At 0.83402826 EUR For 1,803.90 USD 30.0000000% Foreign Taxes Withheld 13523 00- -A -UC-UZ -001-04",0.00
05/06/21,Sale,"Sold 3,510.50 Units Of 4,209.09 -4,209.09 Euro Trade Date 5/5/21 Value Date 5/6/21 Book Value 3,510.50 EUR Traded At 0.83402826 EUR To 1 USD Valued At 0.83402826 EUR For 4,209.09 USD Net Proceeds 4,209.09 USD Repatriating Umicore Transfer To Income Umicore Repatriating Umicore Transfer From Principal Umicore Repatriating Umicore Transfer From Another Account","8,418.18"
05/06/21,Purchase,"Purchased 399,420.5 Units Of -399,420.50 399,420.50 First Am Govt Ob Fd Cl X Trade Date 5/6/21","-340,130.13"
05/06/21,Sale,"Sold 10,050 Shares Of 348,548.31 -276,195.87 Thk Co Ltd Net Proceeds 348,548.31 USD Trade Date 4/28/21 Sold Through Jpmsgb2l Jp Morgan Sec London Paid 174.36 USD Brokerage Book Value 30,251,594 JPY Local Proceeds 37,983,749 JPY Traded At 108.977 JPY To 1 USD Valued At 108.977 JPY For 348,548.31 USD 10,050 Shares At 3,781.36819939 JPY 3,510.50 Euro 99999EUR3 13523 00- -A -UC-UZ -001-04","8,418.18"
05/07/21,Purchase,"Purchased 11,744.07 Units Of -11,744.07 11,744.07 First Am Govt Ob Fd Cl X Trade Date 5/7/21 Transfer From Another Account","-8,408.98"
05/10/21,Sale,"Sold 1,418,054.97 Units Of 1,418,054.97 -1,418,054.97 First Am Govt Ob Fd Cl X Trade Date 5/10/21","47,288.17"
05/10/21,Purchase,"Purchased 10,000 Shares Of -287,135.47 287,135.47 Pva Tepla Ag Net Cost 287,135.47 USD Trade Date 5/6/21 Purchased Through Jpmsgb2leql Jp Morgan Eq Lndn Paid 143.50 USD Brokerage Purchased On The Boerse Frankfurt - Regulierter Book Value 238,174.03 EUR Traded At 0.82948314 EUR To 1 USD Valued At 0.82948314 EUR For 287,135.47 USD 10,000 Shares At 23.8055 EUR","-239,847.30"
05/11/21,Purchase,"Purchased 15,000 Shares Of -347,832.88 347,832.88 Monotaro Co Ltd First Section Net Cost 347,832.88 USD Trade Date 5/7/21 Purchased Through Jpmsgb2l Jp Morgan Sec London Paid 173.83 USD Brokerage Book Value 37,971,176 JPY Traded At 109.165 JPY To 1 USD Valued At 109.165 JPY For 347,832.88 USD 15,000 Shares At 2,530.14666667 JPY Transfer From Another Account","-1,195,872.89"
05/12/21,Sale,"Sold 5,000 Shares Of 214,186.14 -202,988.40 Amplifon Spa Net Proceeds 214,186.14 USD Trade Date 5/10/21 Sold Through Jpmsgb2l Jp Morgan Sec London Paid 107.15 USD Brokerage Book Value 144,004.03 EUR Local Proceeds 176,070.42 EUR Traded At 0.82204393 EUR To 1 USD Valued At 0.82204393 EUR For 214,186.14 USD 5,000 Shares At 35.2317 EUR 13523 00- -A -UC-UZ -001-04","-982,396.43"
05/12/21,Sale,"Sold 3,530 Shares Of 302,457.84 -248,648.71 Stroeer SE and Co Kgaa Net Proceeds 302,457.84 USD Trade Date 5/10/21 Sold Through Jpmsgb2leql Jp Morgan Eq Lndn Paid 151.30 USD Brokerage Book Value 223,280.14 EUR Local Proceeds 248,564.16 EUR Traded At 0.82181424 EUR To 1 USD Valued At 0.82181424 EUR For 302,457.84 USD 3,530 Shares At 70.45 EUR","-679,938.59"
05/12/21,Sale,"Sold 10,000 Shares Of 244,356.58 -64,929.84 Nordic Semiconductor Asa Net Proceeds 244,356.58 USD Trade Date 5/10/21 Sold Through Jpmsgb2l Jp Morgan Sec London Paid 122.24 USD Brokerage Book Value 490,356.64 NOK Local Proceeds 2,008,562.22 NOK Traded At 8.2198 NOK To 1 USD Valued At 8.2198 NOK For 244,356.58 USD 10,000 Shares At 200.9567 NOK","-435,582.01"
05/13/21,Purchase,"Purchased 1,157,136.07 Units Of -1,157,136.07 1,157,136.07 First Am Govt Ob Fd Cl X Trade Date 5/13/21 13523 00- -A -UC-UZ -001-04","-1,617,786.86"
05/13/21,Sale,"Sold 5,000 Shares Of 102,624.99 -54,162.87 Slm Solutions Group Ag Net Proceeds 102,624.99 USD Trade Date 5/11/21 Sold Through Jpmsgb2leql Jp Morgan Eq Lndn Paid 51.33 USD Brokerage Book Value 57,410.69 EUR Local Proceeds 84,324.82 EUR Traded At 0.8216792 EUR To 1 USD Valued At 0.8216792 EUR For 102,624.99 USD 5,000 Shares At 16.8734 EUR","-1,515,161.87"
05/13/21,Sale,"Sold 2,090 Shares Of 209,584.92 -112,961.25 Zalando SE Net Proceeds 209,584.92 USD Trade Date 5/11/21 Sold Through Jpmsgb2leql Jp Morgan Eq Lndn Paid 104.85 USD Brokerage Book Value 121,752.32 EUR Local Proceeds 172,211.57 EUR Traded At 0.82167918 EUR To 1 USD Valued At 0.82167918 EUR For 209,584.92 USD 2,090 Shares At 82.43910048 EUR","-1,305,576.95"
05/13/21,Sale,"Sold 4,100 Shares Of 183,646.37 -178,813.59 Basware Oyj Npv Net Proceeds 183,646.37 USD Trade Date 5/11/21 Sold Through Jpmsgb2l Jp Morgan Sec London Paid 91.87 USD Brokerage Book Value 115,198.42 EUR Local Proceeds 150,898.40 EUR Traded At 0.82167918 EUR To 1 USD Valued At 0.82167918 EUR For 183,646.37 USD 4,100 Shares At 36.8229 EUR 13523 00- -A -UC-UZ -001-04","-1,121,930.58"
05/13/21,Sale,"Sold 6,000 Shares Of 401,346.46 -232,985.38 Publicis Groupe Net Proceeds 401,346.46 USD Trade Date 5/11/21 Sold Through Jpmsgb2l Jp Morgan Sec London Paid 200.77 USD Brokerage Book Value 233,883.08 EUR Local Proceeds 329,778.03 EUR Traded At 0.82167918 EUR To 1 USD Valued At 0.82167918 EUR For 401,346.46 USD 6,000 Shares At 54.9905 EUR","-720,584.12"
05/13/21,Sale,"Sold 20,000 Shares Of 191,815.08 -176,685.67 Watches Of Switzerland Group Net Proceeds 191,815.08 USD Trade Date 5/11/21 Sold Through Jpmsgb2l Jp Morgan Sec London Paid 95.95 USD Brokerage Paid 1.42 USD Misc Fee1 Sold On The London Stock Exchange Book Value 128,611.06 GBP Local Proceeds 135,539.20 GBP Traded At 0.70661388 GBP To 1 USD 20,000 Shares At 6.7804 GBP","-528,769.04"
05/13/21,Sale,"Sold 10,000 Shares Of 410,936.65 -397,864.32 Amplifon Spa Net Proceeds 410,936.65 USD Trade Date 5/11/21 Sold Through Jpmsgb2l Jp Morgan Sec London Paid 205.57 USD Brokerage Book Value 288,008.05 EUR Local Proceeds 337,658.09 EUR Traded At 0.82167918 EUR To 1 USD Valued At 0.82167918 EUR For 410,936.65 USD 10,000 Shares At 33.7827 EUR","-117,832.39"
05/13/21,Sale,"Sold 10,000 Shares Of 117,832.39 -74,640.00 Rakuten Group Inc A D R Trade Date 5/11/21 Sold Through J.P. Morgan Securities LLC Paid 100.00 USD Brokerage Paid 0.61 USD Sec Fee 10,000 Shares At 11.7933 USD 13523 00- -A -UC-UZ -001-04",0.00
05/14/21,Purchase,"Purchased 619,523.73 Units Of -619,523.73 619,523.73 First Am Govt Ob Fd Cl X Trade Date 5/14/21","-586,250.61"
05/14/21,Purchase,"Purchased 1,176,091.77 Units Of -1,176,091.77 1,176,091.77 First Am Govt Ob Fd Cl X Trade Date 5/14/21","-1,762,342.38"
05/14/21,Purchase,"Purchased 2,000 Shares Of -49,484.68 49,484.68 Nippon Ceramic Npv Net Cost 49,484.68 USD Trade Date 5/13/21 Purchased Through Jpmsgb2l Jp Morgan Sec London Paid 24.72 USD Brokerage Purchased On The Japan Exchange Group Book Value 5,424,610 JPY Traded At 109.622 JPY To 1 USD Valued At 109.622 JPY For 49,484.68 USD 2,000 Shares At 2,710.95 JPY","-1,811,827.06"
05/14/21,Purchase,"Purchased 3,000 Shares Of -170,488.95 170,488.95 Akiba Holding Co Ltd Net Cost 170,488.95 USD Trade Date 5/13/21 Purchased Through Jpmsgb2l Jp Morgan Sec London Paid 85.20 USD Brokerage Purchased On The Jasdaq Securities Exchange Book Value 18,689,340 JPY Traded At 109.622 JPY To 1 USD Valued At 109.622 JPY For 170,488.95 USD 3,000 Shares At 6,226.66666667 JPY 13523 00- -A -UC-UZ -001-04","-1,982,316.01"
05/14/21,Sale,"Sold 20,000 Shares Of 468,064.74 -113,555.20 Nordic Semiconductor Asa Net Proceeds 468,064.74 USD Trade Date 5/11/21 Sold Through Jpmsgb2l Jp Morgan Sec London Paid 234.15 USD Brokerage Book Value 980,713.28 NOK Local Proceeds 3,863,687.19 NOK Traded At 8.2546 NOK To 1 USD Valued At 8.2546 NOK For 468,064.74 USD 20,000 Shares At 193.281 NOK","-1,514,251.27"
05/14/21,Sale,"Sold 10,000 Shares Of 216,229.64 -66,995.70 Boozt Ab Net Proceeds 216,229.64 USD Trade Date 5/11/21 Sold Through Jpmsgb2l Jp Morgan Sec London Paid 108.17 USD Brokerage Book Value 591,296.12 SEK Local Proceeds 1,796,349.38 SEK Traded At 8.3076 SEK To 1 USD Valued At 8.3076 SEK For 216,229.64 USD 10,000 Shares At 179.7248 SEK","-1,298,021.63"
05/14/21,Sale,"Sold 16,200 Shares Of 196,842.41 -140,398.95 Dustin Group Ab Net Proceeds 196,842.41 USD Trade Date 5/11/21 Sold Through Jpmsgb2l Jp Morgan Sec London Paid 98.47 USD Brokerage Book Value 1,097,750.38 SEK Local Proceeds 1,635,287.99 SEK Traded At 8.3076 SEK To 1 USD Valued At 8.3076 SEK For 196,842.41 USD 16,200 Shares At 100.9942 SEK 13523 00- -A -UC-UZ -001-04","-1,101,179.22"
05/14/21,Sale,"Sold 30,000 Shares Of 253,852.50 -127,872.44 Tobii Ab Net Proceeds 253,852.50 USD Trade Date 5/11/21 Sold Through Jpmsgb2l Jp Morgan Sec London Paid 126.99 USD Brokerage Book Value 1,166,732.10 SEK Local Proceeds 2,108,905.02 SEK Traded At 8.3076 SEK To 1 USD Valued At 8.3076 SEK For 253,852.50 USD 30,000 Shares At 70.332 SEK","-847,326.72"
05/14/21,Sale,"Sold 2,000 Shares Of 50,432.45 -49,484.68 Nippon Ceramic Npv Net Proceeds 50,432.45 USD Trade Date 5/12/21 Sold Through Jpmsgb2l Jp Morgan Sec London Paid 25.23 USD Brokerage Sold On The Japan Exchange Group Book Value 5,424,610 JPY Local Proceeds 5,482,058 JPY Traded At 108.701 JPY To 1 USD Valued At 108.701 JPY For 50,432.45 USD 2,000 Shares At 2,742.4 JPY","-796,894.27"
05/14/21,Sale,"Sold 3,000 Shares Of 177,370.54 -170,488.95 Akiba Holding Co Ltd Net Proceeds 177,370.54 USD Trade Date 5/12/21 Sold Through Jpmsgb2l Jp Morgan Sec London Paid 88.73 USD Brokerage Sold On The Jasdaq Securities Exchange Book Value 18,689,340 JPY Local Proceeds 19,280,355 JPY Traded At 108.701 JPY To 1 USD Valued At 108.701 JPY For 177,370.54 USD 3,000 Shares At 6,430 JPY Pva Tepla Ag Valued At 0.84917756 EUR For 345,649.76 USD Market Value Of 327,446.86 USD Transfer From Euroclear To Germany 13523 00- -A -UC-UZ -001-04","-619,523.73"
05/14/21,Sale,"Sold 22,000 Shares Of 619,523.73 -632,785.23 Pva Tepla Ag Net Proceeds 619,523.73 USD Trade Date 5/11/21 Sold Through Jpmsgb2leql Jp Morgan Eq Lndn Paid 309.91 USD Brokerage Sold On The Boerse Frankfurt - Regulierter Book Value 533,959.46 EUR Local Proceeds 509,049.75 EUR Traded At 0.82167918 EUR To 1 USD Valued At 0.82167918 EUR For 619,523.73 USD 22,000 Shares At 23.1502 EUR Pva Tepla Ag Valued At 271,200.00 EUR Book Value 291,250.61 EUR Valued At 0.828226 EUR For 327,446.86 USD Market Value Of 327,446.86 USD Transfer From Euroclear To Germany Hugo Boss Ag 0.04 EUR/Share On 10,000 Shares Due 5/17/21 Received 400.00 EUR Valued At 0.82453734 EUR For 485.12 USD Hugo Boss Ag Non-USD Taxes 105.50 EUR Valued At 0.82453734 EUR For 127.95 USD 26.3750000% Foreign Taxes Withheld",0.00
05/17/21,Sale,Sold 294.50 Units Of 357.17 -357.17 Euro Trade Date 5/17/21 Value Date 5/17/21 Book Value 294.50 EUR Traded At 0.82453734 EUR To 1 USD Valued At 0.82453734 EUR For 357.17 USD Net Proceeds 357.17 USD Repatriating Hugo Boss Ag 13523 00- -A -UC-UZ -001-04,714.34
05/17/21,Sale,"Sold 1,755.00 Units Of 1,943.52 -1,943.52 Swiss Franc Trade Date 5/14/21 Value Date 5/17/21 Book Value 1,755.00 CHF Traded At 0.90300074 CHF To 1 USD Valued At 0.90300074 CHF For 1,943.52 USD Net Proceeds 1,943.52 USD Repatriating Interroll Holding Ag Transfer To Income Interroll Holding Ag Repatriating Interroll Holding Ag Transfer From Principal Interroll Holding Ag Repatriating Interroll Holding Ag 13523 00- -A -UC-UZ -001-04","4,601.38"
05/17/21,Purchase,"Purchased 562,127.62 Units Of -562,127.62 562,127.62 First Am Govt Ob Fd Cl X Trade Date 5/17/21","-545,106.06"
05/17/21,Sale,"Sold 3,000 Shares Of 246,661.02 -266,030.34 Advantest Corp Ord(Jp) Net Proceeds 246,661.02 USD Trade Date 5/13/21 Sold Through Jpmsgb2l Jp Morgan Sec London Paid 123.39 USD Brokerage Book Value 17,394,128 JPY Local Proceeds 27,039,474 JPY Traded At 109.621999 JPY To 1 USD Valued At 109.621999 JPY For 246,661.02 USD 3,000 Shares At 9,017.66666667 JPY","-298,445.04"
05/17/21,Sale,"Sold 2,000 Shares Of 302,689.25 -45,696.17 Lasertec Corp Net Proceeds 302,689.25 USD Trade Date 5/13/21 Sold Through Jpmsgb2l Jp Morgan Sec London Paid 151.42 USD Brokerage Book Value 5,194,930 JPY Local Proceeds 33,181,401 JPY Traded At 109.622 JPY To 1 USD Valued At 109.622 JPY For 302,689.25 USD 2,000 Shares At 16,599 JPY 294.50 Euro 99999EUR3 1,755.00 Swiss Franc 99999CHF8 13523 00- -A -UC-UZ -001-04","4,244.21"
05/18/21,Purchase,"Purchased 41,092.54 Units Of -41,092.54 41,092.54 First Am Govt Ob Fd Cl X Trade Date 5/18/21","-1,047.01"
05/18/21,Sale,"Sold 1,047.01 Units Of 1,047.01 -1,047.01 First Am Govt Ob Fd Cl X Trade Date 5/18/21 Transfer From Another Account",0.00
05/19/21,Purchase,"Purchased 23,377.31 Units Of -23,377.31 23,377.31 First Am Govt Ob Fd Cl X Trade Date 5/19/21 Transfer From Another Account",0.00
05/20/21,Sale,"Sold 271,938.89 Units Of 271,938.89 -271,938.89 First Am Govt Ob Fd Cl X Trade Date 5/20/21 13523 00- -A -UC-UZ -001-04","290,533.98"
05/20/21,Purchase,"Purchased 136 Shares Of -290,533.98 290,533.98 Adyen Bv Net Cost 290,533.98 USD Trade Date 5/18/21 Purchased Through Jpmsgb2l Jp Morgan Sec London Paid 145.20 USD Brokerage Purchased On The NYSE Euronext - Euronext Amste Book Value 237,949.52 EUR Traded At 0.81900753 EUR To 1 USD Valued At 0.81900753 EUR For 290,533.98 USD 136 Shares At 1,748.75441176 EUR Transfer From Another Account",0.00
05/21/21,Purchase,"Purchased 32,280.71 Units Of -32,280.71 32,280.71 First Am Govt Ob Fd Cl X Trade Date 5/21/21",0.00
05/24/21,Sale,"Sold 18,749.82 Units Of 18,749.82 -18,749.82 First Am Govt Ob Fd Cl X Trade Date 5/24/21",0.00
05/25/21,Sale,"Sold 393,028.28 Units Of 393,028.28 -393,028.28 First Am Govt Ob Fd Cl X Trade Date 5/25/21 13523 00- -A -UC-UZ -001-04","378,646.25"
05/25/21,Purchase,"Purchased 15,000 Shares Of -378,646.25 378,646.25 Nordic Semiconductor Asa Net Cost 378,646.25 USD Trade Date 5/20/21 Purchased Through Jpmsgb2l Jp Morgan Sec London Paid 189.23 USD Brokerage Book Value 3,156,584.50 NOK Traded At 8.3365001 NOK To 1 USD Valued At 8.3365001 NOK For 378,646.25 USD 15,000 Shares At 210.3338 NOK Amplifon Spa 0.22 EUR/Share On 10,000 Shares Due 5/26/21 Received 2,200.00 EUR Valued At 0.81928438 EUR For 2,685.27 USD Amplifon Spa Non-USD Taxes 572.00 EUR Valued At 0.81928438 EUR For 698.17 USD 26.0000000% Foreign Taxes Withheld",0.00
05/26/21,Sale,"Sold 1,628.00 Units Of 1,987.10 -1,987.10 Euro Trade Date 5/26/21 Value Date 5/26/21 Book Value 1,628.00 EUR Traded At 0.81928438 EUR To 1 USD Valued At 0.81928438 EUR For 1,987.10 USD Net Proceeds 1,987.10 USD Repatriating Amplifon Spa Transfer To Income Amplifon Spa Repatriating Amplifon Spa Transfer From Principal Amplifon Spa Repatriating Amplifon Spa 13523 00- -A -UC-UZ -001-04","3,974.20"
05/26/21,Purchase,"Purchased 1,987.1 Units Of -1,987.10 1,987.10 First Am Govt Ob Fd Cl X Trade Date 5/26/21","-37,571.59"
05/26/21,Sale,"Sold 603,070.21 Units Of 603,070.21 -603,070.21 First Am Govt Ob Fd Cl X Trade Date 5/26/21","565,498.62"
05/26/21,Purchase,"Purchased 243,120.13 Units Of -344,578.03 344,578.03 British Pound Trade Date 5/24/21 Value Date 5/26/21 Book Value 243,120.13 GBP Traded At 0.705559 GBP To 1 USD Valued At 0.705559 GBP For 344,578.03 USD Net Cost 344,578.03 USD 243,120.13 Units At 1 GBP Fx7028332-Aset","220,920.59"
05/26/21,Purchase,"Purchased 10,000 Shares Of -218,933.49 219,112.53 Boozt Ab Net Cost 218,933.49 USD Trade Date 5/24/21 Purchased Through Jpmsgb2l Jp Morgan Sec London Paid 109.41 USD Brokerage Book Value 1,821,964.53 SEK Traded At 8.32200012 SEK To 1 USD Valued At 8.3152 SEK For 219,112.53 USD 10,000 Shares At 182.1054 SEK 13523 00- -A -UC-UZ -001-04","1,987.10"
05/26/21,Purchase,"Purchased 5,000 Shares Of -344,282.33 344,282.33 Asos Plc Net Cost 243,120.13 GBP Trade Date 5/24/21 Purchased Through Crst 871 Paid 364.13 GBP Brokerage Paid 1.00 GBP Misc Fee1 Purchased On The London Stock Exchange Book Value 243,120.13 GBP Valued At 0.706165 GBP For 344,282.33 USD Fed Tax Cost Reduction 344,578.03- USD 5,000 Shares At 48.551 GBP 1,628.00 Euro 99999EUR3 -243,120.13 British Pound 99999GBP3 Asm International N V 2.00 EUR/Share On 2,000 Shares Due 5/27/21 Received 4,000.00 EUR Valued At 0.820762 EUR For 4,873.52 USD Asm International N V Non-USD Taxes 600.00 EUR Valued At 0.820762 EUR For 731.03 USD 15.0000000% Foreign Taxes Withheld","-342,295.23"
05/27/21,Sale,"Sold 3,400.00 Units Of 4,142.49 -4,142.49 Euro Trade Date 5/27/21 Value Date 5/27/21 Book Value 3,400.00 EUR Traded At 0.820762 EUR To 1 USD Valued At 0.820762 EUR For 4,142.49 USD Net Proceeds 4,142.49 USD Repatriating Asm International N V 13523 00- -A -UC-UZ -001-04","8,284.98"
05/27/21,Purchase,"Purchased 4,142.49 Units Of -4,142.49 4,142.49 First Am Govt Ob Fd Cl X Trade Date 5/27/21","-25,899.78"
05/27/21,Sale,"Sold 30,042.27 Units Of 30,042.27 -30,042.27 First Am Govt Ob Fd Cl X Trade Date 5/27/21 3,400.00 Euro 99999EUR3 Transfer From Another Account","4,142.49"
05/28/21,Sale,"Sold 670,935.67 Units Of 670,935.67 -670,935.67 First Am Govt Ob Fd Cl X Trade Date 5/28/21 13523 00- -A -UC-UZ -001-04","1,107,900.61"
05/28/21,Purchase,"Purchased 50,000 Shares Of -399,195.61 399,195.61 Kahoot Asa Net Cost 399,195.61 USD Trade Date 5/26/21 Purchased Through Jpmsgb2l Jp Morgan Sec London Paid 199.50 USD Brokerage Purchased On The Norwegian Over The Counter Mar Book Value 3,324,341.34 NOK Traded At 8.3276 NOK To 1 USD Valued At 8.3276 NOK For 399,195.61 USD 50,000 Shares At 66.4536 NOK","708,705.00"
05/28/21,Purchase,"Purchased 75,000 Shares Of -708,705.00 708,705.00 Blackberry Ltd Trade Date 5/26/21 Purchased Through J.P. Morgan Securities LLC Paid 750.00 USD Brokerage 75,000 Shares At 9.4394 USD Transfer From Another Account",0.00
06/01/21,Purchase,"Purchased 153,934.48 Units Of -153,934.48 153,934.48 First Am Govt Ob Fd Cl X Trade Date 6/1/21 First Am Govt Ob Fd Cl X Interest From 5/1/21 To 5/31/21 Nidec Corp 30 JPY/Share On 5,240 Shares Due 6/1/21 Received 157,200 JPY Valued At 109.8 JPY For 1,431.69 USD Nidec Corp Non-USD Taxes 24,075 JPY Valued At 109.8 JPY For 219.26 USD 15.3150000% Foreign Taxes Withheld 13523 00- -A -UC-UZ -001-04",0.00
06/02/21,Sale,"Sold 133,125.00 Units Of 1,212.43 -1,212.43 Yen Trade Date 6/1/21 Value Date 6/2/21 Book Value 133,125 JPY Traded At 109.8 JPY To 1 USD Valued At 109.8 JPY For 1,212.43 USD Net Proceeds 1,212.43 USD Repatriating Nidec Corp Transfer To Income Nidec Corp Repatriating Nidec Corp Transfer From Principal Nidec Corp Repatriating Nidec Corp Transfer From Another Account","2,472.28"
06/02/21,Sale,"Sold 31,502.49 Units Of 31,502.49 -31,502.49 First Am Govt Ob Fd Cl X Trade Date 6/2/21","2,424.86"
06/02/21,Purchase,"Purchased 1,212.43 Units Of -1,212.43 1,212.43 First Am Govt Ob Fd Cl X Trade Date 6/2/21 133,125 Yen 99999JPY3 Advantest Corp Ord(Jp) 80 JPY/Share On 8,000 Shares Due 6/3/21 Received 640,000 JPY Valued At 109.74 JPY For 5,831.97 USD Advantest Corp Ord(Jp) Non-USD Taxes 98,016 JPY Valued At 109.74 JPY For 893.17 USD 15.3150000% Foreign Taxes Withheld","1,212.43"
06/03/21,Sale,"Sold 541,984.00 Units Of 4,938.80 -4,938.80 Yen Trade Date 6/3/21 Value Date 6/3/21 Book Value 541,984 JPY Traded At 109.74 JPY To 1 USD Valued At 109.74 JPY For 4,938.80 USD Net Proceeds 4,938.80 USD Repatriating Advantest Corp Ord(Jp) Transfer To Income Advantest Corp Ord(Jp) Repatriating Advantest Corp Ord(Jp) Transfer From Principal Advantest Corp Ord(Jp) Repatriating Advantest Corp Ord(Jp) 13523 00- -A -UC-UZ -001-04","9,877.60"
06/03/21,Purchase,"Purchased 181,506.61 Units Of -181,506.61 181,506.61 First Am Govt Ob Fd Cl X Trade Date 6/3/21","9,877.60"
06/03/21,Purchase,"Purchased 4,938.8 Units Of -4,938.80 4,938.80 First Am Govt Ob Fd Cl X Trade Date 6/3/21 541,984 Yen 99999JPY3 Yahoo Japan Corporation 5.56 JPY/Share On 100,500 Shares Due 6/4/21 Received 558,780 JPY Valued At 110.37 JPY For 5,062.79 USD Yahoo Japan Corporation Non-USD Taxes 85,577 JPY Valued At 110.37 JPY For 775.37 USD 15.3150000% Foreign Taxes Withheld","4,938.80"
06/04/21,Sale,"Sold 473,203.00 Units Of 4,287.42 -4,287.42 Yen Trade Date 6/4/21 Value Date 6/4/21 Book Value 473,203 JPY Traded At 110.37 JPY To 1 USD Valued At 110.37 JPY For 4,287.42 USD Net Proceeds 4,287.42 USD Repatriating Yahoo Japan Corporation 13523 00- -A -UC-UZ -001-04","8,574.84"
06/04/21,Purchase,"Purchased 24,338 Units Of -24,338.00 24,338.00 First Am Govt Ob Fd Cl X Trade Date 6/4/21","8,574.84"
06/04/21,Purchase,"Purchased 4,287.42 Units Of -4,287.42 4,287.42 First Am Govt Ob Fd Cl X Trade Date 6/4/21 473,203 Yen 99999JPY3","4,287.42"
06/07/21,Sale,"Sold 280,448.35 Units Of 280,448.35 -280,448.35 First Am Govt Ob Fd Cl X Trade Date 6/7/21 Transfer From Another Account",0.00
06/08/21,Purchase,"Purchased 95,060.52 Units Of -95,060.52 95,060.52 First Am Govt Ob Fd Cl X Trade Date 6/8/21",0.00
06/08/21,Sale,"Sold 232,844.22 Units Of 232,844.22 -232,844.22 First Am Govt Ob Fd Cl X Trade Date 6/8/21","232,844.22"
06/08/21,Purchase,"Purchased 15,000 Shares Of -232,844.22 243,032.48 Adevinta Asa B Net Cost 232,844.22 USD Trade Date 5/17/21 Purchased Through Jpmsgb2l Jp Morgan Sec London Paid 116.36 USD Brokerage Purchased On The Oslo Bors Asa Book Value 2,003,438.22 NOK Traded At 8.60419992 NOK To 1 USD Valued At 8.2435 NOK For 243,032.48 USD 15,000 Shares At 133.49579997 NOK",0.00
06/09/21,Sale,"Sold 13,628.99 Units Of 13,628.99 -13,628.99 First Am Govt Ob Fd Cl X Trade Date 6/9/21 Transfer From Another Account",0.00
06/10/21,Purchase,"Purchased 122,053.87 Units Of -122,053.87 122,053.87 First Am Govt Ob Fd Cl X Trade Date 6/10/21 Transfer From Another Account 13523 00- -A -UC-UZ -001-04",0.00
06/11/21,Sale,"Sold 545,407.03 Units Of 545,407.03 -545,407.03 First Am Govt Ob Fd Cl X Trade Date 6/11/21","631,303.59"
06/11/21,Sale,"Sold 272,972.86 Units Of 272,972.86 -272,972.86 First Am Govt Ob Fd Cl X Trade Date 6/11/21","904,276.45"
06/11/21,Purchase,"Purchased 190,550.20 Units Of -232,131.44 232,131.44 Euro Trade Date 6/10/21 Value Date 6/11/21 Book Value 190,550.20 EUR Traded At 0.820872 EUR To 1 USD Valued At 0.820872 EUR For 232,131.44 USD Net Cost 232,131.44 USD 190,550.2 Units At 1 EUR Fx7051791-Aset","672,145.01"
06/11/21,Purchase,"Purchased 50,000 Shares Of -399,172.15 399,172.15 Kahoot Asa Net Cost 399,172.15 USD Trade Date 6/9/21 Purchased Through Jpmsgb2l Jp Morgan Sec London Paid 199.49 USD Brokerage Purchased On The Norwegian Over The Counter Mar Book Value 3,296,842.60 NOK Traded At 8.25919995 NOK To 1 USD Valued At 8.25919995 NOK For 399,172.15 USD 50,000 Shares At 65.9039 NOK","272,972.86"
06/11/21,Purchase,"Purchased 10,000 Shares Of -272,700.16 272,700.16 Ocado Group Plc Net Cost 192,721.02 GBP Trade Date 6/9/21 Purchased Through Crst 871 Paid 287.21 GBP Brokerage Paid 1.00 GBP Misc Fee1 Paid 958.81 GBP Misc Fee2 Purchased On The London Stock Exchange Book Value 192,721.02 GBP Valued At 0.706714 GBP For 272,700.16 USD 10,000 Shares At 19.1474 GBP 13523 00- -A -UC-UZ -001-04",272.70
06/11/21,Purchase,"Purchased 2,000 Shares Of -232,214.04 232,214.04 Zalando SE Net Cost 190,550.20 EUR Trade Date 6/9/21 Purchased Through Parbfrpp Banque Paribas Fr Paid 285.40 EUR Brokerage Book Value 190,550.20 EUR Valued At 0.82058 EUR For 232,214.04 USD Fed Tax Cost Reduction 232,131.44- USD Fed ST Currency Gain Of 82.60 USD 2,000 Shares At 95.1324 EUR","-231,941.34"
06/11/21,Purchase,"Purchased 192,721.02 Units Of -272,972.86 272,700.16 British Pound Trade Date 6/10/21 Value Date 6/11/21 Book Value 192,721.02 GBP Traded At 0.70600799 GBP To 1 USD Valued At 0.70600799 GBP For 272,972.86 USD Net Cost 272,972.86 USD Repayment Of Currency Overdraft Resulted In Fed ST Currency Loss On GBP Of 272.70- USD 192,721.02 Units At 1 GBP Fx7051786-Aset -192,721.02 British Pound 99999GBP3 -190,550.20 Euro 99999EUR3 Transfer From Another Account","-504,914.20"
06/14/21,Purchase,"Purchased 34,265.4 Units Of -34,265.40 34,265.40 First Am Govt Ob Fd Cl X Trade Date 6/14/21 Transfer From Another Account 13523 00- -A -UC-UZ -001-04",0.00
06/15/21,Sale,"Sold 775,506.87 Units Of 775,506.87 -775,506.87 First Am Govt Ob Fd Cl X Trade Date 6/15/21","782,191.82"
06/15/21,Purchase,"Purchased 553,328.75 Units Of -782,191.82 782,191.82 British Pound Trade Date 6/11/21 Value Date 6/15/21 Book Value 553,328.75 GBP Traded At 0.707408 GBP To 1 USD Valued At 0.707408 GBP For 782,191.82 USD Net Cost 782,191.82 USD 553,328.75 Units At 1 GBP Fx7053840-Aset",0.00
06/15/21,Purchase,"Purchased 325,000 Shares Of -782,572.37 782,572.37 Boku Inc Net Cost 553,328.75 GBP Trade Date 6/11/21 Purchased Through Jpmsgb2l Jp Morgan Sec London Paid 828.75 GBP Brokerage Purchased On The London Stock Exchange Book Value 553,328.75 GBP Valued At 0.707064 GBP For 782,572.37 USD Fed Tax Cost Reduction 782,191.82- USD Fed ST Currency Gain Of 380.55 USD 325,000 Shares At 1.7 GBP -553,328.75 British Pound 99999GBP3 Comture Corp 7.75 JPY/Share On 22,080 Shares Due 6/16/21 Received 171,120 JPY Valued At 110.2 JPY For 1,552.81 USD Comture Corp Non-USD Taxes 26,207 JPY Valued At 110.2 JPY For 237.81 USD 15.3150000% Foreign Taxes Withheld 13523 00- -A -UC-UZ -001-04","-782,572.37"
06/16/21,Sale,"Sold 144,913.00 Units Of 1,315.00 -1,315.00 Yen Trade Date 6/16/21 Value Date 6/16/21 Book Value 144,913 JPY Traded At 110.2 JPY To 1 USD Valued At 110.2 JPY For 1,315.00 USD Net Proceeds 1,315.00 USD Repatriating Comture Corp Transfer To Income Comture Corp Repatriating Comture Corp Transfer From Principal Comture Corp Repatriating Comture Corp Transfer From Another Account Transfer From Another Account","2,630.00"
06/16/21,Purchase,"Purchased 105,227.82 Units Of -105,227.82 105,227.82 First Am Govt Ob Fd Cl X Trade Date 6/16/21","2,680.00"
06/16/21,Purchase,"Purchased 50 Units Of -50.00 50.00 First Am Govt Ob Fd Cl X Trade Date 6/16/21 144,913 Yen 99999JPY3 Transfer From Another Account 13523 00- -A -UC-UZ -001-04","2,630.00"
06/17/21,Purchase,"Purchased 41,455.69 Units Of -41,455.69 41,455.69 First Am Govt Ob Fd Cl X Trade Date 6/17/21",0.00
06/18/21,Purchase,"Purchased 1,005,271.29 Units Of -1,005,271.29 1,005,271.29 First Am Govt Ob Fd Cl X Trade Date 6/18/21","-1,008,768.53"
06/18/21,Sale,"Sold 244,967.42 Units Of 244,967.42 -244,967.42 First Am Govt Ob Fd Cl X Trade Date 6/18/21","-763,801.11"
06/18/21,Purchase,"Purchased 15,000 Shares Of -413,532.08 413,532.08 Pva Tepla Ag Net Cost 413,532.08 USD Trade Date 6/16/21 Purchased Through Jpmsgb2leql Jp Morgan Eq Lndn Paid 206.67 USD Brokerage Purchased On The Boerse Frankfurt - Regulierter Book Value 341,420.63 EUR Traded At 0.82562066 EUR To 1 USD Valued At 0.82562066 EUR For 413,532.08 USD 15,000 Shares At 22.75 EUR 13523 00- -A -UC-UZ -001-04","-1,177,333.19"
06/18/21,Purchase,"Purchased 10,000 Shares Of -76,937.90 76,937.90 Musti Group Oy Net Cost 76,937.90 USD Trade Date 6/16/21 Purchased Through Jpmsgb2l Jp Morgan Sec London Paid 38.45 USD Brokerage Purchased On The Omx Nordic Exchange Helsinki O Book Value 63,491.12 EUR Traded At 0.82522554 EUR To 1 USD Valued At 0.82522554 EUR For 76,937.90 USD 10,000 Shares At 6.345939 EUR","-1,254,271.09"
06/18/21,Sale,"Sold 75,000 Shares Of 1,254,271.09 -748,357.50 Blackberry Ltd Trade Date 6/8/21 Sold Through J.P. Morgan Securities LLC Paid 750.00 USD Brokerage Paid 6.41 USD Sec Fee 75,000 Shares At 16.7337 USD Transfer From Another Account",0.00
06/21/21,Sale,"Sold 272,669.94 Units Of 272,669.94 -272,669.94 First Am Govt Ob Fd Cl X Trade Date 6/21/21 13523 00- -A -UC-UZ -001-04","288,750.49"
06/21/21,Purchase,"Purchased 7,950 Shares Of -288,750.49 293,620.20 Musti Group Oy Net Cost 288,750.49 USD Trade Date 6/17/21 Purchased Through Jpmsgb2l Jp Morgan Sec London Paid 144.30 USD Brokerage Purchased On The Omx Nordic Exchange Helsinki O Book Value 242,281.00 EUR Traded At 0.83906696 EUR To 1 USD Valued At 0.825151 EUR For 293,620.20 USD 7,950 Shares At 30.46036701 EUR Transfer From Another Account",0.00
06/22/21,Purchase,"Purchased 45,852.94 Units Of -45,852.94 45,852.94 First Am Govt Ob Fd Cl X Trade Date 6/22/21",0.00
06/23/21,Sale,"Reversal- 10,000 Shares Of 76,937.90 -76,937.90 Musti Group Oy Net Proceeds 76,937.90 USD Trade Date 6/16/21 Sold Through Jpmsgb2l Jp Morgan Sec London Paid 38.45- USD Brokerage Sold On The Omx Nordic Exchange Helsinki O Book Value 63,491.12 EUR Local Proceeds 63,491.12 EUR Traded At 0.82522554 EUR To 1 USD Valued At 0.82522554 EUR For 76,937.90 USD 10,000 Shares At 6.345939 EUR Reversal It-1983347 Transfer From Another Account","76,937.90"
06/23/21,Purchase,"Purchased 12,260.23 Units Of -12,260.23 12,260.23 First Am Govt Ob Fd Cl X Trade Date 6/23/21","76,937.90"
06/23/21,Purchase,"Purchased 76,937.9 Units Of -76,937.90 76,937.90 First Am Govt Ob Fd Cl X Trade Date 6/23/21 13523 00- -A -UC-UZ -001-04",0.00
06/23/21,Sale,"Sold 76,937.9 Units Of 76,937.90 -76,937.90 First Am Govt Ob Fd Cl X Trade Date 6/23/21","76,937.90"
06/23/21,Purchase,"Purchased 7,950 Shares Of -288,750.49 288,750.49 Musti Group Oy Net Cost 288,750.49 USD Trade Date 6/17/21 Purchased Through Jpmsgb2l Jp Morgan Sec London Paid 121.08 USD Brokerage Purchased On The Omx Nordic Exchange Helsinki O Book Value 238,262.76 EUR Traded At 0.825151 EUR To 1 USD Valued At 0.825151 EUR For 288,750.49 USD 7,950 Shares At 29.95759073 EUR","-211,812.59"
06/23/21,Purchase,"Purchased 2,050 Shares Of -76,937.90 76,890.25 Musti Group Oy Net Cost 76,937.90 USD Trade Date 6/16/21 Purchased Through Jpmsgb2l Jp Morgan Sec London Paid 31.73 USD Brokerage Purchased On The Omx Nordic Exchange Helsinki O Book Value 63,446.07 EUR Traded At 0.82464 EUR To 1 USD Valued At 0.825151 EUR For 76,890.25 USD 2,050 Shares At 30.93653855 EUR Transfer From Another Account","-288,750.49"
06/24/21,Purchase,"Purchased 673,158.14 Units Of -673,158.14 673,158.14 First Am Govt Ob Fd Cl X Trade Date 6/24/21 13523 00- -A -UC-UZ -001-04","-944,061.78"
06/24/21,Sale,"Sold 15,000 Shares Of 291,431.34 -260,235.35 Adevinta Asa B Net Proceeds 291,431.34 USD Trade Date 6/22/21 Sold Through Jpmsgb2l Jp Morgan Sec London Paid 145.79 USD Brokerage Sold On The Oslo Bors Asa Book Value 1,768,348.30 NOK Local Proceeds 2,501,734.01 NOK Traded At 8.58429986 NOK To 1 USD Valued At 8.58429986 NOK For 291,431.34 USD 15,000 Shares At 166.8657 NOK","-652,630.44"
06/24/21,Sale,"Sold 30,000 Shares Of 363,879.95 -182,579.20 Dustin Group Ab Net Proceeds 363,879.95 USD Trade Date 6/22/21 Sold Through Jpmsgb2l Jp Morgan Sec London Paid 182.03 USD Brokerage Book Value 2,032,871.08 SEK Local Proceeds 3,098,365.04 SEK Traded At 8.51480011 SEK To 1 USD Valued At 8.51480011 SEK For 363,879.95 USD 30,000 Shares At 103.3305 SEK","-288,750.49"
06/25/21,Sale,"Reversal- 7,950 Shares Of 288,750.49 -288,750.49 Musti Group Oy Net Proceeds 288,750.49 USD Trade Date 6/17/21 Sold Through Jpmsgb2l Jp Morgan Sec London Paid 121.08- USD Brokerage Sold On The Omx Nordic Exchange Helsinki O Book Value 238,262.76 EUR Local Proceeds 238,262.76 EUR Traded At 0.825151 EUR To 1 USD Valued At 0.825151 EUR For 288,750.49 USD 7,950 Shares At 29.95759073 EUR Reversal It-1985818 Learning Technologies Group 0.005 GBP/Share On 350,000 Shares Due 6/25/21 Received 1,750.00 GBP Valued At 0.720456 GBP For 2,429.02 USD 13523 00- -A -UC-UZ -001-04",0.00
06/25/21,Sale,"Sold 1,750.00 Units Of 2,429.02 -2,429.02 British Pound Trade Date 6/25/21 Value Date 6/25/21 Book Value 1,750.00 GBP Traded At 0.720456 GBP To 1 USD Valued At 0.720456 GBP For 2,429.02 USD Net Proceeds 2,429.02 USD Repatriating Learning Technologies Group Transfer To Income Learning Technologies Group Repatriating Learning Technologies Group Transfer From Principal Learning Technologies Group Repatriating Learning Technologies Group","4,858.04"
06/25/21,Purchase,"Purchased 288,750.49 Units Of -288,750.49 288,750.49 First Am Govt Ob Fd Cl X Trade Date 6/25/21","-343,543.59"
06/25/21,Purchase,"Purchased 172,063.34 Units Of -172,063.34 172,063.34 First Am Govt Ob Fd Cl X Trade Date 6/25/21","-515,606.93"
06/25/21,Sale,"Sold 5,000 Shares Of 239,290.99 -157,434.25 Amplifon Spa Net Proceeds 239,290.99 USD Trade Date 6/23/21 Sold Through Jpmsgb2l Jp Morgan Sec London Paid 119.70 USD Brokerage Book Value 144,004.03 EUR Local Proceeds 200,241.83 EUR Traded At 0.83681308 EUR To 1 USD Valued At 0.83681308 EUR For 239,290.99 USD 5,000 Shares At 40.0684 EUR 13523 00- -A -UC-UZ -001-04","-276,315.94"
06/25/21,Sale,"Sold 600 Shares Of 281,173.98 -228,835.48 Alk Abello A S Net Proceeds 281,173.98 USD Trade Date 6/23/21 Sold Through Jpmsgb2leql Jp Morgan Eq Lndn Paid 140.66 USD Brokerage Book Value 1,057,871.49 DKK Local Proceeds 1,748,677.22 DKK Traded At 6.21920001 DKK To 1 USD Valued At 6.21920001 DKK For 281,173.98 USD 600 Shares At 2,915.92 DKK 1,750.00 British Pound 99999GBP3 Japan Elevator Ser 12 JPY/Share On 21,000 Shares Due 6/28/21 Received 252,000 JPY Valued At 110.93 JPY For 2,271.70 USD Japan Elevator Ser Non-USD Taxes 38,594 JPY Valued At 110.93 JPY For 347.91 USD 15.3150000% Foreign Taxes Withheld","4,858.04"
06/28/21,Sale,"Sold 213,406.00 Units Of 1,923.79 -1,923.79 Yen Trade Date 6/28/21 Value Date 6/28/21 Book Value 213,406 JPY Traded At 110.93 JPY To 1 USD Valued At 110.93 JPY For 1,923.79 USD Net Proceeds 1,923.79 USD Repatriating Japan Elevator Ser Transfer To Income Japan Elevator Ser Repatriating Japan Elevator Ser 13523 00- -A -UC-UZ -001-04","6,276.60"
06/28/21,Sale,"Sold 102,130.00 Units Of 920.67 -920.67 Yen Trade Date 6/28/21 Value Date 6/28/21 Book Value 102,130 JPY Traded At 110.93 JPY To 1 USD Valued At 110.93 JPY For 920.67 USD Net Proceeds 920.67 USD Repatriating Jeol Ltd Transfer To Income Jeol Ltd Repatriating Jeol Ltd Transfer From Principal Jeol Ltd Repatriating Jeol Ltd","8,117.94"
06/28/21,Purchase,"Purchased 906.39 Units Of -906.39 906.39 First Am Govt Ob Fd Cl X Trade Date 6/28/21 213,406 Yen 99999JPY3 102,130 Yen 99999JPY3 Stmicroelectronics N V 0.06 USD/Share On 10,100 Shares Due 6/29/21 15.0000000% Foreign Taxes Withheld Non-USD Taxes Stmicroelectronics N V Dermapharm Hldg 0.88 EUR/Share On 8,000 Shares Due 6/28/21 Received 7,040.00 EUR Valued At 0.839625 EUR For 8,384.70 USD","5,688.92"
06/29/21,Sale,"Sold 7,040.00 Units Of 8,384.70 -8,384.70 Euro Trade Date 6/28/21 Value Date 6/29/21 Book Value 7,040.00 EUR Traded At 0.839625 EUR To 1 USD Valued At 0.839625 EUR For 8,384.70 USD Net Proceeds 8,384.70 USD Repatriating Dermapharm Hldg Transfer To Income Dermapharm Hldg Repatriating Dermapharm Hldg 13523 00- -A -UC-UZ -001-04","20,128.96"
06/29/21,Purchase,"Purchased 791,777.59 Units Of -791,777.59 791,777.59 First Am Govt Ob Fd Cl X Trade Date 6/29/21","-658,958.99"
06/29/21,Purchase,"Purchased 8,899.8 Units Of -8,899.80 8,899.80 First Am Govt Ob Fd Cl X Trade Date 6/29/21","-667,858.79"
06/29/21,Sale,"Sold 50,000 Shares Of 129,451.40 -112,535.20 Learning Technologies Group Net Proceeds 93,164.04 GBP Trade Date 6/25/21 Sold Through Crst 871 Paid 139.96 GBP Brokerage Paid 1.00 GBP Misc Fee1 Sold On The London Stock Exchange Book Value 59,522.03 GBP Valued At 0.7196835 GBP For 129,451.40 USD Fed Tax Cost Of Proceeds 50,000 Shares At 1.8661 GBP","-538,407.39"
06/29/21,Sale,"Sold 100 Shares Of 400,377.86 -192,496.97 Interroll Holding Ag Net Proceeds 367,947.25 CHF Trade Date 6/25/21 Sold Through Parbfrpp Banque Paribas Fr Paid 552.75 CHF Brokerage Book Value 193,739.99 CHF Valued At 0.919 CHF For 400,377.86 USD Fed Tax Cost Of Proceeds 100 Shares At 3,685 CHF 13523 00- -A -UC-UZ -001-04","-138,029.53"
06/29/21,Sale,"Sold 25,000 Shares Of 146,370.94 -134,668.86 Ds Smith Plc Net Proceeds 105,340.75 GBP Trade Date 6/25/21 Sold Through Crst 871 Paid 158.25 GBP Brokerage Paid 1.00 GBP Misc Fee1 Sold On The London Stock Exchange Book Value 91,282.88 GBP Valued At 0.7196835 GBP For 146,370.94 USD Fed Tax Cost Of Proceeds 25,000 Shares At 4.22 GBP","8,341.41"
06/29/21,Sale,"Sold 93,164.04 Units Of 129,275.46 -129,451.41 British Pound Trade Date 6/25/21 Value Date 6/29/21 Book Value 93,164.04 GBP Traded At 0.72066299 GBP To 1 USD Valued At 0.72066299 GBP For 129,275.46 USD Net Proceeds 129,275.46 USD Fed ST Currency Loss On GBP Of 175.94- USD Fx7073702-Aset","137,616.87"
06/29/21,Sale,"Sold 367,947.25 Units Of 400,806.58 -400,377.86 Swiss Franc Trade Date 6/25/21 Value Date 6/29/21 Book Value 367,947.25 CHF Traded At 0.91801699 CHF To 1 USD Valued At 0.91801699 CHF For 400,806.58 USD Net Proceeds 400,806.58 USD Fed ST Currency Gain On CHF Of 428.72 USD Fx7073710-Aset 13523 00- -A -UC-UZ -001-04","538,423.45"
06/29/21,Sale,"Sold 105,340.75 Units Of 146,161.45 -146,370.93 British Pound Trade Date 6/25/21 Value Date 6/29/21 Book Value 105,340.75 GBP Traded At 0.720715 GBP To 1 USD Valued At 0.720715 GBP For 146,161.45 USD Net Proceeds 146,161.45 USD Fed ST Currency Loss On GBP Of 209.48- USD Fx7073715-Aset 7,040.00 Euro 99999EUR3 93,164.04 British Pound 99999GBP3 367,947.25 Swiss Franc 99999CHF8 105,340.75 British Pound 99999GBP3 Disco Corporation 561 JPY/Share On 1,960 Shares Due 6/30/21 Received 1,099,560 JPY Valued At 110.6 JPY For 9,941.77 USD Disco Corporation Non-USD Taxes 168,398 JPY Valued At 110.6 JPY For 1,522.58 USD 15.3150000% Foreign Taxes Withheld 13523 00- -A -UC-UZ -001-04","684,584.90"
06/30/21,Sale,"Sold 931,162.00 Units Of 8,419.19 -8,419.19 Yen Trade Date 6/30/21 Value Date 6/30/21 Book Value 931,162 JPY Traded At 110.6 JPY To 1 USD Valued At 110.6 JPY For 8,419.19 USD Net Proceeds 8,419.19 USD Repatriating Disco Corporation Transfer To Income Disco Corporation Repatriating Disco Corporation Transfer From Principal Disco Corporation Repatriating Disco Corporation Transfer From Another Account","16,838.38"
06/30/21,Purchase,"Purchased 190,788.42 Units Of -190,788.42 190,788.42 First Am Govt Ob Fd Cl X Trade Date 6/30/21","275,152.39"
06/30/21,Purchase,"Purchased 8,419.19 Units Of -8,419.19 8,419.19 First Am Govt Ob Fd Cl X Trade Date 6/30/21 13523 00- -A -UC-UZ -001-04","266,733.20"
06/30/21,Purchase,"Purchased 12,000 Shares Of -258,314.01 258,314.01 Raccoon Holdings I Npv Net Cost 258,314.01 USD Trade Date 6/28/21 Purchased Through Jpmsgb2l Jp Morgan Sec London Paid 129.09 USD Brokerage Purchased On The Japan Exchange Group Book Value 28,631,008 JPY Traded At 110.838 JPY To 1 USD Valued At 110.838 JPY For 258,314.01 USD 12,000 Shares At 2,384.725 JPY 931,162 Yen 99999JPY3 Vitec Software Group Ab B Sh 0.41 SEK/Share On 10,100 Shares Due 6/30/21 Received 4,141.00 SEK Valued At 8.51881 SEK For 486.10 USD Vitec Software Group Ab B Sh Non-USD Taxes 1,242.30 SEK Valued At 8.51881 SEK For 145.83 USD 30.0000000% Foreign Taxes Withheld","8,419.19"
07/01/21,Sale,"Sold 2,898.70 Units Of 340.27 -340.27 Swedish Krona Trade Date 6/30/21 Value Date 7/1/21 Book Value 2,898.70 SEK Traded At 8.51881 SEK To 1 USD Valued At 8.51881 SEK For 340.27 USD Net Proceeds 340.27 USD Repatriating Vitec Software Group Ab B Sh Transfer To Income Vitec Software Group Ab B Sh Repatriating Vitec Software Group Ab B Sh 13523 00- -A -UC-UZ -001-04",680.54
07/01/21,Purchase,"Purchased 16,597.87 Units Of -16,597.87 16,597.87 First Am Govt Ob Fd Cl X Trade Date 7/1/21 First Am Govt Ob Fd Cl X Interest From 6/1/21 To 6/30/21 2,898.70 Swedish Krona 99999SEK5 Transfer From Another Account",680.54
07/02/21,Purchase,"Purchased 223,337.21 Units Of -223,337.21 223,337.21 First Am Govt Ob Fd Cl X Trade Date 7/2/21 13523 00- -A -UC-UZ -001-04","-210,768.75"
07/02/21,Sale,"Sold 11,000 Shares Of 210,768.75 -178,223.82 Adevinta Asa B Net Proceeds 210,768.75 USD Trade Date 6/30/21 Sold Through Jpmsgb2l Jp Morgan Sec London Paid 105.44 USD Brokerage Sold On The Oslo Bors Asa Book Value 1,296,788.76 NOK Local Proceeds 1,806,456.82 NOK Traded At 8.57080008 NOK To 1 USD Valued At 8.57080008 NOK For 210,768.75 USD 11,000 Shares At 164.3055 NOK Eurofins Scientific 0.68 EUR/Share On 4,000 Shares Due 7/5/21 Received 2,720.00 EUR Valued At 0.845655 EUR For 3,216.44 USD Eurofins Scientific Non-USD Taxes 408.00 EUR Valued At 0.845655 EUR For 482.46 USD 15.0000000% Foreign Taxes Withheld",0.00
07/06/21,Sale,"Sold 2,312.00 Units Of 2,733.98 -2,733.98 Euro Trade Date 7/5/21 Value Date 7/6/21 Book Value 2,312.00 EUR Traded At 0.845655 EUR To 1 USD Valued At 0.845655 EUR For 2,733.98 USD Net Proceeds 2,733.98 USD Repatriating Eurofins Scientific Transfer To Income Eurofins Scientific Repatriating Eurofins Scientific Transfer From Principal Eurofins Scientific Repatriating Eurofins Scientific 13523 00- -A -UC-UZ -001-04","5,467.96"
07/06/21,Purchase,"Purchased 10,056.29 Units Of -10,056.29 10,056.29 First Am Govt Ob Fd Cl X Trade Date 7/6/21","-92,537.47"
07/06/21,Sale,"Sold 95,271.45 Units Of 95,271.45 -95,271.45 First Am Govt Ob Fd Cl X Trade Date 7/6/21 2,312.00 Euro 99999EUR3 Fnac Darty 1.00 EUR/Share On 9,000 Shares Due 7/7/21 Received 9,000.00 EUR Valued At 0.846155 EUR For 10,636.35 USD Fnac Darty Non-USD Taxes 2,385.00 EUR Valued At 0.846155 EUR For 2,818.63 USD 26.5000000% Foreign Taxes Withheld","2,733.98"
07/07/21,Sale,"Sold 6,615.00 Units Of 7,817.72 -7,817.72 Euro Trade Date 7/7/21 Value Date 7/7/21 Book Value 6,615.00 EUR Traded At 0.846155 EUR To 1 USD Valued At 0.846155 EUR For 7,817.72 USD Net Proceeds 7,817.72 USD Repatriating Fnac Darty Transfer To Income Fnac Darty Repatriating Fnac Darty 13523 00- -A -UC-UZ -001-04","15,635.44"
07/07/21,Purchase,"Purchased 231,298.84 Units Of -231,298.84 231,298.84 First Am Govt Ob Fd Cl X Trade Date 7/7/21","16,584.64"
07/07/21,Purchase,"Purchased 7,817.72 Units Of -7,817.72 7,817.72 First Am Govt Ob Fd Cl X Trade Date 7/7/21 6,615.00 Euro 99999EUR3 Transfer From Another Account","8,766.92"
07/08/21,Purchase,"Purchased 39,341.25 Units Of -39,341.25 39,341.25 First Am Govt Ob Fd Cl X Trade Date 7/8/21 Transfer From Another Account",0.00
07/09/21,Purchase,"Purchased 26,971.39 Units Of -26,971.39 26,971.39 First Am Govt Ob Fd Cl X Trade Date 7/9/21 Transfer From Another Account",0.00
07/12/21,Sale,"Sold 19,683.04 Units Of 19,683.04 -19,683.04 First Am Govt Ob Fd Cl X Trade Date 7/12/21 Pets At Home Group Plc 0.055 GBP/Share On 70,000 Shares Due 7/13/21 Received 3,850.00 GBP Valued At 0.723005 GBP For 5,325.00 USD",0.00
07/13/21,Sale,"Sold 3,850.00 Units Of 5,325.00 -5,325.00 British Pound Trade Date 7/13/21 Value Date 7/13/21 Book Value 3,850.00 GBP Traded At 0.723005 GBP To 1 USD Valued At 0.723005 GBP For 5,325.00 USD Net Proceeds 5,325.00 USD Repatriating Pets At Home Group Plc Transfer To Income Pets At Home Group Plc Repatriating Pets At Home Group Plc Transfer From Principal Pets At Home Group Plc Repatriating Pets At Home Group Plc Transfer From Another Account","10,650.00"
07/13/21,Purchase,"Purchased 43,401.02 Units Of -43,401.02 43,401.02 First Am Govt Ob Fd Cl X Trade Date 7/13/21 13523 00- -A -UC-UZ -001-04","10,650.00"
07/13/21,Purchase,"Purchased 5,325 Units Of -5,325.00 5,325.00 First Am Govt Ob Fd Cl X Trade Date 7/13/21 3,850.00 British Pound 99999GBP3","5,325.00"
07/14/21,Sale,"Sold 106,885.62 Units Of 106,885.62 -106,885.62 First Am Govt Ob Fd Cl X Trade Date 7/14/21 Taiwan Semiconductor A D R 0.445601 USD/Share On 6,050 Shares Due 7/15/21 21.0000000% Foreign Taxes Withheld Non-USD Taxes Taiwan Semiconductor A D R Transfer From Another Account",0.00
07/15/21,Purchase,"Purchased 7,605.78 Units Of -7,605.78 7,605.78 First Am Govt Ob Fd Cl X Trade Date 7/15/21 Transfer From Another Account","2,129.75"
07/16/21,Purchase,"Purchased 174,135.43 Units Of -174,135.43 174,135.43 First Am Govt Ob Fd Cl X Trade Date 7/16/21 Transfer From Another Account",0.00
07/19/21,Purchase,"Purchased 57,852.73 Units Of -57,852.73 57,852.73 First Am Govt Ob Fd Cl X Trade Date 7/19/21 Transfer From Another Account",0.00
07/20/21,Purchase,"Purchased 30,137.73 Units Of -30,137.73 30,137.73 First Am Govt Ob Fd Cl X Trade Date 7/20/21 Transfer From Another Account 13523 00- -A -UC-UZ -001-04",0.00
07/21/21,Purchase,"Purchased 61,165.74 Units Of -61,165.74 61,165.74 First Am Govt Ob Fd Cl X Trade Date 7/21/21 Transfer From Another Account",0.00
07/22/21,Sale,"Sold 37,255.15 Units Of 37,255.15 -37,255.15 First Am Govt Ob Fd Cl X Trade Date 7/22/21","147,521.28"
07/22/21,Purchase,"Purchased 20,000 Shares Of -147,521.28 147,521.28 Tobii Ab Net Cost 147,521.28 USD Trade Date 7/20/21 Purchased Through Jpmsgb2l Jp Morgan Sec London Paid 73.72 USD Brokerage Book Value 1,284,866.11 SEK Traded At 8.7097 SEK To 1 USD Valued At 8.7097 SEK For 147,521.28 USD 20,000 Shares At 64.2112 SEK",0.00
07/23/21,Sale,"Sold 2,462,431.69 Units Of 2,462,431.69 -2,462,431.69 First Am Govt Ob Fd Cl X Trade Date 7/23/21","458,983.80"
07/23/21,Purchase,"Purchased 100,000 Shares Of -458,983.80 458,983.80 Kahoot Asa Net Cost 458,983.80 USD Trade Date 7/21/21 Purchased Through Jpmsgb2l Jp Morgan Sec London Paid 229.38 USD Brokerage Purchased On The Norwegian Over The Counter Mar Book Value 4,090,234.10 NOK Traded At 8.9115 NOK To 1 USD Valued At 8.9115 NOK For 458,983.80 USD 100,000 Shares At 40.8819 NOK 13523 00- -A -UC-UZ -001-04",0.00
07/26/21,Purchase,"Purchased 298,530.71 Units Of -298,530.71 298,530.71 First Am Govt Ob Fd Cl X Trade Date 7/26/21 Raccoon Holdings I Npv 9 JPY/Share On 14,000 Shares Due 7/26/21 Received 126,000 JPY Valued At 110.64 JPY For 1,138.83 USD Raccoon Holdings I Npv Non-USD Taxes 19,297 JPY Valued At 110.64 JPY For 174.41 USD 15.3150000% Foreign Taxes Withheld",0.00
07/27/21,Sale,"Sold 106,703.00 Units Of 964.42 -964.42 Yen Trade Date 7/26/21 Value Date 7/27/21 Book Value 106,703 JPY Traded At 110.64 JPY To 1 USD Valued At 110.64 JPY For 964.42 USD Net Proceeds 964.42 USD Repatriating Raccoon Holdings I Npv Transfer To Income Raccoon Holdings I Npv Repatriating Raccoon Holdings I Npv Transfer From Principal Raccoon Holdings I Npv Repatriating Raccoon Holdings I Npv Transfer From Another Account 13523 00- -A -UC-UZ -001-04","1,928.84"
07/27/21,Purchase,"Purchased 114,672.51 Units Of -114,672.51 114,672.51 First Am Govt Ob Fd Cl X Trade Date 7/27/21","220,483.28"
07/27/21,Purchase,Purchased 964.42 Units Of -964.42 964.42 First Am Govt Ob Fd Cl X Trade Date 7/27/21,"219,518.86"
07/27/21,Purchase,"Purchased 10,000 Shares Of -218,554.44 218,554.44 Boozt Ab Net Cost 218,554.44 USD Trade Date 7/23/21 Purchased Through Jpmsgb2l Jp Morgan Sec London Paid 109.22 USD Brokerage Book Value 1,900,352.70 SEK Traded At 8.69509995 SEK To 1 USD Valued At 8.69509995 SEK For 218,554.44 USD 10,000 Shares At 189.9403 SEK 106,703 Yen 99999JPY3",964.42
07/28/21,Sale,"Sold 63,358.01 Units Of 63,358.01 -63,358.01 First Am Govt Ob Fd Cl X Trade Date 7/28/21",0.00
07/29/21,Sale,"Sold 44,744.64 Units Of 44,744.64 -44,744.64 First Am Govt Ob Fd Cl X Trade Date 7/29/21 Transfer From Another Account 13523 00- -A -UC-UZ -001-04",0.00
07/30/21,Purchase,"Purchased 35,960.39 Units Of -35,960.39 35,960.39 First Am Govt Ob Fd Cl X Trade Date 7/30/21",0.00
08/02/21,Sale,"Sold 3,254.41 Units Of 3,254.41 -3,254.41 First Am Govt Ob Fd Cl X Trade Date 8/2/21",0.00
08/02/21,Sale,"Sold 454,354.76 Units Of 454,354.76 -454,354.76 First Am Govt Ob Fd Cl X Trade Date 8/2/21","454,354.76"
08/02/21,Purchase,"Purchased 20,000 Shares Of -454,354.76 454,354.76 Materialise Nv A D R Trade Date 7/29/21 Purchased Through Stonex Financial Inc. Paid 600.00 USD Brokerage Purchased On The OTC Bulletin Board 20,000 Shares At 22.687738 USD First Am Govt Ob Fd Cl X Interest From 7/1/21 To 7/31/21 Transfer From Another Account",0.00
08/03/21,Purchase,"Purchased 3,533.98 Units Of -3,533.98 3,533.98 First Am Govt Ob Fd Cl X Trade Date 8/3/21 Transfer From Another Account 13523 00- -A -UC-UZ -001-04",0.00
08/04/21,Purchase,"Purchased 171,419.75 Units Of -171,419.75 171,419.75 First Am Govt Ob Fd Cl X Trade Date 8/4/21 Transfer From Another Account",0.00
08/05/21,Sale,"Sold 131,511.46 Units Of 131,511.46 -131,511.46 First Am Govt Ob Fd Cl X Trade Date 8/5/21","266,149.62"
08/05/21,Purchase,"Purchased 900 Shares Of -266,149.62 266,149.62 Solaredge Technologies Inc Trade Date 8/3/21 Purchased Through J.P. Morgan Securities LLC Paid 9.00 USD Brokerage 900 Shares At 295.7118 USD Transfer From Another Account",0.00
08/06/21,Purchase,"Purchased 95,027.59 Units Of -95,027.59 95,027.59 First Am Govt Ob Fd Cl X Trade Date 8/6/21 Transfer From Another Account 13523 00- -A -UC-UZ -001-04",0.00
08/09/21,Purchase,"Purchased 10,877.71 Units Of -10,877.71 10,877.71 First Am Govt Ob Fd Cl X Trade Date 8/9/21 Transfer From Another Account",0.00
08/10/21,Purchase,"Purchased 24,755.92 Units Of -24,755.92 24,755.92 First Am Govt Ob Fd Cl X Trade Date 8/10/21 Transfer From Another Account",0.00
08/11/21,Purchase,"Purchased 31,748.31 Units Of -31,748.31 31,748.31 First Am Govt Ob Fd Cl X Trade Date 8/11/21 Transfer From Another Account",0.00
08/12/21,Purchase,"Purchased 16,848.93 Units Of -16,848.93 16,848.93 First Am Govt Ob Fd Cl X Trade Date 8/12/21 Transfer From Another Account",0.00
08/13/21,Purchase,"Purchased 856,485.55 Units Of -856,485.55 856,485.55 First Am Govt Ob Fd Cl X Trade Date 8/13/21 13523 00- -A -UC-UZ -001-04","-759,620.48"
08/13/21,Sale,"Sold 5,000 Shares Of 302,722.74 -204,384.89 Hugo Boss Ag Net Proceeds 258,306.96 EUR Trade Date 8/11/21 Sold Through Parbdeff Bnp Paribas Frankfurt Paid 388.04 EUR Brokerage Book Value 171,819.87 EUR Valued At 0.853279 EUR For 302,722.74 USD Fed Tax Cost Of Proceeds 5,000 Shares At 51.739 EUR","-456,897.74"
08/13/21,Sale,"Sold 11,060 Shares Of 455,734.03 -187,953.18 Infineon Technologies A G Net Proceeds 388,868.28 EUR Trade Date 8/11/21 Sold Through Parbfrpp Banque Paribas Fr Paid 584.18 EUR Brokerage Sold On The Deutsche Boerse Ag Book Value 171,698.35 EUR Valued At 0.853279 EUR For 455,734.03 USD Fed Tax Cost Of Proceeds 11,060 Shares At 35.2127 EUR","-1,163.71"
08/13/21,Sale,"Sold 258,306.96 Units Of 302,768.52 -302,722.74 Euro Trade Date 8/12/21 Value Date 8/13/21 Book Value 258,306.96 EUR Traded At 0.85314999 EUR To 1 USD Valued At 0.85314999 EUR For 302,768.52 USD Net Proceeds 302,768.52 USD Fed ST Currency Gain On EUR Of 45.78 USD Fx7137415-Aset 13523 00- -A -UC-UZ -001-04","301,604.81"
08/13/21,Sale,"Sold 388,868.28 Units Of 456,851.96 -455,734.03 Euro Trade Date 8/13/21 Value Date 8/13/21 Book Value 388,868.28 EUR Traded At 0.85119101 EUR To 1 USD Valued At 0.85119101 EUR For 456,851.96 USD Net Proceeds 456,851.96 USD Fed ST Currency Gain On EUR Of 1,117.93 USD Fx7137741-Aset 258,306.96 Euro 99999EUR3 388,868.28 Euro 99999EUR3 Transfer From Another Account","758,456.77"
08/16/21,Purchase,"Purchased 2,543,694.48 Units Of -2,543,694.48 2,543,694.48 First Am Govt Ob Fd Cl X Trade Date 8/16/21","-279,377.27"
08/16/21,Sale,"Sold 600 Shares Of 279,377.27 -188,490.28 Alk Abello A S Net Proceeds 279,377.27 USD Trade Date 8/12/21 Sold Through Jpmsgb2leql Jp Morgan Eq Lndn Paid 139.76 USD Brokerage Book Value 1,057,871.49 DKK Local Proceeds 1,771,223.96 DKK Traded At 6.33990002 DKK To 1 USD Valued At 6.33990002 DKK For 279,377.27 USD 600 Shares At 2,953.5167 DKK 13523 00- -A -UC-UZ -001-04",0.00
08/17/21,Purchase,"Purchased 59,549.93 Units Of -59,549.93 59,549.93 First Am Govt Ob Fd Cl X Trade Date 8/17/21",0.00
08/18/21,Sale,"Sold 69,813.29 Units Of 69,813.29 -69,813.29 First Am Govt Ob Fd Cl X Trade Date 8/18/21 Transfer From Another Account",0.00
08/19/21,Purchase,"Purchased 38,087.55 Units Of -38,087.55 38,087.55 First Am Govt Ob Fd Cl X Trade Date 8/19/21 Transfer From Another Account",0.00
08/20/21,Purchase,"Purchased 5,030.87 Units Of -5,030.87 5,030.87 First Am Govt Ob Fd Cl X Trade Date 8/20/21 Transfer From Another Account 13523 00- -A -UC-UZ -001-04",0.00
08/23/21,Purchase,"Purchased 479,274.62 Units Of -479,274.62 479,274.62 First Am Govt Ob Fd Cl X Trade Date 8/23/21","-352,464.57"
08/23/21,Sale,"Sold 1,000 Shares Of 352,464.57 -269,672.79 Asm International N V Net Proceeds 352,464.57 USD Trade Date 8/19/21 Sold Through Jpmsgb2l Jp Morgan Sec London Paid 176.33 USD Brokerage Book Value 222,365.65 EUR Local Proceeds 301,259.49 EUR Traded At 0.85472276 EUR To 1 USD Valued At 0.85472276 EUR For 352,464.57 USD 1,000 Shares At 301.4102 EUR Umicore 0.25 EUR/Share On 10,030 Shares Due 8/24/21 Received 2,507.50 EUR Valued At 0.852859 EUR For 2,940.11 USD Umicore Non-USD Taxes 752.25 EUR Valued At 0.852859 EUR For 882.03 USD 30.0000000% Foreign Taxes Withheld",0.00
08/24/21,Sale,"Sold 1,755.25 Units Of 2,058.08 -2,058.08 Euro Trade Date 8/24/21 Value Date 8/24/21 Book Value 1,755.25 EUR Traded At 0.852859 EUR To 1 USD Valued At 0.852859 EUR For 2,058.08 USD Net Proceeds 2,058.08 USD Repatriating Umicore Transfer To Income Umicore Repatriating Umicore 13523 00- -A -UC-UZ -001-04","4,116.16"
08/24/21,Purchase,"Purchased 655,481.31 Units Of -655,481.31 655,481.31 First Am Govt Ob Fd Cl X Trade Date 8/24/21","-642,329.17"
08/24/21,Sale,"Sold 5,000 Shares Of 277,763.68 -204,384.88 Hugo Boss Ag Net Proceeds 277,763.68 USD Trade Date 8/20/21 Sold Through Jpmsgb2leql Jp Morgan Eq Lndn Paid 138.95 USD Brokerage Book Value 171,819.86 EUR Local Proceeds 237,927.48 EUR Traded At 0.8565824 EUR To 1 USD Valued At 0.8565824 EUR For 277,763.68 USD 5,000 Shares At 47.6093 EUR 13523 00- -A -UC-UZ -001-04","-364,565.49"
08/24/21,Sale,"Sold 1,000 Shares Of 366,623.57 -268,574.47 Asm International N V Net Proceeds 366,623.57 USD Trade Date 8/20/21 Sold Through Jpmsgb2l Jp Morgan Sec London Paid 183.40 USD Brokerage Book Value 222,365.65 EUR Local Proceeds 314,043.30 EUR Traded At 0.85658241 EUR To 1 USD Valued At 0.85658241 EUR For 366,623.57 USD 1,000 Shares At 314.2004 EUR 1,755.25 Euro 99999EUR3","2,058.08"
08/25/21,Sale,"Sold 74,402.47 Units Of 74,402.47 -74,402.47 First Am Govt Ob Fd Cl X Trade Date 8/25/21 Transfer From Another Account",0.00
08/26/21,Sale,"Sold 170,807.14 Units Of 170,807.14 -170,807.14 First Am Govt Ob Fd Cl X Trade Date 8/26/21","213,535.32"
08/26/21,Purchase,"Purchased 30,000 Shares Of -213,535.32 213,535.32 Tobii Ab Net Cost 213,535.32 USD Trade Date 8/24/21 Purchased Through Jpmsgb2l Jp Morgan Sec London Paid 106.71 USD Brokerage Book Value 1,855,899.49 SEK Traded At 8.69129983 SEK To 1 USD Valued At 8.69129983 SEK For 213,535.32 USD 30,000 Shares At 61.8324 SEK 13523 00- -A -UC-UZ -001-04",0.00
08/27/21,Purchase,"Purchased 2,774.02 Units Of -2,774.02 2,774.02 First Am Govt Ob Fd Cl X Trade Date 8/27/21 Transfer From Another Account",0.00
08/30/21,Purchase,"Purchased 6,257,265.58 Units Of -6,257,265.58 6,257,265.58 First Am Govt Ob Fd Cl X Trade Date 8/30/21","-5,459,749.15"
08/30/21,Sale,"Sold 5,459,749.15 Units Of 5,459,749.15 -5,459,749.15 First Am Govt Ob Fd Cl X Trade Date 8/30/21 Transfer From Another Account",0.00
08/31/21,Purchase,"Purchased 4,335,597.65 Units Of -4,335,597.65 4,335,597.65 First Am Govt Ob Fd Cl X Trade Date 8/31/21","1,130,723.30"
08/31/21,Purchase,"Purchased 900 Shares Of -263,302.20 263,302.20 Solaredge Technologies Inc Trade Date 8/27/21 Purchased Through J.P. Morgan Securities LLC Paid 9.00 USD Brokerage 900 Shares At 292.548 USD 13523 00- -A -UC-UZ -001-04","867,421.10"
08/31/21,Purchase,"Purchased 25,000 Shares Of -283,037.50 283,037.50 Blackberry Ltd Trade Date 8/27/21 Purchased Through J.P. Morgan Securities LLC Paid 250.00 USD Brokerage 25,000 Shares At 11.3115 USD","584,383.60"
08/31/21,Purchase,"Purchased 2,000 Shares Of -237,042.60 237,042.60 Taiwan Semiconductor A D R Trade Date 8/27/21 Purchased Through J.P. Morgan Securities LLC Paid 20.00 USD Brokerage 2,000 Shares At 118.5113 USD","347,341.00"
08/31/21,Purchase,"Purchased 1,000 Shares Of -133,471.00 133,471.00 Jazz Pharmaceuticals Plc Trade Date 8/27/21 Purchased Through J.P. Morgan Securities LLC Paid 10.00 USD Brokerage 1,000 Shares At 133.461 USD","213,870.00"
08/31/21,Purchase,"Purchased 10,000 Shares Of -213,870.00 213,870.00 Materialise Nv A D R Trade Date 8/27/21 Purchased Through J.P. Morgan Securities LLC Paid 100.00 USD Brokerage 10,000 Shares At 21.377 USD Comture Corp 8.25 JPY/Share On 22,080 Shares Due 8/31/21 Received 182,160 JPY Valued At 109.89 JPY For 1,657.66 USD Comture Corp Non-USD Taxes 27,898 JPY Valued At 109.89 JPY For 253.87 USD 15.3150000% Foreign Taxes Withheld 13523 00- -A -UC-UZ -001-04",0.00
09/01/21,Sale,"Sold 154,262.00 Units Of 1,403.79 -1,403.79 Yen Trade Date 8/31/21 Value Date 9/1/21 Book Value 154,262 JPY Traded At 109.89 JPY To 1 USD Valued At 109.89 JPY For 1,403.79 USD Net Proceeds 1,403.79 USD Repatriating Comture Corp Transfer To Income Comture Corp Repatriating Comture Corp Transfer From Principal Comture Corp Repatriating Comture Corp Transfer From Another Account","2,807.58"
09/01/21,Sale,"Sold 2,150,973.9 Units Of 2,150,973.90 -2,150,973.90 First Am Govt Ob Fd Cl X Trade Date 9/1/21","2,162,342.35"
09/01/21,Purchase,"Purchased 24,144 Shares Of -117,961.24 117,961.24 Biocartis Nv Net Cost 117,961.24 USD Trade Date 8/30/21 Purchased Through Jpmsgb2l Jp Morgan Sec London Paid 58.95 USD Brokerage Book Value 100,006.14 EUR Traded At 0.84778812 EUR To 1 USD Valued At 0.84778812 EUR For 117,961.24 USD 24,144 Shares At 4.14 EUR 13523 00- -A -UC-UZ -001-04","2,044,381.11"
09/01/21,Purchase,"Purchased 8,997 Shares Of -361,106.57 361,106.57 Pva Tepla Ag Net Cost 361,106.57 USD Trade Date 8/30/21 Purchased Through Jpmsgb2leql Jp Morgan Eq Lndn Paid 180.46 USD Brokerage Purchased On The Boerse Frankfurt - Regulierter Book Value 306,141.86 EUR Traded At 0.84778812 EUR To 1 USD Valued At 0.84778812 EUR For 361,106.57 USD 8,997 Shares At 34.01010003 EUR","1,683,274.54"
09/01/21,Purchase,"Purchased 3,000 Shares Of -338,237.12 338,237.12 Zalando SE Net Cost 338,237.12 USD Trade Date 8/30/21 Purchased Through Jpmsgb2leql Jp Morgan Eq Lndn Paid 169.04 USD Brokerage Book Value 286,753.41 EUR Traded At 0.84778812 EUR To 1 USD Valued At 0.84778812 EUR For 338,237.12 USD 3,000 Shares At 95.5367 EUR","1,345,037.42"
09/01/21,Purchase,"Purchased 400 Shares Of -194,874.59 194,874.59 Alk Abello A S Net Cost 194,874.59 USD Trade Date 8/30/21 Purchased Through Jpmsgb2leql Jp Morgan Eq Lndn Paid 97.39 USD Brokerage Book Value 1,228,469.93 DKK Traded At 6.30390001 DKK To 1 USD Valued At 6.30390001 DKK For 194,874.59 USD 400 Shares At 3,069.64000002 DKK 13523 00- -A -UC-UZ -001-04","1,150,162.83"
09/01/21,Purchase,"Purchased 5,000 Shares Of -199,122.70 199,122.70 Musti Group Oy Net Cost 199,122.70 USD Trade Date 8/30/21 Purchased Through Jpmsgb2l Jp Morgan Sec London Paid 99.51 USD Brokerage Purchased On The Omx Nordic Exchange Helsinki O Book Value 168,813.86 EUR Traded At 0.84778812 EUR To 1 USD Valued At 0.84778812 EUR For 199,122.70 USD 5,000 Shares At 33.7459 EUR","951,040.13"
09/01/21,Purchase,"Purchased 7,000 Shares Of -475,681.65 475,681.65 Fnac Darty Net Cost 475,681.65 USD Trade Date 8/30/21 Purchased Through Jpmsgb2l Jp Morgan Sec London Paid 237.02 USD Brokerage Paid 1,422.07 USD Misc Fee1 Book Value 403,277.25 EUR Traded At 0.84778813 EUR To 1 USD Valued At 0.84778813 EUR For 475,681.65 USD 7,000 Shares At 57.4101 EUR","475,358.48"
09/01/21,Purchase,"Purchased 5,000 Shares Of -259,665.37 259,665.37 Amplifon Spa Net Cost 259,665.37 USD Trade Date 8/30/21 Purchased Through Jpmsgb2l Jp Morgan Sec London Paid 129.64 USD Brokerage Paid 259.27 USD Misc Fee1 Book Value 220,141.22 EUR Traded At 0.84778812 EUR To 1 USD Valued At 0.84778812 EUR For 259,665.37 USD 5,000 Shares At 43.9623 EUR 13523 00- -A -UC-UZ -001-04","215,693.11"
09/01/21,Purchase,"Purchased 10,000 Shares Of -212,885.53 212,885.53 Adevinta Asa B Net Cost 212,885.53 USD Trade Date 8/30/21 Purchased Through Jpmsgb2l Jp Morgan Sec London Paid 106.39 USD Brokerage Purchased On The Oslo Bors Asa Book Value 1,843,716.40 NOK Traded At 8.6605999 NOK To 1 USD Valued At 8.6605999 NOK For 212,885.53 USD 10,000 Shares At 184.2795 NOK First Am Govt Ob Fd Cl X Interest From 8/1/21 To 8/31/21 154,262 Yen 99999JPY3 Transfer From Another Account","2,807.58"
09/02/21,Sale,"Sold 3,535,812.29 Units Of 3,535,812.29 -3,535,812.29 First Am Govt Ob Fd Cl X Trade Date 9/2/21","3,518,804.60"
09/02/21,Purchase,"Purchased 15,856 Shares Of -80,246.82 80,246.82 Biocartis Nv Net Cost 80,246.82 USD Trade Date 8/31/21 Purchased Through Jpmsgb2l Jp Morgan Sec London Paid 40.10 USD Brokerage Book Value 68,015.00 EUR Traded At 0.84757253 EUR To 1 USD Valued At 0.84757253 EUR For 80,246.82 USD 15,856 Shares At 4.2874 EUR","3,438,557.78"
09/02/21,Purchase,"Purchased 1,003 Shares Of -40,564.62 40,564.62 Pva Tepla Ag Net Cost 40,564.62 USD Trade Date 8/31/21 Purchased Through Jpmsgb2leql Jp Morgan Eq Lndn Paid 20.27 USD Brokerage Purchased On The Boerse Frankfurt - Regulierter Book Value 34,381.46 EUR Traded At 0.84757259 EUR To 1 USD Valued At 0.84757259 EUR For 40,564.62 USD 1,003 Shares At 34.2615 EUR","3,397,993.16"
09/02/21,Purchase,"Purchased 4,000 Shares Of -217,467.45 217,467.45 Asos Plc Net Cost 217,467.45 USD Trade Date 8/31/21 Purchased Through Jpmsgb2l Jp Morgan Sec London Paid 108.68 USD Brokerage Paid 1.38 USD Misc Fee1 Purchased On The London Stock Exchange Book Value 157,755.44 GBP Traded At 0.72542093 GBP To 1 USD Valued At 0.72542093 GBP For 217,467.45 USD 4,000 Shares At 39.4189 GBP 13523 00- -A -UC-UZ -001-04","3,180,525.71"
09/02/21,Purchase,"Purchased 10,000 Shares Of -272,068.32 272,068.32 Aston Martin Lagonda Gbl Hldgs Plc O Net Cost 272,068.32 USD Trade Date 8/31/21 Purchased Through Jpmsgb2l Jp Morgan Sec London Paid 135.29 USD Brokerage Paid 1,354.95 USD Misc Fee1 Purchased On The London Stock Exchange Book Value 197,364.05 GBP Traded At 0.72542092 GBP To 1 USD Valued At 0.72542092 GBP For 272,068.32 USD 10,000 Shares At 19.6283 GBP","2,908,457.39"
09/02/21,Purchase,"Purchased 30,000 Shares Of -184,820.54 184,820.54 Ds Smith Plc Net Cost 184,820.54 USD Trade Date 8/31/21 Purchased Through Jpmsgb2l Jp Morgan Sec London Paid 91.91 USD Brokerage Paid 920.87 USD Misc Fee1 Purchased On The London Stock Exchange Book Value 134,072.69 GBP Traded At 0.72542094 GBP To 1 USD Valued At 0.72542094 GBP For 184,820.54 USD 30,000 Shares At 4.4446 GBP","2,723,636.85"
09/02/21,Purchase,"Purchased 10,000 Shares Of -384,559.36 384,559.36 Frontier Developments Plc Net Cost 384,559.36 USD Trade Date 8/31/21 Purchased Through Jpmsgb2l Jp Morgan Sec London Paid 192.18 USD Brokerage Paid 1.38 USD Misc Fee1 Purchased On The London Stock Exchange Book Value 278,967.41 GBP Traded At 0.72542093 GBP To 1 USD Valued At 0.72542093 GBP For 384,559.36 USD 10,000 Shares At 27.8827 GBP 13523 00- -A -UC-UZ -001-04","2,339,077.49"
09/02/21,Purchase,"Purchased 30,000 Shares Of -210,897.17 210,897.17 Pets At Home Group Plc Net Cost 210,897.17 USD Trade Date 8/31/21 Purchased Through Jpmsgb2l Jp Morgan Sec London Paid 104.88 USD Brokerage Paid 1,050.62 USD Misc Fee1 Purchased On The London Stock Exchange Book Value 152,989.22 GBP Traded At 0.72542092 GBP To 1 USD Valued At 0.72542092 GBP For 210,897.17 USD 30,000 Shares At 5.07169987 GBP","2,128,180.32"
09/02/21,Purchase,"Purchased 1,000 Shares Of -286,809.27 286,809.27 Disco Corporation Net Cost 286,809.27 USD Trade Date 8/31/21 Purchased Through Jpmsgb2l Jp Morgan Sec London Paid 143.33 USD Brokerage Book Value 31,515,750 JPY Traded At 109.88400061 JPY To 1 USD Valued At 109.88400061 JPY For 286,809.27 USD 1,000 Shares At 31,500 JPY","1,841,371.05"
09/02/21,Purchase,"Purchased 10,000 Shares Of -262,729.12 262,729.12 Japan Elevator Ser Net Cost 262,729.12 USD Trade Date 8/31/21 Purchased Through Jpmsgb2l Jp Morgan Sec London Paid 131.29 USD Brokerage Book Value 28,869,727 JPY Traded At 109.88400143 JPY To 1 USD Valued At 109.88400143 JPY For 262,729.12 USD 10,000 Shares At 2,885.53 JPY 13523 00- -A -UC-UZ -001-04","1,578,641.93"
09/02/21,Purchase,"Purchased 5,000 Shares Of -357,136.73 357,136.73 Jeol Ltd Net Cost 357,136.73 USD Trade Date 8/31/21 Purchased Through Jpmsgb2l Jp Morgan Sec London Paid 178.48 USD Brokerage Book Value 39,243,612 JPY Traded At 109.88399876 JPY To 1 USD Valued At 109.88399876 JPY For 357,136.73 USD 5,000 Shares At 7,844.8 JPY","1,221,505.20"
09/02/21,Purchase,"Purchased 5,000 Shares Of -241,739.24 241,739.24 Mercari Inc Net Cost 241,739.24 USD Trade Date 8/31/21 Purchased Through Jpmsgb2l Jp Morgan Sec London Paid 120.81 USD Brokerage Purchased On The Tokyo Stock Exchange Book Value 26,563,275 JPY Traded At 109.88400145 JPY To 1 USD Valued At 109.88400145 JPY For 241,739.24 USD 5,000 Shares At 5,310 JPY","979,765.96"
09/02/21,Purchase,"Purchased 2,000 Shares Of -228,810.06 228,810.06 Nidec Corp Net Cost 228,810.06 USD Trade Date 8/31/21 Purchased Through Jpmsgb2l Jp Morgan Sec London Paid 114.35 USD Brokerage Book Value 25,142,565 JPY Traded At 109.8840016 JPY To 1 USD Valued At 109.8840016 JPY For 228,810.06 USD 2,000 Shares At 12,565 JPY","750,955.90"
09/02/21,Purchase,"Purchased 30,000 Shares Of -305,929.89 305,929.89 Rakuten Group Inc Net Cost 305,929.89 USD Trade Date 8/31/21 Purchased Through Jpmsgb2l Jp Morgan Sec London Paid 152.89 USD Brokerage Book Value 33,616,800 JPY Traded At 109.88399989 JPY To 1 USD Valued At 109.88399989 JPY For 305,929.89 USD 30,000 Shares At 1,120.00000034 JPY 13523 00- -A -UC-UZ -001-04","445,026.01"
09/02/21,Purchase,"Purchased 10,000 Shares Of -127,259.55 127,259.55 Uuum Inc Net Cost 127,259.55 USD Trade Date 8/31/21 Purchased Through Jpmsgb2l Jp Morgan Sec London Paid 63.59 USD Brokerage Purchased On The Tokyo Stock Exchange Book Value 13,983,788 JPY Traded At 109.88399691 JPY To 1 USD Valued At 109.88399691 JPY For 127,259.55 USD 10,000 Shares At 1,397.68 JPY","317,766.46"
09/02/21,Purchase,"Purchased 50,000 Shares Of -317,766.46 317,766.46 Yahoo Japan Corporation Net Cost 317,766.46 USD Trade Date 8/31/21 Purchased Through Jpmsgb2l Jp Morgan Sec London Paid 158.80 USD Brokerage Book Value 34,917,450 JPY Traded At 109.88400097 JPY To 1 USD Valued At 109.88400097 JPY For 317,766.46 USD 50,000 Shares At 698 JPY Transfer From Another Account",0.00
09/03/21,Purchase,"Purchased 83,562.53 Units Of -83,562.53 83,562.53 First Am Govt Ob Fd Cl X Trade Date 9/3/21",0.00
09/07/21,Sale,"Sold 820,814.12 Units Of 820,814.12 -820,814.12 First Am Govt Ob Fd Cl X Trade Date 9/7/21 13523 00- -A -UC-UZ -001-04","818,822.91"
09/07/21,Purchase,"Purchased 347,449.39 Units Of -413,217.50 413,217.50 Euro Trade Date 9/3/21 Value Date 9/7/21 Book Value 347,449.39 EUR Traded At 0.840839 EUR To 1 USD Valued At 0.840839 EUR For 413,217.50 USD Net Cost 413,217.50 USD 347,449.39 Units At 1 EUR Fx7167503-Aset","405,605.41"
09/07/21,Purchase,"Purchased 10,000 Shares Of -405,605.41 405,605.41 Musti Group Oy Net Cost 405,605.41 USD Trade Date 9/2/21 Purchased Through Jpmsgb2l Jp Morgan Sec London Paid 202.71 USD Brokerage Purchased On The Omx Nordic Exchange Helsinki O Book Value 341,861.85 EUR Traded At 0.84284342 EUR To 1 USD Valued At 0.84284342 EUR For 405,605.41 USD 10,000 Shares At 34.1691 EUR",0.00
09/07/21,Purchase,"Purchased 15,000 Shares Of -411,866.55 411,866.55 Slm Solutions Group Ag Net Cost 347,449.39 EUR Trade Date 9/2/21 Purchased Through Parbfrpp Banque Paribas Fr Paid 520.39 EUR Brokerage Book Value 347,449.39 EUR Valued At 0.843597 EUR For 411,866.55 USD Fed Tax Cost Reduction 413,217.50- USD Fed ST Currency Loss Of 1,350.95- USD 15,000 Shares At 23.1286 EUR 13523 00- -A -UC-UZ -001-04","-411,866.55"
09/07/21,Purchase,"Purchased 10,000 Shares Of -193,508.38 193,508.38 Adevinta Asa B Net Cost 1,672,434.90 NOK Trade Date 9/3/21 Purchased Through Parbfrpp Banque Paribas Fr Paid 2,504.90 NOK Brokerage Purchased On The Oslo Bors Asa Book Value 1,672,434.90 NOK Valued At 8.6427 NOK For 193,508.38 USD Fed Tax Cost Reduction 193,508.38- USD 10,000 Shares At 166.993 NOK -347,449.39 Euro 99999EUR3 -1,672,434.90 Norwegian Krone 99999NOK5 Transfer From Another Account","-605,374.93"
09/08/21,Sale,"Sold 178,778.1 Units Of 178,778.10 -178,778.10 First Am Govt Ob Fd Cl X Trade Date 9/8/21","192,909.70"
09/08/21,Purchase,"Purchased 1,672,434.90 Units Of -192,909.70 193,508.38 Norwegian Krone Trade Date 9/7/21 Value Date 9/8/21 Book Value 1,672,434.90 NOK Traded At 8.66952206 NOK To 1 USD Valued At 8.66952206 NOK For 192,909.70 USD Net Cost 192,909.70 USD Repayment Of Currency Overdraft Resulted In Fed ST Currency Gain On NOK Of 598.68 USD 1,672,434.9 Units At 1 NOK Fx7168841-Aset Transfer From Another Account 13523 00- -A -UC-UZ -001-04",0.00
09/09/21,Purchase,"Purchased 18,173.8 Units Of -18,173.80 18,173.80 First Am Govt Ob Fd Cl X Trade Date 9/9/21 Monotaro Co Ltd First Section 5.75 JPY/Share On 32,100 Shares Due 9/10/21 Received 184,575 JPY Valued At 109.88 JPY For 1,679.79 USD Monotaro Co Ltd First Section Non-USD Taxes 28,268 JPY Valued At 109.88 JPY For 257.27 USD 15.3150000% Foreign Taxes Withheld",0.00
09/10/21,Sale,"Sold 156,307.00 Units Of 1,422.52 -1,422.52 Yen Trade Date 9/10/21 Value Date 9/10/21 Book Value 156,307 JPY Traded At 109.88 JPY To 1 USD Valued At 109.88 JPY For 1,422.52 USD Net Proceeds 1,422.52 USD Repatriating Monotaro Co Ltd First Section Transfer To Income Monotaro Co Ltd First Section Repatriating Monotaro Co Ltd First Section Transfer From Principal Monotaro Co Ltd First Section Repatriating Monotaro Co Ltd First Section","2,845.04"
09/10/21,Purchase,"Purchased 1,422.52 Units Of -1,422.52 1,422.52 First Am Govt Ob Fd Cl X Trade Date 9/10/21 13523 00- -A -UC-UZ -001-04","-65,813.39"
09/10/21,Sale,"Sold 67,235.91 Units Of 67,235.91 -67,235.91 First Am Govt Ob Fd Cl X Trade Date 9/10/21 156,307 Yen 99999JPY3","1,422.52"
09/13/21,Sale,"Sold 552,545.66 Units Of 552,545.66 -552,545.66 First Am Govt Ob Fd Cl X Trade Date 9/13/21","547,350.00"
09/13/21,Purchase,"Purchased 50,000 Shares Of -547,350.00 547,350.00 Blackberry Ltd Trade Date 9/9/21 Purchased Through Stonex Financial Inc. Paid 1,500.00 USD Brokerage Purchased On The OTC Bulletin Board 50,000 Shares At 10.917 USD",0.00
09/14/21,Sale,"Sold 11,561.44 Units Of 11,561.44 -11,561.44 First Am Govt Ob Fd Cl X Trade Date 9/14/21 Transfer From Another Account",0.00
09/15/21,Purchase,"Purchased 21,363.62 Units Of -21,363.62 21,363.62 First Am Govt Ob Fd Cl X Trade Date 9/15/21","-12,393.97"
09/15/21,Sale,"Sold 2,669 Shares Of 12,421.60 -39,300.73 Biocartis Nv Net Proceeds 10,496.09 EUR Trade Date 9/13/21 Sold Through Plhcgb3l United Kingdom Paid 15.77 EUR Brokerage Book Value 14,411.63 EUR Valued At 0.844987 EUR For 12,421.60 USD Fed Tax Cost Of Proceeds 2,669 Shares At 3.9385 EUR",27.63
09/15/21,Sale,"Sold 10,496.09 Units Of 12,393.97 -12,421.60 Euro Trade Date 9/15/21 Value Date 9/15/21 Book Value 10,496.09 EUR Traded At 0.8468707 EUR To 1 USD Valued At 0.8468707 EUR For 12,393.97 USD Net Proceeds 12,393.97 USD Fed ST Currency Loss On EUR Of 27.63- USD Fx7180047-Aset 10,496.09 Euro 99999EUR3 Transfer From Another Account","12,421.60"
09/16/21,Purchase,"Purchased 1,176,250.96 Units Of -1,176,250.96 1,176,250.96 First Am Govt Ob Fd Cl X Trade Date 9/16/21 13523 00- -A -UC-UZ -001-04",0.00
09/16/21,Sale,"Sold 14,933 Shares Of 68,086.82 -182,956.71 Biocartis Nv Net Proceeds 57,651.83 EUR Trade Date 9/14/21 Sold Through Plhcgb3l United Kingdom Paid 86.61 EUR Brokerage Book Value 80,632.75 EUR Valued At 0.84674 EUR For 68,086.82 USD Fed Tax Cost Of Proceeds 14,933 Shares At 3.8665 EUR 57,651.83 Euro 99999EUR3 Transfer From Another Account","68,086.82"
09/17/21,Purchase,"Purchased 67,857.46 Units Of -67,857.46 67,857.46 First Am Govt Ob Fd Cl X Trade Date 9/17/21","995,803.66"
09/17/21,Purchase,"Purchased 1,221,654.84 Units Of -1,221,654.84 1,221,654.84 First Am Govt Ob Fd Cl X Trade Date 9/17/21","-225,851.18"
09/17/21,Sale,"Sold 35,703 Shares Of 158,305.91 -211,319.28 Biocartis Nv Net Proceeds 133,913.58 EUR Trade Date 9/15/21 Sold Through Plhcgb3l United Kingdom Paid 201.17 EUR Brokerage Book Value 192,783.18 EUR Valued At 0.8459165 EUR For 158,305.91 USD Fed Tax Cost Of Proceeds 35,703 Shares At 3.7564 EUR 13523 00- -A -UC-UZ -001-04","-67,545.27"
09/17/21,Sale,"Sold 133,913.58 Units Of 157,993.72 -158,305.91 Euro Trade Date 9/15/21 Value Date 9/17/21 Book Value 133,913.58 EUR Traded At 0.84758799 EUR To 1 USD Valued At 0.84758799 EUR For 157,993.72 USD Net Proceeds 157,993.72 USD Fed ST Currency Loss On EUR Of 312.19- USD Fx7181655-Aset","90,448.45"
09/17/21,Sale,"Sold 57,651.83 Units Of 67,857.46 -68,086.82 Euro Trade Date 9/17/21 Value Date 9/17/21 Book Value 57,651.83 EUR Traded At 0.84960195 EUR To 1 USD Valued At 0.84960195 EUR For 67,857.46 USD Net Proceeds 67,857.46 USD Fed ST Currency Loss On EUR Of 229.36- USD Fx7184014-Aset 133,913.58 Euro 99999EUR3","158,305.91"
09/20/21,Purchase,"Purchased 31,868.63 Units Of -31,868.63 31,868.63 First Am Govt Ob Fd Cl X Trade Date 9/20/21","-37,048.71"
09/20/21,Sale,"Sold 8,374 Shares Of 37,354.41 -45,565.18 Biocartis Nv Net Proceeds 31,605.40 EUR Trade Date 9/16/21 Sold Through Plhcgb3l United Kingdom Paid 47.48 EUR Brokerage Book Value 45,216.55 EUR Valued At 0.8460955 EUR For 37,354.41 USD Fed Tax Cost Of Proceeds 8,374 Shares At 3.7799 EUR",305.70
09/20/21,Sale,"Sold 31,605.40 Units Of 37,048.71 -37,354.41 Euro Trade Date 9/17/21 Value Date 9/20/21 Book Value 31,605.40 EUR Traded At 0.85307694 EUR To 1 USD Valued At 0.85307694 EUR For 37,048.71 USD Net Proceeds 37,048.71 USD Fed ST Currency Loss On EUR Of 305.70- USD Fx7184660-Aset 31,605.40 Euro 99999EUR3 B H P Billiton Limited A D R 4.00 USD/Share On 9,000 Shares Due 9/21/21 Transfer From Another Account","37,354.41"
09/21/21,Purchase,"Purchased 316,814.4 Units Of -316,814.40 316,814.40 First Am Govt Ob Fd Cl X Trade Date 9/21/21 13523 00- -A -UC-UZ -001-04","10,393.61"
09/21/21,Sale,"Sold 5,771 Shares Of 25,764.51 -31,383.85 Biocartis Nv Net Proceeds 21,902.09 EUR Trade Date 9/17/21 Sold Through Plhcgb3l United Kingdom Paid 32.90 EUR Brokerage Book Value 31,161.30 EUR Valued At 0.8500875 EUR For 25,764.51 USD Fed Tax Cost Of Proceeds 5,771 Shares At 3.8009 EUR","36,158.12"
09/21/21,Sale,"Sold 21,902.09 Units Of 25,606.39 -25,764.51 Euro Trade Date 9/20/21 Value Date 9/21/21 Book Value 21,902.09 EUR Traded At 0.85533689 EUR To 1 USD Valued At 0.85533689 EUR For 25,606.39 USD Net Proceeds 25,606.39 USD Fed ST Currency Loss On EUR Of 158.12- USD Fx7185955-Aset 21,902.09 Euro 99999EUR3 Transfer From Another Account","61,764.51"
09/22/21,Sale,"Sold 80,039.59 Units Of 80,039.59 -80,039.59 First Am Govt Ob Fd Cl X Trade Date 9/22/21","198,676.39"
09/22/21,Purchase,"Purchased 166,667.57 Units Of -227,862.26 227,862.26 British Pound Trade Date 9/20/21 Value Date 9/22/21 Book Value 166,667.57 GBP Traded At 0.73143999 GBP To 1 USD Valued At 0.73143999 GBP For 227,862.26 USD Net Cost 227,862.26 USD 166,667.57 Units At 1 GBP 13523 00- -A -UC-UZ -001-04","-29,185.87"
09/22/21,Sale,"Sold 6,644 Shares Of 29,242.48 -34,624.66 Biocartis Nv Net Proceeds 24,914.78 EUR Trade Date 9/20/21 Sold Through Plhcgb3l United Kingdom Paid 37.43 EUR Brokerage Book Value 35,875.18 EUR Valued At 0.8520065 EUR For 29,242.48 USD Fed Tax Cost Of Proceeds 6,644 Shares At 3.7556 EUR",56.61
09/22/21,Purchase,"Purchased 10,000 Shares Of -229,117.89 229,117.89 Ocado Group Plc Net Cost 166,667.57 GBP Trade Date 9/20/21 Purchased Through Crst 871 Paid 248.38 GBP Brokerage Paid 1.00 GBP Misc Fee1 Paid 829.19 GBP Misc Fee2 Purchased On The London Stock Exchange Book Value 166,667.57 GBP Valued At 0.7274315 GBP For 229,117.89 USD 10,000 Shares At 16.5589 GBP","-229,061.28"
09/22/21,Sale,"Sold 24,914.78 Units Of 29,185.87 -29,242.48 Euro Trade Date 9/20/21 Value Date 9/22/21 Book Value 24,914.78 EUR Traded At 0.85365898 EUR To 1 USD Valued At 0.85365898 EUR For 29,185.87 USD Net Proceeds 29,185.87 USD Fed ST Currency Loss On EUR Of 56.61- USD Fx7187780-Aset 24,914.78 Euro 99999EUR3 -166,667.57 British Pound 99999GBP3 13523 00- -A -UC-UZ -001-04","-199,875.41"
09/23/21,Purchase,"Purchased 69,872.55 Units Of -69,872.55 69,872.55 First Am Govt Ob Fd Cl X Trade Date 9/23/21","6,080.25"
09/23/21,Purchase,"Purchased 44,840 Units Of -44,840.00 44,840.00 First Am Govt Ob Fd Cl X Trade Date 9/23/21 13523 00- -A -UC-UZ -001-04","-38,759.75"
09/23/21,Sale,"Sold 8,821 Shares Of 38,772.09 -44,642.86 Biocartis Nv Net Proceeds 33,067.88 EUR Trade Date 9/21/21 Sold Through Parbfrpp Banque Paribas Fr Paid 49.68 EUR Brokerage Book Value 47,630.18 EUR Valued At 0.8528785 EUR For 38,772.09 USD Fed Tax Cost Of Proceeds 8,821 Shares At 3.7544 EUR",12.34
09/23/21,Sale,"Sold 33,067.88 Units Of 38,759.75 -38,772.09 Euro Trade Date 9/22/21 Value Date 9/23/21 Book Value 33,067.88 EUR Traded At 0.85314998 EUR To 1 USD Valued At 0.85314998 EUR For 38,759.75 USD Net Proceeds 38,759.75 USD Fed ST Currency Loss On EUR Of 12.34- USD Fx7189980-Aset 33,067.88 Euro 99999EUR3 Transfer From Another Account","38,772.09"
09/24/21,Sale,"Sold 1,470,151.79 Units Of 1,470,151.79 -1,470,151.79 First Am Govt Ob Fd Cl X Trade Date 9/24/21 13523 00- -A -UC-UZ -001-04","1,474,946.59"
09/24/21,Purchase,"Purchased 24,925.60 Units Of -29,232.03 29,232.03 Euro Trade Date 9/23/21 Value Date 9/24/21 Book Value 24,925.60 EUR Traded At 0.85268112 EUR To 1 USD Valued At 0.85268112 EUR For 29,232.03 USD Net Cost 29,232.03 USD 24,925.6 Units At 1 EUR Fx7192121-Aset","1,445,714.56"
09/24/21,Purchase,"Purchased 201,091.14 Units Of -275,971.62 275,971.62 British Pound Trade Date 9/23/21 Value Date 9/24/21 Book Value 201,091.14 GBP Traded At 0.72866601 GBP To 1 USD Valued At 0.72866601 GBP For 275,971.62 USD Net Cost 275,971.62 USD 201,091.14 Units At 1 GBP Fx7192151-Aset","1,169,742.94"
09/24/21,Purchase,"Purchased 258,275.86 Units Of -354,450.27 354,450.27 British Pound Trade Date 9/23/21 Value Date 9/24/21 Book Value 258,275.86 GBP Traded At 0.728666 GBP To 1 USD Valued At 0.728666 GBP For 354,450.27 USD Net Cost 354,450.27 USD 258,275.86 Units At 1 GBP Fx7192153-Aset 13523 00- -A -UC-UZ -001-04","815,292.67"
09/24/21,Purchase,"Purchased 3,219,277.68 Units Of -372,371.18 372,371.18 Swedish Krona Trade Date 9/23/21 Value Date 9/24/21 Book Value 3,219,277.68 SEK Traded At 8.64534597 SEK To 1 USD Valued At 8.64534597 SEK For 372,371.18 USD Net Cost 372,371.18 USD 3,219,277.68 Units At 1 SEK Fx7192290-Aset","442,921.49"
09/24/21,Sale,"Sold 10,553 Shares Of 45,885.12 -52,092.09 Biocartis Nv Net Proceeds 39,136.11 EUR Trade Date 9/22/21 Sold Through Plhcgb3l United Kingdom Paid 58.79 EUR Brokerage Book Value 56,982.35 EUR Valued At 0.852915 EUR For 45,885.12 USD Fed Tax Cost Of Proceeds 10,553 Shares At 3.7141 EUR","488,806.61"
09/24/21,Purchase,"Purchased 4,000 Shares Of -488,727.51 488,727.51 Orpea Net Cost 488,727.51 USD Trade Date 9/22/21 Purchased Through Jpmsgb2l Jp Morgan Sec London Paid 243.52 USD Brokerage Paid 1,461.07 USD Misc Fee1 Book Value 416,786.07 EUR Traded At 0.85279846 EUR To 1 USD Valued At 0.85279846 EUR For 488,727.51 USD 4,000 Shares At 103.8331 EUR 13523 00- -A -UC-UZ -001-04",79.10
09/24/21,Purchase,"Purchased 50,000 Shares Of -352,365.81 352,365.81 Pets At Home Group Plc Net Cost 258,275.86 GBP Trade Date 9/22/21 Purchased Through Crst 871 Paid 384.91 GBP Brokerage Paid 1.00 GBP Misc Fee1 Paid 1,284.95 GBP Misc Fee2 Purchased On The London Stock Exchange Book Value 258,275.86 GBP Valued At 0.7329765 GBP For 352,365.81 USD 50,000 Shares At 5.1321 GBP","-352,286.71"
09/24/21,Purchase,"Purchased 752 Shares Of -29,224.01 29,224.01 Basware Oyj Npv Net Cost 24,925.60 EUR Trade Date 9/22/21 Purchased Through Plhcgb3l United Kingdom Paid 37.33 EUR Brokerage Book Value 24,925.60 EUR Valued At 0.852915 EUR For 29,224.01 USD Fed Tax Cost Reduction 29,232.03- USD Fed ST Currency Loss Of 8.02- USD 752 Shares At 33.0961 EUR","-381,510.72"
09/24/21,Purchase,"Purchased 20,000 Shares Of -274,348.69 274,348.69 Watches Of Switzerland Group Net Cost 201,091.14 GBP Trade Date 9/22/21 Purchased Through Crst 871 Paid 299.69 GBP Brokerage Paid 1.00 GBP Misc Fee1 Paid 1,000.45 GBP Misc Fee2 Purchased On The London Stock Exchange Book Value 201,091.14 GBP Valued At 0.7329765 GBP For 274,348.69 USD 20,000 Shares At 9.9895 GBP 13523 00- -A -UC-UZ -001-04","-655,859.41"
09/24/21,Purchase,"Purchased 20,000 Shares Of -370,991.38 370,991.38 Boozt Ab Net Cost 3,219,277.68 SEK Trade Date 9/22/21 Purchased Through Plhcgb3l United Kingdom Paid 4,821.68 SEK Brokerage Book Value 3,219,277.68 SEK Valued At 8.6775 SEK For 370,991.38 USD Fed Tax Cost Reduction 372,371.18- USD Fed ST Currency Loss Of 1,379.80- USD 20,000 Shares At 160.7228 SEK","-1,026,850.79"
09/24/21,Sale,"Sold 39,136.11 Units Of 45,806.02 -45,885.12 Euro Trade Date 9/23/21 Value Date 9/24/21 Book Value 39,136.11 EUR Traded At 0.85438792 EUR To 1 USD Valued At 0.85438792 EUR For 45,806.02 USD Net Proceeds 45,806.02 USD Fed ST Currency Loss On EUR Of 79.10- USD Fx7192123-Aset 39,136.11 Euro 99999EUR3 -258,275.86 British Pound 99999GBP3 -24,925.60 Euro 99999EUR3 -201,091.14 British Pound 99999GBP3 -3,219,277.68 Swedish Krona 99999SEK5 13523 00- -A -UC-UZ -001-04","-981,044.77"
09/27/21,Sale,"Sold 140,222.15 Units Of 140,222.15 -140,222.15 First Am Govt Ob Fd Cl X Trade Date 9/27/21","153,430.81"
09/27/21,Purchase,"Purchased 252,120.22 Units Of -295,755.03 295,755.03 Euro Trade Date 9/24/21 Value Date 9/27/21 Book Value 252,120.22 EUR Traded At 0.852463 EUR To 1 USD Valued At 0.852463 EUR For 295,755.03 USD Net Cost 295,755.03 USD 252,120.22 Units At 1 EUR Fx7193995-Aset","-142,324.22"
09/27/21,Sale,"Sold 31,632 Shares Of 142,642.85 -143,399.08 Biocartis Nv Net Proceeds 121,568.94 EUR Trade Date 9/23/21 Sold Through Parbfrpp Banque Paribas Fr Paid 182.63 EUR Brokerage Book Value 170,801.26 EUR Valued At 0.852261 EUR For 142,642.85 USD Fed Tax Cost Of Proceeds 31,632 Shares At 3.84900006 EUR 13523 00- -A -UC-UZ -001-04",318.63
09/27/21,Purchase,"Purchased 7,248 Shares Of -295,825.13 295,825.13 Basware Oyj Npv Net Cost 252,120.22 EUR Trade Date 9/23/21 Purchased Through Plhcgb3l United Kingdom Paid 377.61 EUR Brokerage Book Value 252,120.22 EUR Valued At 0.852261 EUR For 295,825.13 USD Fed Tax Cost Reduction 295,788.83- USD Fed ST Currency Gain Of 36.30 USD 7,248 Shares At 34.7327 EUR","-295,506.50"
09/27/21,Sale,"Sold 121,568.94 Units Of 142,324.22 -142,609.05 Euro Trade Date 9/24/21 Value Date 9/27/21 Book Value 121,568.94 EUR Traded At 0.85416902 EUR To 1 USD Valued At 0.85416902 EUR For 142,324.22 USD Net Proceeds 142,324.22 USD Fed ST Currency Loss On EUR Of 284.83- USD Fx7193994-Aset 121,568.94 Euro 99999EUR3 -252,120.22 Euro 99999EUR3 Transfer From Another Account","-153,182.28"
09/28/21,Purchase,"Purchased 19,791.72 Units Of -19,791.72 19,791.72 First Am Govt Ob Fd Cl X Trade Date 9/28/21 Stmicroelectronics N V 0.06 USD/Share On 10,100 Shares Due 9/28/21 15.0000000% Foreign Taxes Withheld 13523 00- -A -UC-UZ -001-04",0.00
09/29/21,Sale,"Sold 93,153.00 Units Of 835.60 -835.60 Yen Trade Date 9/29/21 Value Date 9/29/21 Book Value 93,153 JPY Traded At 111.48 JPY To 1 USD Valued At 111.48 JPY For 835.60 USD Net Proceeds 835.60 USD Repatriating Lasertec Corp Transfer To Income Lasertec Corp Repatriating Lasertec Corp Transfer From Principal Lasertec Corp Repatriating Lasertec Corp","2,186.30"
09/29/21,Sale,"Sold 170,869.64 Units Of 170,869.64 -170,869.64 First Am Govt Ob Fd Cl X Trade Date 9/29/21 13523 00- -A -UC-UZ -001-04","1,748.47"
09/30/21,Sale,"Sold 600,667.08 Units Of 600,667.08 -600,667.08 First Am Govt Ob Fd Cl X Trade Date 9/30/21","369,744.66"
09/30/21,Purchase,"Purchased 8,795 Shares Of -197,733.93 197,733.93 Lumibird Net Cost 197,733.93 USD Trade Date 9/28/21 Purchased Through Jpmsgb2l Jp Morgan Sec London Paid 98.82 USD Brokerage Purchased On The NYSE Euronext - Euronext Paris Book Value 169,265.21 EUR Traded At 0.85602511 EUR To 1 USD Valued At 0.85602511 EUR For 197,733.93 USD 8,795 Shares At 19.236 EUR","172,010.73"
09/30/21,Purchase,"Purchased 10,000 Shares Of -172,010.73 172,010.73 Adevinta Asa B Net Cost 172,010.73 USD Trade Date 9/28/21 Purchased Through Jpmsgb2l Jp Morgan Sec London Paid 85.96 USD Brokerage Purchased On The Oslo Bors Asa Book Value 1,492,072.66 NOK Traded At 8.67429991 NOK To 1 USD Valued At 8.67429991 NOK For 172,010.73 USD 10,000 Shares At 149.1327 NOK Vitec Software Group Ab B Sh 0.41 SEK/Share On 10,100 Shares Due 9/30/21 Received 4,141.00 SEK Valued At 8.779471 SEK For 471.67 USD 13523 00- -A -UC-UZ -001-04",0.00
10/01/21,Sale,"Sold 2,898.70 Units Of 330.17 -330.17 Swedish Krona Trade Date 9/30/21 Value Date 10/1/21 Book Value 2,898.70 SEK Traded At 8.779471 SEK To 1 USD Valued At 8.779471 SEK For 330.17 USD Net Proceeds 330.17 USD Repatriating Vitec Software Group Ab B Sh Transfer To Income Vitec Software Group Ab B Sh Repatriating Vitec Software Group Ab B Sh Transfer From Principal Vitec Software Group Ab B Sh Repatriating Vitec Software Group Ab B Sh Transfer From Another Account",660.34
10/01/21,Sale,"Sold 21,434.06 Units Of 21,434.06 -21,434.06 First Am Govt Ob Fd Cl X Trade Date 10/1/21 13523 00- -A -UC-UZ -001-04","27,663.33"
10/01/21,Purchase,"Purchased 1,205 Shares Of -27,002.99 27,002.99 Lumibird Net Cost 27,002.99 USD Trade Date 9/29/21 Purchased Through Jpmsgb2l Jp Morgan Sec London Paid 13.49 USD Brokerage Purchased On The NYSE Euronext - Euronext Paris Book Value 23,180.72 EUR Traded At 0.85845012 EUR To 1 USD Valued At 0.85845012 EUR For 27,002.99 USD 1,205 Shares At 19.22750207 EUR First Am Govt Ob Fd Cl X Interest From 9/1/21 To 9/30/21 2,898.70 Swedish Krona 99999SEK5 Transfer From Another Account",660.34
10/04/21,Sale,"Sold 198,740.26 Units Of 198,740.26 -198,740.26 First Am Govt Ob Fd Cl X Trade Date 10/4/21","207,672.64"
10/04/21,Purchase,"Purchased 153,223.99 Units Of -207,672.64 207,672.64 British Pound Trade Date 10/1/21 Value Date 10/4/21 Book Value 153,223.99 GBP Traded At 0.73781501 GBP To 1 USD Valued At 0.73781501 GBP For 207,672.64 USD Net Cost 207,672.64 USD 153,223.99 Units At 1 GBP Fx7205271-Aset 13523 00- -A -UC-UZ -001-04",0.00
10/04/21,Purchase,"Purchased 5,000 Shares Of -205,703.19 205,703.19 Asos Plc Net Cost 153,223.99 GBP Trade Date 9/30/21 Purchased Through Crst 871 Paid 229.49 GBP Brokerage Paid 1.00 GBP Misc Fee1 Purchased On The London Stock Exchange Book Value 153,223.99 GBP Valued At 0.744879 GBP For 205,703.19 USD Fed Tax Cost Reduction 207,672.64- USD 5,000 Shares At 30.5987 GBP -153,223.99 British Pound 99999GBP3 Transfer From Another Account","-205,703.19"
10/05/21,Purchase,"Purchased 19,828.55 Units Of -19,828.55 19,828.55 First Am Govt Ob Fd Cl X Trade Date 10/5/21 Transfer From Another Account",0.00
10/06/21,Purchase,"Purchased 9,313.47 Units Of -9,313.47 9,313.47 First Am Govt Ob Fd Cl X Trade Date 10/6/21",0.00
10/07/21,Sale,"Sold 537,477.21 Units Of 537,477.21 -537,477.21 First Am Govt Ob Fd Cl X Trade Date 10/7/21","478,341.56"
10/07/21,Purchase,"Purchased 2,000 Shares Of -248,452.24 248,452.24 Eurofins Scientific Net Cost 213,740.73 EUR Trade Date 10/5/21 Purchased Through Parbfrpp Banque Paribas Fr Paid 320.13 EUR Brokerage Purchased On The NYSE Euronext - Euronext Paris Book Value 213,740.73 EUR Valued At 0.860289 EUR For 248,452.24 USD Fed Tax Cost Reduction 248,452.24- USD 2,000 Shares At 106.7103 EUR","229,889.32"
10/07/21,Purchase,"Purchased 2,000 Shares Of -231,911.58 231,911.58 Orpea Net Cost 199,510.98 EUR Trade Date 10/5/21 Purchased Through Parbfrpp Banque Paribas Fr Paid 297.93 EUR Brokerage Paid 595.85 EUR Misc Fee1 Book Value 199,510.98 EUR Valued At 0.860289 EUR For 231,911.58 USD Fed Tax Cost Reduction 231,911.58- USD 2,000 Shares At 99.3086 EUR 13523 00- -A -UC-UZ -001-04","-2,022.26"
10/07/21,Purchase,"Purchased 213,740.73 Units Of -247,406.29 248,452.24 Euro Trade Date 10/7/21 Value Date 10/7/21 Book Value 213,740.73 EUR Traded At 0.86392601 EUR To 1 USD Valued At 0.86392601 EUR For 247,406.29 USD Net Cost 247,406.29 USD Repayment Of Currency Overdraft Resulted In Fed ST Currency Gain On EUR Of 1,045.95 USD 213,740.73 Units At 1 EUR Fx7212449-Aset","-249,428.55"
10/07/21,Purchase,"Purchased 199,510.98 Units Of -230,935.27 231,911.58 Euro Trade Date 10/7/21 Value Date 10/7/21 Book Value 199,510.98 EUR Traded At 0.86392598 EUR To 1 USD Valued At 0.86392598 EUR For 230,935.27 USD Net Cost 230,935.27 USD Repayment Of Currency Overdraft Resulted In Fed ST Currency Gain On EUR Of 976.31 USD 199,510.98 Units At 1 EUR Fx7212450-Aset -213,740.73 Euro 99999EUR3 -199,510.98 Euro 99999EUR3","-480,363.82"
10/08/21,Sale,"Sold 435,544.39 Units Of 435,544.39 -435,544.39 First Am Govt Ob Fd Cl X Trade Date 10/8/21 13523 00- -A -UC-UZ -001-04","421,781.43"
10/08/21,Purchase,"Purchased 5,000 Shares Of -421,781.43 421,781.43 Advantest Corp Ord(Jp) Net Cost 421,781.43 USD Trade Date 10/6/21 Purchased Through Jpmsgb2l Jp Morgan Sec London Paid 210.78 USD Brokerage Book Value 47,010,493 JPY Traded At 111.45700037 JPY To 1 USD Valued At 111.45700037 JPY For 421,781.43 USD 5,000 Shares At 9,397.4 JPY Transfer From Another Account",0.00
10/12/21,Purchase,"Purchased 11,164,828.81 Units Of -11,164,828.81 11,164,828.81 First Am Govt Ob Fd Cl X Trade Date 10/12/21 13523 00- -A -UC-UZ -001-04","527,555.02"
10/12/21,Purchase,"Purchased 156,822.92 Units Of -213,869.07 213,869.07 British Pound Trade Date 10/8/21 Value Date 10/12/21 Book Value 156,822.92 GBP Traded At 0.73326601 GBP To 1 USD Valued At 0.73326601 GBP For 213,869.07 USD Net Cost 213,869.07 USD 156,822.92 Units At 1 GBP Fx7215454-Aset","313,685.95"
10/12/21,Purchase,"Purchased 16,088.53 Units Of -18,645.93 18,645.93 Euro Trade Date 10/8/21 Value Date 10/12/21 Book Value 16,088.53 EUR Traded At 0.86284406 EUR To 1 USD Valued At 0.86284406 EUR For 18,645.93 USD Net Cost 18,645.93 USD 16,088.53 Units At 1 EUR Fx7215462-Aset","295,040.02"
10/12/21,Purchase,"Purchased 8,000 Shares Of -295,040.02 295,040.02 Asos Plc Net Cost 295,040.02 USD Trade Date 10/7/21 Purchased Through Crst 784 Jpmorgan Secs Ltd Paid 147.44 USD Brokerage Paid 1.36 USD Misc Fee1 Purchased On The London Stock Exchange Book Value 216,718.10 GBP Traded At 0.73453798 GBP To 1 USD Valued At 0.73453798 GBP For 295,040.02 USD 8,000 Shares At 27.0761 GBP 13523 00- -A -UC-UZ -001-04",0.00
10/12/21,Purchase,"Purchased 40,000 Shares Of -212,777.28 212,777.28 Ds Smith Plc Net Cost 156,822.92 GBP Trade Date 10/7/21 Purchased Through Crst 871 Paid 233.71 GBP Brokerage Paid 1.00 GBP Misc Fee1 Paid 780.21 GBP Misc Fee2 Purchased On The London Stock Exchange Book Value 156,822.92 GBP Valued At 0.7370285 GBP For 212,777.28 USD 40,000 Shares At 3.8952 GBP","-212,777.28"
10/12/21,Purchase,"Purchased 495 Shares Of -18,570.18 18,570.18 Basware Oyj Npv Net Cost 16,088.53 EUR Trade Date 10/7/21 Purchased Through Parbfrpp Banque Paribas Fr Paid 24.10 EUR Brokerage Book Value 16,088.53 EUR Valued At 0.8663635 EUR For 18,570.18 USD Fed Tax Cost Reduction 18,645.93- USD Fed ST Currency Loss Of 75.75- USD 495 Shares At 32.45339394 EUR","-231,347.46"
10/12/21,Purchase,"Purchased 25,000 Shares Of -301,851.34 301,851.34 Accesso Technology Group Plc Net Cost 221,582.88 GBP Trade Date 10/8/21 Purchased Through Crst 871 Paid 331.88 GBP Brokerage Paid 1.00 GBP Misc Fee1 Purchased On The London Stock Exchange Book Value 221,582.88 GBP Valued At 0.7340795 GBP For 301,851.34 USD Fed Tax Cost Reduction 301,851.34- USD 25,000 Shares At 8.85 GBP 13523 00- -A -UC-UZ -001-04","-533,198.80"
10/12/21,Purchase,"Purchased 10,000 Shares Of -220,384.81 220,384.81 Ocado Group Plc Net Cost 161,779.97 GBP Trade Date 10/8/21 Purchased Through Crst 871 Paid 241.10 GBP Brokerage Paid 1.00 GBP Misc Fee1 Paid 804.87 GBP Misc Fee2 Purchased On The London Stock Exchange Book Value 161,779.97 GBP Valued At 0.7340795 GBP For 220,384.81 USD 10,000 Shares At 16.0733 GBP","-753,583.61"
10/12/21,Purchase,"Purchased 2,890 Shares Of -109,602.79 109,602.79 Basware Oyj Npv Net Cost 94,808.00 EUR Trade Date 10/8/21 Purchased Through Parbfrpp Banque Paribas Fr Paid 142.00 EUR Brokerage Book Value 94,808.00 EUR Valued At 0.8650145 EUR For 109,602.79 USD Fed Tax Cost Reduction 109,602.79- USD 2,890 Shares At 32.7564 EUR","-863,186.40"
10/12/21,Purchase,"Purchased 221,582.88 Units Of -301,986.89 301,851.34 British Pound Trade Date 10/8/21 Value Date 10/12/21 Book Value 221,582.88 GBP Traded At 0.73375 GBP To 1 USD Valued At 0.73375 GBP For 301,986.89 USD Net Cost 301,986.89 USD Repayment Of Currency Overdraft Resulted In Fed ST Currency Loss On GBP Of 135.55- USD 221,582.88 Units At 1 GBP Fx7215756-Aset 13523 00- -A -UC-UZ -001-04","-1,165,173.29"
10/12/21,Purchase,"Purchased 161,779.97 Units Of -220,483.78 220,384.81 British Pound Trade Date 10/8/21 Value Date 10/12/21 Book Value 161,779.97 GBP Traded At 0.73374998 GBP To 1 USD Valued At 0.73374998 GBP For 220,483.78 USD Net Cost 220,483.78 USD Repayment Of Currency Overdraft Resulted In Fed ST Currency Loss On GBP Of 98.97- USD 161,779.97 Units At 1 GBP Fx7215757-Aset","-1,385,657.07"
10/12/21,Purchase,"Purchased 94,808.00 Units Of -109,812.06 109,602.79 Euro Trade Date 10/8/21 Value Date 10/12/21 Book Value 94,808.00 EUR Traded At 0.86336601 EUR To 1 USD Valued At 0.86336601 EUR For 109,812.06 USD Net Cost 109,812.06 USD Repayment Of Currency Overdraft Resulted In Fed ST Currency Loss On EUR Of 209.27- USD 94,808 Units At 1 EUR Fx7215758-Aset -156,822.92 British Pound 99999GBP3 -16,088.53 Euro 99999EUR3 -221,582.88 British Pound 99999GBP3 -161,779.97 British Pound 99999GBP3 13523 00- -A -UC-UZ -001-04","-1,495,469.13"
10/13/21,Sale,"Sold 2,568,946.6 Units Of 2,568,946.60 -2,568,946.60 First Am Govt Ob Fd Cl X Trade Date 10/13/21","1,925,739.11"
10/13/21,Purchase,"Purchased 52,283.67 Units Of -60,479.42 60,479.42 Euro Trade Date 10/12/21 Value Date 10/13/21 Book Value 52,283.67 EUR Traded At 0.86448696 EUR To 1 USD Valued At 0.86448696 EUR For 60,479.42 USD Net Cost 60,479.42 USD 52,283.67 Units At 1 EUR Fx7216658-Aset","1,865,259.69"
10/13/21,Purchase,"Purchased 176,889.66 Units Of -240,633.46 240,633.46 British Pound Trade Date 10/12/21 Value Date 10/13/21 Book Value 176,889.66 GBP Traded At 0.73510001 GBP To 1 USD Valued At 0.73510001 GBP For 240,633.46 USD Net Cost 240,633.46 USD 176,889.66 Units At 1 GBP Fx7218274-Aset 13523 00- -A -UC-UZ -001-04","1,624,626.23"
10/13/21,Purchase,"Purchased 10,000 Shares Of -259,662.29 259,662.29 Comture Corp Net Cost 259,662.29 USD Trade Date 10/11/21 Purchased Through Jpmsgb2l Jp Morgan Sec London Paid 129.77 USD Brokerage Purchased On The Jasdaq Securities Exchange Book Value 29,316,651 JPY Traded At 112.903 JPY To 1 USD Valued At 112.903 JPY For 259,662.29 USD 10,000 Shares At 2,930.2 JPY","1,364,963.94"
10/13/21,Purchase,"Purchased 10,000 Shares Of -185,916.14 185,916.14 Cyberagent Inc Npv Net Cost 185,916.14 USD Trade Date 10/11/21 Purchased Through Jpmsgb2l Jp Morgan Sec London Paid 92.91 USD Brokerage Book Value 20,990,490 JPY Traded At 112.903 JPY To 1 USD Valued At 112.903 JPY For 185,916.14 USD 10,000 Shares At 2,098 JPY","1,179,047.80"
10/13/21,Purchase,"Purchased 10,000 Shares Of -213,407.45 213,407.45 Japan Elevator Ser Net Cost 213,407.45 USD Trade Date 10/11/21 Purchased Through Jpmsgb2l Jp Morgan Sec London Paid 106.65 USD Brokerage Book Value 24,094,341 JPY Traded At 112.903 JPY To 1 USD Valued At 112.903 JPY For 213,407.45 USD 10,000 Shares At 2,408.23 JPY 13523 00- -A -UC-UZ -001-04","965,640.35"
10/13/21,Purchase,"Purchased 30,000 Shares Of -411,471.93 411,471.93 Raccoon Holdings I Npv Net Cost 411,471.93 USD Trade Date 10/11/21 Purchased Through Jpmsgb2l Jp Morgan Sec London Paid 205.63 USD Brokerage Purchased On The Japan Exchange Group Book Value 46,456,415 JPY Traded At 112.903 JPY To 1 USD Valued At 112.903 JPY For 411,471.93 USD 30,000 Shares At 1,547.7733 JPY","554,168.42"
10/13/21,Purchase,"Purchased 25,000 Shares Of -243,472.16 243,472.16 Rakuten Group Inc Net Cost 243,472.16 USD Trade Date 10/11/21 Purchased Through Jpmsgb2l Jp Morgan Sec London Paid 121.67 USD Brokerage Book Value 27,488,737 JPY Traded At 112.903 JPY To 1 USD Valued At 112.903 JPY For 243,472.16 USD 25,000 Shares At 1,099 JPY","310,696.26"
10/13/21,Purchase,"Purchased 3,000 Shares Of -310,696.26 310,696.26 Orpea Net Cost 310,696.26 USD Trade Date 10/11/21 Purchased Through Jpmsgb2l Jp Morgan Sec London Paid 154.81 USD Brokerage Paid 928.83 USD Misc Fee1 Book Value 268,554.66 EUR Traded At 0.86436399 EUR To 1 USD Valued At 0.86436399 EUR For 310,696.26 USD 3,000 Shares At 89.206 EUR 13523 00- -A -UC-UZ -001-04",0.00
10/13/21,Purchase,"Purchased 1,615 Shares Of -60,513.12 60,513.12 Basware Oyj Npv Net Cost 52,283.67 EUR Trade Date 10/11/21 Purchased Through Parbfrpp Banque Paribas Fr Paid 78.31 EUR Brokerage Book Value 52,283.67 EUR Valued At 0.8640055 EUR For 60,513.12 USD Fed Tax Cost Reduction 60,479.42- USD Fed ST Currency Gain Of 33.70 USD 1,615 Shares At 32.3253 EUR","-60,513.12"
10/13/21,Purchase,"Purchased 10,000 Shares Of -241,233.18 241,233.18 Aston Martin Lagonda Gbl Hldgs Plc O Net Cost 176,889.66 GBP Trade Date 10/11/21 Purchased Through Crst 871 Paid 263.62 GBP Brokerage Paid 1.00 GBP Misc Fee1 Paid 880.04 GBP Misc Fee2 Purchased On The London Stock Exchange Book Value 176,889.66 GBP Valued At 0.7332725 GBP For 241,233.18 USD 10,000 Shares At 17.5745 GBP -52,283.67 Euro 99999EUR3 -176,889.66 British Pound 99999GBP3 Taiwan Semiconductor A D R 0.491246 USD/Share On 8,050 Shares Due 10/14/21 21.0000000% Foreign Taxes Withheld Non-USD Taxes Taiwan Semiconductor A D R 13523 00- -A -UC-UZ -001-04","-301,746.30"
10/14/21,Purchase,"Purchased 3,124.08 Units Of -3,124.08 3,124.08 First Am Govt Ob Fd Cl X Trade Date 10/14/21","-106,795.75"
10/14/21,Sale,"Sold 2,889,860.11 Units Of 2,889,860.11 -2,889,860.11 First Am Govt Ob Fd Cl X Trade Date 10/14/21","2,783,064.36"
10/14/21,Purchase,"Purchased 205,529.04 Units Of -238,055.52 238,055.52 Euro Trade Date 10/13/21 Value Date 10/14/21 Book Value 205,529.04 EUR Traded At 0.86336599 EUR To 1 USD Valued At 0.86336599 EUR For 238,055.52 USD Net Cost 238,055.52 USD 205,529.04 Units At 1 EUR Fx7220387-Aset","2,545,008.84"
10/14/21,Purchase,"Purchased 800 Shares Of -341,836.76 341,836.76 Alk Abello A S Net Cost 341,836.76 USD Trade Date 10/12/21 Purchased Through Jpmsgb2leql Jp Morgan Eq Lndn Paid 170.83 USD Brokerage Book Value 2,203,172.08 DKK Traded At 6.44509994 DKK To 1 USD Valued At 6.44509994 DKK For 341,836.76 USD 800 Shares At 2,752.5888 DKK 13523 00- -A -UC-UZ -001-04","2,203,172.08"
10/14/21,Purchase,"Purchased 5,000 Shares Of -237,848.35 237,848.35 Amplifon Spa Net Cost 205,529.04 EUR Trade Date 10/12/21 Purchased Through Parbfrpp Banque Paribas Fr Paid 307.52 EUR Brokerage Paid 205.02 EUR Misc Fee1 Book Value 205,529.04 EUR Valued At 0.864118 EUR For 237,848.35 USD Fed Tax Cost Reduction 238,055.52- USD Fed ST Currency Loss Of 207.17- USD 5,000 Shares At 41.0033 EUR","1,965,323.73"
10/14/21,Purchase,"Purchased 800 Shares Of -341,836.76 341,836.76 Alk Abello A S Net Cost 341,836.76 USD Trade Date 10/12/21 Purchased Through Jpmsgb2leql Jp Morgan Eq Lndn Paid 170.83 USD Brokerage Book Value 2,203,172.08 DKK Traded At 6.44509994 DKK To 1 USD Valued At 6.44509994 DKK For 341,836.76 USD Reversed By Trx 3 Batch Ca000041 On 10/20/21 800 Shares At 2,752.5888 DKK -205,529.04 Euro 99999EUR3 Transfer From Another Account","1,623,486.97"
10/15/21,Sale,"Sold 418,457.23 Units Of 418,457.23 -418,457.23 First Am Govt Ob Fd Cl X Trade Date 10/15/21","2,527,437.17"
10/15/21,Sale,"Sold 486,365 Units Of 486,365.00 -486,365.00 First Am Govt Ob Fd Cl X Trade Date 10/15/21 13523 00- -A -UC-UZ -001-04","3,013,802.17"
10/15/21,Purchase,"Purchased 410,218.41 Units Of -476,698.83 476,698.83 Euro Trade Date 10/14/21 Value Date 10/15/21 Book Value 410,218.41 EUR Traded At 0.86054 EUR To 1 USD Valued At 0.86054 EUR For 476,698.83 USD Net Cost 476,698.83 USD 410,218.41 Units At 1 EUR Fx7221762-Aset","2,537,103.34"
10/15/21,Purchase,"Purchased 222,672.74 Units Of -258,759.31 258,759.31 Euro Trade Date 10/14/21 Value Date 10/15/21 Book Value 222,672.74 EUR Traded At 0.86054001 EUR To 1 USD Valued At 0.86054001 EUR For 258,759.31 USD Net Cost 258,759.31 USD 222,672.74 Units At 1 EUR Fx7221763-Aset","2,278,344.03"
10/15/21,Purchase,"Purchased 447,718.18 Units Of -614,749.24 614,749.24 British Pound Trade Date 10/14/21 Value Date 10/15/21 Book Value 447,718.18 GBP Traded At 0.728294 GBP To 1 USD Valued At 0.728294 GBP For 614,749.24 USD Net Cost 614,749.24 USD 447,718.18 Units At 1 GBP Fx7221842-Aset 13523 00- -A -UC-UZ -001-04","1,663,594.79"
10/15/21,Purchase,"Purchased 154,890.42 Units Of -212,675.68 212,675.68 British Pound Trade Date 10/14/21 Value Date 10/15/21 Book Value 154,890.42 GBP Traded At 0.72829399 GBP To 1 USD Valued At 0.72829399 GBP For 212,675.68 USD Net Cost 212,675.68 USD 154,890.42 Units At 1 GBP Fx7221838-Aset","1,450,919.11"
10/15/21,Purchase,"Purchased 340,927.23 Units Of -468,117.59 468,117.59 British Pound Trade Date 10/14/21 Value Date 10/15/21 Book Value 340,927.23 GBP Traded At 0.728294 GBP To 1 USD Valued At 0.728294 GBP For 468,117.59 USD Net Cost 468,117.59 USD 340,927.23 Units At 1 GBP Fx7221840-Aset","982,801.52"
10/15/21,Purchase,"Purchased 25,000 Shares Of -609,008.64 609,008.64 Aston Martin Lagonda Gbl Hldgs Plc O Net Cost 447,718.18 GBP Trade Date 10/13/21 Purchased Through Crst 871 Paid 667.23 GBP Brokerage Paid 1.00 GBP Misc Fee1 Paid 2,227.45 GBP Misc Fee2 Purchased On The London Stock Exchange Book Value 447,718.18 GBP Valued At 0.735159 GBP For 609,008.64 USD 25,000 Shares At 17.7929 GBP 13523 00- -A -UC-UZ -001-04","373,792.88"
10/15/21,Purchase,"Purchased 40,000 Shares Of -210,689.69 210,689.69 Ds Smith Plc Net Cost 154,890.42 GBP Trade Date 10/13/21 Purchased Through Crst 871 Paid 230.83 GBP Brokerage Paid 1.00 GBP Misc Fee1 Paid 770.59 GBP Misc Fee2 Purchased On The London Stock Exchange Book Value 154,890.42 GBP Valued At 0.735159 GBP For 210,689.69 USD 40,000 Shares At 3.8472 GBP","163,103.19"
10/15/21,Purchase,"Purchased 20,000 Shares Of -463,746.25 463,746.25 Ocado Group Plc Net Cost 340,927.23 GBP Trade Date 10/13/21 Purchased Through Crst 871 Paid 508.08 GBP Brokerage Paid 1.00 GBP Misc Fee1 Paid 1,696.15 GBP Misc Fee2 Purchased On The London Stock Exchange Book Value 340,927.23 GBP Valued At 0.735159 GBP For 463,746.25 USD 20,000 Shares At 16.9361 GBP","-300,643.06"
10/15/21,Purchase,"Purchased 5,000 Shares Of -473,761.15 473,761.15 Dermapharm Hldg Net Cost 410,218.41 EUR Trade Date 10/13/21 Purchased Through Parbfrpp Banque Paribas Fr Paid 614.41 EUR Brokerage Purchased On The Deutsche Boerse Ag Book Value 410,218.41 EUR Valued At 0.865876 EUR For 473,761.15 USD Fed Tax Cost Reduction 476,698.83- USD Fed ST Currency Loss Of 2,937.68- USD 5,000 Shares At 81.9208 EUR 13523 00- -A -UC-UZ -001-04","-774,404.21"
10/15/21,Purchase,"Purchased 4,000 Shares Of -257,164.70 257,164.70 Fnac Darty Net Cost 222,672.74 EUR Trade Date 10/13/21 Purchased Through Parbfrpp Banque Paribas Fr Paid 332.51 EUR Brokerage Paid 665.03 EUR Misc Fee1 Book Value 222,672.74 EUR Valued At 0.865876 EUR For 257,164.70 USD Fed Tax Cost Reduction 258,759.31- USD Fed ST Currency Loss Of 1,594.61- USD 4,000 Shares At 55.4188 EUR","-1,031,568.91"
10/15/21,Purchase,"Purchased 10,000 Shares Of -490,620.36 490,620.36 Future Plc Shs Net Cost 360,683.97 GBP Trade Date 10/13/21 Purchased Through Crst 871 Paid 537.53 GBP Brokerage Paid 1.00 GBP Misc Fee1 Paid 1,794.44 GBP Misc Fee2 Purchased On The OTC Markets Book Value 490,620.36 USD Traded At 1.36024996 USD To 1 GBP 10,000 Shares At 48.74469334 USD","-1,522,189.27"
10/15/21,Purchase,"Purchased 360,683.97 Units Of -496,436.52 490,620.36 British Pound Trade Date 10/15/21 Value Date 10/15/21 Book Value 360,683.97 GBP Traded At 0.726546 GBP To 1 USD Valued At 0.726546 GBP For 496,436.52 USD Net Cost 496,436.52 USD Repayment Of Currency Overdraft Resulted In Fed ST Currency Loss On GBP Of 5,816.16- USD 360,683.97 Units At 1 GBP Fx7223762-Aset 13523 00- -A -UC-UZ -001-04","-2,018,625.79"
10/15/21,Purchase,"Purchased 50,000 Shares Of -486,365.00 486,365.00 Blackberry Ltd Trade Date 10/13/21 Purchased Through Jefferies LLC Paid 2,000.00 USD Brokerage Purchased On The OTC Bulletin Board 50,000 Shares At 9.6873 USD -447,718.18 British Pound 99999GBP3 -154,890.42 British Pound 99999GBP3 -340,927.23 British Pound 99999GBP3 -410,218.41 Euro 99999EUR3 -222,672.74 Euro 99999EUR3 -360,683.97 U.S. Dollar 99999USD1 Transfer From Another Account","-2,504,990.79"
10/18/21,Sale,"Sold 834,888.04 Units Of 834,888.04 -834,888.04 First Am Govt Ob Fd Cl X Trade Date 10/18/21 13523 00- -A -UC-UZ -001-04","849,067.20"
10/18/21,Purchase,"Purchased 2,726,419.50 Units Of -323,109.98 323,109.98 Norwegian Krone Trade Date 10/14/21 Value Date 10/18/21 Book Value 2,726,419.50 NOK Traded At 8.43805413 NOK To 1 USD Valued At 8.43805413 NOK For 323,109.98 USD Net Cost 323,109.98 USD 2,726,419.5 Units At 1 NOK Fx7223458-Aset","525,957.22"
10/18/21,Purchase,"Purchased 178,436.25 Units Of -207,192.98 207,192.98 Euro Trade Date 10/14/21 Value Date 10/18/21 Book Value 178,436.25 EUR Traded At 0.86120799 EUR To 1 USD Valued At 0.86120799 EUR For 207,192.98 USD Net Cost 207,192.98 USD 178,436.25 Units At 1 EUR Fx7223469-Aset","318,764.24"
10/18/21,Purchase,"Purchased 231,596.88 Units Of -318,764.24 318,764.24 British Pound Trade Date 10/15/21 Value Date 10/18/21 Book Value 231,596.88 GBP Traded At 0.72654599 GBP To 1 USD Valued At 0.72654599 GBP For 318,764.24 USD Net Cost 318,764.24 USD 231,596.88 Units At 1 GBP Fx7223760-Aset 13523 00- -A -UC-UZ -001-04",0.00
10/18/21,Purchase,"Purchased 125,000 Shares Of -315,747.55 315,747.55 Boku Inc Net Cost 231,596.88 GBP Trade Date 10/14/21 Purchased Through Crst 871 Paid 346.88 GBP Brokerage Purchased On The London Stock Exchange Book Value 231,596.88 GBP Valued At 0.7334875 GBP For 315,747.55 USD Fed Tax Cost Reduction 318,764.24- USD Fed ST Currency Loss Of 3,016.69- USD 125,000 Shares At 1.85 GBP","-315,747.55"
10/18/21,Purchase,"Purchased 10,000 Shares Of -319,627.14 319,627.14 Nordic Semiconductor Asa Net Cost 2,726,419.50 NOK Trade Date 10/14/21 Purchased Through Parbfrpp Banque Paribas Fr Paid 4,083.50 NOK Brokerage Book Value 2,726,419.50 NOK Valued At 8.53 NOK For 319,627.14 USD Fed Tax Cost Reduction 323,109.98- USD Fed ST Currency Loss Of 3,482.84- USD 10,000 Shares At 272.2336 NOK","-635,374.69"
10/18/21,Purchase,"Purchased 10,000 Shares Of -206,531.09 206,531.09 Slm Solutions Group Ag Net Cost 178,436.25 EUR Trade Date 10/14/21 Purchased Through Parbfrpp Banque Paribas Fr Paid 267.25 EUR Brokerage Book Value 178,436.25 EUR Valued At 0.863968 EUR For 206,531.09 USD Fed Tax Cost Reduction 207,192.98- USD Fed ST Currency Loss Of 661.89- USD 10,000 Shares At 17.8169 EUR -231,596.88 British Pound 99999GBP3 -2,726,419.50 Norwegian Krone 99999NOK5 13523 00- -A -UC-UZ -001-04","-841,905.78"
10/19/21,Purchase,"Purchased 42,937.2 Units Of -42,937.20 42,937.20 First Am Govt Ob Fd Cl X Trade Date 10/19/21",0.00
10/19/21,Purchase,"Purchased 10,000 Shares Of -705,981.00 705,981.00 Rio Tinto Plc A D R Trade Date 10/14/21 Purchased Through Jefferies LLC Paid 400.00 USD Brokerage 10,000 Shares At 70.5581 USD","-705,981.00"
10/19/21,Purchase,"Purchased 10,000 Shares Of -420,600.00 420,600.00 Stmicroelectronics N V Trade Date 10/14/21 Purchased Through Jefferies LLC Paid 400.00 USD Brokerage 10,000 Shares At 42.02 USD","-1,126,581.00"
10/19/21,Purchase,"Purchased 11,000 Shares Of -626,410.40 626,410.40 B H P Billiton Limited A D R Trade Date 10/14/21 Purchased Through Jefferies LLC Paid 440.00 USD Brokerage 11,000 Shares At 56.9064 USD","-1,752,991.40"
10/20/21,Sale,"Reversal- 800 Shares Of 341,836.76 -341,836.76 Alk Abello A S Net Proceeds 341,836.76 USD Trade Date 10/12/21 Sold Through Jpmsgb2leql Jp Morgan Eq Lndn Paid 170.83- USD Brokerage Book Value 2,203,172.08 DKK Local Proceeds 2,203,172.08 DKK Traded At 6.44509994 DKK To 1 USD Valued At 6.44509994 DKK For 341,836.76 USD 800 Shares At 2,752.58880002 DKK Reversal It-2109348 13523 00- -A -UC-UZ -001-04","-1,411,154.64"
10/20/21,Purchase,"Purchased 2,010,031.5 Units Of -2,010,031.50 2,010,031.50 First Am Govt Ob Fd Cl X Trade Date 10/20/21","-1,411,154.64"
10/20/21,Purchase,"Purchased 341,836.76 Units Of -341,836.76 341,836.76 First Am Govt Ob Fd Cl X Trade Date 10/20/21","-1,752,991.40"
10/20/21,Sale,"Sold 1,752,991.4 Units Of 1,752,991.40 -1,752,991.40 First Am Govt Ob Fd Cl X Trade Date 10/19/21",0.00
10/20/21,Purchase,"Purchased 3,056 Shares Of -20,373.74 20,373.74 Raysearch Laboratories Ab Net Cost 177,606.00 SEK Trade Date 10/14/21 Purchased Through Parbfrpp Banque Paribas Fr Paid 266.01 SEK Brokerage Book Value 177,606.00 SEK Valued At 8.7174 SEK For 20,373.74 USD Fed Tax Cost Reduction 20,373.74- USD 3,056 Shares At 58.03010144 SEK","-20,373.74"
10/20/21,Purchase,"Purchased 4,518 Shares Of -30,727.56 30,727.56 Raysearch Laboratories Ab Net Cost 265,619.79 SEK Trade Date 10/15/21 Purchased Through Parbfrpp Banque Paribas Fr Paid 397.83 SEK Brokerage Book Value 265,619.79 SEK Valued At 8.64435 SEK For 30,727.56 USD Fed Tax Cost Reduction 30,727.56- USD 4,518 Shares At 58.70339973 SEK 13523 00- -A -UC-UZ -001-04","-51,101.30"
10/20/21,Purchase,"Purchased 1,191 Shares Of -8,082.89 8,082.89 Raysearch Laboratories Ab Net Cost 69,629.63 SEK Trade Date 10/18/21 Purchased Through Parbfrpp Banque Paribas Fr Paid 104.29 SEK Brokerage Book Value 69,629.63 SEK Valued At 8.61445 SEK For 8,082.89 USD Fed Tax Cost Reduction 8,082.89- USD 1,191 Shares At 58.37560034 SEK -177,606.00 Swedish Krona 99999SEK5 -265,619.79 Swedish Krona 99999SEK5 -69,629.63 Swedish Krona 99999SEK5 Transfer From Another Account","-59,184.19"
10/21/21,Purchase,"Purchased 21,405.77 Units Of -21,405.77 21,405.77 First Am Govt Ob Fd Cl X Trade Date 10/21/21","20,705.28"
10/21/21,Purchase,"Purchased 177,606.00 Units Of -20,705.28 20,573.87 Swedish Krona Trade Date 10/20/21 Value Date 10/21/21 Book Value 177,606.00 SEK Traded At 8.57781204 SEK To 1 USD Valued At 8.57781204 SEK For 20,705.28 USD Net Cost 20,705.28 USD Repayment Of Currency Overdraft Resulted In Fed ST Currency Loss On SEK Of 131.41- USD 177,606 Units At 1 SEK Fx7231315-Aset 13523 00- -A -UC-UZ -001-04",0.00
10/21/21,Purchase,"Purchased 3,891 Shares Of -26,283.35 26,283.35 Raysearch Laboratories Ab Net Cost 227,628.25 SEK Trade Date 10/19/21 Purchased Through Parbfrpp Banque Paribas Fr Paid 340.93 SEK Brokerage Book Value 227,628.25 SEK Valued At 8.66055 SEK For 26,283.35 USD Fed Tax Cost Reduction 26,283.35- USD 3,891 Shares At 58.4136 SEK -227,628.25 Swedish Krona 99999SEK5 Transfer From Another Account","-26,283.35"
10/22/21,Sale,"Sold 836,272.12 Units Of 836,272.12 -836,272.12 First Am Govt Ob Fd Cl X Trade Date 10/22/21","887,283.86"
10/22/21,Purchase,"Purchased 321,928.73 Units Of -37,434.48 37,205.97 Swedish Krona Trade Date 10/21/21 Value Date 10/22/21 Book Value 321,928.73 SEK Traded At 8.59979169 SEK To 1 USD Valued At 8.59979169 SEK For 37,434.48 USD Net Cost 37,434.48 USD Repayment Of Currency Overdraft Resulted In Fed ST Currency Loss On SEK Of 228.51- USD 321,928.73 Units At 1 SEK Fx7231790-Aset 13523 00- -A -UC-UZ -001-04","849,849.38"
10/22/21,Purchase,"Purchased 69,629.63 Units Of -8,102.12 8,035.13 Swedish Krona Trade Date 10/21/21 Value Date 10/22/21 Book Value 69,629.63 SEK Traded At 8.59400132 SEK To 1 USD Valued At 8.59400132 SEK For 8,102.12 USD Net Cost 8,102.12 USD Repayment Of Currency Overdraft Resulted In Fed ST Currency Loss On SEK Of 66.99- USD 69,629.63 Units At 1 SEK Fx7231827-Aset","841,747.26"
10/22/21,Purchase,"Purchased 265,619.79 Units Of -30,908.31 30,625.65 Swedish Krona Trade Date 10/21/21 Value Date 10/22/21 Book Value 265,619.79 SEK Traded At 8.59379856 SEK To 1 USD Valued At 8.59379856 SEK For 30,908.31 USD Net Cost 30,908.31 USD Repayment Of Currency Overdraft Resulted In Fed ST Currency Loss On SEK Of 282.66- USD 265,619.79 Units At 1 SEK Fx7231826-Aset","810,838.95"
10/22/21,Purchase,"Purchased 227,628.25 Units Of -26,518.95 26,518.95 Swedish Krona Trade Date 10/21/21 Value Date 10/22/21 Book Value 227,628.25 SEK Traded At 8.58360719 SEK To 1 USD Valued At 8.58360719 SEK For 26,518.95 USD Net Cost 26,518.95 USD 227,628.25 Units At 1 SEK Fx7232630-Aset 13523 00- -A -UC-UZ -001-04","784,320.00"
10/22/21,Purchase,"Purchased 3,000 Shares Of -435,120.00 435,120.00 Jazz Pharmaceuticals Plc Trade Date 10/20/21 Purchased Through Jefferies LLC Paid 120.00 USD Brokerage Purchased On The OTC Bulletin Board 3,000 Shares At 145.00 USD","349,200.00"
10/22/21,Purchase,"Purchased 15,000 Shares Of -349,200.00 349,200.00 Materialise Nv A D R Trade Date 10/20/21 Purchased Through Jefferies LLC Paid 600.00 USD Brokerage Purchased On The OTC Bulletin Board 15,000 Shares At 23.24 USD",0.00
10/22/21,Purchase,"Purchased 5,475 Shares Of -37,395.53 37,395.53 Raysearch Laboratories Ab Net Cost 321,928.73 SEK Trade Date 10/20/21 Purchased Through Parbfrpp Banque Paribas Fr Paid 482.17 SEK Brokerage Book Value 321,928.73 SEK Valued At 8.60875 SEK For 37,395.53 USD Fed Tax Cost Reduction 37,492.03- USD Fed ST Currency Loss Of 96.50- USD 5,475 Shares At 58.71170046 SEK -321,928.73 Swedish Krona 99999SEK5 Transfer From Another Account","-37,395.53"
10/25/21,Sale,"Sold 500,597.19 Units Of 500,597.19 -500,597.19 First Am Govt Ob Fd Cl X Trade Date 10/25/21 13523 00- -A -UC-UZ -001-04","544,336.15"
10/25/21,Purchase,"Purchased 384,173.37 Units Of -44,690.58 44,690.58 Swedish Krona Trade Date 10/21/21 Value Date 10/25/21 Book Value 384,173.37 SEK Traded At 8.59629412 SEK To 1 USD Valued At 8.59629412 SEK For 44,690.58 USD Net Cost 44,690.58 USD 384,173.37 Units At 1 SEK Fx7233082-Aset","499,645.57"
10/25/21,Purchase,"Purchased 30,796,125.00 Units Of -271,690.56 271,690.56 Yen Trade Date 10/22/21 Value Date 10/25/21 Book Value 30,796,125 JPY Traded At 113.35000009 JPY To 1 USD Valued At 113.35000009 JPY For 271,690.56 USD Net Cost 271,690.56 USD 30,796,125 Units At 1 JPY Fx7234928-Aset","227,955.01"
10/25/21,Purchase,"Purchased 25,838,700.00 Units Of -227,955.01 227,955.01 Yen Trade Date 10/22/21 Value Date 10/25/21 Book Value 25,838,700 JPY Traded At 113.34999832 JPY To 1 USD Valued At 113.34999832 JPY For 227,955.01 USD Net Cost 227,955.01 USD 25,838,700 Units At 1 JPY Fx7234929-Aset 13523 00- -A -UC-UZ -001-04",0.00
10/25/21,Purchase,"Purchased 6,428 Shares Of -44,716.56 44,716.56 Raysearch Laboratories Ab Net Cost 384,173.37 SEK Trade Date 10/21/21 Purchased Through Parbfrpp Banque Paribas Fr Paid 575.40 SEK Brokerage Book Value 384,173.37 SEK Valued At 8.5913 SEK For 44,716.56 USD Fed Tax Cost Reduction 44,690.58- USD Fed ST Currency Gain Of 25.98 USD 6,428 Shares At 59.6761 SEK","-44,716.56"
10/25/21,Purchase,"Purchased 1,000 Shares Of -269,397.06 269,397.06 Disco Corporation Net Cost 30,796,125 JPY Trade Date 10/21/21 Purchased Through Jeffus33 Jefferies Jersey City Paid 46,125 JPY Brokerage Book Value 30,796,125 JPY Valued At 114.315 JPY For 269,397.06 USD Fed Tax Cost Reduction 271,690.56- USD Fed ST Currency Loss Of 2,293.50- USD 1,000 Shares At 30,750 JPY","-314,113.62"
10/25/21,Purchase,"Purchased 1,000 Shares Of -226,030.70 226,030.70 Lasertec Corp Net Cost 25,838,700 JPY Trade Date 10/21/21 Purchased Through Jeffus33 Jefferies Jersey City Paid 38,700 JPY Brokerage Book Value 25,838,700 JPY Valued At 114.315 JPY For 226,030.70 USD Fed Tax Cost Reduction 227,955.01- USD Fed ST Currency Loss Of 1,924.31- USD 1,000 Shares At 25,800 JPY 13523 00- -A -UC-UZ -001-04","-540,144.32"
10/25/21,Purchase,"Purchased 100,000 Shares Of -292,443.21 292,443.21 Learning Technologies Group Net Cost 211,938.42 GBP Trade Date 10/20/21 Purchased Through Jeffgb2x Jefferies Intl London Paid 317.42 GBP Brokerage Paid 1.00 GBP Misc Fee1 Purchased On The London Stock Exchange Book Value 211,938.42 GBP Valued At 0.7247165 GBP For 292,443.21 USD Fed Tax Cost Reduction 292,443.21- USD 100,000 Shares At 2.1162 GBP","-832,587.53"
10/25/21,Purchase,"Purchased 10,000 Shares Of -548,352.01 548,352.01 Vitec Software Group Ab B Sh Net Cost 4,720,625.33 SEK Trade Date 10/20/21 Purchased Through Jeffus33 Jefferies Jersey City Paid 7,070.33 SEK Brokerage Book Value 4,720,625.33 SEK Valued At 8.60875 SEK For 548,352.01 USD Fed Tax Cost Reduction 548,352.01- USD 10,000 Shares At 471.3555 SEK","-1,380,939.54"
10/25/21,Purchase,"Purchased 3,000 Shares Of -392,210.14 392,210.14 Eurofins Scientific Net Cost 336,820.07 EUR Trade Date 10/20/21 Purchased Through Jeffus33 Jefferies Jersey City Paid 504.47 EUR Brokerage Purchased On The NYSE Euronext - Euronext Paris Book Value 336,820.07 EUR Valued At 0.8587745 EUR For 392,210.14 USD Fed Tax Cost Reduction 392,210.14- USD 3,000 Shares At 112.1052 EUR 13523 00- -A -UC-UZ -001-04","-1,773,149.68"
10/25/21,Purchase,"Purchased 100,000 Shares Of -219,297.52 219,297.52 Capital Counties Properties Plc Net Cost 158,928.53 GBP Trade Date 10/20/21 Purchased Through Jeffgb2x Jefferies Intl London Paid 236.85 GBP Brokerage Paid 1.00 GBP Misc Fee1 Paid 790.68 GBP Misc Fee2 Purchased On The London Stock Exchange Book Value 158,928.53 GBP Valued At 0.7247165 GBP For 219,297.52 USD 100,000 Shares At 1.579 GBP -384,173.37 Swedish Krona 99999SEK5 -30,796,125 Yen 99999JPY3 -25,838,700 Yen 99999JPY3 -211,938.42 British Pound 99999GBP3 -4,720,625.33 Swedish Krona 99999SEK5 -336,820.07 Euro 99999EUR3 -158,928.53 British Pound 99999GBP3 Transfer From Another Account 13523 00- -A -UC-UZ -001-04","-1,992,447.20"
10/26/21,Sale,"Sold 1,440,288.13 Units Of 1,440,288.13 -1,440,288.13 First Am Govt Ob Fd Cl X Trade Date 10/26/21","1,490,350.37"
10/26/21,Purchase,"Purchased 328,835.10 Units Of -38,355.19 38,197.78 Swedish Krona Trade Date 10/22/21 Value Date 10/26/21 Book Value 328,835.10 SEK Traded At 8.57341862 SEK To 1 USD Valued At 8.57341862 SEK For 38,355.19 USD Net Cost 38,355.19 USD Repayment Of Currency Overdraft Resulted In Fed ST Currency Loss On SEK Of 157.41- USD 328,835.1 Units At 1 SEK Fx7234861-Aset","1,451,995.18"
10/26/21,Purchase,"Purchased 336,820.07 Units Of -391,506.48 392,210.14 Euro Trade Date 10/25/21 Value Date 10/26/21 Book Value 336,820.07 EUR Traded At 0.860318 EUR To 1 USD Valued At 0.860318 EUR For 391,506.48 USD Net Cost 391,506.48 USD Repayment Of Currency Overdraft Resulted In Fed ST Currency Gain On EUR Of 703.66 USD 336,820.07 Units At 1 EUR Fx7236949-Aset","1,060,488.70"
10/26/21,Purchase,"Purchased 4,720,625.33 Units Of -549,331.63 548,420.25 Swedish Krona Trade Date 10/25/21 Value Date 10/26/21 Book Value 4,720,625.33 SEK Traded At 8.593398 SEK To 1 USD Valued At 8.593398 SEK For 549,331.63 USD Net Cost 549,331.63 USD Repayment Of Currency Overdraft Resulted In Fed ST Currency Loss On SEK Of 911.38- USD 4,720,625.33 Units At 1 SEK 13523 00- -A -UC-UZ -001-04","511,157.07"
10/26/21,Purchase,"Purchased 5,441 Shares Of -38,288.51 38,288.51 Raysearch Laboratories Ab Net Cost 328,835.10 SEK Trade Date 10/22/21 Purchased Through Parbfrpp Banque Paribas Fr Paid 492.51 SEK Brokerage Book Value 328,835.10 SEK Valued At 8.58835 SEK For 38,288.51 USD Fed Tax Cost Reduction 38,266.02- USD Fed ST Currency Gain Of 22.49 USD 5,441 Shares At 60.34600074 SEK","472,868.56"
10/26/21,Purchase,"Purchased 211,938.42 Units Of -292,109.67 292,443.21 British Pound Trade Date 10/25/21 Value Date 10/26/21 Book Value 211,938.42 GBP Traded At 0.72554401 GBP To 1 USD Valued At 0.72554401 GBP For 292,109.67 USD Net Cost 292,109.67 USD Repayment Of Currency Overdraft Resulted In Fed ST Currency Gain On GBP Of 333.54 USD 211,938.42 Units At 1 GBP Fx7237011-Aset","180,758.89"
10/26/21,Purchase,"Purchased 158,928.53 Units Of -219,047.40 219,297.52 British Pound Trade Date 10/25/21 Value Date 10/26/21 Book Value 158,928.53 GBP Traded At 0.72554401 GBP To 1 USD Valued At 0.72554401 GBP For 219,047.40 USD Net Cost 219,047.40 USD Repayment Of Currency Overdraft Resulted In Fed ST Currency Gain On GBP Of 250.12 USD 158,928.53 Units At 1 GBP Fx7237012-Aset -328,835.10 Swedish Krona 99999SEK5 13523 00- -A -UC-UZ -001-04","-38,288.51"
10/27/21,Purchase,"Purchased 447,338.33 Units Of -447,338.33 447,338.33 First Am Govt Ob Fd Cl X Trade Date 10/27/21 Transfer From Another Account",0.00
10/28/21,Sale,"Sold 1,365,355.12 Units Of 1,365,355.12 -1,365,355.12 First Am Govt Ob Fd Cl X Trade Date 10/28/21","1,378,309.24"
10/28/21,Purchase,"Purchased 307,871.12 Units Of -357,518.25 357,518.25 Euro Trade Date 10/26/21 Value Date 10/28/21 Book Value 307,871.12 EUR Traded At 0.861134 EUR To 1 USD Valued At 0.861134 EUR For 357,518.25 USD Net Cost 357,518.25 USD 307,871.12 Units At 1 EUR Fx7238558-Aset","1,020,790.99"
10/28/21,Purchase,"Purchased 34,596,818.00 Units Of -303,374.41 303,374.41 Yen Trade Date 10/26/21 Value Date 10/28/21 Book Value 34,596,818 JPY Traded At 114.04000093 JPY To 1 USD Valued At 114.04000093 JPY For 303,374.41 USD Net Cost 303,374.41 USD 34,596,818 Units At 1 JPY Fx7238887-Aset 13523 00- -A -UC-UZ -001-04","717,416.58"
10/28/21,Purchase,"Purchased 199,439.71 Units Of -274,803.46 274,803.46 British Pound Trade Date 10/26/21 Value Date 10/28/21 Book Value 199,439.71 GBP Traded At 0.725754 GBP To 1 USD Valued At 0.725754 GBP For 274,803.46 USD Net Cost 274,803.46 USD 199,439.71 Units At 1 GBP Fx7238884-Aset","442,613.12"
10/28/21,Purchase,"Purchased 50,475,600.00 Units Of -442,613.12 442,613.12 Yen Trade Date 10/26/21 Value Date 10/28/21 Book Value 50,475,600 JPY Traded At 114.03999954 JPY To 1 USD Valued At 114.03999954 JPY For 442,613.12 USD Net Cost 442,613.12 USD 50,475,600 Units At 1 JPY Fx7238888-Aset",0.00
10/28/21,Purchase,"Purchased 50,000 Shares Of -304,455.65 304,455.65 Yahoo Japan Corporation Net Cost 34,596,818 JPY Trade Date 10/26/21 Purchased Through Jeffus33 Jefferies Jersey City Paid 51,818 JPY Brokerage Book Value 34,596,818 JPY Valued At 113.635 JPY For 304,455.65 USD Fed Tax Cost Reduction 303,374.41- USD Fed ST Currency Gain Of 1,081.24 USD 50,000 Shares At 690.9 JPY 13523 00- -A -UC-UZ -001-04","-304,455.65"
10/28/21,Purchase,"Purchased 3,000 Shares Of -357,530.70 357,530.70 Eurofins Scientific Net Cost 307,871.12 EUR Trade Date 10/26/21 Purchased Through Jeffus33 Jefferies Jersey City Paid 461.12 EUR Brokerage Purchased On The NYSE Euronext - Euronext Paris Book Value 307,871.12 EUR Valued At 0.861104 EUR For 357,530.70 USD Fed Tax Cost Reduction 357,518.25- USD Fed ST Currency Gain Of 12.45 USD 3,000 Shares At 102.47 EUR","-661,986.35"
10/28/21,Purchase,"Purchased 4,000 Shares Of -444,190.61 444,190.61 Nidec Corp Net Cost 50,475,600 JPY Trade Date 10/26/21 Purchased Through Jeffus33 Jefferies Jersey City Paid 75,600 JPY Brokerage Book Value 50,475,600 JPY Valued At 113.635 JPY For 444,190.61 USD Fed Tax Cost Reduction 442,613.12- USD Fed ST Currency Gain Of 1,577.49 USD 4,000 Shares At 12,600 JPY","-1,106,176.96"
10/28/21,Purchase,"Purchased 10,000 Shares Of -274,618.43 274,618.43 Gvc Holdings Plc Net Cost 199,439.71 GBP Trade Date 10/26/21 Purchased Through Crest 393 Paid 298.71 GBP Brokerage Paid 1.00 GBP Misc Fee1 Purchased On The London Stock Exchange Book Value 199,439.71 GBP Valued At 0.726243 GBP For 274,618.43 USD Fed Tax Cost Reduction 274,803.46- USD 10,000 Shares At 19.914 GBP -34,596,818 Yen 99999JPY3 13523 00- -A -UC-UZ -001-04","-1,380,795.39"
10/29/21,Sale,"Sold 900.00 Units Of 1,239.23 -1,239.23 British Pound Trade Date 10/29/21 Value Date 10/29/21 Book Value 900.00 GBP Traded At 0.726258 GBP To 1 USD Valued At 0.726258 GBP For 1,239.23 USD Net Proceeds 1,239.23 USD Repatriating Learning Technologies Group Transfer To Income Learning Technologies Group Repatriating Learning Technologies Group Transfer From Principal Learning Technologies Group Repatriating Learning Technologies Group Transfer From Another Account 13523 00- -A -UC-UZ -001-04","2,478.46"
10/29/21,Sale,"Sold 17,218.51 Units Of 17,218.51 -17,218.51 First Am Govt Ob Fd Cl X Trade Date 10/29/21","340,265.50"
10/29/21,Purchase,"Purchased 245,453.63 Units Of -337,787.04 337,787.04 British Pound Trade Date 10/28/21 Value Date 10/29/21 Book Value 245,453.63 GBP Traded At 0.72665201 GBP To 1 USD Valued At 0.72665201 GBP For 337,787.04 USD Net Cost 337,787.04 USD 245,453.63 Units At 1 GBP Fx7241746-Aset","2,478.46"
10/29/21,Purchase,"Purchased 10,000 Shares Of -338,505.14 338,505.14 Frontier Developments Plc Net Cost 245,453.63 GBP Trade Date 10/27/21 Purchased Through Jeffgb2x Jefferies Intl London Paid 367.63 GBP Brokerage Paid 1.00 GBP Misc Fee1 Purchased On The London Stock Exchange Book Value 245,453.63 GBP Valued At 0.7251105 GBP For 338,505.14 USD Fed Tax Cost Reduction 337,787.04- USD 10,000 Shares At 24.5085 GBP 900.00 British Pound 99999GBP3 -245,453.63 British Pound 99999GBP3 Ds Smith Plc 0.081 GBP/Share On 120,000 Shares Due 11/1/21 Received 9,720.00 GBP Valued At 0.732154 GBP For 13,275.90 USD 13523 00- -A -UC-UZ -001-04","-336,026.68"
11/01/21,Sale,"Sold 9,720.00 Units Of 13,275.90 -13,275.90 British Pound Trade Date 11/1/21 Value Date 11/1/21 Book Value 9,720.00 GBP Traded At 0.732154 GBP To 1 USD Valued At 0.732154 GBP For 13,275.90 USD Net Proceeds 13,275.90 USD Repatriating Ds Smith Plc Transfer To Income Ds Smith Plc Repatriating Ds Smith Plc Transfer From Principal Ds Smith Plc Repatriating Ds Smith Plc Transfer From Another Account","27,791.03"
11/01/21,Purchase,"Purchased 89,550.53 Units Of -89,550.53 89,550.53 First Am Govt Ob Fd Cl X Trade Date 11/1/21 First Am Govt Ob Fd Cl X Interest From 10/1/21 To 10/31/21 9,720.00 British Pound 99999GBP3 Transfer From Another Account","13,275.90"
11/02/21,Sale,"Sold 365,036.86 Units Of 365,036.86 -365,036.86 First Am Govt Ob Fd Cl X Trade Date 11/2/21","455,767.94"
11/02/21,Purchase,"Purchased 393,800.82 Units Of -455,767.94 455,767.94 Euro Trade Date 10/29/21 Value Date 11/2/21 Book Value 393,800.82 EUR Traded At 0.864038 EUR To 1 USD Valued At 0.864038 EUR For 455,767.94 USD Net Cost 455,767.94 USD 393,800.82 Units At 1 EUR Fx7246018-Aset 13523 00- -A -UC-UZ -001-04",0.00
11/02/21,Purchase,"Purchased 10,000 Shares Of -459,821.54 459,821.54 Pva Tepla Ag Net Cost 393,800.82 EUR Trade Date 10/29/21 Purchased Through Jeffus33 Jefferies Jersey City Paid 589.82 EUR Brokerage Purchased On The Boerse Frankfurt - Regulierter Book Value 393,800.82 EUR Valued At 0.856421 EUR For 459,821.54 USD Fed Tax Cost Reduction 455,767.94- USD Fed ST Currency Gain Of 4,053.60 USD 10,000 Shares At 39.3211 EUR -393,800.82 Euro 99999EUR3 Transfer From Another Account","-459,821.54"
11/03/21,Purchase,"Purchased 50,671.2 Units Of -50,671.20 50,671.20 First Am Govt Ob Fd Cl X Trade Date 11/3/21 Transfer From Another Account",0.00
11/04/21,Purchase,"Purchased 28,658.39 Units Of -28,658.39 28,658.39 First Am Govt Ob Fd Cl X Trade Date 11/4/21 Transfer From Another Account",0.00
11/05/21,Purchase,"Purchased 33,389.12 Units Of -33,389.12 33,389.12 First Am Govt Ob Fd Cl X Trade Date 11/5/21 Transfer From Another Account 13523 00- -A -UC-UZ -001-04",0.00
11/08/21,Purchase,"Purchased 22,276.99 Units Of -22,276.99 22,276.99 First Am Govt Ob Fd Cl X Trade Date 11/8/21",0.00
11/08/21,Purchase,"Purchased 549,931.66 Units Of -635,585.74 635,585.74 Euro Trade Date 11/4/21 Value Date 11/8/21 Book Value 549,931.66 EUR Traded At 0.86523599 EUR To 1 USD Valued At 0.86523599 EUR For 635,585.74 USD Net Cost 635,585.74 USD 549,931.66 Units At 1 EUR Fx7252982-Aset","-635,585.74"
11/08/21,Purchase,"Purchased 35,453,100.00 Units Of -312,114.62 312,114.62 Yen Trade Date 11/4/21 Value Date 11/8/21 Book Value 35,453,100 JPY Traded At 113.59000101 JPY To 1 USD Valued At 113.59000101 JPY For 312,114.62 USD Net Cost 312,114.62 USD 35,453,100 Units At 1 JPY Fx7253287-Aset","-947,700.36"
11/08/21,Purchase,"Purchased 10,000 Shares Of -637,068.26 637,068.26 Hugo Boss Ag Net Cost 549,931.66 EUR Trade Date 11/4/21 Purchased Through Jeffus33 Jefferies Jersey City Paid 823.66 EUR Brokerage Book Value 549,931.66 EUR Valued At 0.8632225 EUR For 637,068.26 USD Fed Tax Cost Reduction 635,585.74- USD Fed ST Currency Gain Of 1,482.52 USD 10,000 Shares At 54.9108 EUR 13523 00- -A -UC-UZ -001-04","-1,584,768.62"
11/08/21,Purchase,"Purchased 15,000 Shares Of -310,787.64 310,787.64 Monotaro Co Ltd First Section Net Cost 35,453,100 JPY Trade Date 11/4/21 Purchased Through Jeffus33 Jefferies Jersey City Paid 53,100 JPY Brokerage Book Value 35,453,100 JPY Valued At 114.075 JPY For 310,787.64 USD Fed Tax Cost Reduction 312,114.62- USD Fed ST Currency Loss Of 1,326.98- USD 15,000 Shares At 2,360 JPY -549,931.66 Euro 99999EUR3 -35,453,100 Yen 99999JPY3 Transfer From Another Account","-1,895,556.26"
11/09/21,Purchase,"Purchased 316,929.08 Units Of -366,387.34 366,387.34 Euro Trade Date 11/5/21 Value Date 11/9/21 Book Value 316,929.08 EUR Traded At 0.865011 EUR To 1 USD Valued At 0.865011 EUR For 366,387.34 USD Net Cost 366,387.34 USD 316,929.08 Units At 1 EUR Fx7254610-Aset 13523 00- -A -UC-UZ -001-04","-1,240,419.10"
11/09/21,Purchase,"Purchased 2,354,982.18 Units Of -275,644.52 275,644.52 Norwegian Krone Trade Date 11/5/21 Value Date 11/9/21 Book Value 2,354,982.18 NOK Traded At 8.54354797 NOK To 1 USD Valued At 8.54354797 NOK For 275,644.52 USD Net Cost 275,644.52 USD 2,354,982.18 Units At 1 NOK Fx7254612-Aset","-1,516,063.62"
11/09/21,Purchase,"Purchased 8,000 Shares Of -365,910.39 365,910.39 Pva Tepla Ag Net Cost 316,929.08 EUR Trade Date 11/5/21 Purchased Through Jeffus33 Jefferies Jersey City Paid 474.68 EUR Brokerage Purchased On The Boerse Frankfurt - Regulierter Book Value 316,929.08 EUR Valued At 0.8661385 EUR For 365,910.39 USD Fed Tax Cost Reduction 366,387.34- USD Fed ST Currency Loss Of 476.95- USD 8,000 Shares At 39.5568 EUR","-1,881,974.01"
11/09/21,Purchase,"Purchased 50,000 Shares Of -275,085.82 275,085.82 Kahoot Asa Net Cost 2,354,982.18 NOK Trade Date 11/5/21 Purchased Through Jeffus33 Jefferies Jersey City Paid 3,527.18 NOK Brokerage Purchased On The Norwegian Over The Counter Mar Book Value 2,354,982.18 NOK Valued At 8.5609 NOK For 275,085.82 USD Fed Tax Cost Reduction 275,644.52- USD Fed ST Currency Loss Of 558.70- USD 50,000 Shares At 47.0291 NOK -316,929.08 Euro 99999EUR3 13523 00- -A -UC-UZ -001-04","-2,157,059.83"
11/10/21,Purchase,"Purchased 13,856.07 Units Of -13,856.07 13,856.07 First Am Govt Ob Fd Cl X Trade Date 11/10/21 13523 00- -A -UC-UZ -001-04","-1,516,063.62"
11/12/21,Sale,"Sold 729,704.41 Units Of 729,704.41 -729,704.41 First Am Govt Ob Fd Cl X Trade Date 11/12/21","-792,843.57"
11/12/21,Purchase,"Purchased 3,500 Shares Of -723,220.05 723,220.05 Grupo Aeroportuario Sure Spon A D R Trade Date 11/5/21 Purchased Through Jefferies LLC Paid 140.00 USD Brokerage 3,500 Shares At 206.5943 USD Transfer From Another Account","-1,516,063.62"
11/15/21,Purchase,"Purchased 45,847.93 Units Of -45,847.93 45,847.93 First Am Govt Ob Fd Cl X Trade Date 11/15/21","-1,516,063.62"
11/16/21,Sale,"Sold 84,056.04 Units Of 84,056.04 -84,056.04 First Am Govt Ob Fd Cl X Trade Date 11/16/21 Transfer From Another Account","-1,516,063.62"
11/17/21,Purchase,"Purchased 3,796.25 Units Of -3,796.25 3,796.25 First Am Govt Ob Fd Cl X Trade Date 11/17/21 Transfer From Another Account 13523 00- -A -UC-UZ -001-04","-1,516,063.62"
11/18/21,Purchase,"Purchased 122,674.7 Units Of -122,674.70 122,674.70 First Am Govt Ob Fd Cl X Trade Date 11/18/21","-1,516,063.62"
11/18/21,Purchase,"Purchased 582,388.22 Units Of -582,388.22 582,388.22 First Am Govt Ob Fd Cl X Trade Date 11/18/21","-2,098,451.84"
11/18/21,Sale,"Sold 1,600 Shares Of 582,388.22 -470,940.22 Solaredge Technologies Inc Trade Date 11/15/21 Sold Through Jefferies LLC Paid 64.00 USD Brokerage Paid 2.98 USD Sec Fee Sold On The OTC Bulletin Board 1,600 Shares At 364.0345 USD Transfer From Another Account","-1,516,063.62"
11/19/21,Purchase,"Purchased 12,599.09 Units Of -12,599.09 12,599.09 First Am Govt Ob Fd Cl X Trade Date 11/19/21","-1,516,063.62"
11/19/21,Purchase,"Purchased 2,148,845.22 Units Of -2,148,845.22 2,148,845.22 First Am Govt Ob Fd Cl X Trade Date 11/19/21","-3,664,908.84"
11/19/21,Sale,"Sold 20,000 Shares Of 1,055,244.61 -1,314,010.40 B H P Billiton Limited A D R Trade Date 11/17/21 Sold Through Jefferies LLC Paid 800.00 USD Brokerage Paid 5.39 USD Sec Fee 20,000 Shares At 52.8025 USD","-2,609,664.23"
11/19/21,Sale,"Sold 18,000 Shares Of 1,093,600.61 -1,419,821.00 Rio Tinto Plc A D R Trade Date 11/17/21 Sold Through Jefferies LLC Paid 720.00 USD Brokerage Paid 5.59 USD Sec Fee 18,000 Shares At 60.7959 USD 13523 00- -A -UC-UZ -001-04","-1,516,063.62"
11/22/21,Sale,"Sold 141,852.05 Units Of 141,852.05 -141,852.05 First Am Govt Ob Fd Cl X Trade Date 11/22/21","-1,445,041.32"
11/22/21,Purchase,"Purchased 62,666.81 Units Of -71,022.30 71,022.30 Euro Trade Date 11/19/21 Value Date 11/22/21 Book Value 62,666.81 EUR Traded At 0.88235399 EUR To 1 USD Valued At 0.88235399 EUR For 71,022.30 USD Net Cost 71,022.30 USD 62,666.81 Units At 1 EUR Fx7274294-Aset 13523 00- -A -UC-UZ -001-04","-1,516,063.62"
11/22/21,Purchase,"Purchased 4,500 Shares Of -70,863.64 70,863.64 Mister Spex SE Npv Net Cost 62,666.81 EUR Trade Date 11/18/21 Purchased Through Parbdeff Bnp Paribas Frankfurt Paid 93.86 EUR Brokerage Purchased On The Deutsche Boerse Ag Book Value 62,666.81 EUR Valued At 0.8843295 EUR For 70,863.64 USD Fed Tax Cost Reduction 71,022.30- USD Fed ST Currency Loss Of 158.66- USD 4,500 Shares At 13.9051 EUR -62,666.81 Euro 99999EUR3 Transfer From Another Account","-1,586,927.26"
11/23/21,Purchase,"Purchased 114,860.02 Units Of -114,860.02 114,860.02 First Am Govt Ob Fd Cl X Trade Date 11/23/21","-1,516,063.62"
11/24/21,Purchase,"Purchased 109,037.71 Units Of -109,037.71 109,037.71 First Am Govt Ob Fd Cl X Trade Date 11/24/21","-1,632,466.99"
11/24/21,Sale,"Sold 7,365.66 Units Of 7,365.66 -7,365.66 First Am Govt Ob Fd Cl X Trade Date 11/24/21 13523 00- -A -UC-UZ -001-04","-1,625,101.33"
11/24/21,Purchase,"Purchased 20,000 Shares Of -388,559.39 388,559.39 Cyberagent Inc Npv Net Cost 44,406,510 JPY Trade Date 11/19/21 Purchased Through Jeffus33 Jefferies Jersey City Paid 66,510 JPY Brokerage Book Value 44,406,510 JPY Valued At 114.285 JPY For 388,559.39 USD Fed Tax Cost Reduction 388,559.39- USD 20,000 Shares At 2,217 JPY","-2,013,660.72"
11/24/21,Sale,"Sold 24,362 Shares Of 110,062.71 -144,297.81 Moonpig Group Plc Ord Net Proceeds 81,776.32 GBP Trade Date 11/22/21 Sold Through Crst 871 Paid 122.85 GBP Brokerage Paid 1.00 GBP Misc Fee1 Sold On The London Stock Exchange Book Value 103,641.62 GBP Valued At 0.7429975 GBP For 110,062.71 USD Fed Tax Cost Of Proceeds 24,362 Shares At 3.36179993 GBP","-1,903,598.01"
11/24/21,Sale,"Sold 81,776.32 Units Of 109,037.71 -110,062.71 British Pound Trade Date 11/24/21 Value Date 11/24/21 Book Value 81,776.32 GBP Traded At 0.749982 GBP To 1 USD Valued At 0.749982 GBP For 109,037.71 USD Net Proceeds 109,037.71 USD Fed ST Currency Loss On GBP Of 1,025.00- USD Fx7280155-Aset -44,406,510 Yen 99999JPY3 81,776.32 British Pound 99999GBP3 13523 00- -A -UC-UZ -001-04","-1,794,560.30"
11/26/21,Sale,"Sold 763,404.99 Units Of 763,404.99 -763,404.99 First Am Govt Ob Fd Cl X Trade Date 11/26/21","-730,680.94"
11/26/21,Purchase,"Purchased 44,406,510.00 Units Of -385,975.75 388,559.39 Yen Trade Date 11/24/21 Value Date 11/26/21 Book Value 44,406,510 JPY Traded At 115.0499999 JPY To 1 USD Valued At 115.0499999 JPY For 385,975.75 USD Net Cost 385,975.75 USD Repayment Of Currency Overdraft Resulted In Fed ST Currency Gain On JPY Of 2,583.64 USD 44,406,510 Units At 1 JPY Fx7280194-Aset","-1,116,656.69"
11/26/21,Purchase,"Purchased 127,995.49 Units Of -143,421.47 143,421.47 Euro Trade Date 11/24/21 Value Date 11/26/21 Book Value 127,995.49 EUR Traded At 0.89244302 EUR To 1 USD Valued At 0.89244302 EUR For 143,421.47 USD Net Cost 143,421.47 USD 127,995.49 Units At 1 EUR Fx7281284-Aset","-1,260,078.16"
11/26/21,Purchase,"Purchased 35,426.52 Units Of -39,699.63 39,699.63 Euro Trade Date 11/24/21 Value Date 11/26/21 Book Value 35,426.52 EUR Traded At 0.89236398 EUR To 1 USD Valued At 0.89236398 EUR For 39,699.63 USD Net Cost 39,699.63 USD 35,426.52 Units At 1 EUR 13523 00- -A -UC-UZ -001-04","-1,299,777.79"
11/26/21,Purchase,"Purchased 509,414.63 Units Of -570,910.86 570,910.86 Euro Trade Date 11/24/21 Value Date 11/26/21 Book Value 509,414.63 EUR Traded At 0.89228401 EUR To 1 USD Valued At 0.89228401 EUR For 570,910.86 USD Net Cost 570,910.86 USD 509,414.63 Units At 1 EUR Fx7281744-Aset","-1,870,688.65"
11/26/21,Sale,"Sold 33,228 Shares Of 146,890.34 -196,152.68 Moonpig Group Plc Ord Net Proceeds 109,619.63 GBP Trade Date 11/23/21 Sold Through Plhcgb3l United Kingdom Paid 164.68 GBP Brokerage Paid 1.00 GBP Misc Fee1 Sold On The London Stock Exchange Book Value 141,359.65 GBP Valued At 0.7462685 GBP For 146,890.34 USD Fed Tax Cost Of Proceeds 33,228 Shares At 3.304 GBP","-1,723,798.31"
11/26/21,Sale,"Sold 47,410 Shares Of 209,150.75 -276,696.02 Moonpig Group Plc Ord Net Proceeds 156,444.55 GBP Trade Date 11/24/21 Sold Through Plhcgb3l United Kingdom Paid 235.02 GBP Brokerage Paid 1.00 GBP Misc Fee1 Sold On The London Stock Exchange Book Value 201,693.19 GBP Valued At 0.747999 GBP For 209,150.75 USD Fed Tax Cost Of Proceeds 47,410 Shares At 3.3048 GBP 13523 00- -A -UC-UZ -001-04","-1,514,647.56"
11/26/21,Purchase,"Purchased 7,803 Shares Of -143,950.13 143,950.13 Slm Solutions Group Ag Net Cost 127,995.49 EUR Trade Date 11/23/21 Purchased Through Jeffus33 Jefferies Jersey City Paid 191.71 EUR Brokerage Book Value 127,995.49 EUR Valued At 0.8891655 EUR For 143,950.13 USD Fed Tax Cost Reduction 143,447.03- USD Fed ST Currency Gain Of 503.10 USD 7,803 Shares At 16.3788 EUR","-1,658,597.69"
11/26/21,Purchase,"Purchased 2,197 Shares Of -39,902.66 39,902.66 Slm Solutions Group Ag Net Cost 35,426.52 EUR Trade Date 11/24/21 Purchased Through Jeffus33 Jefferies Jersey City Paid 53.06 EUR Brokerage Book Value 35,426.52 EUR Valued At 0.8878235 EUR For 39,902.66 USD Fed Tax Cost Reduction 39,703.19- USD Fed ST Currency Gain Of 199.47 USD 2,197 Shares At 16.1008 EUR","-1,698,500.35"
11/26/21,Purchase,"Purchased 40,500 Shares Of -573,779.17 573,779.17 Mister Spex SE Npv Net Cost 509,414.63 EUR Trade Date 11/24/21 Purchased Through Jeffus33 Jefferies Jersey City Paid 762.98 EUR Brokerage Purchased On The Deutsche Boerse Ag Book Value 509,414.63 EUR Valued At 0.8878235 EUR For 573,779.17 USD Fed Tax Cost Reduction 570,881.74- USD Fed ST Currency Gain Of 2,897.43 USD 40,500 Shares At 12.5593 EUR 13523 00- -A -UC-UZ -001-04","-2,272,279.52"
11/26/21,Sale,"Sold 109,619.63 Units Of 146,371.06 -146,890.34 British Pound Trade Date 11/23/21 Value Date 11/26/21 Book Value 109,619.63 GBP Traded At 0.74891601 GBP To 1 USD Valued At 0.74891601 GBP For 146,371.06 USD Net Proceeds 146,371.06 USD Fed ST Currency Loss On GBP Of 519.28- USD Fx7279224-Aset","-2,125,908.46"
11/26/21,Sale,"Sold 156,444.55 Units Of 208,253.97 -209,150.75 British Pound Trade Date 11/24/21 Value Date 11/26/21 Book Value 156,444.55 GBP Traded At 0.75122001 GBP To 1 USD Valued At 0.75122001 GBP For 208,253.97 USD Net Proceeds 208,253.97 USD Fed ST Currency Loss On GBP Of 896.78- USD Fx7281867-Aset 109,619.63 British Pound 99999GBP3 156,444.55 British Pound 99999GBP3 -127,995.49 Euro 99999EUR3 -35,426.52 Euro 99999EUR3 -509,414.63 Euro 99999EUR3 13523 00- -A -UC-UZ -001-04","-1,917,654.49"
11/29/21,Sale,"Sold 947,700.36 Units Of 947,700.36 -947,700.36 First Am Govt Ob Fd Cl X Trade Date 11/8/21","-568,363.26"
11/29/21,Sale,"Sold 568,363.26 Units Of 568,363.26 -568,363.26 First Am Govt Ob Fd Cl X Trade Date 11/9/21 Transfer From Another Account",0.00
11/29/21,Purchase,"Purchased 38,599.48 Units Of -38,599.48 38,599.48 First Am Govt Ob Fd Cl X Trade Date 11/29/21 Comture Corp 8.25 JPY/Share On 22,080 Shares Due 11/30/21 Received 182,160 JPY Valued At 113.87 JPY For 1,599.72 USD Comture Corp Non-USD Taxes 27,898 JPY Valued At 113.87 JPY For 245.00 USD 15.3150000% Foreign Taxes Withheld",0.00
11/30/21,Sale,"Sold 154,262.00 Units Of 1,354.72 -1,354.72 Yen Trade Date 11/30/21 Value Date 11/30/21 Book Value 154,262 JPY Traded At 113.87 JPY To 1 USD Valued At 113.87 JPY For 1,354.72 USD Net Proceeds 1,354.72 USD Repatriating Comture Corp Transfer To Income Comture Corp Repatriating Comture Corp 13523 00- -A -UC-UZ -001-04","2,709.44"
11/30/21,Purchase,"Purchased 3,806.88 Units Of -3,806.88 3,806.88 First Am Govt Ob Fd Cl X Trade Date 11/30/21 154,262 Yen 99999JPY3 Disco Corporation 199 JPY/Share On 2,960 Shares Due 12/1/21 Received 589,040 JPY Valued At 113.18 JPY For 5,204.45 USD Disco Corporation Non-USD Taxes 90,211 JPY Valued At 113.18 JPY For 797.05 USD 15.3150000% Foreign Taxes Withheld","2,709.44"
12/01/21,Sale,"Sold 498,829.00 Units Of 4,407.40 -4,407.40 Yen Trade Date 12/1/21 Value Date 12/1/21 Book Value 498,829 JPY Traded At 113.18 JPY To 1 USD Valued At 113.18 JPY For 4,407.40 USD Net Proceeds 4,407.40 USD Repatriating Disco Corporation Transfer To Income Disco Corporation Repatriating Disco Corporation 13523 00- -A -UC-UZ -001-04","10,169.52"
12/01/21,Sale,"Sold 183,936.00 Units Of 1,625.16 -1,625.16 Yen Trade Date 12/1/21 Value Date 12/1/21 Book Value 183,936 JPY Traded At 113.18 JPY To 1 USD Valued At 113.18 JPY For 1,625.16 USD Net Proceeds 1,625.16 USD Repatriating Nidec Corp Transfer To Income Nidec Corp Repatriating Nidec Corp Transfer From Principal Nidec Corp Repatriating Nidec Corp Advantest Corp Ord(Jp) 50 JPY/Share On 5,000 Shares Due 12/1/21 Received 250,000 JPY Valued At 113.18 JPY For 2,208.87 USD 13523 00- -A -UC-UZ -001-04","13,419.84"
12/01/21,Sale,"Sold 211,712.00 Units Of 1,870.58 -1,870.58 Yen Trade Date 12/1/21 Value Date 12/1/21 Book Value 211,712 JPY Traded At 113.18 JPY To 1 USD Valued At 113.18 JPY For 1,870.58 USD Net Proceeds 1,870.58 USD Repatriating Advantest Corp Ord(Jp) Transfer To Income Advantest Corp Ord(Jp) Repatriating Advantest Corp Ord(Jp) Transfer From Principal Advantest Corp Ord(Jp) Repatriating Advantest Corp Ord(Jp)","17,161.00"
12/01/21,Purchase,"Purchased 100,160.93 Units Of -100,160.93 100,160.93 First Am Govt Ob Fd Cl X Trade Date 12/1/21","15,206.28"
12/01/21,Purchase,"Purchased 7,303.14 Units Of -7,303.14 7,303.14 First Am Govt Ob Fd Cl X Trade Date 12/1/21 13523 00- -A -UC-UZ -001-04","7,903.14"
12/02/21,Sale,"Sold 424,271.23 Units Of 424,271.23 -424,271.23 First Am Govt Ob Fd Cl X Trade Date 12/2/21","-11,342.72"
12/02/21,Sale,"Sold 11,342.72 Units Of 11,342.72 -11,342.72 First Am Govt Ob Fd Cl X Trade Date 12/2/21 Transfer From Another Account",0.00
12/03/21,Purchase,"Purchased 24,153.02 Units Of -24,153.02 24,153.02 First Am Govt Ob Fd Cl X Trade Date 12/3/21 13523 00- -A -UC-UZ -001-04",0.00
12/06/21,Sale,"Sold 178,431.00 Units Of 1,576.25 -1,576.25 Yen Trade Date 12/6/21 Value Date 12/6/21 Book Value 178,431 JPY Traded At 113.2 JPY To 1 USD Valued At 113.2 JPY For 1,576.25 USD Net Proceeds 1,576.25 USD Repatriating Jeol Ltd Transfer To Income Jeol Ltd Repatriating Jeol Ltd Transfer From Principal Jeol Ltd Repatriating Jeol Ltd Transfer From Another Account","3,152.50"
12/06/21,Sale,"Sold 580,085.35 Units Of 580,085.35 -580,085.35 First Am Govt Ob Fd Cl X Trade Date 12/6/21 13523 00- -A -UC-UZ -001-04","592,956.79"
12/06/21,Purchase,"Purchased 248,100.59 Units Of -329,657.97 329,657.97 British Pound Trade Date 12/3/21 Value Date 12/6/21 Book Value 248,100.59 GBP Traded At 0.75260001 GBP To 1 USD Valued At 0.75260001 GBP For 329,657.97 USD Net Cost 329,657.97 USD 248,100.59 Units At 1 GBP Fx7294819-Aset","263,298.82"
12/06/21,Purchase,"Purchased 229,723.77 Units Of -260,146.32 260,146.32 Euro Trade Date 12/3/21 Value Date 12/6/21 Book Value 229,723.77 EUR Traded At 0.883056 EUR To 1 USD Valued At 0.883056 EUR For 260,146.32 USD Net Cost 260,146.32 USD 229,723.77 Units At 1 EUR Fx7296034-Aset","3,152.50"
12/06/21,Purchase,"Purchased 15,000 Shares Of -330,407.82 330,407.82 Gvc Holdings Plc Net Cost 248,100.59 GBP Trade Date 12/2/21 Purchased Through Parbfrpp Banque Paribas Fr Paid 371.59 GBP Brokerage Paid 1.00 GBP Misc Fee1 Purchased On The London Stock Exchange Book Value 248,100.59 GBP Valued At 0.750892 GBP For 330,407.82 USD Fed Tax Cost Reduction 329,657.97- USD 15,000 Shares At 16.5152 GBP 13523 00- -A -UC-UZ -001-04","-327,255.32"
12/06/21,Purchase,"Purchased 3,000 Shares Of -260,368.93 260,368.93 Zalando SE Net Cost 229,723.77 EUR Trade Date 12/2/21 Purchased Through Parbfrpp Banque Paribas Fr Paid 344.07 EUR Brokerage Book Value 229,723.77 EUR Valued At 0.882301 EUR For 260,368.93 USD Fed Tax Cost Reduction 260,146.32- USD Fed ST Currency Gain Of 222.61 USD 3,000 Shares At 76.4599 EUR 178,431 Yen 99999JPY3 -248,100.59 British Pound 99999GBP3 -229,723.77 Euro 99999EUR3","-587,624.25"
12/07/21,Sale,"Sold 59,708.7 Units Of 59,708.70 -59,708.70 First Am Govt Ob Fd Cl X Trade Date 12/7/21 Transfer From Another Account",0.00
12/08/21,Purchase,"Purchased 538,592.44 Units Of -538,592.44 538,592.44 First Am Govt Ob Fd Cl X Trade Date 12/8/21 13523 00- -A -UC-UZ -001-04","-536,062.79"
12/08/21,Sale,"Sold 56,000 Shares Of 534,713.46 -1,025,978.74 Raccoon Holdings I Npv Net Proceeds 60,542,931 JPY Trade Date 12/6/21 Sold Through Jeffus33 Jefferies Jersey City Paid 90,951 JPY Brokerage Sold On The Japan Exchange Group Book Value 114,489,114 JPY Valued At 113.225 JPY For 534,713.46 USD Fed Tax Cost Of Proceeds 56,000 Shares At 1,082.7479 JPY","-1,349.33"
12/08/21,Sale,"Sold 60,542,931.00 Units Of 536,062.79 -534,713.46 Yen Trade Date 12/6/21 Value Date 12/8/21 Book Value 60,542,931 JPY Traded At 112.93999906 JPY To 1 USD Valued At 112.93999906 JPY For 536,062.79 USD Net Proceeds 536,062.79 USD Fed ST Currency Gain On JPY Of 1,349.33 USD Fx7298386-Aset 60,542,931 Yen 99999JPY3 Tobii Dynavox Ab Npv Valued At 99.00 SEK For 1.00 USD Market Value Of 0.00 USD Ca Spin Off Event Bwxtn97 Exdt 12/6/21 Transfer From Another Account","534,713.46"
12/09/21,Purchase,"Purchased 24,791.8 Units Of -24,791.80 24,791.80 First Am Govt Ob Fd Cl X Trade Date 12/9/21 Transfer From Another Account",0.00
12/10/21,Sale,"Sold 1,176,584.07 Units Of 1,176,584.07 -1,176,584.07 First Am Govt Ob Fd Cl X Trade Date 12/10/21","1,186,659.84"
12/10/21,Purchase,"Purchased 250,872.06 Units Of -284,924.21 284,924.21 Euro Trade Date 12/8/21 Value Date 12/10/21 Book Value 250,872.06 EUR Traded At 0.88048699 EUR To 1 USD Valued At 0.88048699 EUR For 284,924.21 USD Net Cost 284,924.21 USD 250,872.06 Units At 1 EUR Fx7302874-Aset","901,735.63"
12/10/21,Purchase,"Purchased 263,301.86 Units Of -299,014.68 299,014.68 Euro Trade Date 12/8/21 Value Date 12/10/21 Book Value 263,301.86 EUR Traded At 0.88056499 EUR To 1 USD Valued At 0.88056499 EUR For 299,014.68 USD Net Cost 299,014.68 USD 263,301.86 Units At 1 EUR Fx7302876-Aset","602,720.95"
12/10/21,Purchase,"Purchased 500 Shares Of -602,720.95 602,720.95 Mercadolibre Inc Trade Date 12/8/21 Purchased Through Jefferies LLC Paid 20.00 USD Brokerage Purchased On The OTC Bulletin Board 500 Shares At 1,205.4019 USD 13523 00- -A -UC-UZ -001-04",0.00
12/10/21,Purchase,"Purchased 3,000 Shares Of -282,155.80 282,155.80 Orpea Net Cost 250,872.06 EUR Trade Date 12/8/21 Purchased Through Jeffus33 Jefferies Jersey City Paid 374.62 EUR Brokerage Paid 749.24 EUR Misc Fee1 Book Value 250,872.06 EUR Valued At 0.889126 EUR For 282,155.80 USD Fed Tax Cost Reduction 284,924.21- USD Fed ST Currency Loss Of 2,768.41- USD 3,000 Shares At 83.2494 EUR","-282,155.80"
12/10/21,Purchase,"Purchased 5,000 Shares Of -296,135.60 296,135.60 Hugo Boss Ag Net Cost 263,301.86 EUR Trade Date 12/8/21 Purchased Through Jeffus33 Jefferies Jersey City Paid 394.36 EUR Brokerage Book Value 263,301.86 EUR Valued At 0.889126 EUR For 296,135.60 USD Fed Tax Cost Reduction 299,014.68- USD Fed ST Currency Loss Of 2,879.08- USD 5,000 Shares At 52.5815 EUR -250,872.06 Euro 99999EUR3 -263,301.86 Euro 99999EUR3 Cyberagent Inc Npv 11 JPY/Share On 36,120 Shares Due 12/13/21 Received 397,320 JPY Valued At 113.44 JPY For 3,502.47 USD Cyberagent Inc Npv Non-USD Taxes 60,850 JPY Valued At 113.44 JPY For 536.41 USD 15.3150000% Foreign Taxes Withheld 13523 00- -A -UC-UZ -001-04","-578,291.40"
12/13/21,Sale,"Sold 336,470.00 Units Of 2,966.06 -2,966.06 Yen Trade Date 12/13/21 Value Date 12/13/21 Book Value 336,470 JPY Traded At 113.44 JPY To 1 USD Valued At 113.44 JPY For 2,966.06 USD Net Proceeds 2,966.06 USD Repatriating Cyberagent Inc Npv Transfer To Income Cyberagent Inc Npv Repatriating Cyberagent Inc Npv Transfer From Principal Cyberagent Inc Npv Repatriating Cyberagent Inc Npv Transfer From Another Account","5,932.12"
12/13/21,Purchase,"Purchased 2,966.06 Units Of -2,966.06 2,966.06 First Am Govt Ob Fd Cl X Trade Date 12/13/21","6,720.58"
12/13/21,Purchase,"Purchased 3,754.52 Units Of -3,754.52 3,754.52 First Am Govt Ob Fd Cl X Trade Date 12/13/21 336,470 Yen 99999JPY3","2,966.06"
12/14/21,Purchase,"Purchased 949,503.61 Units Of -949,503.61 949,503.61 First Am Govt Ob Fd Cl X Trade Date 12/14/21 13523 00- -A -UC-UZ -001-04","-967,896.48"
12/14/21,Sale,"Sold 20,100 Shares Of 967,896.48 -621,067.03 Stmicroelectronics N V Trade Date 12/10/21 Sold Through Jefferies LLC Paid 804.00 USD Brokerage Paid 4.95 USD Sec Fee 20,100 Shares At 48.1943 USD",0.00
12/15/21,Sale,"Sold 55,116.97 Units Of 55,116.97 -55,116.97 First Am Govt Ob Fd Cl X Trade Date 12/15/21 Transfer From Another Account",0.00
12/16/21,Purchase,"Purchased 22,116.35 Units Of -22,116.35 22,116.35 First Am Govt Ob Fd Cl X Trade Date 12/16/21 13523 00- -A -UC-UZ -001-04",0.00
12/17/21,Purchase,"Purchased 7,264.32 Units Of -7,264.32 7,264.32 First Am Govt Ob Fd Cl X Trade Date 12/17/21 Transfer From Another Account",0.00
12/20/21,Purchase,"Purchased 24,035.73 Units Of -24,035.73 24,035.73 First Am Govt Ob Fd Cl X Trade Date 12/20/21",0.00
12/21/21,Sale,"Sold 2,369,475.82 Units Of 2,369,475.82 -2,369,475.82 First Am Govt Ob Fd Cl X Trade Date 12/21/21","-396,791.25"
12/21/21,Sale,"Sold 10,030 Shares Of 399,733.96 -524,886.57 Umicore Net Proceeds 353,527.91 EUR Trade Date 12/17/21 Sold Through Jeffus33 Jefferies Jersey City Paid 531.09 EUR Brokerage Book Value 445,295.46 EUR Valued At 0.884408 EUR For 399,733.96 USD Fed Tax Cost Of Proceeds 10,030 Shares At 35.3 EUR 13523 00- -A -UC-UZ -001-04","2,942.71"
12/21/21,Sale,"Sold 353,527.91 Units Of 396,791.25 -399,733.96 Euro Trade Date 12/17/21 Value Date 12/21/21 Book Value 353,527.91 EUR Traded At 0.890967 EUR To 1 USD Valued At 0.890967 EUR For 396,791.25 USD Net Proceeds 396,791.25 USD Fed ST Currency Loss On EUR Of 2,942.71- USD Fx7319873-Aset 353,527.91 Euro 99999EUR3 Transfer From Another Account","399,733.96"
12/22/21,Purchase,"Purchased 115,775.26 Units Of -115,775.26 115,775.26 First Am Govt Ob Fd Cl X Trade Date 12/22/21",0.00
12/23/21,Purchase,"Purchased 590,539.52 Units Of -590,539.52 590,539.52 First Am Govt Ob Fd Cl X Trade Date 12/23/21 13523 00- -A -UC-UZ -001-04","-611,484.23"
12/23/21,Sale,"Sold 185,708.87 Units Of 185,708.87 -185,708.87 First Am Govt Ob Fd Cl X Trade Date 12/23/21","-425,775.36"
12/23/21,Sale,"Sold 5,000 Shares Of 611,419.34 -640,662.38 Eurofins Scientific Net Proceeds 541,582.41 EUR Trade Date 12/21/21 Sold Through Jeffus33 Jefferies Jersey City Paid 813.59 EUR Brokerage Sold On The NYSE Euronext - Euronext Paris Book Value 451,968.41 EUR Valued At 0.885779 EUR For 611,419.34 USD Fed Tax Cost Of Proceeds 5,000 Shares At 108.4792 EUR","185,643.98"
12/23/21,Sale,"Sold 541,582.41 Units Of 611,484.23 -611,419.34 Euro Trade Date 12/22/21 Value Date 12/23/21 Book Value 541,582.41 EUR Traded At 0.885685 EUR To 1 USD Valued At 0.885685 EUR For 611,484.23 USD Net Proceeds 611,484.23 USD Fed ST Currency Gain On EUR Of 64.89 USD Fx7325705-Aset","797,128.21"
12/23/21,Purchase,"Purchased 250 Shares Of -298,216.55 298,216.55 Mercadolibre Inc Trade Date 12/20/21 Purchased Through Jefferies LLC Paid 10.00 USD Brokerage Purchased On The OTC Bulletin Board 250 Shares At 1,192.8262 USD 541,582.41 Euro 99999EUR3 13523 00- -A -UC-UZ -001-04","498,911.66"
12/24/21,Sale,"Sold 29,030 Shares Of 186,384.42 -562,333.56 Uuum Inc Net Proceeds 21,263,666 JPY Trade Date 12/22/21 Sold Through Jeffus33 Jefferies Jersey City Paid 31,943 JPY Brokerage Sold On The Tokyo Stock Exchange Book Value 60,501,517 JPY Valued At 114.085 JPY For 186,384.42 USD Fed Tax Cost Of Proceeds 29,030 Shares At 733.57247675 JPY","73,876.74"
12/24/21,Sale,"Sold 21,263,666.00 Units Of 185,708.87 -186,384.42 Yen Trade Date 12/23/21 Value Date 12/24/21 Book Value 21,263,666 JPY Traded At 114.50000207 JPY To 1 USD Valued At 114.50000207 JPY For 185,708.87 USD Net Proceeds 185,708.87 USD Fed ST Currency Loss On JPY Of 675.55- USD Fx7328282-Aset 21,263,666 Yen 99999JPY3","259,585.61"
12/27/21,Sale,"Sold 1,116,628.98 Units Of 1,116,628.98 -1,116,628.98 First Am Govt Ob Fd Cl X Trade Date 12/27/21 Transfer From Another Account Transfer From Another Account 13523 00- -A -UC-UZ -001-04","-1,016,615.45"
12/29/21,Purchase,"Purchased 762,824.04 Units Of -762,824.04 762,824.04 First Am Govt Ob Fd Cl X Trade Date 12/29/21","-1,533,778.61"
12/29/21,Sale,"Sold 10,000 Shares Of 468,813.63 -459,821.54 Pva Tepla Ag Net Proceeds 413,817.34 EUR Trade Date 12/27/21 Sold Through Jeffus33 Jefferies Jersey City Paid 621.66 EUR Brokerage Sold On The Boerse Frankfurt - Regulierter Book Value 323,877.64 EUR Valued At 0.8826905 EUR For 468,813.63 USD Fed Tax Cost Of Proceeds 10,000 Shares At 41.4439 EUR","-1,064,964.98"
12/29/21,Sale,"Sold 2,000 Shares Of 250,658.44 -238,353.80 Eurofins Scientific Net Proceeds 221,253.82 EUR Trade Date 12/27/21 Sold Through Jeffus33 Jefferies Jersey City Paid 332.38 EUR Brokerage Sold On The NYSE Euronext - Euronext Paris Book Value 180,787.36 EUR Valued At 0.8826905 EUR For 250,658.44 USD Fed Tax Cost Of Proceeds 2,000 Shares At 110.7931 EUR","-814,306.54"
12/29/21,Sale,"Sold 60,000 Shares Of 559,317.13 -666,182.50 Blackberry Ltd Trade Date 12/27/21 Sold Through Jefferies LLC Paid 2,400.00 USD Brokerage Paid 2.87 USD Sec Fee Sold On The OTC Bulletin Board 60,000 Shares At 9.362 USD 13523 00- -A -UC-UZ -001-04","-254,989.41"
12/29/21,Sale,"Sold 2,000 Shares Of 256,070.09 -338,922.80 Jazz Pharmaceuticals Plc Trade Date 12/27/21 Sold Through Jefferies LLC Paid 80.00 USD Brokerage Paid 1.31 USD Sec Fee Sold On The OTC Bulletin Board 2,000 Shares At 128.0757 USD","1,080.68"
12/29/21,Sale,"Sold 413,817.34 Units Of 468,138.23 -468,813.64 Euro Trade Date 12/27/21 Value Date 12/29/21 Book Value 413,817.34 EUR Traded At 0.88396399 EUR To 1 USD Valued At 0.88396399 EUR For 468,138.23 USD Net Proceeds 468,138.23 USD Fed ST Currency Loss On EUR Of 675.41- USD Fx7331770-Aset","469,218.91"
12/29/21,Sale,"Sold 221,253.82 Units Of 250,253.16 -250,658.43 Euro Trade Date 12/27/21 Value Date 12/29/21 Book Value 221,253.82 EUR Traded At 0.88411998 EUR To 1 USD Valued At 0.88411998 EUR For 250,253.16 USD Net Proceeds 250,253.16 USD Fed ST Currency Loss On EUR Of 405.28- USD Fx7331771-Aset 413,817.34 Euro 99999EUR3 221,253.82 Euro 99999EUR3","719,472.07"
12/30/21,Sale,"Sold 762,824.04 Units Of 762,824.04 -762,824.04 First Am Govt Ob Fd Cl X Trade Date 12/30/21 Transfer From Another Account Ending Balance 12/31/2021 $403,036.51 -$485,722.24 $49,622,005.94 -$82,685.73 13523 00- -A -UC-UZ -001-04","-84,118.16"
