Date Posted,Activity,Description,Principal Cash
04/04/18,Purchase,"Purchased 94,626.51 Units Of -94,626.51 94,626.51 First Am Govt Ob Fd Cl X Trade Date 4/4/18","5,373.49"
04/04/18,Purchase,"Purchased 300 Shares Of -3,221.49 3,221.49 Blackberry Ltd Trade Date 4/2/18 Purchased Through J.P. Morgan Securities LLC Paid 3.00 USD Brokerage 300 Shares At 10.7283 USD","2,152.00"
04/04/18,Purchase,"Purchased 400 Shares Of -2,152.00 2,152.00 Nokia Corp Spon A D R Trade Date 4/2/18 Purchased Through J.P. Morgan Securities LLC Paid 4.00 USD Brokerage Purchased On The New York Stock Exchange, Inc. 400 Shares At 5.37 USD",0.00
04/05/18,Sale,"Sold 12,038.92 Units Of 12,038.92 -12,038.92 First Am Govt Ob Fd Cl X Trade Date 4/5/18","12,038.92"
04/05/18,Purchase,"Purchased 1,840.54 Units Of -2,270.33 2,270.33 Euro Trade Date 4/4/18 Value Date 4/5/18 Book Value 1,840.54 EUR Traded At 0.81069272 EUR To 1 USD Valued At 0.81069272 EUR For 2,270.33 USD Net Cost 2,270.33 USD 1,840.54 Units At 1 EUR Fx5591057","9,768.59"
04/05/18,Purchase,"Purchased 1,314.66 Units Of -1,621.65 1,621.65 Euro Trade Date 4/4/18 Value Date 4/5/18 Book Value 1,314.66 EUR Traded At 0.81069281 EUR To 1 USD Valued At 0.81069281 EUR For 1,621.65 USD Net Cost 1,621.65 USD 1,314.66 Units At 1 EUR Fx5591056","8,146.94"
04/05/18,Purchase,"Purchased 1,956.58 Units Of -2,045.44 2,045.44 Swiss Franc Trade Date 4/4/18 Value Date 4/5/18 Book Value 1,956.58 CHF Traded At 0.95655702 CHF To 1 USD Valued At 0.95655702 CHF For 2,045.44 USD Net Cost 2,045.44 USD 1,956.58 Units At 1 CHF Fx5591259","6,101.50"
04/05/18,Purchase,"Purchased 20 Shares Of -2,418.40 2,418.40 Shopify Inc A Trade Date 4/3/18 Purchased Through J.P. Morgan Securities LLC Paid 0.20 USD Brokerage 20 Shares At 120.91 USD","3,683.10"
04/05/18,Purchase,"Purchased 100 Shares Of -2,471.00 2,471.00 Fanuc Corporation A D R Trade Date 4/3/18 Purchased Through J.P. Morgan Securities LLC Paid 1.00 USD Brokerage Purchased On The OTC Bulletin Board 100 Shares At 24.70 USD","1,212.10"
04/05/18,Purchase,"Purchased 10 Shares Of -1,212.10 1,212.10 Ferrari Nv Trade Date 4/3/18 Purchased Through J.P. Morgan Securities LLC Paid 0.10 USD Brokerage Purchased On The New York Stock Exchange, Inc. 10 Shares At 121.20 USD",0.00
04/05/18,Purchase,"Purchased 20 Shares Of -2,048.88 2,048.88 Ams Ag Net Cost 1,956.58 CHF Trade Date 4/3/18 Purchased Through Jpmsgb2l Jp Morgan Sec London Paid 0.98 CHF Brokerage Book Value 1,956.58 CHF Valued At 0.95495 CHF For 2,048.88 USD Fed Tax Cost Reduction 2,045.44- USD Fed ST Currency Gain Of 3.44 USD 20 Shares At 97.78 CHF","-2,048.88"
04/05/18,Purchase,"Purchased 150 Shares Of -2,265.61 2,265.61 Biocartis Nv Net Cost 1,840.54 EUR Trade Date 4/3/18 Purchased Through Jpmsgb2l Jp Morgan Sec London Paid 0.92 EUR Brokerage Book Value 1,840.54 EUR Valued At 0.812381 EUR For 2,265.61 USD Fed Tax Cost Reduction 2,270.33- USD Fed ST Currency Loss Of 4.72- USD 150 Shares At 12.2641 EUR","-4,314.49"
04/05/18,Purchase,"Purchased 20 Shares Of -1,618.28 1,618.28 Ucb Sa Net Cost 1,314.66 EUR Trade Date 4/3/18 Purchased Through Jpmsgb2l Jp Morgan Sec London Paid 0.66 EUR Brokerage Book Value 1,314.66 EUR Valued At 0.812381 EUR For 1,618.28 USD Fed Tax Cost Reduction 1,621.65- USD Fed ST Currency Loss Of 3.37- USD 20 Shares At 65.7 EUR","-5,932.77"
04/06/18,Sale,"Sold 13,803.95 Units Of 13,803.95 -13,803.95 First Am Govt Ob Fd Cl X Trade Date 4/6/18","13,803.95"
04/06/18,Purchase,"Purchased 1,242.62 Units Of -1,532.66 1,532.66 Euro Trade Date 4/4/18 Value Date 4/6/18 Book Value 1,242.62 EUR Traded At 0.81076038 EUR To 1 USD Valued At 0.81076038 EUR For 1,532.66 USD Net Cost 1,532.66 USD 1,242.62 Units At 1 EUR Fx5591341","12,271.29"
04/06/18,Purchase,"Purchased 21,010.50 Units Of -2,692.80 2,692.80 Norwegian Krone Trade Date 4/4/18 Value Date 4/6/18 Book Value 21,010.50 NOK Traded At 7.80247326 NOK To 1 USD Valued At 7.80247326 NOK For 2,692.80 USD Net Cost 2,692.80 USD 21,010.5 Units At 1 NOK Fx5591511","9,578.49"
04/06/18,Purchase,"Purchased 12,058.63 Units Of -1,439.01 1,439.01 Swedish Krona Trade Date 4/4/18 Value Date 4/6/18 Book Value 12,058.63 SEK Traded At 8.37980973 SEK To 1 USD Valued At 8.37980973 SEK For 1,439.01 USD Net Cost 1,439.01 USD 12,058.63 Units At 1 SEK Fx5591512","8,139.48"
04/06/18,Purchase,"Purchased 60 Shares Of -11,623.80 11,623.80 Asml Holding Nv Ny Reg Shs Trade Date 4/4/18 Purchased Through J.P. Morgan Securities LLC Paid 0.60 USD Brokerage 60 Shares At 193.72 USD","-3,484.32"
04/06/18,Purchase,"Purchased 30 Shares Of -1,587.30 1,587.30 Nintendo Co Ltd Unspons A D R Trade Date 4/4/18 Purchased Through J.P. Morgan Securities LLC Paid 0.30 USD Brokerage 30 Shares At 52.90 USD","-5,071.62"
04/06/18,Purchase,"Purchased 100 Shares Of -2,665.00 2,665.00 Pandora A S Sponsored A D R Trade Date 4/4/18 Purchased Through J.P. Morgan Securities LLC Paid 1.00 USD Brokerage 100 Shares At 26.64 USD","-7,736.62"
04/06/18,Sale,"Sold 40 Shares Of 7,736.62 -7,749.20 Asml Holding Nv Ny Reg Shs Trade Date 4/4/18 Sold Through J.P. Morgan Securities LLC Paid 0.40 USD Brokerage Paid 0.18 USD Sec Fee 40 Shares At 193.43 USD",0.00
04/06/18,Purchase,"Purchased 100 Shares Of -1,440.68 1,440.68 Raysearch Laboratories Ab Net Cost 12,058.63 SEK Trade Date 4/4/18 Purchased Through Jpmsgb2l Jp Morgan Sec London Paid 6.03 SEK Brokerage Book Value 12,058.63 SEK Valued At 8.3701 SEK For 1,440.68 USD Fed Tax Cost Reduction 1,439.01- USD Fed ST Currency Gain Of 1.67 USD 100 Shares At 120.526 SEK","-1,440.68"
04/06/18,Purchase,"Purchased 100 Shares Of -2,682.20 2,682.20 Schibsted Asa A-Shares Net Cost 21,010.50 NOK Trade Date 4/4/18 Purchased Through Jpmsgb2l Jp Morgan Sec London Paid 10.50 NOK Brokerage Book Value 21,010.50 NOK Valued At 7.8333 NOK For 2,682.20 USD Fed Tax Cost Reduction 2,692.80- USD Fed ST Currency Loss Of 10.60- USD 100 Shares At 210 NOK","-4,122.88"
04/06/18,Purchase,"Purchased 30 Shares Of -1,525.19 1,525.19 Umicore Net Cost 1,242.62 EUR Trade Date 4/4/18 Purchased Through Jpmsgb2l Jp Morgan Sec London Paid 0.62 EUR Brokerage Book Value 1,242.62 EUR Valued At 0.81473 EUR For 1,525.19 USD Fed Tax Cost Reduction 1,532.66- USD Fed ST Currency Loss Of 7.47- USD 30 Shares At 41.4 EUR -12,058.63 Swedish Krona 99999SEK5 -21,010.50 Norwegian Krone 99999NOK5","-5,648.07"
04/09/18,Sale,"Sold 50,713.34 Units Of 50,713.34 -50,713.34 First Am Govt Ob Fd Cl X Trade Date 4/9/18","50,713.34"
04/09/18,Purchase,"Purchased 16,358.18 Units Of -1,946.72 1,946.72 Swedish Krona Trade Date 4/5/18 Value Date 4/9/18 Book Value 16,358.18 SEK Traded At 8.40294444 SEK To 1 USD Valued At 8.40294444 SEK For 1,946.72 USD Net Cost 1,946.72 USD 16,358.18 Units At 1 SEK Fx5593050","48,766.62"
04/09/18,Purchase,"Purchased 21,760.88 Units Of -2,589.70 2,589.70 Swedish Krona Trade Date 4/5/18 Value Date 4/9/18 Book Value 21,760.88 SEK Traded At 8.40285747 SEK To 1 USD Valued At 8.40285747 SEK For 2,589.70 USD Net Cost 2,589.70 USD 21,760.88 Units At 1 SEK Fx5593048","46,176.92"
04/09/18,Purchase,"Purchased 22,901.45 Units Of -2,724.37 2,724.37 Swedish Krona Trade Date 4/5/18 Value Date 4/9/18 Book Value 22,901.45 SEK Traded At 8.40614527 SEK To 1 USD Valued At 8.40614527 SEK For 2,724.37 USD Net Cost 2,724.37 USD 22,901.45 Units At 1 SEK Fx5593051","43,452.55"
04/09/18,Purchase,"Purchased 20,130.06 Units Of -2,393.89 2,393.89 Swedish Krona Trade Date 4/5/18 Value Date 4/9/18 Book Value 20,130.06 SEK Traded At 8.40893274 SEK To 1 USD Valued At 8.40893274 SEK For 2,393.89 USD Net Cost 2,393.89 USD 20,130.06 Units At 1 SEK Fx5593155","41,058.66"
04/09/18,Purchase,"Purchased 3,136.57 Units Of -3,857.21 3,857.21 Euro Trade Date 4/6/18 Value Date 4/9/18 Book Value 3,136.57 EUR Traded At 0.81317066 EUR To 1 USD Valued At 0.81317066 EUR For 3,857.21 USD Net Cost 3,857.21 USD 3,136.57 Units At 1 EUR Fx5594370","37,201.45"
04/09/18,Purchase,"Purchased 2,109.05 Units Of -2,594.04 2,594.04 Euro Trade Date 4/6/18 Value Date 4/9/18 Book Value 2,109.05 EUR Traded At 0.81303681 EUR To 1 USD Valued At 0.81303681 EUR For 2,594.04 USD Net Cost 2,594.04 USD 2,109.05 Units At 1 EUR Fx5594372","34,607.41"
04/09/18,Purchase,"Purchased 2,674.01 Units Of -3,288.38 3,288.38 Euro Trade Date 4/6/18 Value Date 4/9/18 Book Value 2,674.01 EUR Traded At 0.8131694 EUR To 1 USD Valued At 0.8131694 EUR For 3,288.38 USD Net Cost 3,288.38 USD 2,674.01 Units At 1 EUR Fx5594381","31,319.03"
04/09/18,Purchase,"Purchased 1,488.43 Units Of -1,830.11 1,830.11 Euro Trade Date 4/6/18 Value Date 4/9/18 Book Value 1,488.43 EUR Traded At 0.81330084 EUR To 1 USD Valued At 0.81330084 EUR For 1,830.11 USD Net Cost 1,830.11 USD 1,488.43 Units At 1 EUR Fx5594382","29,488.92"
04/09/18,Purchase,"Purchased 18,449.22 Units Of -2,362.78 2,362.78 Norwegian Krone Trade Date 4/6/18 Value Date 4/9/18 Book Value 18,449.22 NOK Traded At 7.80826823 NOK To 1 USD Valued At 7.80826823 NOK For 2,362.78 USD Net Cost 2,362.78 USD 18,449.22 Units At 1 NOK Fx5594422","27,126.14"
04/09/18,Purchase,"Purchased 17,168.58 Units Of -2,198.89 2,198.89 Norwegian Krone Trade Date 4/6/18 Value Date 4/9/18 Book Value 17,168.58 NOK Traded At 7.80783941 NOK To 1 USD Valued At 7.80783941 NOK For 2,198.89 USD Net Cost 2,198.89 USD 17,168.58 Units At 1 NOK Fx5594425","24,927.25"
04/09/18,Purchase,"Purchased 12,967.98 Units Of -15,950.03 15,950.03 Euro Trade Date 4/6/18 Value Date 4/9/18 Book Value 12,967.98 EUR Traded At 0.81303797 EUR To 1 USD Valued At 0.81303797 EUR For 15,950.03 USD Net Cost 15,950.03 USD 12,967.98 Units At 1 EUR Fx5594426","8,977.22"
04/09/18,Purchase,"Purchased 1,395.90 Units Of -1,970.90 1,970.90 British Pound Trade Date 4/6/18 Value Date 4/9/18 Book Value 1,395.90 GBP Traded At 0.70825511 GBP To 1 USD Valued At 0.70825511 GBP For 1,970.90 USD Net Cost 1,970.90 USD 1,395.9 Units At 1 GBP Fx5594668","7,006.32"
04/09/18,Purchase,"Purchased 20 Shares Of -2,282.02 2,282.02 Gw Pharmaceuticals A D R Trade Date 4/5/18 Purchased Through J.P. Morgan Securities LLC Paid 0.20 USD Brokerage 20 Shares At 114.0908 USD","4,724.30"
04/09/18,Purchase,"Purchased 150 Shares Of -1,765.50 1,765.50 Materialise Nv A D R Trade Date 4/5/18 Purchased Through J.P. Morgan Securities LLC Paid 1.50 USD Brokerage 150 Shares At 11.76 USD","2,958.80"
04/09/18,Purchase,"Purchased 50 Shares Of -1,945.73 1,945.73 G5 Entertainment Ab Net Cost 16,358.18 SEK Trade Date 4/5/18 Purchased Through Jpmsgb2l Jp Morgan Sec London Paid 8.18 SEK Brokerage Book Value 16,358.18 SEK Valued At 8.4072 SEK For 1,945.73 USD Fed Tax Cost Reduction 1,946.74- USD Fed ST Currency Loss Of 1.01- USD 50 Shares At 327 SEK","1,013.07"
04/09/18,Purchase,"Purchased 100 Shares Of -2,724.03 2,724.03 Intrum Justitia Ab Net Cost 22,901.45 SEK Trade Date 4/5/18 Purchased Through Jpmsgb2l Jp Morgan Sec London Paid 11.45 SEK Brokerage Book Value 22,901.45 SEK Valued At 8.4072 SEK For 2,724.03 USD Fed Tax Cost Reduction 2,725.36- USD Fed ST Currency Loss Of 1.33- USD 100 Shares At 228.9 SEK","-1,710.96"
04/09/18,Purchase,"Purchased 300 Shares Of -2,588.36 2,588.36 Boozt Ab Net Cost 21,760.88 SEK Trade Date 4/5/18 Purchased Through Jpmsgb2l Jp Morgan Sec London Paid 10.88 SEK Brokerage Book Value 21,760.88 SEK Valued At 8.4072 SEK For 2,588.36 USD Fed Tax Cost Reduction 2,588.69- USD Fed ST Currency Loss Of 0.33- USD 300 Shares At 72.5 SEK","-4,299.32"
04/09/18,Purchase,"Purchased 200 Shares Of -2,394.38 2,394.38 Fagerhult Ab Net Cost 20,130.06 SEK Trade Date 4/5/18 Purchased Through Jpmsgb2l Jp Morgan Sec London Paid 10.06 SEK Brokerage Book Value 20,130.06 SEK Valued At 8.4072 SEK For 2,394.38 USD Fed Tax Cost Reduction 2,393.89- USD Fed ST Currency Gain Of 0.49 USD 200 Shares At 100.6 SEK","-6,693.70"
04/09/18,Purchase,"Purchased 5 Shares Of -2,593.92 2,593.92 Eurofins Scientific Net Cost 2,109.05 EUR Trade Date 4/5/18 Purchased Through Jpmsgb2l Jp Morgan Sec London Paid 1.05 EUR Brokerage Book Value 2,109.05 EUR Valued At 0.813074 EUR For 2,593.92 USD Fed Tax Cost Reduction 2,594.04- USD Fed ST Currency Loss Of 0.12- USD 5 Shares At 421.6 EUR","-9,287.62"
04/09/18,Purchase,"Purchased 20 Shares Of -1,966.06 1,966.06 Asos Plc Net Cost 1,395.90 GBP Trade Date 4/5/18 Purchased Through Crst 784 Jpmorgan Secs Ltd Paid 0.70 GBP Brokerage Book Value 1,395.90 GBP Valued At 0.71 GBP For 1,966.06 USD Fed Tax Cost Reduction 1,970.90- USD Fed ST Currency Loss Of 4.84- USD 20 Shares At 69.76 GBP","-11,253.68"
04/09/18,Purchase,"Purchased 400 Shares Of -2,355.76 2,355.76 Nordic Semiconductor Asa Net Cost 18,449.22 NOK Trade Date 4/5/18 Purchased Through Jpmsgb2l Jp Morgan Sec London Paid 9.22 NOK Brokerage Book Value 18,449.22 NOK Valued At 7.83155 NOK For 2,355.76 USD Fed Tax Cost Reduction 2,362.90- USD Fed ST Currency Loss Of 7.15- USD 400 Shares At 46.1 NOK","-13,609.44"
04/09/18,Purchase,"Purchased 100 Shares Of -3,288.77 3,288.77 Brunello Cucinelli Spa Net Cost 2,674.01 EUR Trade Date 4/5/18 Purchased Through Jpmsgb2l Jp Morgan Sec London Paid 1.34 EUR Brokerage Paid 2.67 EUR Misc Fee1 Book Value 2,674.01 EUR Valued At 0.813074 EUR For 3,288.77 USD Fed Tax Cost Reduction 3,288.91- USD Fed ST Currency Loss Of 0.14- USD 100 Shares At 26.7 EUR","-16,898.21"
04/09/18,Purchase,"Purchased 300 Shares Of -1,830.62 1,830.62 Ovs Spa Net Cost 1,488.43 EUR Trade Date 4/5/18 Purchased Through Jpmsgb2l Jp Morgan Sec London Paid 0.74 EUR Brokerage Paid 1.49 EUR Misc Fee1 Book Value 1,488.43 EUR Valued At 0.813074 EUR For 1,830.62 USD Fed Tax Cost Reduction 1,830.70- USD Fed ST Currency Loss Of 0.08- USD 300 Shares At 4.954 EUR","-18,728.83"
04/09/18,Purchase,"Purchased 100 Shares Of -3,857.67 3,857.67 Slm Solutions Group Ag Net Cost 3,136.57 EUR Trade Date 4/5/18 Purchased Through Jpmsgb2leql Jp Morgan Eq Lndn Paid 1.57 EUR Brokerage Book Value 3,136.57 EUR Valued At 0.813074 EUR For 3,857.67 USD Fed Tax Cost Reduction 3,857.84- USD Fed ST Currency Loss Of 0.17- USD 100 Shares At 31.35 EUR","-22,586.50"
04/09/18,Purchase,"Purchased 100 Shares Of -2,192.23 2,192.23 Norwegian Air Shut Net Cost 17,168.58 NOK Trade Date 4/5/18 Purchased Through Jpmsgb2l Jp Morgan Sec London Paid 8.58 NOK Brokerage Book Value 17,168.58 NOK Valued At 7.83155 NOK For 2,192.23 USD Fed Tax Cost Reduction 2,198.77- USD Fed ST Currency Loss Of 6.54- USD 100 Shares At 171.6 NOK","-24,778.73"
04/09/18,Purchase,"Purchased 300 Shares Of -15,949.32 15,949.32 Basware Oyj Npv Net Cost 12,967.98 EUR Trade Date 4/5/18 Purchased Through Jpmsgb2leql Jp Morgan Eq Lndn Paid 6.48 EUR Brokerage Book Value 12,967.98 EUR Valued At 0.813074 EUR For 15,949.32 USD Fed Tax Cost Reduction 15,948.28- USD Fed ST Currency Gain Of 1.05 USD 300 Shares At 43.205 EUR -16,358.18 Swedish Krona 99999SEK5 -22,901.45 Swedish Krona 99999SEK5","-40,728.05"
04/10/18,Sale,"Sold 18,070.3 Units Of 18,070.30 -18,070.30 First Am Govt Ob Fd Cl X Trade Date 4/10/18","21,029.10"
04/10/18,Purchase,"Purchased 15 Shares Of -1,609.56 1,609.56 Groupe Fnac Sa Net Cost 1,609.56 USD Trade Date 4/6/18 Purchased Through Jpmsgb2l Jp Morgan Sec London Paid 0.65 USD Brokerage Paid 3.93 USD Misc Fee1 Book Value 1,316.24 EUR Traded At 0.817762 EUR To 1 USD Valued At 0.817762 EUR For 1,609.56 USD 15 Shares At 87.49998882 EUR","19,419.54"
04/10/18,Purchase,"Purchased 40 Shares Of -2,178.00 2,178.00 Zalando SE Net Cost 2,178.00 USD Trade Date 4/6/18 Purchased Through Jpmsgb2leql Jp Morgan Eq Lndn Paid 0.89 USD Brokerage Book Value 1,781.09 EUR Traded At 0.817762 EUR To 1 USD Valued At 0.817762 EUR For 2,178.00 USD 40 Shares At 44.5089457 EUR","17,241.54"
04/10/18,Purchase,"Purchased 150 Shares Of -1,288.65 1,288.65 Dustin Group Ab Net Cost 1,288.65 USD Trade Date 4/6/18 Purchased Through Jpmsgb2l Jp Morgan Sec London Paid 5.40 USD Brokerage Book Value 10,871.63 SEK Traded At 8.43645 SEK To 1 USD Valued At 8.43645 SEK For 1,288.65 USD 150 Shares At 72.17382975 SEK","15,952.89"
04/10/18,Purchase,"Purchased 200 Shares Of -18,911.96 18,911.96 Sodastream International Ltd Trade Date 4/6/18 Purchased Through J.P. Morgan Securities LLC Paid 2.00 USD Brokerage 200 Shares At 94.5498 USD","-2,959.07"
04/10/18,Purchase,"Purchased 20 Shares Of -1,094.20 1,094.20 Solaredge Technologies Inc Trade Date 4/6/18 Purchased Through J.P. Morgan Securities LLC Paid 0.20 USD Brokerage 20 Shares At 54.70 USD","-4,053.27"
04/11/18,Purchase,"Purchased 40 Shares Of -1,746.40 1,746.40 B H P Billiton Limited A D R Trade Date 4/9/18 Purchased Through J.P. Morgan Securities LLC Paid 0.40 USD Brokerage 40 Shares At 43.65 USD","-5,799.67"
04/12/18,Purchase,"Purchased 170 Shares Of -16,151.70 16,151.70 Sodastream International Ltd Trade Date 4/10/18 Purchased Through J.P. Morgan Securities LLC Paid 1.70 USD Brokerage 170 Shares At 95.00 USD","-21,951.37"
04/12/18,Purchase,"Purchased 40 Shares Of -2,195.32 2,184.13 Zalando SE Net Cost 2,195.32 USD Trade Date 4/9/18 Purchased Through Jpmsgb2leql Jp Morgan Eq Lndn Paid 1.10 USD Brokerage Book Value 1,781.29 EUR Traded At 0.81140335 EUR To 1 USD Valued At 0.815561 EUR For 2,184.13 USD 40 Shares At 44.51 EUR","-24,146.69"
04/13/18,Purchase,"Purchased 2,901.35 Units Of -2,901.35 2,901.35 First Am Govt Ob Fd Cl X Trade Date 4/13/18","-27,048.04"
04/13/18,Purchase,"Purchased 10 Shares Of -2,091.81 2,091.81 Disco Corporation Net Cost 2,091.81 USD Trade Date 4/10/18 Purchased Through Jpmsgb2l Jp Morgan Sec London Book Value 223,907 JPY Traded At 107.04 JPY To 1 USD Valued At 107.04 JPY For 2,091.81 USD 10 Shares At 22,390.73424 JPY","-29,139.85"
04/13/18,Purchase,"Purchased 5 Shares Of -2,958.80 2,958.80 Keyence Corp Net Cost 2,958.80 USD Trade Date 4/5/18 Purchased Through Eclr 41555 Paid 0.05 USD Brokerage Book Value 315,230 JPY Traded At 106.54 JPY To 1 USD Valued At 106.54 JPY For 2,958.80 USD 5 Shares At 63,045.045 JPY","-32,098.65"
04/13/18,Sale,"Sold 340 Shares Of 32,098.65 -32,226.87 Sodastream International Ltd Trade Date 4/11/18 Sold Through J.P. Morgan Securities LLC Paid 3.40 USD Brokerage Paid 0.75 USD Sec Fee 340 Shares At 94.42 USD Transfer From Another Account",0.00
04/18/18,Purchase,"Purchased 3,000 Units Of -3,000.00 3,000.00 First Am Govt Ob Fd Cl X Trade Date 4/18/18",0.00
04/19/18,Sale,"Sold 3,000 Units Of 3,000.00 -3,000.00 First Am Govt Ob Fd Cl X Trade Date 4/19/18 Transfer From Another Account",0.00
04/20/18,Purchase,"Purchased 45,750 Units Of -45,750.00 45,750.00 First Am Govt Ob Fd Cl X Trade Date 4/20/18",0.00
04/23/18,Sale,"Sold 21,801.26 Units Of 21,801.26 -21,801.26 First Am Govt Ob Fd Cl X Trade Date 4/23/18","22,584.38"
04/23/18,Purchase,"Purchased 300 Shares Of -2,284.84 2,291.20 Ocado Group Plc Net Cost 2,284.84 USD Trade Date 4/19/18 Purchased Through Crst 784 Jpmorgan Secs Ltd Paid 1.14 USD Brokerage Paid 11.40 USD Misc Fee1 Book Value 1,609.61 GBP Traded At 0.70447384 GBP To 1 USD Valued At 0.702519 GBP For 2,291.20 USD 300 Shares At 5.336 GBP","20,299.54"
04/23/18,Purchase,"Purchased 20 Shares Of -1,496.52 1,493.63 Stroeer SE and Co Kgaa Net Cost 1,496.52 USD Trade Date 4/19/18 Purchased Through Jpmsgb2leql Jp Morgan Eq Lndn Paid 0.75 USD Brokerage Book Value 1,212.61 EUR Traded At 0.81028653 EUR To 1 USD Valued At 0.811853 EUR For 1,493.63 USD 20 Shares At 60.6 EUR","18,803.02"
04/23/18,Purchase,"Purchased 150 Shares Of -1,378.77 1,376.81 Dustin Group Ab Net Cost 1,378.77 USD Trade Date 4/19/18 Purchased Through Jpmsgb2l Jp Morgan Sec London Paid 0.69 USD Brokerage Book Value 11,555.78 SEK Traded At 8.38122384 SEK To 1 USD Valued At 8.39315 SEK For 1,376.81 USD 150 Shares At 77 SEK","17,424.25"
04/23/18,Purchase,"Purchased 100 Shares Of -1,514.86 1,512.70 Raysearch Laboratories Ab Net Cost 1,514.86 USD Trade Date 4/19/18 Purchased Through Jpmsgb2l Jp Morgan Sec London Paid 0.76 USD Brokerage Book Value 12,696.35 SEK Traded At 8.38120354 SEK To 1 USD Valued At 8.39315 SEK For 1,512.70 USD 100 Shares At 126.9 SEK","15,909.39"
04/23/18,Purchase,"Purchased 30 Shares Of -1,596.77 1,596.77 Umicore Net Cost 1,596.77 USD Trade Date 4/19/18 Purchased Through Jpmsgb2l Jp Morgan Sec London Paid 0.80 USD Brokerage Book Value 1,290.65 EUR Traded At 0.80828798 EUR To 1 USD Valued At 0.80828798 EUR For 1,596.77 USD 30 Shares At 43 EUR","14,312.62"
04/23/18,Purchase,"Purchased 20 Shares Of -1,658.16 1,658.16 Ucb Sa Net Cost 1,658.16 USD Trade Date 4/19/18 Purchased Through Jpmsgb2l Jp Morgan Sec London Paid 0.83 USD Brokerage Book Value 1,340.27 EUR Traded At 0.8082875 EUR To 1 USD Valued At 0.8082875 EUR For 1,658.16 USD 20 Shares At 66.98 EUR","12,654.46"
04/23/18,Purchase,"Purchased 100 Shares Of -3,017.94 3,026.34 Accesso Technology Group Plc Net Cost 3,017.94 USD Trade Date 4/19/18 Purchased Through Crst 784 Jpmorgan Secs Ltd Paid 1.50 USD Brokerage Purchased On The London Stock Exchange Book Value 2,126.06 GBP Traded At 0.70447391 GBP To 1 USD Valued At 0.702519 GBP For 3,026.34 USD 100 Shares At 21.25 GBP","9,636.52"
04/23/18,Purchase,"Purchased 10 Shares Of -1,990.50 1,990.50 Asml Holding Nv Ny Reg Shs Trade Date 4/19/18 Purchased Through J.P. Morgan Securities LLC Paid 0.10 USD Brokerage 10 Shares At 199.04 USD","7,646.02"
04/23/18,Purchase,"Purchased 10 Shares Of -1,238.60 1,238.60 Ferrari Nv Trade Date 4/19/18 Purchased Through J.P. Morgan Securities LLC Paid 0.10 USD Brokerage 10 Shares At 123.85 USD","6,407.42"
04/23/18,Purchase,"Purchased 20 Shares Of -2,537.20 2,537.20 Shopify Inc A Trade Date 4/19/18 Purchased Through J.P. Morgan Securities LLC Paid 0.20 USD Brokerage 20 Shares At 126.85 USD","3,870.22"
04/23/18,Purchase,"Purchased 30 Shares Of -1,535.70 1,535.70 Nintendo Co Ltd Unspons A D R Trade Date 4/19/18 Purchased Through J.P. Morgan Securities LLC Paid 0.30 USD Brokerage 30 Shares At 51.18 USD","2,334.52"
04/23/18,Purchase,"Purchased 400 Shares Of -2,334.52 2,334.52 Nokia Corp Spon A D R Trade Date 4/19/18 Purchased Through J.P. Morgan Securities LLC Paid 4.00 USD Brokerage 400 Shares At 5.8263 USD",0.00
04/24/18,Sale,"Sold 8,160.96 Units Of 8,160.96 -8,160.96 First Am Govt Ob Fd Cl X Trade Date 4/24/18","8,160.96"
04/24/18,Purchase,"Purchased 40 Shares Of -2,057.14 2,060.06 Cyberagent Inc Npv Net Cost 2,057.14 USD Trade Date 4/19/18 Purchased Through Jpmsgb2l Jp Morgan Sec London Paid 1.02 USD Brokerage Book Value 220,910 JPY Traded At 107.3869547 JPY To 1 USD Valued At 107.235 JPY For 2,060.06 USD 40 Shares At 5,520.00000029 JPY","6,103.82"
04/24/18,Purchase,"Purchased 10 Shares Of -2,162.42 2,165.49 Disco Corporation Net Cost 2,162.42 USD Trade Date 4/19/18 Purchased Through Jpmsgb2l Jp Morgan Sec London Paid 1.08 USD Brokerage Book Value 232,216 JPY Traded At 107.38709408 JPY To 1 USD Valued At 107.235 JPY For 2,165.49 USD 10 Shares At 23,210 JPY","3,941.40"
04/24/18,Purchase,"Purchased 15 Shares Of -1,735.61 1,746.70 Groupe Fnac Sa Net Cost 1,735.61 USD Trade Date 4/20/18 Purchased Through Jpmsgb2l Jp Morgan Sec London Paid 0.86 USD Brokerage Paid 5.22 USD Misc Fee1 Book Value 1,412.67 EUR Traded At 0.81393285 EUR To 1 USD Valued At 0.808767 EUR For 1,746.70 USD 15 Shares At 93.85 EUR","2,205.79"
04/24/18,Purchase,"Purchased 20 Shares Of -1,991.98 2,000.59 Ams Ag Net Cost 1,991.98 USD Trade Date 4/20/18 Purchased Through Jpmsgb2l Jp Morgan Sec London Paid 1.00 USD Brokerage Book Value 1,940.57 CHF Traded At 0.97419151 CHF To 1 USD Valued At 0.97 CHF For 2,000.59 USD 20 Shares At 96.98 CHF",213.81
04/24/18,Purchase,"Purchased 300 Shares Of -1,315.58 1,323.99 Ovs Spa Net Cost 1,315.58 USD Trade Date 4/20/18 Purchased Through Jpmsgb2l Jp Morgan Sec London Paid 0.65 USD Brokerage Paid 1.32 USD Misc Fee1 Book Value 1,070.80 EUR Traded At 0.81393758 EUR To 1 USD Valued At 0.808767 EUR For 1,323.99 USD 300 Shares At 3.5640156 EUR","-1,101.77"
04/24/18,Sale,"Sold 20 Shares Of 1,101.77 -1,094.20 Solaredge Technologies Inc Trade Date 4/20/18 Sold Through J.P. Morgan Securities LLC Paid 0.20 USD Brokerage Paid 0.03 USD Sec Fee 20 Shares At 55.10 USD",0.00
04/25/18,Sale,"Sold 2,496 Units Of 2,496.00 -2,496.00 First Am Govt Ob Fd Cl X Trade Date 4/25/18","2,496.00"
04/25/18,Purchase,"Purchased 20 Shares Of -2,496.00 2,496.00 Elbit Systems Ltd Trade Date 4/23/18 Purchased Through J.P. Morgan Securities LLC Paid 0.20 USD Brokerage 20 Shares At 124.79 USD Transfer From Another Account",0.00
04/26/18,Purchase,"Purchased 18,490 Units Of -18,490.00 18,490.00 First Am Govt Ob Fd Cl X Trade Date 4/26/18","2,110.00"
04/26/18,Purchase,"Purchased 200 Shares Of -2,110.00 2,110.00 Blackberry Ltd Trade Date 4/24/18 Purchased Through J.P. Morgan Securities LLC Paid 2.00 USD Brokerage 200 Shares At 10.54 USD",0.00
04/27/18,Sale,"Sold 10,657.01 Units Of 10,657.01 -10,657.01 First Am Govt Ob Fd Cl X Trade Date 4/27/18","10,657.01"
04/27/18,Purchase,"Purchased 100 Shares Of -3,149.89 3,163.89 Askul Corp Npv Net Cost 3,149.89 USD Trade Date 4/24/18 Purchased Through Jpmsgb2l Jp Morgan Sec London Paid 1.57 USD Brokerage Book Value 343,171 JPY Traded At 108.9469791 JPY To 1 USD Valued At 108.465 JPY For 3,163.89 USD 100 Shares At 3,430 JPY","7,507.12"
04/27/18,Purchase,"Purchased 50 Shares Of -2,488.69 2,499.75 Cyberagent Inc Npv Net Cost 2,488.69 USD Trade Date 4/24/18 Purchased Through Jpmsgb2l Jp Morgan Sec London Paid 1.24 USD Brokerage Book Value 271,135 JPY Traded At 108.94687566 JPY To 1 USD Valued At 108.465 JPY For 2,499.75 USD 50 Shares At 5,420 JPY","5,018.43"
04/27/18,Purchase,"Purchased 20 Shares Of -1,458.20 1,461.59 Stroeer SE and Co Kgaa Net Cost 1,458.20 USD Trade Date 4/25/18 Purchased Through Jpmsgb2leql Jp Morgan Eq Lndn Paid 0.73 USD Brokerage Book Value 1,196.60 EUR Traded At 0.82060074 EUR To 1 USD Valued At 0.818699 EUR For 1,461.59 USD 20 Shares At 59.8 EUR","3,560.23"
04/27/18,Purchase,"Purchased 20 Shares Of -1,683.83 1,685.51 Asos Plc Net Cost 1,683.83 USD Trade Date 4/25/18 Purchased Through Crst 784 Jpmorgan Secs Ltd Paid 0.84 USD Brokerage Book Value 1,207.00 GBP Traded At 0.71681821 GBP To 1 USD Valued At 0.716102 GBP For 1,685.51 USD 20 Shares At 60.32 GBP","1,876.40"
04/27/18,Purchase,"Purchased 40 Shares Of -1,876.40 1,876.40 B H P Billiton Limited A D R Trade Date 4/25/18 Purchased Through J.P. Morgan Securities LLC Paid 0.40 USD Brokerage 40 Shares At 46.90 USD",0.00
04/30/18,Sale,"Sold 5,809 Units Of 5,809.00 -5,809.00 First Am Govt Ob Fd Cl X Trade Date 4/30/18","5,809.00"
04/30/18,Purchase,"Purchased 100 Shares Of -1,216.00 1,216.00 Materialise Nv A D R Trade Date 4/26/18 Purchased Through J.P. Morgan Securities LLC Paid 1.00 USD Brokerage 100 Shares At 12.15 USD","4,593.00"
04/30/18,Purchase,"Purchased 20 Shares Of -2,492.00 2,492.00 Shopify Inc A Trade Date 4/26/18 Purchased Through J.P. Morgan Securities LLC Paid 0.20 USD Brokerage 20 Shares At 124.59 USD","2,101.00"
04/30/18,Purchase,"Purchased 200 Shares Of -2,101.00 2,101.00 Blackberry Ltd Trade Date 4/26/18 Purchased Through J.P. Morgan Securities LLC Paid 2.00 USD Brokerage 200 Shares At 10.495 USD Transfer From Another Account",0.00
05/01/18,Sale,"Sold 1,411.9 Units Of 1,411.90 -1,411.90 First Am Govt Ob Fd Cl X Trade Date 5/1/18","2,211.90"
05/01/18,Purchase,"Purchased 300 Shares Of -2,211.90 2,234.56 Ocado Group Plc Net Cost 2,211.90 USD Trade Date 4/27/18 Purchased Through Crst 784 Jpmorgan Secs Ltd Paid 1.10 USD Brokerage Paid 11.12 USD Misc Fee1 Book Value 1,603.85 GBP Traded At 0.72510059 GBP To 1 USD Valued At 0.717746 GBP For 2,234.56 USD 300 Shares At 5.3169 GBP First Am Govt Ob Fd Cl X Interest From 4/1/18 To 4/30/18 Ferrari Nv 0.87912 USD/Share On 20 Shares Due 5/2/18 41.0000000% Foreign Taxes Withheld",0.00
05/02/18,Sale,Sold 33.04 Units Of 39.55 -39.55 Euro Trade Date 5/2/18 Value Date 5/2/18 Book Value 33.04 EUR Traded At 0.83539823 EUR To 1 USD Valued At 0.83539823 EUR For 39.55 USD Net Proceeds 39.55 USD Repatriating Ucb Sa Transfer To Income Ucb Sa Repatriating Ucb Sa Transfer From Principal Ucb Sa Repatriating Ucb Sa,122.01
05/02/18,Sale,"Sold 6,919.54 Units Of 6,919.54 -6,919.54 First Am Govt Ob Fd Cl X Trade Date 5/2/18","7,041.55"
05/02/18,Purchase,"Purchased 300 Shares Of -1,864.92 1,861.73 Nordic Semiconductor Asa Net Cost 1,864.92 USD Trade Date 4/27/18 Purchased Through Jpmsgb2l Jp Morgan Sec London Paid 0.93 USD Brokerage Book Value 14,857.43 NOK Traded At 7.96679214 NOK To 1 USD Valued At 7.98045 NOK For 1,861.73 USD 300 Shares At 49.5 NOK","5,176.63"
05/02/18,Purchase,"Purchased 300 Shares Of -2,764.97 2,785.11 Boozt Ab Net Cost 2,764.97 USD Trade Date 4/27/18 Purchased Through Jpmsgb2l Jp Morgan Sec London Paid 1.38 USD Brokerage Book Value 24,023.41 SEK Traded At 8.68848848 SEK To 1 USD Valued At 8.62565 SEK For 2,785.11 USD 300 Shares At 80.038 SEK","2,411.66"
05/02/18,Purchase,"Purchased 150 Shares Of -2,322.19 2,323.23 Biocartis Nv Net Cost 2,322.19 USD Trade Date 4/27/18 Purchased Through Jpmsgb2l Jp Morgan Sec London Paid 1.16 USD Brokerage Book Value 1,917.96 EUR Traded At 0.82592725 EUR To 1 USD Valued At 0.825559 EUR For 2,323.23 USD 150 Shares At 12.78 EUR 33.04 Euro 99999EUR3 Umicore 0.375 EUR/Share On 60 Shares Due 5/3/18 Received 22.50 EUR Valued At 0.83821181 EUR For 26.84 USD",89.47
05/03/18,Sale,Sold 15.75 Units Of 18.79 -18.79 Euro Trade Date 5/3/18 Value Date 5/3/18 Book Value 15.75 EUR Traded At 0.83821181 EUR To 1 USD Valued At 0.83821181 EUR For 18.79 USD Net Proceeds 18.79 USD Repatriating Umicore Transfer To Income Umicore Repatriating Umicore Transfer From Principal Umicore Repatriating Umicore Transfer From Another Account,87.50
05/03/18,Purchase,"Purchased 215,897.38 Units Of -215,897.38 215,897.38 First Am Govt Ob Fd Cl X Trade Date 5/3/18","3,024.01"
05/03/18,Purchase,"Purchased 300 Shares Of -2,986.43 2,993.21 Air France Klm Net Cost 2,986.43 USD Trade Date 4/30/18 Purchased Through Jpmsgb2l Jp Morgan Sec London Paid 1.49 USD Brokerage Paid 8.94 USD Misc Fee1 Book Value 2,473.42 EUR Traded At 0.82821965 EUR To 1 USD Valued At 0.826344 EUR For 2,993.21 USD 300 Shares At 8.216 EUR 15.75 Euro 99999EUR3",37.58
05/04/18,Purchase,Purchased 18.79 Units Of -18.79 18.79 First Am Govt Ob Fd Cl X Trade Date 5/4/18 Transfer From Another Account,0.00
05/07/18,Sale,"Sold 96,398.42 Units Of 96,398.42 -96,398.42 First Am Govt Ob Fd Cl X Trade Date 5/7/18","122,948.47"
05/07/18,Purchase,"Purchased 80 Shares Of -4,130.37 4,121.79 Zalando SE Net Cost 4,130.37 USD Trade Date 5/3/18 Purchased Through Jpmsgb2leql Jp Morgan Eq Lndn Paid 2.06 USD Brokerage Book Value 3,447.32 EUR Traded At 0.83462741 EUR To 1 USD Valued At 0.836365 EUR For 4,121.79 USD 80 Shares At 43.07 EUR","118,818.10"
05/07/18,Purchase,"Purchased 40 Shares Of -3,035.21 3,028.90 Stroeer SE and Co Kgaa Net Cost 3,035.21 USD Trade Date 5/3/18 Purchased Through Jpmsgb2leql Jp Morgan Eq Lndn Paid 1.52 USD Brokerage Book Value 2,533.27 EUR Traded At 0.83462759 EUR To 1 USD Valued At 0.836365 EUR For 3,028.90 USD 40 Shares At 63.3 EUR","115,782.89"
05/07/18,Purchase,"Purchased 100 Shares Of -3,788.02 3,780.14 Slm Solutions Group Ag Net Cost 3,788.02 USD Trade Date 5/3/18 Purchased Through Jpmsgb2leql Jp Morgan Eq Lndn Paid 1.89 USD Brokerage Book Value 3,161.58 EUR Traded At 0.83462601 EUR To 1 USD Valued At 0.836365 EUR For 3,780.14 USD 100 Shares At 31.6 EUR","111,994.87"
05/07/18,Purchase,"Purchased 40 Shares Of -2,992.06 2,985.84 Ucb Sa Net Cost 2,992.06 USD Trade Date 5/3/18 Purchased Through Jpmsgb2l Jp Morgan Sec London Paid 1.50 USD Brokerage Book Value 2,497.25 EUR Traded At 0.83462564 EUR To 1 USD Valued At 0.836365 EUR For 2,985.84 USD 40 Shares At 62.4 EUR","109,002.81"
05/07/18,Purchase,"Purchased 60 Shares Of -3,380.44 3,373.42 Umicore Net Cost 3,380.44 USD Trade Date 5/3/18 Purchased Through Jpmsgb2l Jp Morgan Sec London Paid 1.69 USD Brokerage Book Value 2,821.41 EUR Traded At 0.83462804 EUR To 1 USD Valued At 0.836365 EUR For 3,373.42 USD 60 Shares At 47 EUR","105,622.37"
05/07/18,Purchase,"Purchased 300 Shares Of -4,574.39 4,564.88 Biocartis Nv Net Cost 4,574.39 USD Trade Date 5/3/18 Purchased Through Jpmsgb2l Jp Morgan Sec London Paid 2.29 USD Brokerage Book Value 3,817.91 EUR Traded At 0.83462713 EUR To 1 USD Valued At 0.836365 EUR For 4,564.88 USD 300 Shares At 12.72 EUR","101,047.98"
05/07/18,Purchase,"Purchased 30 Shares Of -3,304.00 3,297.14 Groupe Fnac Sa Net Cost 3,304.00 USD Trade Date 5/3/18 Purchased Through Jpmsgb2l Jp Morgan Sec London Paid 1.64 USD Brokerage Paid 9.85 USD Misc Fee1 Book Value 2,757.61 EUR Traded At 0.83462772 EUR To 1 USD Valued At 0.836365 EUR For 3,297.14 USD 30 Shares At 91.6 EUR","97,743.98"
05/07/18,Purchase,"Purchased 5 Shares Of -2,723.54 2,717.88 Eurofins Scientific Net Cost 2,723.54 USD Trade Date 5/3/18 Purchased Through Jpmsgb2l Jp Morgan Sec London Paid 1.37 USD Brokerage Book Value 2,273.14 EUR Traded At 0.83462699 EUR To 1 USD Valued At 0.836365 EUR For 2,717.88 USD 5 Shares At 454.4 EUR","95,020.44"
05/07/18,Purchase,"Purchased 300 Shares Of -3,000.31 2,994.08 Air France Klm Net Cost 3,000.31 USD Trade Date 5/3/18 Purchased Through Jpmsgb2l Jp Morgan Sec London Paid 1.50 USD Brokerage Paid 8.96 USD Misc Fee1 Book Value 2,504.14 EUR Traded At 0.83462709 EUR To 1 USD Valued At 0.836365 EUR For 2,994.08 USD 300 Shares At 8.318 EUR","92,020.13"
05/07/18,Purchase,"Purchased 600 Shares Of -2,671.06 2,665.51 Ovs Spa Net Cost 2,671.06 USD Trade Date 5/3/18 Purchased Through Jpmsgb2l Jp Morgan Sec London Paid 1.33 USD Brokerage Paid 2.67 USD Misc Fee1 Book Value 2,229.34 EUR Traded At 0.83462745 EUR To 1 USD Valued At 0.836365 EUR For 2,665.51 USD 600 Shares At 3.71 EUR","89,349.07"
05/07/18,Purchase,"Purchased 200 Shares Of -3,055.48 3,017.42 Raysearch Laboratories Ab Net Cost 3,055.48 USD Trade Date 5/3/18 Purchased Through Jpmsgb2l Jp Morgan Sec London Paid 1.53 USD Brokerage Book Value 26,933.46 SEK Traded At 8.81480488 SEK To 1 USD Valued At 8.926 SEK For 3,017.42 USD 200 Shares At 134.6 SEK","86,293.59"
05/07/18,Purchase,"Purchased 100 Shares Of -3,335.83 3,328.89 Brunello Cucinelli Spa Net Cost 3,335.83 USD Trade Date 5/3/18 Purchased Through Jpmsgb2l Jp Morgan Sec London Paid 1.67 USD Brokerage Paid 3.32 USD Misc Fee1 Book Value 2,784.17 EUR Traded At 0.83462587 EUR To 1 USD Valued At 0.836365 EUR For 3,328.89 USD 100 Shares At 27.8 EUR","82,957.76"
05/07/18,Purchase,"Purchased 100 Shares Of -2,549.26 2,517.50 Intrum Justitia Ab Net Cost 2,549.26 USD Trade Date 5/3/18 Purchased Through Jpmsgb2l Jp Morgan Sec London Paid 1.27 USD Brokerage Book Value 22,471.23 SEK Traded At 8.81480508 SEK To 1 USD Valued At 8.926 SEK For 2,517.50 USD 100 Shares At 224.59999996 SEK","80,408.50"
05/07/18,Purchase,"Purchased 40 Shares Of -3,541.66 3,537.65 Ams Ag Net Cost 3,541.66 USD Trade Date 5/3/18 Purchased Through Jpmsgb2l Jp Morgan Sec London Paid 1.77 USD Brokerage Book Value 3,532.17 CHF Traded At 0.99732047 CHF To 1 USD Valued At 0.99845 CHF For 3,537.65 USD 40 Shares At 88.26 CHF","76,866.84"
05/07/18,Purchase,"Purchased 50 Shares Of -2,123.63 2,097.17 G5 Entertainment Ab Net Cost 2,123.63 USD Trade Date 5/3/18 Purchased Through Jpmsgb2l Jp Morgan Sec London Paid 1.06 USD Brokerage Book Value 18,719.36 SEK Traded At 8.81479354 SEK To 1 USD Valued At 8.926 SEK For 2,097.17 USD 50 Shares At 374.2 SEK","74,743.21"
05/07/18,Purchase,"Purchased 300 Shares Of -2,516.35 2,485.00 Dustin Group Ab Net Cost 2,516.35 USD Trade Date 5/3/18 Purchased Through Jpmsgb2l Jp Morgan Sec London Paid 1.26 USD Brokerage Book Value 22,181.09 SEK Traded At 8.81478729 SEK To 1 USD Valued At 8.926 SEK For 2,485.00 USD 300 Shares At 73.89994453 SEK","72,226.86"
05/07/18,Purchase,"Purchased 600 Shares Of -5,352.77 5,286.08 Boozt Ab Net Cost 5,352.77 USD Trade Date 5/3/18 Purchased Through Jpmsgb2l Jp Morgan Sec London Paid 2.68 USD Brokerage Book Value 47,183.58 SEK Traded At 8.81479682 SEK To 1 USD Valued At 8.926 SEK For 5,286.08 USD 600 Shares At 78.6 SEK","66,874.09"
05/07/18,Purchase,"Purchased 200 Shares Of -2,027.88 2,002.61 Fagerhult Ab Net Cost 2,027.88 USD Trade Date 5/3/18 Purchased Through Jpmsgb2l Jp Morgan Sec London Paid 1.01 USD Brokerage Book Value 17,875.33 SEK Traded At 8.81478687 SEK To 1 USD Valued At 8.926 SEK For 2,002.61 USD 200 Shares At 89.332 SEK","64,846.21"
05/07/18,Purchase,"Purchased 100 Shares Of -2,888.79 2,865.69 Schibsted Asa A-Shares Net Cost 2,888.79 USD Trade Date 5/3/18 Purchased Through Jpmsgb2l Jp Morgan Sec London Paid 1.44 USD Brokerage Book Value 23,251.62 NOK Traded At 8.04891321 NOK To 1 USD Valued At 8.1138 NOK For 2,865.69 USD 100 Shares At 232.4 NOK","61,957.42"
05/07/18,Purchase,"Purchased 100 Shares Of -3,756.43 3,726.38 Norwegian Air Shut Net Cost 3,756.43 USD Trade Date 5/3/18 Purchased Through Jpmsgb2l Jp Morgan Sec London Paid 1.88 USD Brokerage Book Value 30,235.11 NOK Traded At 8.04889483 NOK To 1 USD Valued At 8.1138 NOK For 3,726.38 USD 100 Shares At 302.2 NOK","58,200.99"
05/07/18,Purchase,"Purchased 700 Shares Of -4,585.53 4,548.85 Nordic Semiconductor Asa Net Cost 4,585.53 USD Trade Date 5/3/18 Purchased Through Jpmsgb2l Jp Morgan Sec London Paid 2.29 USD Brokerage Book Value 36,908.45 NOK Traded At 8.04889511 NOK To 1 USD Valued At 8.1138 NOK For 4,548.85 USD 700 Shares At 52.7 NOK","53,615.46"
05/07/18,Purchase,"Purchased 20 Shares Of -2,275.00 2,275.00 Elbit Systems Ltd Trade Date 5/3/18 Purchased Through J.P. Morgan Securities LLC Paid 0.20 USD Brokerage 20 Shares At 113.74 USD","51,340.46"
05/07/18,Purchase,"Purchased 20 Shares Of -2,531.60 2,531.60 Ferrari Nv Trade Date 5/3/18 Purchased Through J.P. Morgan Securities LLC Paid 0.20 USD Brokerage 20 Shares At 126.57 USD","48,808.86"
05/07/18,Purchase,"Purchased 20 Shares Of -2,720.64 2,720.64 Gw Pharmaceuticals A D R Trade Date 5/3/18 Purchased Through J.P. Morgan Securities LLC Paid 0.20 USD Brokerage 20 Shares At 136.022 USD","46,088.22"
05/07/18,Purchase,"Purchased 30 Shares Of -5,736.60 5,736.60 Asml Holding Nv Ny Reg Shs Trade Date 5/3/18 Purchased Through J.P. Morgan Securities LLC Paid 0.30 USD Brokerage 30 Shares At 191.21 USD","40,351.62"
05/07/18,Purchase,"Purchased 30 Shares Of -2,598.90 2,598.90 Sodastream International Ltd Trade Date 5/3/18 Purchased Through J.P. Morgan Securities LLC Paid 0.30 USD Brokerage 30 Shares At 86.62 USD","37,752.72"
05/07/18,Purchase,"Purchased 60 Shares Of -3,123.00 3,123.00 Nintendo Co Ltd Unspons A D R Trade Date 5/3/18 Purchased Through J.P. Morgan Securities LLC Paid 0.60 USD Brokerage 60 Shares At 52.04 USD","34,629.72"
05/07/18,Purchase,"Purchased 60 Shares Of -7,617.60 7,617.60 Shopify Inc A Trade Date 5/3/18 Purchased Through J.P. Morgan Securities LLC Paid 0.60 USD Brokerage 60 Shares At 126.95 USD","27,012.12"
05/07/18,Purchase,"Purchased 80 Shares Of -3,756.80 3,756.80 B H P Billiton Limited A D R Trade Date 5/3/18 Purchased Through J.P. Morgan Securities LLC Paid 0.80 USD Brokerage 80 Shares At 46.95 USD","23,255.32"
05/07/18,Purchase,"Purchased 100 Shares Of -2,142.00 2,142.00 Fanuc Corporation A D R Trade Date 5/3/18 Purchased Through J.P. Morgan Securities LLC Paid 1.00 USD Brokerage 100 Shares At 21.41 USD","21,113.32"
05/07/18,Purchase,"Purchased 100 Shares Of -2,760.00 2,760.00 Pandora A S Sponsored A D R Trade Date 5/3/18 Purchased Through J.P. Morgan Securities LLC Paid 1.00 USD Brokerage 100 Shares At 27.59 USD","18,353.32"
05/07/18,Purchase,"Purchased 250 Shares Of -2,992.25 2,992.25 Materialise Nv A D R Trade Date 5/3/18 Purchased Through J.P. Morgan Securities LLC Paid 2.50 USD Brokerage 250 Shares At 11.959 USD","15,361.07"
05/07/18,Purchase,"Purchased 700 Shares Of -7,566.02 7,566.02 Blackberry Ltd Trade Date 5/3/18 Purchased Through J.P. Morgan Securities LLC Paid 7.00 USD Brokerage 700 Shares At 10.7986 USD","7,795.05"
05/07/18,Purchase,"Purchased 800 Shares Of -4,660.00 4,660.00 Nokia Corp Spon A D R Trade Date 5/3/18 Purchased Through J.P. Morgan Securities LLC Paid 8.00 USD Brokerage 800 Shares At 5.815 USD","3,135.05"
05/08/18,Sale,"Sold 26,676.49 Units Of 26,676.49 -26,676.49 First Am Govt Ob Fd Cl X Trade Date 5/8/18","29,811.54"
05/08/18,Purchase,"Purchased 100 Shares Of -3,008.55 3,013.69 Accesso Technology Group Plc Net Cost 3,008.55 USD Trade Date 5/3/18 Purchased Through Crst 784 Jpmorgan Secs Ltd Paid 1.51 USD Brokerage Purchased On The London Stock Exchange Book Value 2,216.11 GBP Traded At 0.73660401 GBP To 1 USD Valued At 0.735348 GBP For 3,013.69 USD 100 Shares At 22.15 GBP","26,802.99"
05/08/18,Purchase,"Purchased 600 Shares Of -4,701.23 4,709.27 Ocado Group Plc Net Cost 4,701.23 USD Trade Date 5/3/18 Purchased Through Crst 784 Jpmorgan Secs Ltd Paid 2.34 USD Brokerage Paid 23.43 USD Misc Fee1 Book Value 3,462.95 GBP Traded At 0.7366051 GBP To 1 USD Valued At 0.735348 GBP For 4,709.27 USD 600 Shares At 5.74 GBP","22,101.76"
05/08/18,Purchase,"Purchased 40 Shares Of -3,292.42 3,298.04 Asos Plc Net Cost 3,292.42 USD Trade Date 5/3/18 Purchased Through Crst 784 Jpmorgan Secs Ltd Paid 1.64 USD Brokerage Book Value 2,425.21 GBP Traded At 0.73660408 GBP To 1 USD Valued At 0.735348 GBP For 3,298.04 USD 40 Shares At 60.6 GBP","18,809.34"
05/08/18,Purchase,"Purchased 2,000 Shares Of -7,687.74 7,700.88 Entertainment One Ltd Net Cost 7,687.74 USD Trade Date 5/3/18 Purchased Through Crst 784 Jpmorgan Secs Ltd Paid 3.84 USD Brokerage Book Value 5,662.83 GBP Traded At 0.7366053 GBP To 1 USD Valued At 0.735348 GBP For 7,700.88 USD 2,000 Shares At 2.83 GBP","11,121.60"
05/08/18,Purchase,"Purchased 60 Shares Of -7,986.55 7,993.98 Alk Abello A S Net Cost 7,986.55 USD Trade Date 5/4/18 Purchased Through Jpmsgb2l Jp Morgan Sec London Paid 3.99 USD Brokerage Book Value 49,824.90 DKK Traded At 6.23860115 DKK To 1 USD Valued At 6.2328 DKK For 7,993.98 USD 60 Shares At 830 DKK","3,135.05"
05/09/18,Sale,"Sold 15,856.29 Units Of 15,856.29 -15,856.29 First Am Govt Ob Fd Cl X Trade Date 5/9/18","21,034.44"
05/09/18,Purchase,"Purchased 200 Shares Of -6,819.39 6,822.54 Brunello Cucinelli Spa Net Cost 6,819.39 USD Trade Date 5/7/18 Purchased Through Jpmsgb2l Jp Morgan Sec London Paid 3.41 USD Brokerage Paid 6.81 USD Misc Fee1 Book Value 5,718.57 EUR Traded At 0.838575 EUR To 1 USD Valued At 0.838188 EUR For 6,822.54 USD 200 Shares At 28.55 EUR","14,215.05"
05/09/18,Purchase,"Purchased 200 Shares Of -5,670.50 5,647.15 Schibsted Asa A-Shares Net Cost 5,670.50 USD Trade Date 5/7/18 Purchased Through Jpmsgb2l Jp Morgan Sec London Paid 2.83 USD Brokerage Book Value 45,662.82 NOK Traded At 8.05269729 NOK To 1 USD Valued At 8.086 NOK For 5,647.15 USD 200 Shares At 228.2 NOK","8,544.55"
05/09/18,Purchase,"Purchased 60 Shares Of -5,366.40 5,366.40 Sodastream International Ltd Trade Date 5/7/18 Purchased Through J.P. Morgan Securities LLC Paid 0.60 USD Brokerage 60 Shares At 89.43 USD","3,178.15"
05/10/18,Sale,"Sold 27,688.99 Units Of 27,688.99 -27,688.99 First Am Govt Ob Fd Cl X Trade Date 5/10/18","27,010.94"
05/10/18,Purchase,"Purchased 90 Shares Of -4,974.03 4,967.42 Cyberagent Inc Npv Net Cost 4,974.03 USD Trade Date 5/7/18 Purchased Through Jpmsgb2l Jp Morgan Sec London Paid 2.48 USD Brokerage Book Value 542,070 JPY Traded At 108.98004233 JPY To 1 USD Valued At 109.125 JPY For 4,967.42 USD 90 Shares At 6,020 JPY","22,036.91"
05/10/18,Purchase,"Purchased 90 Shares Of -4,974.03 4,967.42 Cyberagent Inc Npv Net Cost 4,974.03 USD Trade Date 5/7/18 Purchased Through Jpmsgb2l Jp Morgan Sec London Paid 2.48 USD Brokerage Book Value 542,070 JPY Traded At 108.98004233 JPY To 1 USD Valued At 109.125 JPY For 4,967.42 USD 90 Shares At 6,020 JPY","17,062.88"
05/10/18,Purchase,"Purchased 20 Shares Of -3,762.19 3,757.20 Disco Corporation Net Cost 3,762.19 USD Trade Date 5/7/18 Purchased Through Jpmsgb2l Jp Morgan Sec London Paid 1.87 USD Brokerage Book Value 410,004 JPY Traded At 108.98014188 JPY To 1 USD Valued At 109.125 JPY For 3,757.20 USD 20 Shares At 20,490 JPY","13,300.69"
05/10/18,Purchase,"Purchased 20 Shares Of -3,762.19 3,757.20 Disco Corporation Net Cost 3,762.19 USD Trade Date 5/7/18 Purchased Through Jpmsgb2l Jp Morgan Sec London Paid 1.87 USD Brokerage Book Value 410,004 JPY Traded At 108.98014188 JPY To 1 USD Valued At 109.125 JPY For 3,757.20 USD 20 Shares At 20,490.01035571 JPY","9,538.50"
05/10/18,Purchase,"Purchased 100 Shares Of -3,199.43 3,195.18 Askul Corp Npv Net Cost 3,199.43 USD Trade Date 5/7/18 Purchased Through Jpmsgb2l Jp Morgan Sec London Paid 1.60 USD Brokerage Book Value 348,674 JPY Traded At 108.98003706 JPY To 1 USD Valued At 109.125 JPY For 3,195.18 USD 100 Shares At 3,485 JPY","6,339.07"
05/10/18,Purchase,"Purchased 100 Shares Of -3,204.02 3,199.76 Askul Corp Npv Net Cost 3,204.02 USD Trade Date 5/7/18 Purchased Through Jpmsgb2l Jp Morgan Sec London Paid 1.60 USD Brokerage Book Value 349,174 JPY Traded At 108.97996891 JPY To 1 USD Valued At 109.125 JPY For 3,199.76 USD 100 Shares At 3,490 JPY","3,135.05"
05/11/18,Sale,"Sold 8,021.69 Units Of 8,021.69 -8,021.69 First Am Govt Ob Fd Cl X Trade Date 5/11/18","11,156.74"
05/11/18,Purchase,"Purchased 50 Shares Of -3,735.69 3,735.69 Stroeer SE and Co Kgaa Net Cost 3,735.69 USD Trade Date 5/9/18 Purchased Through Jpmsgb2leql Jp Morgan Eq Lndn Paid 1.87 USD Brokerage Book Value 3,151.58 EUR Traded At 0.84364067 EUR To 1 USD Valued At 0.84364067 EUR For 3,735.69 USD 50 Shares At 63 EUR","7,421.05"
05/11/18,Purchase,"Purchased 200 Shares Of -4,286.00 4,286.00 Fanuc Corporation A D R Trade Date 5/9/18 Purchased Through J.P. Morgan Securities LLC Paid 2.00 USD Brokerage 200 Shares At 21.42 USD","3,135.05"
05/14/18,Sale,"Sold 17,019.5 Units Of 17,019.50 -17,019.50 First Am Govt Ob Fd Cl X Trade Date 5/14/18","20,154.55"
05/14/18,Purchase,"Purchased 150 Shares Of -7,477.50 7,477.50 Hsbc Holdings Plc Spons A D R Trade Date 5/10/18 Purchased Through J.P. Morgan Securities LLC Paid 1.50 USD Brokerage 150 Shares At 49.84 USD","12,677.05"
05/14/18,Purchase,"Purchased 400 Shares Of -9,542.00 9,542.00 Stmicroelectronics N V Trade Date 5/10/18 Purchased Through J.P. Morgan Securities LLC Paid 4.00 USD Brokerage 400 Shares At 23.845 USD Schibsted Asa A-Shares 1.75 NOK/Share On 200 Shares Due 5/15/18 Received 350.00 NOK Valued At 8.05214724 NOK For 43.47 USD","3,135.05"
05/15/18,Sale,Sold 262.50 Units Of 32.60 -32.60 Norwegian Krone Trade Date 5/15/18 Value Date 5/15/18 Book Value 262.50 NOK Traded At 8.05214724 NOK To 1 USD Valued At 8.05214724 NOK For 32.60 USD Net Proceeds 32.60 USD Repatriating Schibsted Asa A-Shares Transfer To Income Schibsted Asa A-Shares Repatriating Schibsted Asa A-Shares Transfer From Principal Schibsted Asa A-Shares Repatriating Schibsted Asa A-Shares,"3,200.25"
05/15/18,Purchase,"Purchased 5 Shares Of -3,135.05 3,135.05 Keyence Corp Net Cost 3,135.05 USD Trade Date 5/3/18 Purchased Through Eclr 41555 Paid 0.05 USD Brokerage Book Value 344,808 JPY Traded At 109.985 JPY To 1 USD Valued At 109.985 JPY For 3,135.05 USD 5 Shares At 68,960.595 JPY 262.50 Norwegian Krone 99999NOK5 Transfer From Another Account",65.20
05/16/18,Purchase,"Purchased 134,650.91 Units Of -134,650.91 134,650.91 First Am Govt Ob Fd Cl X Trade Date 5/16/18","5,345.71"
05/16/18,Purchase,"Purchased 200 Shares Of -9,904.00 9,904.00 Baozun Inc Spon A D R Trade Date 5/14/18 Purchased Through J.P. Morgan Securities LLC Paid 2.00 USD Brokerage 200 Shares At 49.51 USD","-4,558.29"
05/16/18,Sale,"Sold 40 Shares Of 4,558.29 -4,771.00 Elbit Systems Ltd Trade Date 5/14/18 Sold Through J.P. Morgan Securities LLC Paid 0.40 USD Brokerage Paid 0.11 USD Sec Fee 40 Shares At 113.97 USD Transfer From Another Account",0.00
05/17/18,Purchase,"Purchased 5,490.05 Units Of -5,490.05 5,490.05 First Am Govt Ob Fd Cl X Trade Date 5/17/18","4,490.00"
05/17/18,Purchase,"Purchased 100 Shares Of -4,490.00 4,490.00 Baozun Inc Spon A D R Trade Date 5/15/18 Purchased Through J.P. Morgan Securities LLC Paid 1.00 USD Brokerage 100 Shares At 44.89 USD",0.00
05/18/18,Sale,"Sold 96,608.64 Units Of 96,608.64 -96,608.64 First Am Govt Ob Fd Cl X Trade Date 5/18/18","96,608.64"
05/18/18,Purchase,"Purchased 1,000 Shares Of -9,342.76 9,361.13 Jeol Ltd Net Cost 9,342.76 USD Trade Date 5/15/18 Purchased Through Jpmsgb2l Jp Morgan Sec London Paid 4.66 USD Brokerage Book Value 1,025,512 JPY Traded At 109.76542263 JPY To 1 USD Valued At 109.55 JPY For 9,361.13 USD 1,000 Shares At 1,025.00000021 JPY","87,265.88"
05/18/18,Purchase,"Purchased 400 Shares Of -3,758.89 3,756.84 Fagerhult Ab Net Cost 3,758.89 USD Trade Date 5/16/18 Purchased Through Jpmsgb2l Jp Morgan Sec London Paid 1.88 USD Brokerage Book Value 32,776.38 SEK Traded At 8.7197 SEK To 1 USD Valued At 8.72445 SEK For 3,756.84 USD 400 Shares At 81.9 SEK","83,506.99"
05/18/18,Purchase,"Purchased 600 Shares Of -5,225.27 5,222.42 Dustin Group Ab Net Cost 5,225.27 USD Trade Date 5/16/18 Purchased Through Jpmsgb2l Jp Morgan Sec London Paid 2.61 USD Brokerage Book Value 45,562.77 SEK Traded At 8.7197 SEK To 1 USD Valued At 8.72445 SEK For 5,222.42 USD 600 Shares At 75.9 SEK","78,281.72"
05/18/18,Purchase,"Purchased 100 Shares Of -5,640.63 5,637.56 G5 Entertainment Ab Net Cost 5,640.63 USD Trade Date 5/16/18 Purchased Through Jpmsgb2l Jp Morgan Sec London Paid 2.82 USD Brokerage Book Value 49,184.58 SEK Traded At 8.7197 SEK To 1 USD Valued At 8.72445 SEK For 5,637.56 USD 100 Shares At 491.6 SEK","72,641.09"
05/18/18,Purchase,"Purchased 600 Shares Of -5,044.33 5,076.60 Air France Klm Net Cost 5,044.33 USD Trade Date 5/16/18 Purchased Through Jpmsgb2l Jp Morgan Sec London Paid 2.51 USD Brokerage Paid 15.17 USD Misc Fee1 Book Value 4,279.72 EUR Traded At 0.84842189 EUR To 1 USD Valued At 0.843028 EUR For 5,076.60 USD 600 Shares At 7.108 EUR","67,596.76"
05/18/18,Purchase,"Purchased 50 Shares Of -5,467.43 5,502.40 Groupe Fnac Sa Net Cost 5,467.43 USD Trade Date 5/16/18 Purchased Through Jpmsgb2l Jp Morgan Sec London Paid 2.72 USD Brokerage Paid 16.45 USD Misc Fee1 Book Value 4,638.68 EUR Traded At 0.84842056 EUR To 1 USD Valued At 0.843028 EUR For 5,502.40 USD 50 Shares At 92.45 EUR","62,129.33"
05/18/18,Purchase,"Purchased 70 Shares Of -6,367.64 6,359.57 Ams Ag Net Cost 6,367.64 USD Trade Date 5/16/18 Purchased Through Jpmsgb2l Jp Morgan Sec London Paid 3.18 USD Brokerage Book Value 6,370.38 CHF Traded At 1.0004303 CHF To 1 USD Valued At 1.0017 CHF For 6,359.57 USD 70 Shares At 90.96 CHF","55,761.69"
05/18/18,Purchase,"Purchased 400 Shares Of -6,047.19 6,085.87 Biocartis Nv Net Cost 6,047.19 USD Trade Date 5/16/18 Purchased Through Jpmsgb2l Jp Morgan Sec London Paid 3.02 USD Brokerage Book Value 5,130.56 EUR Traded At 0.84842051 EUR To 1 USD Valued At 0.843028 EUR For 6,085.87 USD 400 Shares At 12.82 EUR","49,714.50"
05/18/18,Purchase,"Purchased 70 Shares Of -5,321.01 5,355.05 Ucb Sa Net Cost 5,321.01 USD Trade Date 5/16/18 Purchased Through Jpmsgb2l Jp Morgan Sec London Paid 2.66 USD Brokerage Book Value 4,514.46 EUR Traded At 0.84842163 EUR To 1 USD Valued At 0.843028 EUR For 5,355.05 USD 70 Shares At 64.46 EUR","44,393.49"
05/18/18,Purchase,"Purchased 70 Shares Of -5,934.79 5,939.81 Asos Plc Net Cost 5,934.79 USD Trade Date 5/16/18 Purchased Through Crst 784 Jpmorgan Secs Ltd Paid 2.97 USD Brokerage Book Value 4,401.00 GBP Traded At 0.74155952 GBP To 1 USD Valued At 0.740933 GBP For 5,939.81 USD 70 Shares At 62.84 GBP","38,458.70"
05/18/18,Purchase,"Purchased 40 Shares Of -5,362.00 5,362.00 Ferrari Nv Trade Date 5/16/18 Purchased Through J.P. Morgan Securities LLC Paid 0.40 USD Brokerage 40 Shares At 134.04 USD","33,096.70"
05/18/18,Purchase,"Purchased 40 Shares Of -6,055.60 6,055.60 Gw Pharmaceuticals A D R Trade Date 5/16/18 Purchased Through J.P. Morgan Securities LLC Paid 0.40 USD Brokerage 40 Shares At 151.38 USD","27,041.10"
05/18/18,Purchase,"Purchased 100 Shares Of -5,042.00 5,042.00 Hsbc Holdings Plc Spons A D R Trade Date 5/16/18 Purchased Through J.P. Morgan Securities LLC Paid 1.00 USD Brokerage 100 Shares At 50.41 USD","21,999.10"
05/18/18,Purchase,"Purchased 100 Shares Of -5,227.00 5,227.00 Nintendo Co Ltd Unspons A D R Trade Date 5/16/18 Purchased Through J.P. Morgan Securities LLC Paid 1.00 USD Brokerage 100 Shares At 52.26 USD","16,772.10"
05/18/18,Purchase,"Purchased 200 Shares Of -4,312.00 4,312.00 Fanuc Corporation A D R Trade Date 5/16/18 Purchased Through J.P. Morgan Securities LLC Paid 2.00 USD Brokerage 200 Shares At 21.55 USD","12,460.10"
05/18/18,Purchase,"Purchased 1,000 Shares Of -6,270.00 6,270.00 Nokia Corp Spon A D R Trade Date 5/16/18 Purchased Through J.P. Morgan Securities LLC Paid 10.00 USD Brokerage 1,000 Shares At 6.26 USD","6,190.10"
05/18/18,Purchase,"Purchased 10 Shares Of -6,190.10 6,190.10 Keyence Corp Net Cost 6,190.10 USD Trade Date 5/16/18 Purchased Through Eclr 41555 Paid 0.10 USD Brokerage Book Value 682,892 JPY Traded At 110.32 JPY To 1 USD Valued At 110.32 JPY For 6,190.10 USD 10 Shares At 68,288.08 JPY",0.00
05/21/18,Sale,"Sold 37,641.65 Units Of 37,641.65 -37,641.65 First Am Govt Ob Fd Cl X Trade Date 5/21/18","40,141.65"
05/21/18,Purchase,"Purchased 500 Shares Of -9,533.19 9,524.79 Amplifon Spa Net Cost 9,533.19 USD Trade Date 5/17/18 Purchased Through Jpmsgb2l Jp Morgan Sec London Paid 4.75 USD Brokerage Paid 9.51 USD Misc Fee1 Book Value 8,081.10 EUR Traded At 0.84768058 EUR To 1 USD Valued At 0.848428 EUR For 9,524.79 USD 500 Shares At 16.138 EUR","30,608.46"
05/21/18,Purchase,"Purchased 120 Shares Of -6,890.95 6,884.87 Umicore Net Cost 6,890.95 USD Trade Date 5/17/18 Purchased Through Jpmsgb2l Jp Morgan Sec London Paid 3.44 USD Brokerage Book Value 5,841.32 EUR Traded At 0.84767993 EUR To 1 USD Valued At 0.848428 EUR For 6,884.87 USD 120 Shares At 48.6533 EUR","23,717.51"
05/21/18,Purchase,"Purchased 400 Shares Of -4,874.52 4,884.97 Raysearch Laboratories Ab Net Cost 4,874.52 USD Trade Date 5/17/18 Purchased Through Jpmsgb2l Jp Morgan Sec London Paid 2.44 USD Brokerage Book Value 42,612.10 SEK Traded At 8.74180432 SEK To 1 USD Valued At 8.7231 SEK For 4,884.97 USD 400 Shares At 106.477 SEK","18,842.99"
05/21/18,Purchase,"Purchased 200 Shares Of -5,090.74 5,101.65 Intrum Justitia Ab Net Cost 5,090.74 USD Trade Date 5/17/18 Purchased Through Jpmsgb2l Jp Morgan Sec London Paid 2.54 USD Brokerage Book Value 44,502.24 SEK Traded At 8.74180178 SEK To 1 USD Valued At 8.7231 SEK For 5,101.65 USD 200 Shares At 222.4 SEK","13,752.25"
05/21/18,Purchase,"Purchased 150 Shares Of -7,442.25 7,442.25 Hsbc Holdings Plc Spons A D R Trade Date 5/17/18 Purchased Through J.P. Morgan Securities LLC Paid 1.50 USD Brokerage 150 Shares At 49.605 USD","6,310.00"
05/21/18,Purchase,"Purchased 500 Shares Of -6,310.00 6,310.00 Materialise Nv A D R Trade Date 5/17/18 Purchased Through J.P. Morgan Securities LLC Paid 5.00 USD Brokerage 500 Shares At 12.61 USD",0.00
05/22/18,Sale,"Sold 9,620.66 Units Of 9,620.66 -9,620.66 First Am Govt Ob Fd Cl X Trade Date 5/22/18","9,274.80"
05/22/18,Purchase,"Purchased 500 Shares Of -9,274.80 9,294.58 Amplifon Spa Net Cost 9,274.80 USD Trade Date 5/18/18 Purchased Through Jpmsgb2l Jp Morgan Sec London Paid 4.64 USD Brokerage Paid 9.28 USD Misc Fee1 Book Value 7,882.11 EUR Traded At 0.84984151 EUR To 1 USD Valued At 0.848033 EUR For 9,294.58 USD 500 Shares At 15.7406 EUR",0.00
05/23/18,Sale,Sold 81.40 Units Of 95.69 -95.69 Euro Trade Date 5/23/18 Value Date 5/23/18 Book Value 81.40 EUR Traded At 0.85066442 EUR To 1 USD Valued At 0.85066442 EUR For 95.69 USD Net Proceeds 95.69 USD Repatriating Amplifon Spa Transfer To Income Amplifon Spa Repatriating Amplifon Spa Transfer From Principal Amplifon Spa Repatriating Amplifon Spa Brunello Cucinelli Spa 0.27 EUR/Share On 400 Shares Due 5/23/18 Received 108.00 EUR Valued At 0.85066442 EUR For 126.96 USD Brunello Cucinelli Spa Non-USD Taxes 28.08 EUR Valued At 0.85066442 EUR For 33.01 USD 26.0000000% Foreign Taxes Withheld,191.38
05/23/18,Sale,Sold 79.92 Units Of 93.95 -93.95 Euro Trade Date 5/23/18 Value Date 5/23/18 Book Value 79.92 EUR Traded At 0.85066442 EUR To 1 USD Valued At 0.85066442 EUR For 93.95 USD Net Proceeds 93.95 USD Repatriating Brunello Cucinelli Spa Transfer To Income Brunello Cucinelli Spa Repatriating Brunello Cucinelli Spa Transfer From Principal Brunello Cucinelli Spa Repatriating Brunello Cucinelli Spa,379.28
05/23/18,Sale,"Sold 10,098.56 Units Of 10,098.56 -10,098.56 First Am Govt Ob Fd Cl X Trade Date 5/23/18","10,477.84"
05/23/18,Purchase,"Purchased 400 Shares Of -10,098.56 10,100.24 Advantest Corp Ord(Jp) Net Cost 10,098.56 USD Trade Date 5/18/18 Purchased Through Jpmsgb2l Jp Morgan Sec London Paid 5.04 USD Brokerage Book Value 1,119,359 JPY Traded At 110.84342718 JPY To 1 USD Valued At 110.825 JPY For 10,100.24 USD 400 Shares At 2,797 JPY 81.40 Euro 99999EUR3 79.92 Euro 99999EUR3",379.28
05/24/18,Sale,Sold 280.00 Units Of 32.29 -32.29 Swedish Krona Trade Date 5/24/18 Value Date 5/24/18 Book Value 280.00 SEK Traded At 8.6714153 SEK To 1 USD Valued At 8.6714153 SEK For 32.29 USD Net Proceeds 32.29 USD Repatriating Fagerhult Ab Transfer To Income Fagerhult Ab Repatriating Fagerhult Ab Transfer From Principal Fagerhult Ab Repatriating Fagerhult Ab G5 Entertainment Ab 2.50 SEK/Share On 100 Shares Due 5/15/18 Received 250.00 SEK Valued At 8.64624506 SEK For 28.91 USD G5 Entertainment Ab Non-USD Taxes 75.00 SEK Valued At 8.64624506 SEK For 8.67 USD 30.0000000% Foreign Taxes Withheld,254.22
05/24/18,Sale,Sold 175.00 Units Of 20.24 -20.24 Swedish Krona Trade Date 5/24/18 Value Date 5/24/18 Book Value 175.00 SEK Traded At 8.64624506 SEK To 1 USD Valued At 8.64624506 SEK For 20.24 USD Net Proceeds 20.24 USD Repatriating G5 Entertainment Ab Transfer To Income G5 Entertainment Ab Repatriating G5 Entertainment Ab Transfer From Principal G5 Entertainment Ab Repatriating G5 Entertainment Ab Intrum Justitia Ab 9.50 SEK/Share On 100 Shares Due 5/7/18 Received 950.00 SEK Valued At 8.81962865 SEK For 107.71 USD Intrum Justitia Ab Non-USD Taxes 285.00 SEK Valued At 8.81962865 SEK For 32.31 USD 30.0000000% Foreign Taxes Withheld,294.70
05/24/18,Sale,Sold 665.00 Units Of 75.40 -75.40 Swedish Krona Trade Date 5/24/18 Value Date 5/24/18 Book Value 665.00 SEK Traded At 8.81962865 SEK To 1 USD Valued At 8.81962865 SEK For 75.40 USD Net Proceeds 75.40 USD Repatriating Intrum Justitia Ab,445.50
05/24/18,Sale,"Sold 3,045.96 Units Of 3,045.96 -3,045.96 First Am Govt Ob Fd Cl X Trade Date 5/24/18","5,791.46"
05/24/18,Purchase,"Purchased 40 Shares Of -5,535.60 5,535.60 Shopify Inc A Trade Date 5/22/18 Purchased Through J.P. Morgan Securities LLC Paid 0.40 USD Brokerage 40 Shares At 138.38 USD 280.00 Swedish Krona 99999SEK5 175.00 Swedish Krona 99999SEK5 665.00 Swedish Krona 99999SEK5",255.86
05/25/18,Purchase,Purchased 127.93 Units Of -127.93 127.93 First Am Govt Ob Fd Cl X Trade Date 5/25/18 Transfer From Another Account,0.00
05/29/18,Purchase,"Purchased 286,781.93 Units Of -286,781.93 286,781.93 First Am Govt Ob Fd Cl X Trade Date 5/29/18",0.00
05/29/18,Sale,"Sold 8,372.75 Units Of 8,372.75 -8,372.75 First Am Govt Ob Fd Cl X Trade Date 5/29/18","8,372.75"
05/29/18,Purchase,"Purchased 150 Shares Of -8,372.75 8,372.75 Solaredge Technologies Inc Trade Date 5/24/18 Purchased Through J.P. Morgan Securities LLC Paid 1.50 USD Brokerage 150 Shares At 55.8083 USD Transfer From Another Account",0.00
05/30/18,Sale,"Sold 181,982.77 Units Of 181,982.77 -181,982.77 First Am Govt Ob Fd Cl X Trade Date 5/30/18","110,243.82"
05/30/18,Purchase,"Purchased 700 Shares Of -6,719.44 6,757.02 Fagerhult Ab Net Cost 6,719.44 USD Trade Date 5/28/18 Purchased Through Jpmsgb2l Jp Morgan Sec London Paid 3.36 USD Brokerage Book Value 59,141.13 SEK Traded At 8.8015 SEK To 1 USD Valued At 8.75255 SEK For 6,757.02 USD 700 Shares At 84.4451 SEK","103,524.38"
05/30/18,Purchase,"Purchased 800 Shares Of -6,800.93 6,838.97 Boozt Ab Net Cost 6,800.93 USD Trade Date 5/28/18 Purchased Through Jpmsgb2l Jp Morgan Sec London Paid 3.40 USD Brokerage Book Value 59,858.39 SEK Traded At 8.8015 SEK To 1 USD Valued At 8.75255 SEK For 6,838.97 USD 800 Shares At 74.7856 SEK","96,723.45"
05/30/18,Purchase,"Purchased 800 Shares Of -7,191.14 7,231.36 Dustin Group Ab Net Cost 7,191.14 USD Trade Date 5/28/18 Purchased Through Jpmsgb2l Jp Morgan Sec London Paid 3.59 USD Brokerage Book Value 63,292.83 SEK Traded At 8.80150157 SEK To 1 USD Valued At 8.75255 SEK For 7,231.36 USD 800 Shares At 79.0765 SEK","89,532.31"
05/30/18,Purchase,"Purchased 50 Shares Of -8,001.56 8,021.47 Alk Abello A S Net Cost 8,001.56 USD Trade Date 5/28/18 Purchased Through Jpmsgb2l Jp Morgan Sec London Paid 4.00 USD Brokerage Book Value 51,263.62 DKK Traded At 6.40670319 DKK To 1 USD Valued At 6.3908 DKK For 8,021.47 USD 50 Shares At 1,024.76 DKK","81,530.75"
05/30/18,Purchase,"Purchased 1,100 Shares Of -7,362.79 7,396.35 Nordic Semiconductor Asa Net Cost 7,362.79 USD Trade Date 5/28/18 Purchased Through Jpmsgb2l Jp Morgan Sec London Paid 3.68 USD Brokerage Book Value 60,277.67 NOK Traded At 8.1868 NOK To 1 USD Valued At 8.14965 NOK For 7,396.35 USD 1,100 Shares At 54.7705 NOK","74,167.96"
05/30/18,Purchase,"Purchased 100 Shares Of -3,189.65 3,204.19 Norwegian Air Shut Net Cost 3,189.65 USD Trade Date 5/28/18 Purchased Through Jpmsgb2l Jp Morgan Sec London Paid 1.59 USD Brokerage Book Value 26,113.05 NOK Traded At 8.1868 NOK To 1 USD Valued At 8.14965 NOK For 3,204.19 USD 100 Shares At 261 NOK","70,978.31"
05/30/18,Purchase,"Purchased 300 Shares Of -8,471.71 8,510.32 Schibsted Asa A-Shares Net Cost 8,471.71 USD Trade Date 5/28/18 Purchased Through Jpmsgb2l Jp Morgan Sec London Paid 4.23 USD Brokerage Book Value 69,356.17 NOK Traded At 8.186797 NOK To 1 USD Valued At 8.14965 NOK For 8,510.32 USD 300 Shares At 231.0717 NOK","62,506.60"
05/30/18,Purchase,"Purchased 100 Shares Of -5,593.01 5,607.54 Umicore Net Cost 5,593.01 USD Trade Date 5/28/18 Purchased Through Jpmsgb2l Jp Morgan Sec London Paid 2.79 USD Brokerage Book Value 4,811.48 EUR Traded At 0.86026665 EUR To 1 USD Valued At 0.858038 EUR For 5,607.54 USD 100 Shares At 48.0908 EUR","56,913.59"
05/30/18,Purchase,"Purchased 100 Shares Of -7,717.74 7,737.79 Ucb Sa Net Cost 7,717.74 USD Trade Date 5/28/18 Purchased Through Jpmsgb2l Jp Morgan Sec London Paid 3.86 USD Brokerage Book Value 6,639.32 EUR Traded At 0.86026738 EUR To 1 USD Valued At 0.858038 EUR For 7,737.79 USD 100 Shares At 66.36 EUR","49,195.85"
05/30/18,Purchase,"Purchased 1,000 Shares Of -3,841.77 3,851.74 Ovs Spa Net Cost 3,841.77 USD Trade Date 5/28/18 Purchased Through Jpmsgb2l Jp Morgan Sec London Paid 1.92 USD Brokerage Paid 3.85 USD Misc Fee1 Book Value 3,304.94 EUR Traded At 0.86026753 EUR To 1 USD Valued At 0.858038 EUR For 3,851.74 USD 1,000 Shares At 3.29999486 EUR","45,354.08"
05/30/18,Purchase,"Purchased 200 Shares Of -7,582.83 7,602.53 Slm Solutions Group Ag Net Cost 7,582.83 USD Trade Date 5/28/18 Purchased Through Jpmsgb2leql Jp Morgan Eq Lndn Paid 3.79 USD Brokerage Book Value 6,523.26 EUR Traded At 0.86026721 EUR To 1 USD Valued At 0.858038 EUR For 7,602.53 USD 200 Shares At 32.6 EUR","37,771.25"
05/30/18,Purchase,"Purchased 100 Shares Of -6,797.80 6,815.46 Stroeer SE and Co Kgaa Net Cost 6,797.80 USD Trade Date 5/28/18 Purchased Through Jpmsgb2leql Jp Morgan Eq Lndn Paid 3.39 USD Brokerage Book Value 5,847.92 EUR Traded At 0.86026656 EUR To 1 USD Valued At 0.858038 EUR For 6,815.46 USD 100 Shares At 58.45 EUR","30,973.45"
05/30/18,Purchase,"Purchased 10 Shares Of -5,331.24 5,345.09 Eurofins Scientific Net Cost 5,331.24 USD Trade Date 5/28/18 Purchased Through Jpmsgb2l Jp Morgan Sec London Paid 2.66 USD Brokerage Book Value 4,586.29 EUR Traded At 0.86026703 EUR To 1 USD Valued At 0.858038 EUR For 5,345.09 USD 10 Shares At 458.4 EUR","25,642.21"
05/30/18,Purchase,"Purchased 150 Shares Of -7,855.56 7,875.97 Zalando SE Net Cost 7,855.56 USD Trade Date 5/28/18 Purchased Through Jpmsgb2leql Jp Morgan Eq Lndn Paid 3.93 USD Brokerage Book Value 6,757.88 EUR Traded At 0.86026712 EUR To 1 USD Valued At 0.858038 EUR For 7,875.97 USD 150 Shares At 45.03 EUR","17,786.65"
05/30/18,Purchase,"Purchased 700 Shares Of -10,983.62 11,012.15 Aixtron SE Net Cost 10,983.62 USD Trade Date 5/28/18 Purchased Through Jpmsgb2leql Jp Morgan Eq Lndn Paid 5.49 USD Brokerage Book Value 9,448.84 EUR Traded At 0.86026647 EUR To 1 USD Valued At 0.858038 EUR For 11,012.15 USD 700 Shares At 13.4916 EUR","6,803.03"
05/30/18,Purchase,"Purchased 800 Shares Of -6,803.03 6,820.71 Air France Klm Net Cost 6,803.03 USD Trade Date 5/28/18 Purchased Through Jpmsgb2l Jp Morgan Sec London Paid 3.39 USD Brokerage Paid 20.40 USD Misc Fee1 Book Value 5,852.43 EUR Traded At 0.86026668 EUR To 1 USD Valued At 0.858038 EUR For 6,820.71 USD 800 Shares At 7.29000734 EUR",0.00
05/31/18,Sale,"Sold 45,493.69 Units Of 45,493.69 -45,493.69 First Am Govt Ob Fd Cl X Trade Date 5/31/18","45,493.69"
05/31/18,Purchase,"Purchased 300 Shares Of -8,800.55 8,830.77 Askul Corp Npv Net Cost 8,800.55 USD Trade Date 5/28/18 Purchased Through Jpmsgb2l Jp Morgan Sec London Paid 4.40 USD Brokerage Book Value 964,982 JPY Traded At 109.65019231 JPY To 1 USD Valued At 109.275 JPY For 8,830.77 USD 300 Shares At 3,215 JPY","36,693.14"
05/31/18,Purchase,"Purchased 400 Shares Of -9,606.24 9,639.22 Advantest Corp Ord(Jp) Net Cost 9,606.24 USD Trade Date 5/28/18 Purchased Through Jpmsgb2l Jp Morgan Sec London Paid 4.80 USD Brokerage Book Value 1,053,326 JPY Traded At 109.65018571 JPY To 1 USD Valued At 109.275 JPY For 9,639.22 USD 400 Shares At 2,632 JPY","27,086.90"
05/31/18,Purchase,"Purchased 130 Shares Of -7,081.50 7,105.82 Cyberagent Inc Npv Net Cost 7,081.50 USD Trade Date 5/28/18 Purchased Through Jpmsgb2l Jp Morgan Sec London Paid 3.54 USD Brokerage Book Value 776,488 JPY Traded At 109.65021534 JPY To 1 USD Valued At 109.275 JPY For 7,105.82 USD 130 Shares At 5,970 JPY","20,005.40"
05/31/18,Purchase,"Purchased 1,000 Shares Of -10,812.50 10,849.62 Jeol Ltd Net Cost 10,812.50 USD Trade Date 5/28/18 Purchased Through Jpmsgb2l Jp Morgan Sec London Paid 5.40 USD Brokerage Book Value 1,185,592 JPY Traded At 109.65012716 JPY To 1 USD Valued At 109.275 JPY For 10,849.62 USD 1,000 Shares At 1,185 JPY","9,192.90"
05/31/18,Purchase,"Purchased 50 Shares Of -9,192.90 9,224.46 Disco Corporation Net Cost 9,192.90 USD Trade Date 5/28/18 Purchased Through Jpmsgb2l Jp Morgan Sec London Paid 4.59 USD Brokerage Book Value 1,008,003 JPY Traded At 109.6501648 JPY To 1 USD Valued At 109.275 JPY For 9,224.46 USD 50 Shares At 20,149.99999959 JPY Transfer From Another Account",0.00
06/01/18,Purchase,"Purchased 79,980 Units Of -79,980.00 79,980.00 First Am Govt Ob Fd Cl X Trade Date 6/1/18 First Am Govt Ob Fd Cl X Interest From 5/1/18 To 5/31/18",0.00
06/04/18,Sale,"Sold 70,748.73 Units Of 70,748.73 -70,748.73 First Am Govt Ob Fd Cl X Trade Date 6/4/18","70,870.91"
06/04/18,Purchase,"Purchased 2,000 Shares Of -8,030.45 8,021.51 Entertainment One Ltd Net Cost 8,030.45 USD Trade Date 5/31/18 Purchased Through Crst 784 Jpmorgan Secs Ltd Paid 4.01 USD Brokerage Book Value 6,043.02 GBP Traded At 0.75251325 GBP To 1 USD Valued At 0.753352 GBP For 8,021.51 USD 2,000 Shares At 3.02 GBP","62,840.46"
06/04/18,Purchase,"Purchased 100 Shares Of -8,789.21 8,779.43 Asos Plc Net Cost 8,789.21 USD Trade Date 5/31/18 Purchased Through Crst 784 Jpmorgan Secs Ltd Book Value 6,614.00 GBP Traded At 0.75251347 GBP To 1 USD Valued At 0.753352 GBP For 8,779.43 USD 100 Shares At 66.14 GBP","54,051.25"
06/04/18,Purchase,Accrued Interest Paid Accrued Dividend On Purchase Of -4.40 Asos Plc Accrued Interest 4.40 USD Traded At 0.75251347 GBP To 1 USD Valued At 0.750244 GBP For 4.41 USD,"54,046.85"
06/04/18,Purchase,"Purchased 200 Shares Of -6,674.31 6,666.88 Accesso Technology Group Plc Net Cost 6,674.31 USD Trade Date 5/31/18 Purchased Through Crst 784 Jpmorgan Secs Ltd Paid 3.34 USD Brokerage Purchased On The London Stock Exchange Book Value 5,022.51 GBP Traded At 0.75251374 GBP To 1 USD Valued At 0.753352 GBP For 6,666.88 USD 200 Shares At 25.1 GBP","47,372.54"
06/04/18,Purchase,"Purchased 50 Shares Of -7,387.50 7,387.50 Shopify Inc A Trade Date 5/31/18 Purchased Through J.P. Morgan Securities LLC Paid 0.50 USD Brokerage 50 Shares At 147.74 USD","39,985.04"
06/04/18,Purchase,"Purchased 100 Shares Of -8,526.00 8,526.00 Sodastream International Ltd Trade Date 5/31/18 Purchased Through J.P. Morgan Securities LLC Paid 1.00 USD Brokerage 100 Shares At 85.25 USD","31,459.04"
06/04/18,Purchase,"Purchased 170 Shares Of -8,470.05 8,470.05 B H P Billiton Limited A D R Trade Date 5/31/18 Purchased Through J.P. Morgan Securities LLC Paid 1.70 USD Brokerage 170 Shares At 49.8138 USD","22,988.99"
06/04/18,Purchase,"Purchased 200 Shares Of -3,926.00 3,926.00 Pandora A S Sponsored A D R Trade Date 5/31/18 Purchased Through J.P. Morgan Securities LLC Paid 2.00 USD Brokerage 200 Shares At 19.62 USD","19,062.99"
06/04/18,Purchase,"Purchased 300 Shares Of -7,134.99 7,134.99 Stmicroelectronics N V Trade Date 5/31/18 Purchased Through J.P. Morgan Securities LLC Paid 3.00 USD Brokerage 300 Shares At 23.7733 USD","11,928.00"
06/04/18,Purchase,"Purchased 1,000 Shares Of -11,928.00 11,928.00 Blackberry Ltd Trade Date 5/31/18 Purchased Through J.P. Morgan Securities LLC Paid 10.00 USD Brokerage 1,000 Shares At 11.918 USD Stroeer SE and Co Kgaa 1.30 EUR/Share On 230 Shares Due 6/5/18 Received 299.00 EUR Valued At 0.8559098 EUR For 349.34 USD Stroeer SE and Co Kgaa Non-USD Taxes 78.86 EUR Valued At 0.8559098 EUR For 92.14 USD 26.3750000% Foreign Taxes Withheld",0.00
06/05/18,Sale,Sold 220.14 Units Of 257.20 -257.20 Euro Trade Date 6/5/18 Value Date 6/5/18 Book Value 220.14 EUR Traded At 0.8559098 EUR To 1 USD Valued At 0.8559098 EUR For 257.20 USD Net Proceeds 257.20 USD Repatriating Stroeer SE and Co Kgaa Transfer To Income Stroeer SE and Co Kgaa Repatriating Stroeer SE and Co Kgaa Transfer From Principal Stroeer SE and Co Kgaa Repatriating Stroeer SE and Co Kgaa Transfer From Another Account,514.40
06/05/18,Purchase,"Purchased 52,500 Units Of -52,500.00 52,500.00 First Am Govt Ob Fd Cl X Trade Date 6/5/18 220.14 Euro 99999EUR3",514.40
06/06/18,Sale,"Sold 1,915.82 Units Of 1,915.82 -1,915.82 First Am Govt Ob Fd Cl X Trade Date 6/6/18 Transfer From Another Account",0.00
06/07/18,Sale,"Sold 20,493.17 Units Of 20,493.17 -20,493.17 First Am Govt Ob Fd Cl X Trade Date 6/7/18","21,493.17"
06/07/18,Purchase,"Purchased 40 Shares Of -5,434.30 5,434.30 Ferrari Nv Trade Date 6/5/18 Purchased Through J.P. Morgan Securities LLC Paid 0.40 USD Brokerage 40 Shares At 135.8475 USD","16,058.87"
06/07/18,Purchase,"Purchased 50 Shares Of -10,433.22 10,433.22 Asml Holding Nv Ny Reg Shs Trade Date 6/5/18 Purchased Through J.P. Morgan Securities LLC Paid 0.50 USD Brokerage 50 Shares At 208.6544 USD","5,625.65"
06/07/18,Purchase,"Purchased 100 Shares Of -5,625.65 5,625.65 Solaredge Technologies Inc Trade Date 6/5/18 Purchased Through J.P. Morgan Securities LLC Paid 1.00 USD Brokerage 100 Shares At 56.2465 USD Ferrari Nv 0.124368 USD/Share On 20 Shares Due 6/7/18 Transfer From Another Account",0.00
06/11/18,Purchase,"Purchased 153,720.2 Units Of -153,720.20 153,720.20 First Am Govt Ob Fd Cl X Trade Date 6/11/18",0.00
06/13/18,Sale,"Sold 34,617.42 Units Of 34,617.42 -34,617.42 First Am Govt Ob Fd Cl X Trade Date 6/13/18","34,617.42"
06/13/18,Sale,"Sold 6,170.1 Units Of 6,170.10 -6,170.10 First Am Govt Ob Fd Cl X Trade Date 6/13/18","40,787.52"
06/13/18,Purchase,"Purchased 100 Shares Of -4,584.22 4,567.49 Basware Oyj Npv Net Cost 4,584.22 USD Trade Date 6/11/18 Purchased Through Jpmsgb2l Jp Morgan Sec London Paid 2.29 USD Brokerage Book Value 3,881.94 EUR Traded At 0.84680491 EUR To 1 USD Valued At 0.849907 EUR For 4,567.49 USD 100 Shares At 38.8 EUR","36,203.30"
06/13/18,Purchase,"Purchased 50 Shares Of -5,089.77 5,071.19 Fnac Darty Eur1 Net Cost 5,089.77 USD Trade Date 6/11/18 Purchased Through Jpmsgb2l Jp Morgan Sec London Paid 2.54 USD Brokerage Paid 15.17 USD Misc Fee1 Book Value 4,310.04 EUR Traded At 0.84680447 EUR To 1 USD Valued At 0.849907 EUR For 5,071.19 USD 50 Shares At 85.9 EUR","31,113.53"
06/13/18,Purchase,"Purchased 10 Shares Of -4,985.93 4,967.73 Eurofins Scientific Net Cost 4,985.93 USD Trade Date 6/11/18 Purchased Through Jpmsgb2l Jp Morgan Sec London Paid 2.49 USD Brokerage Book Value 4,222.11 EUR Traded At 0.84680491 EUR To 1 USD Valued At 0.849907 EUR For 4,967.73 USD 10 Shares At 422 EUR","26,127.60"
06/13/18,Purchase,"Purchased 50 Shares Of -7,841.50 7,841.50 Gw Pharmaceuticals A D R Trade Date 6/11/18 Purchased Through J.P. Morgan Securities LLC Paid 0.50 USD Brokerage 50 Shares At 156.82 USD","18,286.10"
06/13/18,Purchase,"Purchased 80 Shares Of -3,796.00 3,796.00 Nintendo Co Ltd Unspons A D R Trade Date 6/11/18 Purchased Through J.P. Morgan Securities LLC Paid 0.80 USD Brokerage 80 Shares At 47.44 USD","14,490.10"
06/13/18,Purchase,"Purchased 400 Shares Of -8,320.00 8,320.00 Fanuc Corporation A D R Trade Date 6/11/18 Purchased Through J.P. Morgan Securities LLC Paid 4.00 USD Brokerage 400 Shares At 20.79 USD","6,170.10"
06/13/18,Purchase,"Purchased 10 Shares Of -6,170.10 6,170.10 Keyence Corp Net Cost 6,170.10 USD Trade Date 6/11/18 Purchased Through Eclr 20411 Jpmsl Equities Lndn Paid 0.10 USD Brokerage Book Value 674,731 JPY Traded At 109.355 JPY To 1 USD Valued At 109.355 JPY For 6,170.10 USD 10 Shares At 67,472.035 JPY",0.00
06/14/18,Sale,"Sold 71,010.7 Units Of 71,010.70 -71,010.70 First Am Govt Ob Fd Cl X Trade Date 6/14/18","71,010.70"
06/14/18,Purchase,"Purchased 400 Shares Of -10,264.04 10,209.37 Intrum Justitia Ab Net Cost 10,264.04 USD Trade Date 6/12/18 Purchased Through Jpmsgb2l Jp Morgan Sec London Paid 5.13 USD Brokerage Book Value 88,364.16 SEK Traded At 8.60910129 SEK To 1 USD Valued At 8.6552 SEK For 10,209.37 USD 400 Shares At 220.8 SEK","60,746.66"
06/14/18,Purchase,"Purchased 800 Shares Of -10,580.48 10,524.12 Raysearch Laboratories Ab Net Cost 10,580.48 USD Trade Date 6/12/18 Purchased Through Jpmsgb2l Jp Morgan Sec London Paid 5.29 USD Brokerage Book Value 91,088.40 SEK Traded At 8.60909902 SEK To 1 USD Valued At 8.6552 SEK For 10,524.12 USD 800 Shares At 113.8036 SEK","50,166.18"
06/14/18,Purchase,"Purchased 1,500 Shares Of -4,979.27 4,987.63 Ovs Spa Net Cost 4,979.27 USD Trade Date 6/12/18 Purchased Through Jpmsgb2l Jp Morgan Sec London Paid 2.49 USD Brokerage Paid 4.98 USD Misc Fee1 Book Value 4,224.48 EUR Traded At 0.84841352 EUR To 1 USD Valued At 0.846991 EUR For 4,987.63 USD 1,500 Shares At 2.8121 EUR","45,186.91"
06/14/18,Purchase,"Purchased 160 Shares Of -10,518.99 10,536.66 Stroeer SE and Co Kgaa Net Cost 10,518.99 USD Trade Date 6/12/18 Purchased Through Jpmsgb2leql Jp Morgan Eq Lndn Paid 5.26 USD Brokerage Book Value 8,924.46 EUR Traded At 0.84841415 EUR To 1 USD Valued At 0.846991 EUR For 10,536.66 USD 160 Shares At 55.75 EUR","34,667.92"
06/14/18,Purchase,"Purchased 650 Shares Of -9,868.92 9,885.50 Aixtron SE Net Cost 9,868.92 USD Trade Date 6/12/18 Purchased Through Jpmsgb2leql Jp Morgan Eq Lndn Paid 4.93 USD Brokerage Book Value 8,372.93 EUR Traded At 0.84841401 EUR To 1 USD Valued At 0.846991 EUR For 9,885.50 USD 650 Shares At 12.875 EUR","24,799.00"
06/14/18,Purchase,"Purchased 150 Shares Of -9,801.50 9,801.50 Baozun Inc Spon A D R Trade Date 6/12/18 Purchased Through J.P. Morgan Securities LLC Paid 1.50 USD Brokerage 150 Shares At 65.3333 USD","14,997.50"
06/14/18,Purchase,"Purchased 200 Shares Of -9,895.00 9,895.00 Hsbc Holdings Plc Spons A D R Trade Date 6/12/18 Purchased Through J.P. Morgan Securities LLC Paid 2.00 USD Brokerage 200 Shares At 49.465 USD","5,102.50"
06/14/18,Purchase,"Purchased 250 Shares Of -5,102.50 5,102.50 Pandora A S Sponsored A D R Trade Date 6/12/18 Purchased Through J.P. Morgan Securities LLC Paid 2.50 USD Brokerage 250 Shares At 20.40 USD Nokia Corp Spon A D R 0.223287 USD/Share On 2,600 Shares Due 6/18/18 15.0000000% Foreign Taxes Withheld Non-USD Taxes Nokia Corp Spon A D R Adr Paying Agent Fee Nokia Corp Spon A D R Adr Fee Of 0.005 Per Share Due 06/18/18 Euro Currency Received In Acct For Corp Act Valued At 0.86306968 EUR For 57.35 USD Market Value Of 57.49 USD Ca Cap Dist Sedol Bpf0548 Exdt 6/12/18",0.00
06/19/18,Sale,Sold 49.50 Units Of 57.35 -57.35 Euro Trade Date 6/19/18 Value Date 6/19/18 Sold Through Bny-Mellon Foreign Exchange Book Value 49.50 EUR Traded At 0.86312119 EUR To 1 USD Valued At 0.86312119 EUR For 57.35 USD Net Proceeds 57.35 USD Ca Cap Dist Sedol Bpf0548 Exdt 6/12/18,537.82
06/19/18,Purchase,Purchased 480.47 Units Of -480.47 480.47 First Am Govt Ob Fd Cl X Trade Date 6/19/18,57.35
06/20/18,Sale,"Sold 2,620.78 Units Of 2,620.78 -2,620.78 First Am Govt Ob Fd Cl X Trade Date 6/20/18",0.00
06/21/18,Sale,"Sold 8,565.86 Units Of 8,565.86 -8,565.86 First Am Govt Ob Fd Cl X Trade Date 6/21/18","8,144.00"
06/21/18,Purchase,"Purchased 200 Shares Of -8,144.00 8,144.00 Nintendo Co Ltd Unspons A D R Trade Date 6/19/18 Purchased Through J.P. Morgan Securities LLC Paid 2.00 USD Brokerage 200 Shares At 40.71 USD",0.00
06/22/18,Sale,"Sold 2,997.06 Units Of 2,997.06 -2,997.06 First Am Govt Ob Fd Cl X Trade Date 6/22/18","2,997.06"
06/22/18,Purchase,"Purchased 100 Shares Of -2,997.06 2,978.99 Thk Co Ltd Net Cost 2,997.06 USD Trade Date 6/19/18 Purchased Through Jpmsgb2l Jp Morgan Sec London Paid 1.49 USD Brokerage Book Value 329,164 JPY Traded At 109.82896571 JPY To 1 USD Valued At 110.495 JPY For 2,978.99 USD 100 Shares At 3,289.99999955 JPY",0.00
06/25/18,Sale,"Sold 6,043.8 Units Of 6,043.80 -6,043.80 First Am Govt Ob Fd Cl X Trade Date 6/25/18","6,043.80"
06/25/18,Purchase,"Purchased 200 Shares Of -6,043.80 6,056.73 Thk Co Ltd Net Cost 6,043.80 USD Trade Date 6/20/18 Purchased Through Jpmsgb2l Jp Morgan Sec London Paid 3.02 USD Brokerage Book Value 665,332 JPY Traded At 110.08504583 JPY To 1 USD Valued At 109.85 JPY For 6,056.73 USD 200 Shares At 3,325 JPY Stmicroelectronics N V 0.06 USD/Share On 700 Shares Due 6/26/18 15.0000000% Foreign Taxes Withheld Non-USD Taxes Stmicroelectronics N V Transfer From Another Account",0.00
06/26/18,Purchase,"Purchased 16,122.98 Units Of -16,122.98 16,122.98 First Am Govt Ob Fd Cl X Trade Date 6/26/18",35.70
06/27/18,Sale,"Sold 19,320.69 Units Of 19,320.69 -19,320.69 First Am Govt Ob Fd Cl X Trade Date 6/27/18","19,356.39"
06/27/18,Sale,"Sold 15,779.28 Units Of 15,779.28 -15,779.28 First Am Govt Ob Fd Cl X Trade Date 6/27/18","35,135.67"
06/27/18,Purchase,"Purchased 200 Shares Of -10,292.97 10,296.39 G5 Entertainment Ab Net Cost 10,292.97 USD Trade Date 6/25/18 Purchased Through Jpmsgb2l Jp Morgan Sec London Paid 5.14 USD Brokerage Book Value 91,285.22 SEK Traded At 8.86869582 SEK To 1 USD Valued At 8.86575 SEK For 10,296.39 USD 200 Shares At 456.198 SEK","24,842.70"
06/27/18,Purchase,"Purchased 1,000 Shares Of -9,063.42 9,066.44 Fagerhult Ab Net Cost 9,063.42 USD Trade Date 6/25/18 Purchased Through Jpmsgb2l Jp Morgan Sec London Paid 4.53 USD Brokerage Book Value 80,380.76 SEK Traded At 8.8687 SEK To 1 USD Valued At 8.86575 SEK For 9,066.44 USD 1,000 Shares At 80.3406 SEK","15,779.28"
06/27/18,Purchase,"Purchased 600 Shares Of -6,009.78 6,009.78 Blackberry Ltd Trade Date 6/25/18 Purchased Through J.P. Morgan Securities LLC Paid 6.00 USD Brokerage 600 Shares At 10.0063 USD","9,769.50"
06/27/18,Purchase,"Purchased 200 Shares Of -9,769.50 9,769.50 Solaredge Technologies Inc Trade Date 6/25/18 Purchased Through J.P. Morgan Securities LLC Paid 2.00 USD Brokerage 200 Shares At 48.8375 USD",0.00
06/28/18,Sale,"Sold 1,930.5 Units Of 1,930.50 -1,930.50 First Am Govt Ob Fd Cl X Trade Date 6/28/18",0.00
06/29/18,Sale,"Sold 27,040.38 Units Of 27,040.38 -27,040.38 First Am Govt Ob Fd Cl X Trade Date 6/29/18","27,040.38"
06/29/18,Purchase,"Purchased 150 Shares Of -12,113.16 12,142.40 Ams Ag Net Cost 12,113.16 USD Trade Date 6/27/18 Purchased Through Jpmsgb2l Jp Morgan Sec London Paid 6.05 USD Brokerage Book Value 12,024.01 CHF Traded At 0.99264024 CHF To 1 USD Valued At 0.99025 CHF For 12,142.40 USD 150 Shares At 80.12 CHF","14,927.22"
06/29/18,Purchase,"Purchased 660 Shares Of -14,927.22 15,066.07 Af Ab B Shs Net Cost 14,927.22 USD Trade Date 6/27/18 Purchased Through Jpmsgb2l Jp Morgan Sec London Paid 7.46 USD Brokerage Book Value 133,386.66 SEK Traded At 8.9358005 SEK To 1 USD Valued At 8.85345 SEK For 15,066.07 USD 660 Shares At 202 SEK",0.00
07/02/18,Sale,"Sold 7,408.44 Units Of 7,408.44 -7,408.44 First Am Govt Ob Fd Cl X Trade Date 7/2/18","7,408.44"
07/02/18,Sale,"Sold 14,293.72 Units Of 14,293.72 -14,293.72 First Am Govt Ob Fd Cl X Trade Date 7/2/18","21,702.16"
07/02/18,Purchase,"Purchased 100 Shares Of -7,408.44 7,432.12 Ams Ag Net Cost 7,408.44 USD Trade Date 6/28/18 Purchased Through Jpmsgb2l Jp Morgan Sec London Paid 3.71 USD Brokerage Book Value 7,395.70 CHF Traded At 0.99828034 CHF To 1 USD Valued At 0.9951 CHF For 7,432.12 USD 100 Shares At 73.92 CHF","14,293.72"
07/02/18,Purchase,"Purchased 160 Shares Of -4,668.92 4,771.06 Norwegian Air Shut Net Cost 4,668.92 USD Trade Date 6/13/18 Purchased Through Jpmsgb2l Jp Morgan Sec London Paid 2.33 USD Brokerage Book Value 38,243.11 NOK Traded At 8.19099706 NOK To 1 USD Valued At 8.01565 NOK For 4,771.06 USD 160 Shares At 238.9 NOK","9,624.80"
07/02/18,Purchase,"Purchased 70 Shares Of -9,624.80 9,624.80 Gw Pharmaceuticals A D R Trade Date 6/28/18 Purchased Through J.P. Morgan Securities LLC Paid 0.70 USD Brokerage 70 Shares At 137.4871 USD First Am Govt Ob Fd Cl X Interest From 6/1/18 To 6/30/18 Eurofins Scientific 2.40 EUR/Share On 30 Shares Due 7/2/18 Received 72.00 EUR Valued At 0.86257928 EUR For 83.47 USD",0.00
07/03/18,Sale,Sold 61.20 Units Of 70.95 -70.95 Euro Trade Date 7/2/18 Value Date 7/3/18 Book Value 61.20 EUR Traded At 0.86257928 EUR To 1 USD Valued At 0.86257928 EUR For 70.95 USD Net Proceeds 70.95 USD Repatriating Eurofins Scientific Transfer To Income Eurofins Scientific Repatriating Eurofins Scientific Transfer From Principal Eurofins Scientific Repatriating Eurofins Scientific Transfer From Another Account,339.88
07/03/18,Purchase,"Purchased 4,194,035.91 Units Of -4,194,035.91 4,194,035.91 First Am Govt Ob Fd Cl X Trade Date 7/3/18","11,402.43"
07/03/18,Purchase,"Purchased 250 Shares Of -11,260.53 11,204.02 Moncler Spa Net Cost 11,260.53 USD Trade Date 6/29/18 Purchased Through Jpmsgb2l Jp Morgan Sec London Paid 5.62 USD Brokerage Paid 11.18 USD Misc Fee1 Book Value 9,676.99 EUR Traded At 0.85937252 EUR To 1 USD Valued At 0.863707 EUR For 11,204.02 USD 250 Shares At 38.65 EUR 61.20 Euro 99999EUR3 Hsbc Holdings Plc Spons A D R 0.50 USD/Share On 250 Shares Due 7/5/18 Cash Election On Optional Dividend",141.90
07/05/18,Sale,"Sold 3,575,662.93 Units Of 3,575,662.93 -3,575,662.93 First Am Govt Ob Fd Cl X Trade Date 7/5/18","3,557,007.14"
07/05/18,Purchase,"Purchased 10,000 Shares Of -87,970.10 87,970.10 Fagerhult Ab Net Cost 87,970.10 USD Trade Date 7/3/18 Purchased Through Jpmsgb2l Jp Morgan Sec London Paid 43.96 USD Brokerage Book Value 791,585.75 SEK Traded At 8.99835 SEK To 1 USD Valued At 8.99835 SEK For 87,970.10 USD 10,000 Shares At 79.11901819 SEK","3,469,037.04"
07/05/18,Purchase,"Purchased 2,640 Shares Of -59,785.26 59,785.26 Af Ab B Shs Net Cost 59,785.26 USD Trade Date 7/3/18 Purchased Through Jpmsgb2l Jp Morgan Sec London Paid 29.88 USD Brokerage Book Value 537,968.69 SEK Traded At 8.99835 SEK To 1 USD Valued At 8.99835 SEK For 59,785.26 USD 2,640 Shares At 203.67417889 SEK","3,409,251.78"
07/05/18,Purchase,"Purchased 8,000 Shares Of -64,345.70 64,345.70 Boozt Ab Net Cost 64,345.70 USD Trade Date 7/3/18 Purchased Through Jpmsgb2l Jp Morgan Sec London Paid 32.16 USD Brokerage Book Value 579,005.13 SEK Traded At 8.99835 SEK To 1 USD Valued At 8.99835 SEK For 64,345.70 USD 8,000 Shares At 72.33946333 SEK","3,344,906.08"
07/05/18,Purchase,"Purchased 8,000 Shares Of -72,421.13 72,421.13 Dustin Group Ab Net Cost 72,421.13 USD Trade Date 7/3/18 Purchased Through Jpmsgb2l Jp Morgan Sec London Paid 36.19 USD Brokerage Book Value 651,670.67 SEK Traded At 8.99835 SEK To 1 USD Valued At 8.99835 SEK For 72,421.13 USD 8,000 Shares At 81.41813261 SEK","3,272,484.95"
07/05/18,Purchase,"Purchased 1,600 Shares Of -80,538.05 80,538.05 G5 Entertainment Ab Net Cost 80,538.05 USD Trade Date 7/3/18 Purchased Through Jpmsgb2l Jp Morgan Sec London Paid 40.25 USD Brokerage Book Value 724,709.56 SEK Traded At 8.99835 SEK To 1 USD Valued At 8.99835 SEK For 80,538.05 USD 1,600 Shares At 452.71712064 SEK","3,191,946.90"
07/05/18,Purchase,"Purchased 3,200 Shares Of -73,355.75 73,355.75 Intrum Justitia Ab Net Cost 73,355.75 USD Trade Date 7/3/18 Purchased Through Jpmsgb2l Jp Morgan Sec London Paid 36.66 USD Brokerage Book Value 660,080.71 SEK Traded At 8.99835 SEK To 1 USD Valued At 8.99835 SEK For 73,355.75 USD 3,200 Shares At 206.17213884 SEK","3,118,591.15"
07/05/18,Purchase,"Purchased 6,400 Shares Of -73,886.58 73,886.58 Raysearch Laboratories Ab Net Cost 73,886.58 USD Trade Date 7/3/18 Purchased Through Jpmsgb2l Jp Morgan Sec London Paid 36.92 USD Brokerage Book Value 664,857.31 SEK Traded At 8.99835 SEK To 1 USD Valued At 8.99835 SEK For 73,886.58 USD 6,400 Shares At 103.83205063 SEK","3,044,704.57"
07/05/18,Purchase,"Purchased 440 Shares Of -73,228.67 73,228.67 Alk Abello A S Net Cost 73,228.67 USD Trade Date 7/3/18 Purchased Through Jpmsgb2l Jp Morgan Sec London Paid 36.60 USD Brokerage Book Value 470,102.43 DKK Traded At 6.41965 DKK To 1 USD Valued At 6.41965 DKK For 73,228.67 USD 440 Shares At 1,067.88066585 DKK","2,971,475.90"
07/05/18,Purchase,"Purchased 1,000 Shares Of -82,873.50 82,873.50 Asos Plc Net Cost 82,873.50 USD Trade Date 7/3/18 Purchased Through Crst 784 Jpmorgan Secs Ltd Paid 41.41 USD Brokerage Paid 1.33 USD Misc Fee1 Book Value 63,139.34 GBP Traded At 0.761876 GBP To 1 USD Valued At 0.761876 GBP For 82,873.50 USD 1,000 Shares At 63.10677801 GBP","2,888,602.40"
07/05/18,Purchase,"Purchased 16,000 Shares Of -75,934.25 75,934.25 Entertainment One Ltd Net Cost 75,934.25 USD Trade Date 7/3/18 Purchased Through Crst 784 Jpmorgan Secs Ltd Paid 37.94 USD Brokerage Book Value 57,852.49 GBP Traded At 0.761876 GBP To 1 USD Valued At 0.761876 GBP For 75,934.25 USD 16,000 Shares At 3.61397348 GBP","2,812,668.15"
07/05/18,Purchase,"Purchased 4,800 Shares Of -66,450.49 66,450.49 Ocado Group Plc Net Cost 66,450.49 USD Trade Date 7/3/18 Purchased Through Crst 784 Jpmorgan Secs Ltd Paid 33.04 USD Brokerage Paid 331.90 USD Misc Fee1 Book Value 50,627.03 GBP Traded At 0.761876 GBP To 1 USD Valued At 0.761876 GBP For 66,450.49 USD 4,800 Shares At 10.48937163 GBP","2,746,217.66"
07/05/18,Purchase,"Purchased 1,600 Shares Of -50,650.89 50,650.89 Accesso Technology Group Plc Net Cost 50,650.89 USD Trade Date 7/3/18 Purchased Through Crst 784 Jpmorgan Secs Ltd Paid 25.31 USD Brokerage Paid 1.33 USD Misc Fee1 Purchased On The London Stock Exchange Book Value 38,589.70 GBP Traded At 0.761876 GBP To 1 USD Valued At 0.761876 GBP For 50,650.89 USD 1,600 Shares At 24.10588006 GBP","2,695,566.77"
07/05/18,Purchase,"Purchased 8,000 Shares Of -65,140.88 65,140.88 Air France Klm Net Cost 65,140.88 USD Trade Date 7/3/18 Purchased Through Jpmsgb2l Jp Morgan Sec London Paid 32.46 USD Brokerage Paid 194.75 USD Misc Fee1 Book Value 56,124.48 EUR Traded At 0.861586 EUR To 1 USD Valued At 0.861586 EUR For 65,140.88 USD 8,000 Shares At 6.99108974 EUR","2,630,425.89"
07/05/18,Purchase,"Purchased 120 Shares Of -63,964.02 63,964.02 Eurofins Scientific Net Cost 63,964.02 USD Trade Date 7/3/18 Purchased Through Jpmsgb2l Jp Morgan Sec London Paid 31.97 USD Brokerage Book Value 55,110.50 EUR Traded At 0.861586 EUR To 1 USD Valued At 0.861586 EUR For 63,964.02 USD 120 Shares At 459.02465308 EUR","2,566,461.87"
07/05/18,Purchase,"Purchased 640 Shares Of -60,463.14 60,463.14 Fnac Darty Eur1 Net Cost 60,463.14 USD Trade Date 7/3/18 Purchased Through Jpmsgb2l Jp Morgan Sec London Paid 30.13 USD Brokerage Paid 180.75 USD Misc Fee1 Book Value 52,094.19 EUR Traded At 0.861586 EUR To 1 USD Valued At 0.861586 EUR For 60,463.14 USD 640 Shares At 81.11328593 EUR","2,505,998.73"
07/05/18,Purchase,"Purchased 5,400 Shares Of -69,020.81 69,020.81 Aixtron SE Net Cost 69,020.81 USD Trade Date 7/3/18 Purchased Through Jpmsgb2leql Jp Morgan Eq Lndn Paid 34.49 USD Brokerage Book Value 59,467.37 EUR Traded At 0.861586 EUR To 1 USD Valued At 0.861586 EUR For 69,020.81 USD 5,400 Shares At 11.00697224 EUR","2,436,977.92"
07/05/18,Purchase,"Purchased 1,600 Shares Of -59,967.58 59,967.58 Slm Solutions Group Ag Net Cost 59,967.58 USD Trade Date 7/3/18 Purchased Through Jpmsgb2leql Jp Morgan Eq Lndn Paid 29.97 USD Brokerage Book Value 51,667.23 EUR Traded At 0.861586 EUR To 1 USD Valued At 0.861586 EUR For 59,967.58 USD 1,600 Shares At 32.2758809 EUR","2,377,010.34"
07/05/18,Purchase,"Purchased 1,560 Shares Of -94,002.02 94,002.02 Stroeer SE and Co Kgaa Net Cost 94,002.02 USD Trade Date 7/3/18 Purchased Through Jpmsgb2leql Jp Morgan Eq Lndn Paid 46.98 USD Brokerage Book Value 80,990.83 EUR Traded At 0.861586 EUR To 1 USD Valued At 0.861586 EUR For 94,002.02 USD 1,560 Shares At 51.8912463 EUR","2,283,008.32"
07/05/18,Purchase,"Purchased 1,240 Shares Of -71,045.96 71,045.96 Zalando SE Net Cost 71,045.96 USD Trade Date 7/3/18 Purchased Through Jpmsgb2leql Jp Morgan Eq Lndn Paid 35.50 USD Brokerage Book Value 61,212.21 EUR Traded At 0.861586 EUR To 1 USD Valued At 0.861586 EUR For 71,045.96 USD 1,240 Shares At 49.34001283 EUR","2,211,962.36"
07/05/18,Purchase,"Purchased 4,000 Shares Of -83,623.85 83,623.85 Amplifon Spa Net Cost 83,623.85 USD Trade Date 7/3/18 Purchased Through Jpmsgb2l Jp Morgan Sec London Paid 41.75 USD Brokerage Paid 83.50 USD Misc Fee1 Book Value 72,049.13 EUR Traded At 0.861586 EUR To 1 USD Valued At 0.861586 EUR For 83,623.85 USD 4,000 Shares At 17.98530619 EUR","2,128,338.51"
07/05/18,Purchase,"Purchased 1,600 Shares Of -70,977.90 70,977.90 Brunello Cucinelli Spa Net Cost 70,977.90 USD Trade Date 7/3/18 Purchased Through Jpmsgb2l Jp Morgan Sec London Paid 35.43 USD Brokerage Paid 70.88 USD Misc Fee1 Book Value 61,153.57 EUR Traded At 0.861586 EUR To 1 USD Valued At 0.861586 EUR For 70,977.90 USD 1,600 Shares At 38.1637313 EUR","2,057,360.61"
07/05/18,Purchase,"Purchased 1,000 Shares Of -45,941.84 45,941.84 Moncler Spa Net Cost 45,941.84 USD Trade Date 7/3/18 Purchased Through Jpmsgb2l Jp Morgan Sec London Paid 22.94 USD Brokerage Paid 45.88 USD Misc Fee1 Book Value 39,582.84 EUR Traded At 0.861586 EUR To 1 USD Valued At 0.861586 EUR For 45,941.84 USD 1,000 Shares At 39.52354836 EUR","2,011,418.77"
07/05/18,Purchase,"Purchased 14,800 Shares Of -48,207.00 48,207.00 Ovs Spa Net Cost 48,207.00 USD Trade Date 7/3/18 Purchased Through Jpmsgb2l Jp Morgan Sec London Paid 24.07 USD Brokerage Paid 48.14 USD Misc Fee1 Book Value 41,534.48 EUR Traded At 0.861586 EUR To 1 USD Valued At 0.861586 EUR For 48,207.00 USD 14,800 Shares At 2.80218009 EUR","1,963,211.77"
07/05/18,Purchase,"Purchased 1,600 Shares Of -118,377.63 118,377.63 Ams Ag Net Cost 118,377.63 USD Trade Date 7/3/18 Purchased Through Jpmsgb2l Jp Morgan Sec London Paid 59.16 USD Brokerage Book Value 117,779.82 CHF Traded At 0.99495 CHF To 1 USD Valued At 0.99495 CHF For 118,377.63 USD 1,600 Shares At 73.57560133 CHF","1,844,834.14"
07/05/18,Purchase,"Purchased 1,600 Shares Of -67,994.87 67,994.87 Basware Oyj Npv Net Cost 67,994.87 USD Trade Date 7/3/18 Purchased Through Jpmsgb2l Jp Morgan Sec London Paid 33.98 USD Brokerage Book Value 58,583.43 EUR Traded At 0.861586 EUR To 1 USD Valued At 0.861586 EUR For 67,994.87 USD 1,600 Shares At 36.59634698 EUR","1,776,839.27"
07/05/18,Purchase,"Purchased 4,000 Shares Of -57,467.02 57,467.02 Biocartis Nv Net Cost 57,467.02 USD Trade Date 7/3/18 Purchased Through Jpmsgb2l Jp Morgan Sec London Paid 28.72 USD Brokerage Book Value 49,512.78 EUR Traded At 0.861586 EUR To 1 USD Valued At 0.861586 EUR For 57,467.02 USD 4,000 Shares At 12.37200879 EUR","1,719,372.25"
07/05/18,Purchase,"Purchased 1,000 Shares Of -78,376.84 78,376.84 Ucb Sa Net Cost 78,376.84 USD Trade Date 7/3/18 Purchased Through Jpmsgb2l Jp Morgan Sec London Paid 39.17 USD Brokerage Book Value 67,528.39 EUR Traded At 0.861586 EUR To 1 USD Valued At 0.861586 EUR For 78,376.84 USD 1,000 Shares At 67.4946363 EUR","1,640,995.41"
07/05/18,Purchase,"Purchased 1,360 Shares Of -78,692.32 78,692.32 Umicore Net Cost 78,692.32 USD Trade Date 7/3/18 Purchased Through Jpmsgb2l Jp Morgan Sec London Paid 39.33 USD Brokerage Book Value 67,800.21 EUR Traded At 0.861586 EUR To 1 USD Valued At 0.861586 EUR For 78,692.32 USD 1,360 Shares At 49.82817034 EUR","1,562,303.09"
07/05/18,Purchase,"Purchased 10,000 Shares Of -64,615.42 64,615.42 Nordic Semiconductor Asa Net Cost 64,615.42 USD Trade Date 7/3/18 Purchased Through Jpmsgb2l Jp Morgan Sec London Paid 32.29 USD Brokerage Book Value 529,284.29 NOK Traded At 8.1913 NOK To 1 USD Valued At 8.1913 NOK For 64,615.42 USD 10,000 Shares At 52.90197928 NOK","1,497,687.67"
07/05/18,Purchase,"Purchased 1,840 Shares Of -55,155.63 55,155.63 Norwegian Air Shut Net Cost 55,155.63 USD Trade Date 7/3/18 Purchased Through Jpmsgb2l Jp Morgan Sec London Paid 27.56 USD Brokerage Book Value 451,796.31 NOK Traded At 8.1913 NOK To 1 USD Valued At 8.1913 NOK For 55,155.63 USD 1,840 Shares At 245.41876113 NOK","1,442,532.04"
07/05/18,Purchase,"Purchased 2,800 Shares Of -84,013.81 84,013.81 Schibsted Asa A-Shares Net Cost 84,013.81 USD Trade Date 7/3/18 Purchased Through Jpmsgb2l Jp Morgan Sec London Paid 41.99 USD Brokerage Book Value 688,182.32 NOK Traded At 8.1913 NOK To 1 USD Valued At 8.1913 NOK For 84,013.81 USD 2,800 Shares At 245.65654637 NOK","1,358,518.23"
07/05/18,Purchase,"Purchased 3,618 Shares Of -88,079.49 88,079.49 Ev Tax Adv Global Div Opps Etf Trade Date 7/2/18 Purchased Through J.P. Morgan Securities LLC Paid 36.18 USD Brokerage 3,618 Shares At 24.3348 USD","1,270,438.74"
07/05/18,Purchase,"Purchased 4,000 Shares Of -563,671.60 563,671.60 Ameriprise Finl Inc Trade Date 7/2/18 Purchased Through J.P. Morgan Securities LLC Paid 40.00 USD Brokerage 4,000 Shares At 140.9079 USD","706,767.14"
07/05/18,Purchase,"Purchased 120 Shares Of -1,471.40 1,471.40 Enerplus Corp Trade Date 7/2/18 Purchased Through J.P. Morgan Securities LLC Paid 1.20 USD Brokerage 120 Shares At 12.2517 USD","705,295.74"
07/05/18,Purchase,"Purchased 8,000 Shares Of -197,899.20 197,899.20 Direxion Daily Gold Miners Bear Etf Trade Date 7/2/18 Purchased Through J.P. Morgan Securities LLC Paid 80.00 USD Brokerage 8,000 Shares At 24.7274 USD","507,396.54"
07/05/18,Purchase,"Purchased 1,600 Shares Of -106,369.44 106,369.44 Brunswick Corp Trade Date 7/2/18 Purchased Through J.P. Morgan Securities LLC Paid 16.00 USD Brokerage 1,600 Shares At 66.4709 USD","401,027.10"
07/05/18,Purchase,"Purchased 2,800 Shares Of -206,390.52 206,390.52 Schwab US Small Cap Etf Trade Date 7/2/18 Purchased Through J.P. Morgan Securities LLC Paid 28.00 USD Brokerage 2,800 Shares At 73.7009 USD","194,636.58"
07/05/18,Purchase,"Purchased 1,000 Shares Of -8,215.00 8,215.00 Ardmore Shipping Corp Trade Date 7/2/18 Purchased Through J.P. Morgan Securities LLC Paid 10.00 USD Brokerage 1,000 Shares At 8.205 USD","186,421.58"
07/05/18,Purchase,"Purchased 440 Shares Of -85,580.62 85,580.62 Asml Holding Nv Ny Reg Shs Trade Date 7/2/18 Purchased Through J.P. Morgan Securities LLC Paid 4.40 USD Brokerage 440 Shares At 194.4914 USD","100,840.96"
07/05/18,Purchase,"Purchased 480 Shares Of -64,563.55 64,563.55 Ferrari Nv Trade Date 7/2/18 Purchased Through J.P. Morgan Securities LLC Paid 4.80 USD Brokerage 480 Shares At 134.4974 USD","36,277.41"
07/05/18,Purchase,"Purchased 800 Shares Of -112,219.68 112,219.68 Gw Pharmaceuticals A D R Trade Date 7/2/18 Purchased Through J.P. Morgan Securities LLC Paid 8.00 USD Brokerage 800 Shares At 140.2646 USD","-75,942.27"
07/05/18,Purchase,"Purchased 840 Shares Of -124,636.60 124,636.60 Shopify Inc A Trade Date 7/2/18 Purchased Through J.P. Morgan Securities LLC Paid 8.40 USD Brokerage 840 Shares At 148.3669 USD","-200,578.87"
07/05/18,Purchase,"Purchased 880 Shares Of -74,900.41 74,900.41 Sodastream International Ltd Trade Date 7/2/18 Purchased Through J.P. Morgan Securities LLC Paid 8.80 USD Brokerage 880 Shares At 85.1041 USD","-275,479.28"
07/05/18,Purchase,"Purchased 1,088 Shares Of -13,843.60 13,843.60 Materialise Nv A D R Trade Date 7/2/18 Purchased Through J.P. Morgan Securities LLC Paid 10.88 USD Brokerage 1,088 Shares At 12.7139 USD","-289,322.88"
07/05/18,Purchase,"Purchased 1,320 Shares Of -64,109.36 64,109.36 B H P Billiton Limited A D R Trade Date 7/2/18 Purchased Through J.P. Morgan Securities LLC Paid 13.20 USD Brokerage 1,320 Shares At 48.5577 USD","-353,432.24"
07/05/18,Purchase,"Purchased 1,800 Shares Of -100,608.84 100,608.84 Baozun Inc Spon A D R Trade Date 7/2/18 Purchased Through J.P. Morgan Securities LLC Paid 18.00 USD Brokerage 1,800 Shares At 55.8838 USD","-454,041.08"
07/05/18,Purchase,"Purchased 1,800 Shares Of -90,637.92 90,637.92 Solaredge Technologies Inc Trade Date 7/2/18 Purchased Through J.P. Morgan Securities LLC Paid 18.00 USD Brokerage 1,800 Shares At 50.3444 USD","-544,679.00"
07/05/18,Purchase,"Purchased 2,000 Shares Of -80,620.00 80,620.00 Nintendo Co Ltd Unspons A D R Trade Date 7/2/18 Purchased Through J.P. Morgan Securities LLC Paid 20.00 USD Brokerage 2,000 Shares At 40.30 USD","-625,299.00"
07/05/18,Purchase,"Purchased 2,400 Shares Of -111,501.60 111,501.60 Hsbc Holdings Plc Spons A D R Trade Date 7/2/18 Purchased Through J.P. Morgan Securities LLC Paid 24.00 USD Brokerage 2,400 Shares At 46.449 USD","-736,800.60"
07/05/18,Purchase,"Purchased 2,600 Shares Of -44,876.00 44,876.00 Pandora A S Sponsored A D R Trade Date 7/2/18 Purchased Through J.P. Morgan Securities LLC Paid 26.00 USD Brokerage 2,600 Shares At 17.25 USD","-781,676.60"
07/05/18,Purchase,"Purchased 2,800 Shares Of -61,751.48 61,751.48 Stmicroelectronics N V Trade Date 7/2/18 Purchased Through J.P. Morgan Securities LLC Paid 28.00 USD Brokerage 2,800 Shares At 22.0441 USD","-843,428.08"
07/05/18,Purchase,"Purchased 4,000 Shares Of -78,040.00 78,040.00 Fanuc Corporation A D R Trade Date 7/2/18 Purchased Through J.P. Morgan Securities LLC Paid 40.00 USD Brokerage 4,000 Shares At 19.50 USD","-921,468.08"
07/05/18,Purchase,"Purchased 10,400 Shares Of -58,867.12 58,867.12 Nokia Corp Spon A D R Trade Date 7/2/18 Purchased Through J.P. Morgan Securities LLC Paid 104.00 USD Brokerage 10,400 Shares At 5.6503 USD","-980,335.20"
07/05/18,Purchase,"Purchased 12,000 Shares Of -118,826.40 118,826.40 Blackberry Ltd Trade Date 7/2/18 Purchased Through J.P. Morgan Securities LLC Paid 120.00 USD Brokerage 12,000 Shares At 9.8922 USD","-1,099,161.60"
07/05/18,Sale,"Sold 120 Shares Of 1,535.98 -1,471.40 Enerplus Corp Trade Date 7/3/18 Sold Through J.P. Morgan Securities LLC Paid 0.02 USD Sec Fee 120 Shares At 12.80 USD","-1,097,625.62"
07/05/18,Sale,"Sold 1,000 Shares Of 8,367.39 -8,215.00 Ardmore Shipping Corp Trade Date 7/3/18 Sold Through J.P. Morgan Securities LLC Paid 0.11 USD Sec Fee 1,000 Shares At 8.3675 USD","-1,089,258.23"
07/05/18,Sale,"Sold 1,600 Shares Of 106,948.68 -106,369.44 Brunswick Corp Trade Date 7/3/18 Sold Through J.P. Morgan Securities LLC Paid 1.40 USD Sec Fee 1,600 Shares At 66.8438 USD","-982,309.55"
07/05/18,Sale,"Sold 2,800 Shares Of 207,950.21 -206,390.52 Schwab US Small Cap Etf Trade Date 7/3/18 Sold Through J.P. Morgan Securities LLC Paid 2.71 USD Sec Fee 2,800 Shares At 74.2689 USD","-774,359.34"
07/05/18,Sale,"Sold 3,618 Shares Of 88,167.34 -88,079.49 Ev Tax Adv Global Div Opps Etf Trade Date 7/3/18 Sold Through J.P. Morgan Securities LLC Paid 1.15 USD Sec Fee 3,618 Shares At 24.3694 USD","-686,192.00"
07/05/18,Sale,"Sold 4,000 Shares Of 564,008.26 -563,671.60 Ameriprise Finl Inc Trade Date 7/3/18 Sold Through J.P. Morgan Securities LLC Paid 7.34 USD Sec Fee 4,000 Shares At 141.0039 USD","-122,183.74"
07/05/18,Sale,"Sold 8,000 Shares Of 188,786.34 -197,899.20 Direxion Daily Gold Miners Bear Etf Trade Date 7/3/18 Sold Through J.P. Morgan Securities LLC Paid 2.46 USD Sec Fee 8,000 Shares At 23.5986 USD","66,602.60"
07/06/18,Sale,"Sold 465,762.14 Units Of 465,762.14 -465,762.14 First Am Govt Ob Fd Cl X Trade Date 7/6/18","532,364.74"
07/06/18,Purchase,"Purchased 1,600 Shares Of -94,829.67 94,829.67 Cyberagent Inc Npv Net Cost 94,829.67 USD Trade Date 7/3/18 Purchased Through Jpmsgb2l Jp Morgan Sec London Paid 47.39 USD Brokerage Book Value 10,502,860 JPY Traded At 110.755 JPY To 1 USD Valued At 110.755 JPY For 94,829.67 USD 1,600 Shares At 6,561.00702762 JPY","437,535.07"
07/06/18,Purchase,"Purchased 440 Shares Of -74,313.35 74,313.35 Disco Corporation Net Cost 74,313.35 USD Trade Date 7/3/18 Purchased Through Jpmsgb2l Jp Morgan Sec London Paid 37.13 USD Brokerage Book Value 8,230,575 JPY Traded At 110.755 JPY To 1 USD Valued At 110.755 JPY For 74,313.35 USD 440 Shares At 18,696.50558667 JPY","363,221.72"
07/06/18,Purchase,"Purchased 2,400 Shares Of -76,136.58 76,136.58 Askul Corp Npv Net Cost 76,136.58 USD Trade Date 7/3/18 Purchased Through Jpmsgb2l Jp Morgan Sec London Paid 38.04 USD Brokerage Book Value 8,432,507 JPY Traded At 110.755 JPY To 1 USD Valued At 110.755 JPY For 76,136.58 USD 2,400 Shares At 3,511.78886086 JPY","287,085.14"
07/06/18,Purchase,"Purchased 8,000 Shares Of -82,966.92 82,966.92 Jeol Ltd Net Cost 82,966.92 USD Trade Date 7/3/18 Purchased Through Jpmsgb2l Jp Morgan Sec London Paid 41.46 USD Brokerage Book Value 9,189,001 JPY Traded At 110.755 JPY To 1 USD Valued At 110.755 JPY For 82,966.92 USD 8,000 Shares At 1,148.05122066 JPY","204,118.22"
07/06/18,Purchase,"Purchased 1,200 Shares Of -35,127.45 35,127.45 Thk Co Ltd Net Cost 35,127.45 USD Trade Date 7/3/18 Purchased Through Jpmsgb2l Jp Morgan Sec London Paid 17.55 USD Brokerage Book Value 3,890,541 JPY Traded At 110.755 JPY To 1 USD Valued At 110.755 JPY For 35,127.45 USD 1,200 Shares At 3,240.49703573 JPY","168,990.77"
07/06/18,Purchase,"Purchased 3,200 Shares Of -65,368.86 65,368.86 Advantest Corp Ord(Jp) Net Cost 65,368.86 USD Trade Date 7/3/18 Purchased Through Jpmsgb2l Jp Morgan Sec London Paid 32.66 USD Brokerage Book Value 7,239,928 JPY Traded At 110.755 JPY To 1 USD Valued At 110.755 JPY For 65,368.86 USD 3,200 Shares At 2,261.34707931 JPY","103,621.91"
07/06/18,Purchase,"Purchased 2,912 Shares Of -37,144.31 37,144.31 Materialise Nv A D R Trade Date 7/3/18 Purchased Through J.P. Morgan Securities LLC 2,912 Shares At 12.7556 USD","66,477.60"
07/06/18,Purchase,"Purchased 120 Shares Of -66,477.60 600.16 Keyence Corp Net Cost 66,477.60 USD Trade Date 7/2/18 Purchased Through Eclr 41555 Paid 1.20 USD Brokerage Book Value 66,477 JPY Traded At 1 JPY To 1 USD Valued At 110.765 JPY For 600.16 USD 120 Shares At 553.97 JPY",0.00
07/09/18,Sale,"Sold 12,715.99 Units Of 12,715.99 -12,715.99 First Am Govt Ob Fd Cl X Trade Date 7/9/18 Transfer From Another Account",0.00
07/11/18,Purchase,"Purchased 38,432.77 Units Of -38,432.77 38,432.77 First Am Govt Ob Fd Cl X Trade Date 7/11/18",0.00
07/12/18,Sale,"Sold 2,446.26 Units Of 2,446.26 -2,446.26 First Am Govt Ob Fd Cl X Trade Date 7/12/18",0.00
07/16/18,Sale,Sold 90 Units Of 90.00 -90.00 First Am Govt Ob Fd Cl X Trade Date 7/16/18,0.00
07/17/18,Sale,"Sold 70,106.2 Units Of 70,106.20 -70,106.20 First Am Govt Ob Fd Cl X Trade Date 7/17/18","68,382.61"
07/17/18,Purchase,"Purchased 40 Shares Of -68,382.61 68,801.82 Interroll Holding Ag Net Cost 68,382.61 USD Trade Date 7/13/18 Purchased Through Jpmsgb2l Jp Morgan Sec London Paid 34.17 USD Brokerage Book Value 68,798.38 CHF Traded At 1.00608005 CHF To 1 USD Valued At 0.99995 CHF For 68,801.82 USD 40 Shares At 1,719.1 CHF Transfer From Another Account",0.00
07/18/18,Purchase,"Purchased 1,120 Units Of -1,120.00 1,120.00 First Am Govt Ob Fd Cl X Trade Date 7/18/18 Transfer From Another Account",0.00
07/20/18,Purchase,"Purchased 4,557.12 Units Of -4,557.12 4,557.12 First Am Govt Ob Fd Cl X Trade Date 7/20/18",0.00
07/23/18,Sale,"Sold 97,150.5 Units Of 97,150.50 -97,150.50 First Am Govt Ob Fd Cl X Trade Date 7/23/18","97,150.50"
07/23/18,Purchase,"Purchased 1,000 Shares Of -45,305.00 45,305.00 Line Corp A D R Trade Date 7/19/18 Purchased Through J.P. Morgan Securities LLC Paid 10.00 USD Brokerage 1,000 Shares At 45.295 USD","51,845.50"
07/23/18,Purchase,"Purchased 5,000 Shares Of -51,845.50 51,845.50 Blackberry Ltd Trade Date 7/19/18 Purchased Through J.P. Morgan Securities LLC Paid 50.00 USD Brokerage 5,000 Shares At 10.3591 USD Transfer From Another Account",0.00
07/25/18,Purchase,Purchased 500 Units Of -500.00 500.00 First Am Govt Ob Fd Cl X Trade Date 7/25/18 Transfer From Another Account NSCC Credit,0.00
07/27/18,Purchase,"Purchased 3,807.01 Units Of -3,807.01 3,807.01 First Am Govt Ob Fd Cl X Trade Date 7/27/18",0.00
07/30/18,Sale,"Sold 6,211.75 Units Of 6,211.75 -6,211.75 First Am Govt Ob Fd Cl X Trade Date 7/30/18",0.00
07/31/18,Sale,"Sold 5,352.55 Units Of 5,352.55 -5,352.55 First Am Govt Ob Fd Cl X Trade Date 7/31/18",0.00
08/01/18,Sale,Sold 744.06 Units Of 744.06 -744.06 First Am Govt Ob Fd Cl X Trade Date 8/1/18 First Am Govt Ob Fd Cl X Interest From 7/1/18 To 7/31/18,0.00
08/02/18,Purchase,"Purchased 671.72 Units Of -671.72 671.72 First Am Govt Ob Fd Cl X Trade Date 8/2/18 Askul Corp Npv 18 JPY/Share On 300 Shares Due 8/3/18 Received 5,400 JPY Valued At 111.86399217 JPY For 48.27 USD",0.00
08/03/18,Sale,"Sold 4,573.00 Units Of 40.88 -40.88 Yen Trade Date 8/3/18 Value Date 8/3/18 Book Value 4,573 JPY Traded At 111.86399217 JPY To 1 USD Valued At 111.86399217 JPY For 40.88 USD Net Proceeds 40.88 USD Repatriating Askul Corp Npv Transfer To Income Askul Corp Npv Repatriating Askul Corp Npv Transfer From Principal Askul Corp Npv Repatriating Askul Corp Npv 4,573 Yen 99999JPY3 Transfer From Another Account",81.76
08/06/18,Purchase,"Purchased 71,653.19 Units Of -71,653.19 71,653.19 First Am Govt Ob Fd Cl X Trade Date 8/6/18",0.00
08/08/18,Sale,"Sold 4,992.89 Units Of 4,992.89 -4,992.89 First Am Govt Ob Fd Cl X Trade Date 8/8/18",0.00
08/09/18,Purchase,"Purchased 30,372.95 Units Of -30,372.95 30,372.95 First Am Govt Ob Fd Cl X Trade Date 8/9/18","-30,372.95"
08/09/18,Purchase,"Purchased 10,000 Shares Of -74,640.00 74,640.00 Rakuten Inc A D R Trade Date 8/7/18 Purchased Through J.P. Morgan Securities LLC Paid 100.00 USD Brokerage 10,000 Shares At 7.454 USD","-105,012.95"
08/09/18,Sale,"Sold 4,000 Shares Of 105,012.95 -93,908.30 Intrum Justitia Ab Net Proceeds 105,012.95 USD Trade Date 8/7/18 Sold Through Jpmsgb2l Jp Morgan Sec London Paid 52.53 USD Brokerage Book Value 838,319.79 SEK Local Proceeds 935,959.39 SEK Traded At 8.91279971 SEK To 1 USD Valued At 8.92455 SEK For 104,874.69 USD 4,000 Shares At 234.1069 SEK",0.00
08/13/18,Sale,"Sold 12,818.43 Units Of 12,818.43 -12,818.43 First Am Govt Ob Fd Cl X Trade Date 8/13/18",0.00
08/16/18,Sale,"Sold 21,045 Units Of 21,045.00 -21,045.00 First Am Govt Ob Fd Cl X Trade Date 8/16/18","21,045.00"
08/16/18,Purchase,"Purchased 500 Shares Of -21,045.00 21,045.00 Line Corp A D R Trade Date 8/14/18 Purchased Through J.P. Morgan Securities LLC Paid 5.00 USD Brokerage 500 Shares At 42.08 USD Transfer From Another Account",0.00
08/17/18,Purchase,"Purchased 88,775.08 Units Of -88,775.08 88,775.08 First Am Govt Ob Fd Cl X Trade Date 8/17/18 Transfer From Another Account",0.00
08/20/18,Purchase,"Purchased 83,214.59 Units Of -83,214.59 83,214.59 First Am Govt Ob Fd Cl X Trade Date 8/20/18 Transfer From Another Account",0.00
08/21/18,Purchase,"Purchased 10,482.01 Units Of -10,482.01 10,482.01 First Am Govt Ob Fd Cl X Trade Date 8/21/18",0.00
08/22/18,Sale,"Sold 6,010.92 Units Of 6,010.92 -6,010.92 First Am Govt Ob Fd Cl X Trade Date 8/22/18",0.00
08/23/18,Sale,"Sold 117,456.7 Units Of 117,456.70 -117,456.70 First Am Govt Ob Fd Cl X Trade Date 8/23/18","116,153.53"
08/23/18,Purchase,"Purchased 2,000 Shares Of -27,579.28 27,405.98 Biocartis Nv Net Cost 27,579.28 USD Trade Date 8/21/18 Purchased Through Jpmsgb2l Jp Morgan Sec London Paid 13.78 USD Brokerage Book Value 23,971.98 EUR Traded At 0.86920253 EUR To 1 USD Valued At 0.874699 EUR For 27,405.98 USD 2,000 Shares At 11.98 EUR","88,574.25"
08/23/18,Purchase,"Purchased 1,000 Shares Of -35,185.25 34,960.80 Basware Oyj Npv Net Cost 35,185.25 USD Trade Date 8/21/18 Purchased Through Jpmsgb2l Jp Morgan Sec London Paid 17.58 USD Brokerage Book Value 30,580.18 EUR Traded At 0.8691193 EUR To 1 USD Valued At 0.874699 EUR For 34,960.80 USD 1,000 Shares At 30.5649 EUR","53,389.00"
08/23/18,Purchase,"Purchased 10,000 Shares Of -53,389.00 53,389.00 Nokia Corp Spon A D R Trade Date 8/21/18 Purchased Through J.P. Morgan Securities LLC Paid 100.00 USD Brokerage 10,000 Shares At 5.3289 USD",0.00
08/27/18,Purchase,"Purchased 156,172.77 Units Of -156,172.77 156,172.77 First Am Govt Ob Fd Cl X Trade Date 8/27/18","-156,172.77"
08/27/18,Sale,"Sold 1,100 Shares Of 156,172.77 -94,228.50 Sodastream International Ltd Trade Date 8/23/18 Sold Through J.P. Morgan Securities LLC Paid 11.00 USD Brokerage Paid 2.04 USD Sec Fee 1,100 Shares At 141.9871 USD",0.00
08/28/18,Sale,"Sold 47,687.5 Units Of 47,687.50 -47,687.50 First Am Govt Ob Fd Cl X Trade Date 8/28/18","47,687.50"
08/28/18,Purchase,"Purchased 1,000 Shares Of -47,687.50 47,687.50 Solaredge Technologies Inc Trade Date 8/24/18 Purchased Through J.P. Morgan Securities LLC Paid 10.00 USD Brokerage 1,000 Shares At 47.6775 USD",0.00
08/29/18,Sale,"Sold 1,260 Units Of 1,260.00 -1,260.00 First Am Govt Ob Fd Cl X Trade Date 8/29/18 Umicore 0.35 EUR/Share On 1,700 Shares Due 8/28/18 Received 595.00 EUR Valued At 0.857384 EUR For 693.97 USD",0.00
08/30/18,Sale,Sold 416.50 Units Of 485.78 -485.78 Euro Trade Date 8/28/18 Value Date 8/30/18 Book Value 416.50 EUR Traded At 0.857384 EUR To 1 USD Valued At 0.857384 EUR For 485.78 USD Net Proceeds 485.78 USD Repatriating Umicore Transfer To Income Umicore Repatriating Umicore Transfer From Principal Umicore Repatriating Umicore,971.56
08/30/18,Sale,"Sold 1,005 Units Of 1,005.00 -1,005.00 First Am Govt Ob Fd Cl X Trade Date 8/30/18 416.50 Euro 99999EUR3 Pandora A S Sponsored A D R 0.34841 USD/Share On 3,250 Shares Due 8/30/18 27.0000000% Foreign Taxes Withheld",971.56
08/31/18,Sale,Sold 314.22 Units Of 314.22 -314.22 First Am Govt Ob Fd Cl X Trade Date 8/31/18,758.66
09/04/18,Sale,"Sold 38,656.94 Units Of 38,656.94 -38,656.94 First Am Govt Ob Fd Cl X Trade Date 9/4/18","39,415.60"
09/04/18,Purchase,"Purchased 7,000 Shares Of -39,415.60 39,415.60 Nokia Corp Spon A D R Trade Date 8/30/18 Purchased Through J.P. Morgan Securities LLC Paid 70.00 USD Brokerage 7,000 Shares At 5.6208 USD First Am Govt Ob Fd Cl X Interest From 8/1/18 To 8/31/18 Transfer From Another Account",0.00
09/05/18,Purchase,"Purchased 1,274.75 Units Of -1,274.75 1,274.75 First Am Govt Ob Fd Cl X Trade Date 9/5/18",0.00
09/07/18,Sale,Sold 198.95 Units Of 198.95 -198.95 First Am Govt Ob Fd Cl X Trade Date 9/7/18,0.00
09/12/18,Sale,"Sold 4,866.32 Units Of 4,866.32 -4,866.32 First Am Govt Ob Fd Cl X Trade Date 9/12/18",0.00
09/13/18,Sale,"Sold 1,147.1 Units Of 1,147.10 -1,147.10 First Am Govt Ob Fd Cl X Trade Date 9/13/18",0.00
09/13/18,Sale,"Sold 70,294.17 Units Of 70,294.17 -70,294.17 First Am Govt Ob Fd Cl X Trade Date 9/13/18","70,294.17"
09/13/18,Purchase,"Purchased 100 Shares Of -70,294.17 70,399.84 Adyen Bv Net Cost 70,294.17 USD Trade Date 8/31/18 Purchased Through Jpmsgb2l Jp Morgan Sec London Paid 35.13 USD Brokerage Purchased On The NYSE Euronext - Euronext Amste Book Value 60,390.18 EUR Traded At 0.85910652 EUR To 1 USD Valued At 0.857817 EUR For 70,399.84 USD 100 Shares At 603.6 EUR",0.00
09/14/18,Sale,"Sold 43,583 Units Of 43,583.00 -43,583.00 First Am Govt Ob Fd Cl X Trade Date 9/14/18","43,583.00"
09/14/18,Purchase,"Purchased 250 Shares Of -43,583.00 43,583.00 Asml Holding Nv Ny Reg Shs Trade Date 9/12/18 Purchased Through J.P. Morgan Securities LLC Paid 2.50 USD Brokerage 250 Shares At 174.322 USD Transfer From Another Account",0.00
09/17/18,Sale,"Sold 23,186.73 Units Of 23,186.73 -23,186.73 First Am Govt Ob Fd Cl X Trade Date 9/17/18","28,301.21"
09/17/18,Purchase,"Purchased 180 Shares Of -135,527.26 135,000.04 Adyen Bv Net Cost 135,527.26 USD Trade Date 9/13/18 Purchased Through Jpmsgb2l Jp Morgan Sec London Paid 67.74 USD Brokerage Purchased On The NYSE Euronext - Euronext Amste Book Value 116,129.06 EUR Traded At 0.85686865 EUR To 1 USD Valued At 0.860215 EUR For 135,000.04 USD 180 Shares At 644.83897615 EUR","-107,226.05"
09/17/18,Sale,"Sold 140 Shares Of 107,226.05 -105,000.03 Adyen Bv Net Proceeds 107,226.05 USD Trade Date 9/13/18 Sold Through Jpmsgb2l Jp Morgan Sec London Paid 53.64 USD Brokerage Sold On The NYSE Euronext - Euronext Amste Book Value 88,259.62 EUR Local Proceeds 91,878.64 EUR Traded At 0.85686864 EUR To 1 USD Valued At 0.860215 EUR For 106,808.93 USD 140 Shares At 656.60430303 EUR",0.00
09/18/18,Sale,"Sold 18,452.95 Units Of 18,452.95 -18,452.95 First Am Govt Ob Fd Cl X Trade Date 9/18/18",-275.53
09/18/18,Sale,"Sold 210.00 Units Of 275.53 -275.53 British Pound Trade Date 9/17/18 Value Date 9/18/18 Book Value 210.00 GBP Traded At 0.76216746 GBP To 1 USD Valued At 0.76216746 GBP For 275.53 USD Net Proceeds 275.53 USD Reversed By Trx 1 Batch Db000369 On 9/24/18 Reversal Posted By Bc3 Fx5797847 Thk Co Ltd 47 JPY/Share On 300 Shares Due 9/10/18 Received 14,100 JPY Valued At 111.30686055 JPY For 126.68 USD",0.00
09/19/18,Sale,"Sold 11,941.00 Units Of 107.28 -107.28 Yen Trade Date 9/10/18 Value Date 9/19/18 Book Value 11,941 JPY Traded At 111.30686055 JPY To 1 USD Valued At 111.30686055 JPY For 107.28 USD Net Proceeds 107.28 USD Repatriating Thk Co Ltd Transfer To Income Thk Co Ltd Repatriating Thk Co Ltd Transfer From Principal Thk Co Ltd Repatriating Thk Co Ltd",214.56
09/19/18,Sale,"Sold 27,287.02 Units Of 27,287.02 -27,287.02 First Am Govt Ob Fd Cl X Trade Date 9/19/18 11,941 Yen 99999JPY3",214.56
09/20/18,Sale,"Sold 68,737.46 Units Of 68,737.46 -68,737.46 First Am Govt Ob Fd Cl X Trade Date 9/20/18","-43,231.44"
09/24/18,Purchase,"Reversal- 210.00 Units Of -275.53 275.53 British Pound Trade Date 9/17/18 Value Date 9/18/18 Book Value 210.00 GBP Traded At 0.76216746 GBP To 1 USD Valued At 0.76216746 GBP For 275.53 USD Net Cost 275.53 USD Reversal Of Trx 43925 Batch Zy001116 From 9/18/18 Reversal Posted By Bc3 210 Units At 1 GBP Rev Tran Duplicate Entertainment One Ltd 0.014 GBP/Share On 20,000 Shares Due 9/7/18 Received 280.00 GBP Valued At 0.76216746 GBP For 367.37 USD Entertainment One Ltd Non-USD Taxes 70.00 GBP Valued At 0.76216746 GBP For 91.84 USD 25.0000000% Foreign Taxes Withheld","-43,506.97"
09/24/18,Sale,Sold 210.00 Units Of 275.53 -275.53 British Pound Trade Date 9/17/18 Value Date 9/24/18 Book Value 210.00 GBP Traded At 0.76216746 GBP To 1 USD Valued At 0.76216746 GBP For 275.53 USD Net Proceeds 275.53 USD Repatriating Entertainment One Ltd Transfer To Income Entertainment One Ltd Repatriating Entertainment One Ltd,"-42,955.91"
09/24/18,Purchase,"Purchased 14,246.65 Units Of -14,246.65 14,246.65 First Am Govt Ob Fd Cl X Trade Date 9/24/18",275.53
09/24/18,Sale,"Sold 275.53 Units Of 275.53 -275.53 First Am Govt Ob Fd Cl X Trade Date 9/24/18 210.00 British Pound 99999GBP3 Stmicroelectronics N V 0.06 USD/Share On 3,500 Shares Due 9/25/18 15.0000000% Foreign Taxes Withheld Non-USD Taxes Stmicroelectronics N V B H P Billiton Limited A D R 1.26 USD/Share On 1,650 Shares Due 9/25/18",551.06
09/25/18,Purchase,"Purchased 66,272.69 Units Of -66,272.69 66,272.69 First Am Govt Ob Fd Cl X Trade Date 9/25/18","-64,976.57"
09/25/18,Sale,"Sold 1,500 Shares Of 67,234.07 -71,669.85 Hsbc Holdings Plc Spons A D R Trade Date 9/21/18 Sold Through J.P. Morgan Securities LLC Paid 15.00 USD Brokerage Paid 0.88 USD Sec Fee 1,500 Shares At 44.8333 USD","2,257.50"
09/26/18,Purchase,"Purchased 1,822.5 Units Of -1,822.50 1,822.50 First Am Govt Ob Fd Cl X Trade Date 9/26/18",0.00
09/27/18,Purchase,"Purchased 79,823.41 Units Of -79,823.41 79,823.41 First Am Govt Ob Fd Cl X Trade Date 9/27/18","-80,279.76"
09/27/18,Sale,"Sold 6,750 Shares Of 80,279.76 -89,918.46 Aixtron SE Net Proceeds 80,279.76 USD Trade Date 9/25/18 Sold Through Jpmsgb2leql Jp Morgan Eq Lndn Paid 40.16 USD Brokerage Book Value 77,289.14 EUR Local Proceeds 68,142.26 EUR Traded At 0.84880996 EUR To 1 USD Valued At 0.848212 EUR For 80,336.35 USD 6,750 Shares At 10.1002 EUR Adjusted By -500 Shares Old Shares 1,000/New Shares 500 Ca Reverse Stock Split Sedol 6470544 Exdt 9/26/18",0.00
09/28/18,Purchase,"Purchased 320,683.77 Units Of -320,683.77 320,683.77 First Am Govt Ob Fd Cl X Trade Date 9/28/18",0.00
10/01/18,Sale,"Sold 0.4389 Shares Of 19.41 -20.39 Hsbc Holdings Plc Spons A D R Trade Date 10/1/18 Sold Through Cash In Lieu Of Fractions(Cil) Sold On The New York Stock Exchange, Inc. First Am Govt Ob Fd Cl X Interest From 9/1/18 To 9/30/18",19.41
10/02/18,Sale,"Sold 140,286.09 Units Of 140,286.09 -140,286.09 First Am Govt Ob Fd Cl X Trade Date 10/2/18","160,847.53"
10/02/18,Purchase,"Purchased 23,000 Shares Of -80,293.23 80,732.03 Capital Counties Properties Plc Net Cost 80,293.23 USD Trade Date 9/28/18 Purchased Through Crst 784 Jpmorgan Secs Ltd Paid 39.93 USD Brokerage Paid 1.31 USD Misc Fee1 Paid 401.64 USD Misc Fee2 Book Value 61,550.02 GBP Traded At 0.7665655 GBP To 1 USD Valued At 0.762399 GBP For 80,732.03 USD 23,000 Shares At 2.6614 GBP","80,554.30"
10/02/18,Purchase,"Purchased 1,500 Shares Of -80,554.30 81,009.43 First Derivatives Plc Net Cost 80,554.30 USD Trade Date 9/28/18 Purchased Through Crst 784 Jpmorgan Secs Ltd Paid 40.25 USD Brokerage Paid 1.31 USD Misc Fee1 Purchased On The London Stock Exchange Book Value 61,761.51 GBP Traded At 0.76670656 GBP To 1 USD Valued At 0.762399 GBP For 81,009.43 USD 1,500 Shares At 41.1531 GBP Transfer From Another Account",0.00
10/03/18,Sale,"Sold 153,191.57 Units Of 153,191.57 -153,191.57 First Am Govt Ob Fd Cl X Trade Date 10/3/18","158,567.81"
10/03/18,Purchase,"Purchased 5,000 Shares Of -42,477.39 42,598.71 Boozt Ab Net Cost 42,477.39 USD Trade Date 10/1/18 Purchased Through Jpmsgb2l Jp Morgan Sec London Paid 21.23 USD Brokerage Book Value 378,838.82 SEK Traded At 8.91859928 SEK To 1 USD Valued At 8.8932 SEK For 42,598.71 USD 5,000 Shares At 75.7299 SEK","116,090.42"
10/03/18,Purchase,"Purchased 30 Shares Of -59,369.05 59,784.17 Interroll Holding Ag Net Cost 59,369.05 USD Trade Date 10/1/18 Purchased Through Jpmsgb2l Jp Morgan Sec London Paid 29.67 USD Brokerage Book Value 58,397.18 CHF Traded At 0.98363002 CHF To 1 USD Valued At 0.9768 CHF For 59,784.17 USD 30 Shares At 1,945.6 CHF","56,721.37"
10/03/18,Purchase,"Purchased 100 Shares Of -56,721.37 56,787.84 Eurofins Scientific Net Cost 56,721.37 USD Trade Date 10/1/18 Purchased Through Jpmsgb2l Jp Morgan Sec London Paid 28.34 USD Brokerage Book Value 48,891.83 EUR Traded At 0.8619649 EUR To 1 USD Valued At 0.860956 EUR For 56,787.84 USD 100 Shares At 488.674 EUR Transfer From Another Account",0.00
10/05/18,Purchase,"Purchased 5,850.05 Units Of -5,850.05 5,850.05 First Am Govt Ob Fd Cl X Trade Date 10/5/18 Transfer From Another Account",0.00
10/09/18,Sale,"Sold 17,920.59 Units Of 17,920.59 -17,920.59 First Am Govt Ob Fd Cl X Trade Date 10/9/18","24,608.17"
10/09/18,Purchase,"Purchased 500 Shares Of -24,608.17 24,593.04 First Derivatives Plc Net Cost 24,608.17 USD Trade Date 10/4/18 Purchased Through Crst 784 Jpmorgan Secs Ltd Paid 12.30 USD Brokerage Paid 1.30 USD Misc Fee1 Purchased On The London Stock Exchange Book Value 18,910.45 GBP Traded At 0.76846226 GBP To 1 USD Valued At 0.768935 GBP For 24,593.04 USD 500 Shares At 37.8 GBP",0.00
10/10/18,Purchase,"Purchased 29,592.93 Units Of -29,592.93 29,592.93 First Am Govt Ob Fd Cl X Trade Date 10/10/18",-445.00
10/11/18,Sale,"Sold 53,870.46 Units Of 53,870.46 -53,870.46 First Am Govt Ob Fd Cl X Trade Date 10/11/18","51,029.54"
10/11/18,Purchase,"Purchased 5,000 Shares Of -51,029.54 51,020.59 Ocado Group Plc Net Cost 51,029.54 USD Trade Date 10/9/18 Purchased Through Crst 784 Jpmorgan Secs Ltd Paid 25.37 USD Brokerage Paid 255.13 USD Misc Fee1 Book Value 39,015.50 GBP Traded At 0.76456695 GBP To 1 USD Valued At 0.764701 GBP For 51,020.59 USD 5,000 Shares At 7.76020015 GBP",0.00
10/12/18,Sale,Sold 201.84 Units Of 201.84 -201.84 First Am Govt Ob Fd Cl X Trade Date 10/12/18 Transfer From Another Account,0.00
10/15/18,Purchase,"Purchased 25,539.37 Units Of -25,539.37 25,539.37 First Am Govt Ob Fd Cl X Trade Date 10/15/18",0.00
10/15/18,Sale,"Sold 46,628 Units Of 46,628.00 -46,628.00 First Am Govt Ob Fd Cl X Trade Date 10/15/18","46,628.00"
10/15/18,Purchase,"Purchased 400 Shares Of -46,628.00 46,628.00 Ferrari Nv Trade Date 10/11/18 Purchased Through J.P. Morgan Securities LLC Paid 4.00 USD Brokerage 400 Shares At 116.56 USD",0.00
10/16/18,Sale,"Sold 8,263.83 Units Of 8,263.83 -8,263.83 First Am Govt Ob Fd Cl X Trade Date 10/16/18 Transfer From Another Account",0.00
10/18/18,Purchase,"Purchased 1,676.42 Units Of -1,676.42 1,676.42 First Am Govt Ob Fd Cl X Trade Date 10/18/18 Dustin Group Ab Rt 11/07/18 Valued At 8.99805 SEK For 0.00 USD Market Value Of 1,111.35 USD Ca Rights Distribution Sedol Bvfb413 Exdt 10/16/18",0.00
10/19/18,Sale,"Sold 31,291.48 Units Of 31,291.48 -31,291.48 First Am Govt Ob Fd Cl X Trade Date 10/19/18","31,291.48"
10/19/18,Purchase,"Purchased 1,000 Shares Of -31,291.48 31,398.83 Basware Oyj Npv Net Cost 31,291.48 USD Trade Date 10/17/18 Purchased Through Jpmsgb2l Jp Morgan Sec London Paid 15.64 USD Brokerage Book Value 27,113.55 EUR Traded At 0.86648346 EUR To 1 USD Valued At 0.863521 EUR For 31,398.83 USD 1,000 Shares At 27.1 EUR",0.00
10/23/18,Purchase,"Purchased 57,075.05 Units Of -57,075.05 57,075.05 First Am Govt Ob Fd Cl X Trade Date 10/23/18",0.00
10/24/18,Sale,"Sold 2,576.53 Units Of 2,576.53 -2,576.53 First Am Govt Ob Fd Cl X Trade Date 10/24/18",0.00
10/26/18,Sale,"Sold 13,274.73 Units Of 13,274.73 -13,274.73 First Am Govt Ob Fd Cl X Trade Date 10/26/18",0.00
10/29/18,Sale,"Sold 16,774.35 Units Of 16,774.35 -16,774.35 First Am Govt Ob Fd Cl X Trade Date 10/29/18 Transfer From Another Account",0.00
10/31/18,Sale,"Sold 22,817.52 Units Of 22,817.52 -22,817.52 First Am Govt Ob Fd Cl X Trade Date 10/31/18","49,013.71"
10/31/18,Purchase,"Purchased 10,000 Shares Of -49,013.71 49,013.71 Ds Smith Plc Net Cost 49,013.71 USD Trade Date 10/29/18 Purchased Through Crst 784 Jpmorgan Secs Ltd Paid 24.37 USD Brokerage Paid 245.13 USD Misc Fee1 Book Value 38,232.21 GBP Traded At 0.780031 GBP To 1 USD Valued At 0.780031 GBP For 49,013.71 USD 10,000 Shares At 3.80219949 GBP First Am Govt Ob Fd Cl X Interest From 10/1/18 To 10/31/18",0.00
11/02/18,Sale,"Sold 57,685.65 Units Of 57,685.65 -57,685.65 First Am Govt Ob Fd Cl X Trade Date 11/2/18","57,970.50"
11/02/18,Purchase,"Purchased 1,500 Shares Of -57,970.50 57,970.50 Taiwan Semiconductor A D R Trade Date 10/31/18 Purchased Through J.P. Morgan Securities LLC Paid 15.00 USD Brokerage 1,500 Shares At 38.637 USD",0.00
11/05/18,Sale,"Sold 36,514.98 Units Of 36,514.98 -36,514.98 First Am Govt Ob Fd Cl X Trade Date 11/5/18","31,577.48"
11/05/18,Purchase,"Purchased 750 Shares Of -31,577.48 31,577.48 Baozun Inc Spon A D R Trade Date 11/1/18 Purchased Through J.P. Morgan Securities LLC Paid 7.50 USD Brokerage 750 Shares At 42.0933 USD",0.00
11/07/18,Sale,Sold 475.09 Units Of 475.09 -475.09 First Am Govt Ob Fd Cl X Trade Date 11/7/18,0.00
11/08/18,Purchase,"Purchased 47,783.45 Units Of -47,783.45 47,783.45 First Am Govt Ob Fd Cl X Trade Date 11/8/18","-47,783.45"
11/08/18,Sale,"Sold 2,000 Shares Of 47,783.45 -100,514.90 G5 Entertainment Ab Net Proceeds 47,783.45 USD Trade Date 11/6/18 Sold Through Jpmsgb2l Jp Morgan Sec London Paid 23.90 USD Brokerage Book Value 900,256.90 SEK Local Proceeds 432,583.60 SEK Traded At 9.05300057 SEK To 1 USD Valued At 9.06605 SEK For 47,714.67 USD 2,000 Shares At 216.4 SEK",0.00
11/09/18,Purchase,"Purchased 1,428 Shares Of -10,028.03 10,028.03 Dustin Group Ab Net Cost 89,964.00 SEK Trade Date 11/9/18 Purchased Through Global Corporate Actions Purchased On The Omx Nordic Exchange Stockholm Book Value 89,964.00 SEK Valued At 8.97125 SEK For 10,028.03 USD Fed Tax Cost Reduction 10,028.03- USD 1,428 Shares At 63 SEK Ca Rights Exercise Sedol Bghx727","-10,028.03"
11/09/18,Purchase,"Purchased 89,964.00 Units Of -9,948.19 10,028.03 Swedish Krona Trade Date 11/9/18 Value Date 11/9/18 Purchased Through Bny-Mellon Foreign Exchange Book Value 89,964.00 SEK Traded At 9.04325309 SEK To 1 USD Valued At 9.04325309 SEK For 9,948.19 USD Net Cost 9,948.19 USD Repayment Of Currency Overdraft Resulted In Fed ST Currency Gain On SEK Of 79.84 USD 89,964 Units At 1 SEK Ca Rights Exercise Sedol Bghx727 Dustin Group Ab Rt 11/07/18 Pay From Acct On Corp Action Valued At 8.97125 SEK For 0.00 USD Market Value Of 1,952.12 USD Ca Rights Exercise Sedol Bghx727","-19,976.22"
11/13/18,Sale,"Sold 14,070.49 Units Of 14,070.49 -14,070.49 First Am Govt Ob Fd Cl X Trade Date 11/13/18",0.00
11/15/18,Sale,"Sold 6,508.65 Units Of 6,508.65 -6,508.65 First Am Govt Ob Fd Cl X Trade Date 11/15/18",0.00
11/16/18,Sale,Sold 239.5 Units Of 239.50 -239.50 First Am Govt Ob Fd Cl X Trade Date 11/16/18,0.00
11/19/18,Sale,"Sold 467.62 Units Of 467.62 -467.62 First Am Govt Ob Fd Cl X Trade Date 11/19/18 Hsbc Holdings Plc Spons A D R 0.50 USD/Share On 1,533 Shares Due 11/21/18 Cash Election On Optional Dividend",0.00
11/23/18,Purchase,"Purchased 766.5 Units Of -766.50 766.50 First Am Govt Ob Fd Cl X Trade Date 11/23/18 Keyence Corp 100 JPY/Share On 150 Shares Due 11/22/18 Received 15,000 JPY Valued At 112.95 JPY For 132.80 USD Keyence Corp Non-USD Taxes 2,297 JPY Valued At 112.95 JPY For 20.33 USD 15.3150000% Foreign Taxes Withheld",0.00
11/26/18,Sale,"Sold 12,703.00 Units Of 112.47 -112.47 Yen Trade Date 11/22/18 Value Date 11/26/18 Book Value 12,703 JPY Traded At 112.95 JPY To 1 USD Valued At 112.95 JPY For 112.47 USD Net Proceeds 112.47 USD Repatriating Keyence Corp",224.94
11/26/18,Purchase,"Purchased 7,518.43 Units Of -7,518.43 7,518.43 First Am Govt Ob Fd Cl X Trade Date 11/26/18 12,703 Yen 99999JPY3",224.94
11/27/18,Sale,Sold 182.61 Units Of 182.61 -182.61 First Am Govt Ob Fd Cl X Trade Date 11/27/18,0.00
11/28/18,Sale,"Sold 4,314.92 Units Of 4,314.92 -4,314.92 First Am Govt Ob Fd Cl X Trade Date 11/28/18 Transfer From Another Account",0.00
11/30/18,Purchase,"Purchased 2,139 Units Of -2,139.00 2,139.00 First Am Govt Ob Fd Cl X Trade Date 11/30/18",0.00
12/03/18,Sale,Sold 781.09 Units Of 781.09 -781.09 First Am Govt Ob Fd Cl X Trade Date 12/3/18 First Am Govt Ob Fd Cl X Interest From 11/1/18 To 11/30/18,0.00
12/04/18,Sale,"Sold 9,333.48 Units Of 9,333.48 -9,333.48 First Am Govt Ob Fd Cl X Trade Date 12/4/18",0.00
12/06/18,Sale,"Sold 1,662.49 Units Of 1,662.49 -1,662.49 First Am Govt Ob Fd Cl X Trade Date 12/6/18",0.00
12/07/18,Sale,"Sold 21,181.13 Units Of 21,181.13 -21,181.13 First Am Govt Ob Fd Cl X Trade Date 12/7/18 Disco Corporation 114 JPY/Share On 550 Shares Due 12/10/18 Received 62,700 JPY Valued At 112.78 JPY For 555.95 USD Disco Corporation Non-USD Taxes 9,603 JPY Valued At 112.78 JPY For 85.15 USD 15.3150000% Foreign Taxes Withheld","-51,491.85"
12/10/18,Sale,"Sold 53,097.00 Units Of 470.80 -470.80 Yen Trade Date 12/10/18 Value Date 12/10/18 Book Value 53,097 JPY Traded At 112.78 JPY To 1 USD Valued At 112.78 JPY For 470.80 USD Net Proceeds 470.80 USD Repatriating Disco Corporation Transfer To Income Disco Corporation Repatriating Disco Corporation Transfer From Principal Disco Corporation Repatriating Disco Corporation Japanese Yen Currency Dividend Received/Non-USD Valued At 112.7 JPY For 399.29 USD Market Value Of 399.29 USD Jeol 6470544 12/7Pbl 10000Shr 4.5Rt 15.315%Tax","-50,550.25"
12/10/18,Sale,"Sold 38,108.00 Units Of 337.33 -338.14 Yen Trade Date 12/10/18 Value Date 12/10/18 Book Value 38,108 JPY Traded At 112.96949575 JPY To 1 USD Valued At 112.96949575 JPY For 337.33 USD Net Proceeds 337.33 USD Fed ST Currency Loss On JPY Of 0.81- USD Jeol 6470544 12/7Pbl 10000Shr 4.5Rt 15.315%Tax","-50,212.92"
12/11/18,Sale,"Sold 169,370.00 Units Of 1,490.10 -1,490.10 Yen Trade Date 12/3/18 Value Date 12/11/18 Book Value 169,370 JPY Traded At 113.66351252 JPY To 1 USD Valued At 113.66351252 JPY For 1,490.10 USD Net Proceeds 1,490.10 USD Repatriating Advantest Corp Ord(Jp) Transfer To Income Advantest Corp Ord(Jp) Repatriating Advantest Corp Ord(Jp)","-82,108.21"
12/11/18,Sale,Sold 154.00 Units Of 195.86 -195.86 British Pound Trade Date 12/6/18 Value Date 12/11/18 Book Value 154.00 GBP Traded At 0.78627591 GBP To 1 USD Valued At 0.78627591 GBP For 195.86 USD Net Proceeds 195.86 USD Repatriating First Derivatives Plc Transfer To Income First Derivatives Plc Repatriating First Derivatives Plc Transfer From Principal First Derivatives Plc Repatriating First Derivatives Plc,"-81,716.49"
12/11/18,Sale,"Sold 3,250 Shares Of 41,844.83 -59,329.50 Pandora A S Sponsored A D R Trade Date 12/7/18 Sold Through J.P. Morgan Securities LLC Paid 32.50 USD Brokerage Paid 0.55 USD Sec Fee 3,250 Shares At 12.8855 USD 169,370 Yen 99999JPY3","-39,871.66"
12/12/18,Purchase,"Purchased 79,960.07 Units Of -79,960.07 79,960.07 First Am Govt Ob Fd Cl X Trade Date 12/12/18","-121,479.28"
12/12/18,Sale,"Sold 5,000 Shares Of 52,292.46 -42,312.43 Air France Klm Net Proceeds 52,292.46 USD Trade Date 12/10/18 Sold Through Jpmsgb2l Jp Morgan Sec London Paid 26.16 USD Brokerage Book Value 35,617.10 EUR Local Proceeds 45,829.57 EUR Traded At 0.87640876 EUR To 1 USD Valued At 0.877886 EUR For 52,204.47 USD 5,000 Shares At 9.1705 EUR","-69,186.82"
12/12/18,Sale,"Sold 23,000 Shares Of 71,116.73 -80,732.03 Capital Counties Properties Plc Net Proceeds 71,116.73 USD Trade Date 12/10/18 Sold Through Crst 784 Jpmorgan Secs Ltd Paid 35.58 USD Brokerage Paid 1.28 USD Misc Fee1 Book Value 61,550.02 GBP Local Proceeds 56,302.43 GBP Traded At 0.79169037 GBP To 1 USD Valued At 0.783822 GBP For 71,830.63 USD 23,000 Shares At 2.44919982 GBP","1,929.91"
12/13/18,Purchase,"Purchased 1,929.91 Units Of -1,929.91 1,929.91 First Am Govt Ob Fd Cl X Trade Date 12/13/18 Transfer From Another Account",0.00
12/14/18,Purchase,"Purchased 20,647.44 Units Of -20,647.44 20,647.44 First Am Govt Ob Fd Cl X Trade Date 12/14/18 Fanuc Corporation A D R 0.526747 USD/Share On 5,000 Shares Due 12/17/18 10.0000000% Foreign Taxes Withheld Non-USD Taxes Fanuc Corporation A D R Adr Paying Agent Fee Fanuc Corporation A D R Adr Fee Of 0.0575 Per Share Due 12/17/18 Cyberagent Inc Npv 32 JPY/Share On 2,000 Shares Due 12/17/18 Received 64,000 JPY Valued At 113.54 JPY For 563.68 USD",0.00
12/17/18,Sale,"Sold 54,198.00 Units Of 477.35 -477.35 Yen Trade Date 12/17/18 Value Date 12/17/18 Book Value 54,198 JPY Traded At 113.54 JPY To 1 USD Valued At 113.54 JPY For 477.35 USD Net Proceeds 477.35 USD Repatriating Cyberagent Inc Npv Transfer To Income Cyberagent Inc Npv Repatriating Cyberagent Inc Npv Transfer From Principal Cyberagent Inc Npv Repatriating Cyberagent Inc Npv","3,037.57"
12/18/18,Sale,"Sold 21,678.92 Units Of 2,395.32 -2,395.32 Swedish Krona Trade Date 12/18/18 Value Date 12/18/18 Book Value 21,678.92 SEK Traded At 9.050541 SEK To 1 USD Valued At 9.050541 SEK For 2,395.32 USD Net Proceeds 2,395.32 USD Repatriating Dustin Group Ab Transfer To Income Dustin Group Ab Repatriating Dustin Group Ab Transfer From Principal Dustin Group Ab Repatriating Dustin Group Ab Transfer From Another Account","7,675.30"
12/18/18,Purchase,"Purchased 29,935.22 Units Of -29,935.22 29,935.22 First Am Govt Ob Fd Cl X Trade Date 12/18/18","5,145.08"
12/19/18,Purchase,"Purchased 2,749.76 Units Of -2,749.76 2,749.76 First Am Govt Ob Fd Cl X Trade Date 12/19/18 Transfer From Another Account",0.00
12/20/18,Sale,"Sold 21,472.07 Units Of 21,472.07 -21,472.07 First Am Govt Ob Fd Cl X Trade Date 12/20/18","45,885.61"
12/20/18,Purchase,"Purchased 30,000 Shares Of -45,885.61 45,802.05 Zoo Digital Group Net Cost 45,885.61 USD Trade Date 12/18/18 Purchased Through Crst 784 Jpmorgan Secs Ltd Paid 22.93 USD Brokerage Paid 1.26 USD Misc Fee1 Book Value 36,319.15 GBP Traded At 0.79151503 GBP To 1 USD Valued At 0.792959 GBP For 45,802.05 USD 30,000 Shares At 1.21 GBP",0.00
12/21/18,Purchase,"Purchased 6,748.54 Units Of -6,748.54 6,748.54 First Am Govt Ob Fd Cl X Trade Date 12/21/18","-13,497.08"
12/21/18,Sale,"Sold 13,497.08 Units Of 13,497.08 -13,497.08 First Am Govt Ob Fd Cl X Trade Date 12/21/18",0.00
12/24/18,Sale,"Sold 11,213.19 Units Of 11,213.19 -11,213.19 First Am Govt Ob Fd Cl X Trade Date 12/24/18",0.00
12/26/18,Sale,"Sold 22,241.87 Units Of 22,241.87 -22,241.87 First Am Govt Ob Fd Cl X Trade Date 12/26/18",0.00
12/27/18,Sale,"Sold 64,798.38 Units Of 64,798.38 -64,798.38 First Am Govt Ob Fd Cl X Trade Date 12/27/18","64,798.38"
12/27/18,Purchase,"Purchased 1,000 Shares Of -23,277.96 23,277.96 Ams Ag Net Cost 23,277.96 USD Trade Date 12/21/18 Purchased Through Jpmsgb2l Jp Morgan Sec London Paid 11.63 USD Brokerage Book Value 23,124.32 CHF Traded At 0.9934 CHF To 1 USD Valued At 0.9934 CHF For 23,277.96 USD 1,000 Shares At 23.11277222 CHF","41,520.42"
12/27/18,Purchase,"Purchased 50,000 Shares Of -41,520.42 41,520.42 Iqe Plc Net Cost 41,520.42 USD Trade Date 12/21/18 Purchased Through Crst 784 Jpmorgan Secs Ltd Paid 16.38 USD Brokerage Paid 1.00 USD Misc Fee1 Book Value 32,861.41 GBP Traded At 0.791452 GBP To 1 USD Valued At 0.791452 GBP For 41,520.42 USD 50,000 Shares At 0.65695328 GBP Stmicroelectronics N V 0.06 USD/Share On 3,500 Shares Due 12/27/18 15.0000000% Foreign Taxes Withheld",0.00
12/28/18,Purchase,"Purchased 49,981.19 Units Of -49,981.19 49,981.19 First Am Govt Ob Fd Cl X Trade Date 12/28/18 Transfer From Another Account",178.50
12/31/18,Purchase,"Purchased 73,818.14 Units Of -73,818.14 73,818.14 First Am Govt Ob Fd Cl X Trade Date 12/31/18","-59,909.22"
12/31/18,Sale,"Sold 3,000 Shares Of 59,909.22 -38,264.01 Materialise Nv A D R Trade Date 12/27/18 Sold Through J.P. Morgan Securities LLC Paid 30.00 USD Brokerage Paid 0.78 USD Sec Fee 3,000 Shares At 19.98 USD Ending Balance 12/31/2018 $15,843.66 -$15,843.66 $5,785,607.64 $0.00",0.00
