month,fund_ret,efa_ret,scz_ret,vss_ret,bench_avg_ret,alpha_vs_avg,alpha_vs_efa,Mkt_RF,SMB,HML,RMW,CMA,RF,Mom,vix,vix_chg,cpi_yoy,core_cpi_yoy,pce_yoy,core_pce_yoy,m2_yoy,y10,y2,y3m,slope_10y_2y,slope_10y_3m,baa_spread,baa_aaa_spread,sp500,sp500_ret,sp500_mom_12m,n_holdings,n_valued,ff_pe_dil_wmean,ff_pe_dil_median,ff_pe_dil_whmean,ff_pbk_tang_wmean,ff_pbk_tang_median,ff_pbk_tang_whmean,ff_psales_dil_wmean,ff_psales_dil_median,ff_psales_dil_whmean,ff_pfcf_wmean,ff_pfcf_median,ff_pfcf_whmean,ff_div_yld_wmean,ff_div_yld_median,ff_earn_yld_wmean,ff_earn_yld_median,ff_fcf_yld_wmean,ff_fcf_yld_median,ff_entrpr_val_ebitda_oper_wmean,ff_entrpr_val_ebitda_oper_median,ff_entrpr_val_ebitda_oper_whmean,ff_entrpr_val_sales_wmean,ff_entrpr_val_sales_median,ff_entrpr_val_sales_whmean,ff_roce_wmean,ff_roce_median,ff_roic_wmean,ff_roic_median,ff_roa_ptx_wmean,ff_roa_ptx_median,ff_ebit_oper_mgn_wmean,ff_ebit_oper_mgn_median,ff_ebitda_oper_mgn_wmean,ff_ebitda_oper_mgn_median,ff_debt_eq_wmean,ff_debt_eq_median,ff_tcap_assets_wmean,ff_tcap_assets_median,ff_ebit_oper_int_covg_wmean,ff_ebit_oper_int_covg_median,ff_zscore_wmean,ff_zscore_median,ff_fscore_wmean,ff_fscore_median,ff_sales_gr_wmean,ff_sales_gr_median,ff_eps_dil_gr_wmean,ff_eps_dil_gr_median,ff_eps_basic_gr_wmean,ff_eps_basic_gr_median,ff_bps_gr_wmean,ff_bps_gr_median,ff_com_eq_gr_wmean,ff_com_eq_gr_median,ff_assets_gr_wmean,ff_assets_gr_median,wt_with_fundamentals,sect_wt_business_services,sect_wt_consumer_cyclicals,sect_wt_consumer_non_cyclicals,sect_wt_consumer_services,sect_wt_finance,sect_wt_healthcare,sect_wt_industrials,sect_wt_non_energy_materials,sect_wt_technology,ctry_wt_AT,ctry_wt_AU,ctry_wt_BE,ctry_wt_CA,ctry_wt_DE,ctry_wt_DK,ctry_wt_FI,ctry_wt_FR,ctry_wt_GB,ctry_wt_IL,ctry_wt_IT,ctry_wt_JP,ctry_wt_NL,ctry_wt_NO,ctry_wt_SE,top_sector,top_sector_wt,sector_hhi,wt_classified_sector,wt_classified_country,n_sectors,n_countries,ctry_wt_CH,ctry_wt_CN,ctry_wt_TW,ctry_wt_IE,ctry_wt_MX,ctry_wt_US,ctry_wt_UY,ctry_wt_AR,ctry_wt_ES,sect_wt_energy,efa_sect_wt_business_services,efa_sect_wt_consumer_cyclicals,efa_sect_wt_consumer_non_cyclicals,efa_sect_wt_consumer_services,efa_sect_wt_energy,efa_sect_wt_finance,efa_sect_wt_healthcare,efa_sect_wt_industrials,efa_sect_wt_non_corporate,efa_sect_wt_non_energy_materials,efa_sect_wt_technology,efa_sect_wt_telecommunications,efa_sect_wt_utilities,scz_sect_wt_business_services,scz_sect_wt_consumer_cyclicals,scz_sect_wt_consumer_non_cyclicals,scz_sect_wt_consumer_services,scz_sect_wt_energy,scz_sect_wt_finance,scz_sect_wt_healthcare,scz_sect_wt_industrials,scz_sect_wt_non_corporate,scz_sect_wt_non_energy_materials,scz_sect_wt_technology,scz_sect_wt_telecommunications,scz_sect_wt_utilities,vss_sect_wt_business_services,vss_sect_wt_consumer_cyclicals,vss_sect_wt_consumer_non_cyclicals,vss_sect_wt_consumer_services,vss_sect_wt_energy,vss_sect_wt_finance,vss_sect_wt_healthcare,vss_sect_wt_industrials,vss_sect_wt_non_corporate,vss_sect_wt_non_energy_materials,vss_sect_wt_technology,vss_sect_wt_telecommunications,vss_sect_wt_utilities,bench_sect_wt_business_services,bench_sect_wt_consumer_cyclicals,bench_sect_wt_consumer_non_cyclicals,bench_sect_wt_consumer_services,bench_sect_wt_energy,bench_sect_wt_finance,bench_sect_wt_healthcare,bench_sect_wt_industrials,bench_sect_wt_non_corporate,bench_sect_wt_non_energy_materials,bench_sect_wt_technology,bench_sect_wt_telecommunications,bench_sect_wt_utilities,active_sect_wt_business_services,active_sect_wt_consumer_cyclicals,active_sect_wt_consumer_non_cyclicals,active_sect_wt_consumer_services,active_sect_wt_energy,active_sect_wt_finance,active_sect_wt_healthcare,active_sect_wt_industrials,active_sect_wt_non_corporate,active_sect_wt_non_energy_materials,active_sect_wt_technology,active_sect_wt_telecommunications,active_sect_wt_utilities
2014-10,-0.014199999999999999,-0.002651399299434032,0.0008245670368638436,-0.014882975859818126,-0.0055699360407961045,-0.008630063959203894,-0.011548600700565967,-0.018,-0.0184,-0.023,0.0167,-0.0038,0.0,0.0109,14.03,-2.28,1.6840509711232077,1.7409458883681284,1.497249312328086,1.5548480585553692,6.049530473209352,2.35,0.5,0.01,1.85,2.3400000000000003,2.39,0.7700000000000005,2018.050048828125,2.320146066720308,14.887790995370542,,,,,,,,,,,,,,,,,,,,,,,,,,,,,,,,,,,,,,,,,,,,,,,,,,,,,,,,,,,,,,,,,,,,,,,,,,,,,,,,,,,,,,,,,,,,,,,,,,,,,0.0138709563718619,0.0850677062739786,0.1148078587182509,0.0157852458560359,0.0639915576735881,0.264263831968871,0.112230466789142,0.1082824664253931,0.0002942993284925,0.0824078204180038,0.0455696021679957,0.0539906587097489,0.039437529298637,0.0369921537470543,0.0675190447344784,0.0760806844742853,0.0571441823229149,0.0352656980588864,0.2498504153773042,0.0637589119557832,0.1756311504276022,0.0010115777218533,0.119413111267226,0.0859850177426658,0.0177485968185533,0.0135994553513922,0.0284566927553642,0.074383999352964,0.0768459473855569,0.0477073661193427,0.0666371456636163,0.2317450519130971,0.0506971974189179,0.1596797721866573,0.0011758375531297,0.1190874575296951,0.1018973020147829,0.0166427382183191,0.0250434918885563,0.026439934291426798,0.07565691678714033,0.0892448301926977,0.040212264766097836,0.055298133798696934,0.24861976641975744,0.07556219205461437,0.14786446301321754,0.0008272382011585,0.10696946307164164,0.07781730730848146,0.029460664582207103,0.026026825512861836,,,,,,,,,,,,,
2014-11,0.014199999999999999,0.0006254324877930095,-0.01339100837749918,-0.018884781573042186,-0.010550119154249452,0.02475011915424945,0.01357456751220699,0.0081999999999999,-0.0207,-0.0113,0.0019,-0.0019,0.0,0.0053,13.33,-0.6999999999999993,1.6095417021513292,1.817632310436279,1.3329448612426242,1.4709143321753215,5.523242583945476,2.18,0.47,0.02,1.7100000000000002,2.16,2.52,0.8700000000000001,2067.56005859375,2.453358864631494,14.494879943455086,,,,,,,,,,,,,,,,,,,,,,,,,,,,,,,,,,,,,,,,,,,,,,,,,,,,,,,,,,,,,,,,,,,,,,,,,,,,,,,,,,,,,,,,,,,,,,,,,,,,,0.0139986771900455,0.0878376122015988,0.1161297673303214,0.0160830686164168,0.0580670027804712,0.2622005097391172,0.1135295965789821,0.1089735431272057,0.0002838758506049,0.0822925696883715,0.0472773621737694,0.0550417198447107,0.0382846948783841,0.0371327278755,0.0718558428097392,0.074371636238464,0.0596189248451742,0.0316776860816419,0.2538176483114033,0.0661541767624236,0.1672471154095854,0.0011160002420276,0.1170534106771109,0.0880280316968702,0.0179149716189102,0.0140118274311487,0.0288195567631245,0.0754630083782864,0.0776816298789347,0.0476125567331486,0.0597420261262205,0.2357746369242461,0.0504618532069374,0.1595116202517378,0.0010473082778776,0.1194224184010306,0.101690723953731,0.0174345316345308,0.0253381294701932,0.02665032060955667,0.07838548779654146,0.08939434448257337,0.0411048500649132,0.0498289049961112,0.25059759832492223,0.0767152088494477,0.14524409292950965,0.0008157281235033667,0.106256132922171,0.07899870594145686,0.0301304076993839,0.02587821725990867,,,,,,,,,,,,,
2014-12,-0.0073,-0.039927438656320535,-0.010939087157902927,-0.020214883031879016,-0.023693802948700826,0.016393802948700825,0.032627438656320534,-0.0289999999999999,0.0182,-0.006,0.0085,-0.0108,0.0,0.0207,19.2,5.869999999999999,1.231524989320798,1.7415947552462452,1.0857594081832067,1.392578536791067,5.807777656517166,2.17,0.67,0.04,1.5,2.13,2.51,0.9500000000000002,2058.89990234375,-0.4188587515997044,11.390633786748117,,,,,,,,,,,,,,,,,,,,,,,,,,,,,,,,,,,,,,,,,,,,,,,,,,,,,,,,,,,,,,,,,,,,,,,,,,,,,,,,,,,,,,,,,,,,,,,,,,,,,0.0144987499650001,0.0896158333489986,0.1159445755506146,0.0159998240950058,0.0573441955619944,0.2610928204499288,0.1116775674602767,0.109963726292309,0.0003164855225581,0.0828037000684272,0.0479234379748828,0.0541734821263176,0.0386456015836856,0.0373933502970242,0.0734830970594891,0.0739821803592954,0.0583817176950887,0.0293496496996466,0.253712851322881,0.065659540707271,0.1693851086111173,0.0007406240835574,0.1184704055729382,0.0882867867317329,0.0178655130775608,0.0132891747823969,0.0301024817081352,0.0769827292905063,0.0780465713729468,0.0498664634461835,0.0549033971957763,0.2365163086347027,0.0495143615065432,0.1581892121579393,0.001342544546143,0.12133994456399,0.1016751118185498,0.0169225363377789,0.0245983374208044,0.027331527323386503,0.08002721989966467,0.08932444242761893,0.041416001745426,0.0471990808191391,0.2504406601358375,0.0756171565580303,0.14584601568712188,0.0007998847174195,0.10753801673511847,0.07929511217505517,0.0296538438472191,0.0255110379289623,,,,,,,,,,,,,
2015-01,0.0023,0.006245695271728247,0.002783082921017588,-0.0061903918879194775,0.0009461287682754523,0.0013538712317245475,-0.003945695271728247,-0.0027,-0.006,-0.0118,0.0178,-0.0016,0.0,0.0394,20.97,1.7699999999999996,0.6531213919623191,1.6224195046636636,0.7322588005891362,1.3563462895293863,5.9447925425629045,1.68,0.47,0.02,1.21,1.66,2.61,0.9900000000000002,1994.989990234375,-3.1040805838410623,11.91524851405299,,,,,,,,,,,,,,,,,,,,,,,,,,,,,,,,,,,,,,,,,,,,,,,,,,,,,,,,,,,,,,,,,,,,,,,,,,,,,,,,,,,,,,,,,,,,,,,,,,,,,0.0146646591480188,0.0908505018884614,0.1207588149721151,0.0161155732831357,0.0536214772416274,0.2549057281003874,0.1148124825373691,0.1098677785941052,0.0003137774621022,0.0827422863759181,0.0471794749764338,0.0559876569246337,0.0381797884956916,0.0371312779110769,0.073028448093572,0.0740697324002897,0.0585054803057128,0.0269187193982247,0.2565342679696929,0.0664241711723004,0.1689376509143534,0.0007713533028098,0.117959470150239,0.0897345873006342,0.0173681541579745,0.0126166869231192,0.0289092934882365,0.077273351960642,0.0789522226651674,0.0504512961646282,0.0495614351826454,0.2380463133146537,0.0504897148038992,0.1582124924000403,0.001359926576039,0.1219109391965203,0.1034830114553117,0.016625620864452,0.0247243819277638,0.0269017435157774,0.08038410064755847,0.09126025667919073,0.0416907832511589,0.04336721060749917,0.2498287697949114,0.07724212283785624,0.14567264063616628,0.0008150191136503332,0.10753756524089246,0.08013235791079325,0.029993810649020066,0.025173619115524865,,,,,,,,,,,,,
2015-02,0.0182,0.0633780784805511,0.06959836035540179,0.06281671541509559,0.0652643847503495,-0.0470643847503495,-0.0451780784805511,0.0564,-0.0144,0.0076,-0.0103,-0.0037,0.0,-0.0313,13.34,-7.629999999999999,-0.2299309782054281,1.631625565241701,0.0414018672242111,1.2097113523521053,6.058863693535077,2.0,0.63,0.02,1.37,1.98,2.46,0.8999999999999999,2104.5,5.48925108906233,13.178631060959066,,,,,,,,,,,,,,,,,,,,,,,,,,,,,,,,,,,,,,,,,,,,,,,,,,,,,,,,,,,,,,,,,,,,,,,,,,,,,,,,,,,,,,,,,,,,,,,,,,,,,0.0148648491879886,0.0915521977632237,0.118373869361177,0.0160301869872357,0.0548322669216147,0.2586667321043239,0.1127670812783039,0.1097231303974891,0.0003495724628741,0.0847443333301527,0.0474069787760175,0.0547386069482148,0.0359501944813838,0.0364472656329923,0.0733317153801736,0.0731081030611025,0.0564323702605406,0.0293206210067032,0.2547087558830731,0.0674985732469364,0.1692860028585872,0.000798236242318,0.1199966872798481,0.0898017887872879,0.0172139051811618,0.0120559751792748,0.0284469888217864,0.0765064821288464,0.0781271034076824,0.0499065052672216,0.05022397343487,0.241233368966892,0.050253760166375,0.1584861877677933,0.0013936241823939,0.1214358474570294,0.1040250774542191,0.0162675903363409,0.0236934906085491,0.026586367880922432,0.08046346509074791,0.08986969194332063,0.040789687504999304,0.04479228712106264,0.25153628565142966,0.0768398048972051,0.1458317736746232,0.000847144295862,0.10872562268901005,0.08041128167250818,0.029406700821905832,0.023899886756402564,,,,,,,,,,,,,
2015-03,-0.0161,-0.014285708402468789,-0.01257462559131961,-0.01336123969580505,-0.013407191229864482,-0.0026928087701355175,-0.0018142915975312111,-0.0127,0.0083,-0.0079,0.0065,-0.0043,0.0,0.0206,15.29,1.9499999999999995,-0.0870314629352053,1.6880834938713285,0.1707014276846719,1.277481626344512,6.483995427264944,1.94,0.56,0.03,1.38,1.91,2.55,0.8999999999999999,2067.889892578125,-1.7396107114219572,10.444146379802222,,,,,,,,,,,,,,,,,,,,,,,,,,,,,,,,,,,,,,,,,,,,,,,,,,,,,,,,,,,,,,,,,,,,,,,,,,,,,,,,,,,,,,,,,,,,,,,,,,,,,0.0147392401239597,0.092721260358421,0.1163008316848291,0.0155820165270561,0.0520944873369275,0.2612762778699425,0.1158777201432392,0.1101639256265037,0.0003365587602556,0.0820665000104851,0.0495580769107566,0.0537517700748241,0.0355313345727993,0.0369633929664248,0.0744460353175225,0.0721357119025282,0.0580741826618247,0.0258350102637155,0.2529346213636363,0.0677152010148866,0.170724714865714,0.0007713971364337,0.1198552217261525,0.0917038540252239,0.0171973408318606,0.0116433159240761,0.0295493087019216,0.0734138013668442,0.0766670501502229,0.0511992705845546,0.0483813225695053,0.2374137513988153,0.0546329287960979,0.1617385397250832,0.0010122035912086,0.1182646834802485,0.1092266463926363,0.0164277986442639,0.0220726945985972,0.02708398059743537,0.08019369901426257,0.08836786457919339,0.04161848992447847,0.042103606723382765,0.250541550210798,0.0794086166514079,0.147542393405767,0.0007067198292993,0.10672880173896203,0.08349619244287226,0.02912563651698287,0.023082448365157535,,,,,,,,,,,,,
2015-04,0.0137,0.03646562560893729,0.042854199299011464,0.05581247364490349,0.04504409951761742,-0.03134409951761742,-0.02276562560893729,0.049,0.0233999999999999,0.0083,-0.0176,-0.01,0.0,-0.0132,14.55,-0.7399999999999984,-0.0220312844238734,1.7453777073428434,0.1993492743892932,1.2808398950131306,6.124138667806212,2.05,0.58,0.01,1.4699999999999998,2.04,2.6,0.9600000000000004,2085.510009765625,0.8520819822535275,10.69880112623871,,,,,,,,,,,,,,,,,,,,,,,,,,,,,,,,,,,,,,,,,,,,,,,,,,,,,,,,,,,,,,,,,,,,,,,,,,,,,,,,,,,,,,,,,,,,,,,,,,,,,0.0149957740024584,0.0913377494647894,0.1156359122365597,0.0156142987708021,0.0552778763398658,0.2630375587859168,0.1136590466719471,0.1096303791544045,0.0003530966904226,0.0812886471276535,0.0486705645447083,0.0548184586819049,0.0356806375285665,0.03697742336471,0.0746820161196762,0.0728583875797559,0.0579116210139567,0.0286978681990876,0.2503023211469367,0.0686228324473006,0.1682365752711251,0.0008180508835482,0.1209941548709717,0.0900033653261736,0.0176732791206671,0.01222210465609,0.030933536087271,0.0740907442683405,0.076154294142984,0.0507883212678344,0.0541042844752953,0.234518810239642,0.0549114517584225,0.1593396335022922,0.0009536731416341,0.1192387364204073,0.1059668980159618,0.016777864342338,0.0222217523375763,0.027635577818146465,0.08003683661760204,0.08821619798643321,0.0414380803508644,0.046026676338082904,0.2492862300574985,0.07906444362589006,0.14573552930927394,0.0007082735718682999,0.10717384613967751,0.0815469426289479,0.029756534048303335,0.02337483150741093,,,,,,,,,,,,,
2015-05,0.0364,0.001954534420694376,0.017057664376173287,0.0018134978373360866,0.006941898878067916,0.029458101121932086,0.034445465579305626,-0.0042,0.0181,-0.0074,-0.0086,-0.0042,0.0,0.0334,13.84,-0.7100000000000009,-0.1040309893939106,1.802827832894649,0.110324064049827,1.2943728841981803,6.002110359381785,2.12,0.61,0.01,1.5100000000000002,2.1100000000000003,2.72,0.9099999999999996,2107.389892578125,1.0491382304589791,9.556187267517192,,,,,,,,,,,,,,,,,,,,,,,,,,,,,,,,,,,,,,,,,,,,,,,,,,,,,,,,,,,,,,,,,,,,,,,,,,,,,,,,,,,,,,,,,,,,,,,,,,,,,0.0151867661841384,0.092097571173781,0.1153237333553745,0.0155417612432487,0.0525074878301431,0.2628193503732985,0.1131847891113474,0.1098004370082866,0.0003520466049743,0.0821767735556118,0.0499168890497301,0.0545501432243555,0.0365422512857094,0.0368205362375342,0.0773374379828914,0.0717036971202967,0.0561564933849516,0.0284646950867892,0.2486920161466062,0.067793054199047,0.1713723081453536,0.0007564921378413,0.1204420393406541,0.0910886440832348,0.0173164026174419,0.0120561835173574,0.0312372131519473,0.0763745691751622,0.0760574093272509,0.0515109585159098,0.0506485290410421,0.2304369042902329,0.0569972063880602,0.161585196384291,0.0009909155341266,0.1185970195066774,0.1072671014914409,0.0167871829418665,0.0215097942519913,0.027748171857873302,0.08193652611061154,0.08769494660097404,0.04106973771470337,0.04387357065265813,0.24731609027004586,0.07932501656615153,0.14758598051264374,0.0006998180923140666,0.10707194413431444,0.08275754487480193,0.029551242927887966,0.023369409685019365,,,,,,,,,,,,,
2015-06,0.038,-0.031182017120551686,-0.01640322660021387,-0.022747968436414467,-0.02344440405239334,0.06144440405239334,0.06918201712055169,-0.0259,0.0213,0.0013,0.0063,0.0032,0.0,0.0171,18.23,4.390000000000001,0.0350332182442958,1.75094409524732,0.1852862157349033,1.2472011216439594,5.640582572204411,2.35,0.64,0.01,1.71,2.3400000000000003,2.83,0.9399999999999996,2063.110107421875,-2.1011671979729973,5.248370241155231,,,,,,,,,,,,,,,,,,,,,,,,,,,,,,,,,,,,,,,,,,,,,,,,,,,,,,,,,,,,,,,,,,,,,,,,,,,,,,,,,,,,,,,,,,,,,,,,,,,,,0.01518085098665,0.0930376308131707,0.1172425697583687,0.0154347469925179,0.0511836669606237,0.2668585293787699,0.1122694902716033,0.1086544467806023,0.0003554785148082,0.0812922353568559,0.0492642295553505,0.0534196455976385,0.0358064790330398,0.0390533066769779,0.0708700507043793,0.0735949431277919,0.0560994532982725,0.0262002836234662,0.2571404858633229,0.0695498902948708,0.1707538033690162,0.0008779147641764,0.1148166869818096,0.0913044042021464,0.0175626547045483,0.012176122389221,0.032637143051919,0.0770630765546058,0.0768610285003309,0.0521895413921258,0.0493311361882897,0.2321941149649306,0.0598548666022417,0.1601178536238766,0.0010053380063722,0.1161594975751329,0.1024709448190073,0.0184943315040863,0.0216211272170805,0.028957100238515634,0.08032358602405193,0.0892328471288305,0.04124124722763873,0.04223836225745986,0.25206437673567444,0.08055808238957193,0.1465087012578317,0.0007462437617855999,0.10408947330459946,0.08101319285883474,0.02982554393542437,0.023201242879780436,,,,,,,,,,,,,
2015-07,-0.026600000000000002,0.020317699559260882,0.008624139402950037,-0.029238597205129113,-9.891941430606455e-05,-0.026501080585693938,-0.04691769955926088,0.0077,-0.0321,-0.0315,0.0249,0.0011,0.0,0.0123,12.12,-6.110000000000001,0.1795718097550525,1.777267624465506,0.2704286757220897,1.254154386404971,5.484247374562434,2.2,0.67,0.08,1.5300000000000002,2.12,2.94,1.0499999999999998,2103.840087890625,1.974202943518488,8.969427193858603,,,,,,,,,,,,,,,,,,,,,,,,,,,,,,,,,,,,,,,,,,,,,,,,,,,,,,,,,,,,,,,,,,,,,,,,,,,,,,,,,,,,,,,,,,,,,,,,,,,,,0.0154801036126875,0.0915880625402615,0.1203529220771733,0.0157815256054816,0.0489357225216963,0.2669716767866637,0.1175629508256725,0.1069909143046747,0.0003371508378567,0.07860888101893,0.0470589792923061,0.0541260523081244,0.0362050582684711,0.0394698976970218,0.0707360408709936,0.0766020780994633,0.0565494894639124,0.0245218497529039,0.2578684480348261,0.0735174439992028,0.1670405931244025,0.0009023018064014,0.1130898817725938,0.0906543853209221,0.0169995015651908,0.012048088492165,0.0339742782706908,0.0775167756262858,0.0788724793985331,0.0541209161625511,0.0436606541818507,0.2378322013479474,0.0621970658440692,0.1599779048020993,0.0010262471444177,0.1117994164428276,0.1001381443702869,0.0179837495238005,0.0209001668846394,0.029641426526800033,0.0799469596791803,0.09194249319172322,0.0421506437439817,0.03903940881881696,0.2542241087231457,0.0844258202229815,0.14466980407705884,0.0007552332628919333,0.1011660597447838,0.07928383632783836,0.0297031011323719,0.023051104548425166,,,,,,,,,,,,,
2015-08,-0.051699999999999996,-0.07425120202374813,-0.04663811489349501,-0.05680182034167691,-0.059230379086306684,0.007530379086306688,0.022551202023748135,-0.0634,0.0187999999999999,0.0005,0.0019,0.0045,0.0,-0.0008,28.43,16.310000000000002,0.2256861110409458,1.834631289489708,0.2197328295222345,1.1789500041732737,5.361040775342696,2.21,0.74,0.08,1.47,2.13,3.15,1.1500000000000004,1972.1800537109373,-6.258081825586559,-1.5568737418584333,,,,,,,,,,,,,,,,,,,,,,,,,,,,,,,,,,,,,,,,,,,,,,,,,,,,,,,,,,,,,,,,,,,,,,,,,,,,,,,,,,,,,,,,,,,,,,,,,,,,,0.0154733645298061,0.0907723267905965,0.1206248056968111,0.0154519448821031,0.0473410819519983,0.262841278973897,0.1191006903239369,0.1081675486722189,0.0003146769093766,0.0783226598783436,0.0496186371723265,0.0553894779824967,0.0365815062360882,0.0395541889783099,0.0710592419997349,0.0770916766537424,0.0578487325140429,0.023303003966477,0.2559928118753082,0.0756295548534859,0.1685926899036596,0.0009182342138715,0.1129843625833778,0.0897235762701247,0.0150071437809962,0.0122947824068684,0.0339478844189747,0.0787095290018464,0.0807992242769493,0.0548737146791561,0.0433718835261357,0.2375831697862717,0.0625140546415705,0.1598969853117933,0.0010324981085693,0.1117793840513478,0.0975664894333029,0.0162893736863784,0.0216358090777034,0.029658479309030233,0.08018036593072593,0.09283856887583426,0.042724797358434034,0.03800532314820366,0.2521390868784923,0.08574809993966444,0.14555240796255728,0.0007551364106057999,0.10102880217102306,0.07896956762525137,0.028895331816623765,0.023504032573553334,,,,,,,,,,,,,
2015-09,0.003,-0.04418865425090368,-0.02629479098285914,-0.02319895082853074,-0.031227465354097855,0.034227465354097854,0.04718865425090368,-0.0464,0.0175,-0.0197999999999999,0.0098999999999999,-0.0003,0.0,0.0382,24.5,-3.93,0.2413037985344868,1.850632327342128,0.2392713007937974,1.2212546279397165,5.53004626523661,2.06,0.64,0.0,1.42,2.06,3.29,1.2699999999999996,1920.030029296875,-2.644283128000146,-2.6497121990468497,,,,,,,,,,,,,,,,,,,,,,,,,,,,,,,,,,,,,,,,,,,,,,,,,,,,,,,,,,,,,,,,,,,,,,,,,,,,,,,,,,,,,,,,,,,,,,,,,,,,,0.0156950234284517,0.0916920882108498,0.1277516547965271,0.0156722988508656,0.0456923767064324,0.2625888447516292,0.1162852105652674,0.1066442129721816,0.0003308335726044,0.0763241050966768,0.0502655688531199,0.0537317532865645,0.0373260289088289,0.0407877737215653,0.0700295111180674,0.0746466201829408,0.0588440354281353,0.0240459164236459,0.260446574155061,0.0762479699583269,0.1657517235757281,0.0010346173107992,0.1098337455997782,0.0898577362776687,0.0153641900910085,0.0131095861572743,0.0353127565643216,0.0763917545003907,0.0790570707990505,0.0557637074840203,0.0401031927348345,0.2389369166601307,0.0627541740335638,0.1565051493625489,0.0014596861260231,0.1147228250766759,0.1021030149085221,0.0143421158159949,0.0225476359339223,0.03059851790477953,0.07937111794310264,0.09381844859283946,0.04342668058767373,0.0366138286216376,0.25399077852227364,0.08509578485238604,0.14296702863681954,0.0009417123364755666,0.10029355859104362,0.08074210667977023,0.027812686397855963,0.024327750333341832,,,,,,,,,,,,,
2015-10,0.0666,0.0661196847264538,0.04919407362593842,0.04696781831067032,0.05409385888768751,0.012506141112312498,0.0004803152735462085,0.0683,-0.0256,0.0112,0.0045,-0.0098999999999999,0.0,-0.026,15.07,-9.43,0.00884296163417,1.8970961446650887,0.0656996499440509,1.2321248164310905,5.684471877143182,2.16,0.75,0.08,1.41,2.08,3.19,1.3899999999999997,2079.360107421875,8.298311781266655,3.0380841460970087,,,,,,,,,,,,,,,,,,,,,,,,,,,,,,,,,,,,,,,,,,,,,,,,,,,,,,,,,,,,,,,,,,,,,,,,,,,,,,,,,,,,,,,,,,,,,,,,,,,,,0.0155608400162048,0.0929074709080719,0.1269436427001898,0.015948831280427,0.0471137643898953,0.2587919998566803,0.1158991862059545,0.1078601496226694,0.000444649775265,0.0766166832816867,0.0508174890760262,0.0541617400571016,0.0369335528298269,0.0400834936277921,0.0711507363433633,0.0726002266223015,0.0584133943405603,0.0242420998670191,0.2566631241412073,0.0735732413823577,0.1681857505330891,0.0010716316460347,0.1150111784333531,0.0909569901478361,0.0150931852561314,0.0129549476589538,0.0344660916968424,0.0756837756883521,0.0769017830448541,0.0557664208585102,0.0409240875841803,0.2374548978798072,0.0617053742786248,0.1574507211902555,0.0014318587931203,0.1178308075604918,0.1035374062168693,0.0145253356645614,0.02232143954353,0.030036808446946433,0.07991399431326245,0.09214855078911514,0.04337621549316584,0.03742665061369823,0.2509700072925649,0.08372593395564566,0.14449887378200466,0.0009827134048066668,0.10315288975851054,0.08177062848024387,0.027926753659264798,0.024069980010770233,,,,,,,,,,,,,
2015-11,0.0038,-0.007527017551852477,0.006784099403678745,0.0021060265559025293,0.0004543694692429323,0.0033456305307570677,0.011327017551852477,-0.0131,0.0123,-0.0229,0.0231,-0.015,0.0,0.0250999999999999,16.13,1.0599999999999987,0.127616560670507,1.9135335359607983,0.0954982337961096,1.1779886779886617,5.452381157757635,2.21,0.94,0.22,1.27,1.99,3.2,1.4000000000000004,2080.409912109375,0.0504869110334871,0.62149844026127,,,,,,,,,,,,,,,,,,,,,,,,,,,,,,,,,,,,,,,,,,,,,,,,,,,,,,,,,,,,,,,,,,,,,,,,,,,,,,,,,,,,,,,,,,,,,,,,,,,,,0.0158849183786047,0.0935192545011577,0.1269625288350945,0.0156698873637827,0.0468017696747552,0.2584723757461198,0.1160463159556748,0.1094115969853436,0.0005294807517904,0.0755781427448944,0.0514601939857906,0.0542329050203076,0.0354306300566833,0.0408577313298871,0.070595190335632,0.0742948135711303,0.0586061660907784,0.0230523025010895,0.2520671861849504,0.0750866376287292,0.1691697423813808,0.0011804853166246,0.1142274879243657,0.0934732117509458,0.0148104487966031,0.0125785961878824,0.035550795360807,0.0760440253979895,0.0766774109963218,0.0559639814868181,0.0395944806666424,0.2344236251474026,0.0641727890935133,0.1585424870110786,0.0013962187087137,0.1162685746158116,0.1054436392526006,0.0143258323006909,0.0215961399616093,0.030764481689766265,0.08005282341159307,0.09264491780084887,0.043413344980459734,0.036482850947495704,0.24832106235949092,0.08510191422597245,0.14570794212593433,0.0010353949257095668,0.1020247350950239,0.08345901499644566,0.0277897287058672,0.023201788735391665,,,,,,,,,,,,,
2015-12,-0.0059,-0.02331898955711076,-0.0015054133560518101,-0.010705733586149568,-0.011843378833104046,0.005943378833104046,0.01741898955711076,-0.0121,0.0255,-0.0127,0.0084,-0.0076,0.0001,0.0316,18.21,2.080000000000002,0.4363182169185187,1.9974275238246355,0.2538775426298434,1.1967020513407034,5.868903749290877,2.27,1.06,0.16,1.21,2.11,3.23,1.4899999999999998,2043.93994140625,-1.753018503269255,-0.7265997205823549,,,,,,,,,,,,,,,,,,,,,,,,,,,,,,,,,,,,,,,,,,,,,,,,,,,,,,,,,,,,,,,,,,,,,,,,,,,,,,,,,,,,,,,,,,,,,,,,,,,,,0.0160381846006857,0.0932974653004203,0.1254492371925145,0.0162601613740251,0.04348060421276,0.2607406387345781,0.1191975701576538,0.1074512663201793,0.0007451705500162,0.0745488314426878,0.0531000599866141,0.0536593293322755,0.036031480795589,0.039611829955094,0.0738419249859515,0.0777317859640561,0.0616597368708266,0.0241531984040051,0.251085246386037,0.0711829187109835,0.1720532999741551,0.0014082176996849,0.1075233351245841,0.0896909229200411,0.0175041387190443,0.0125534442855361,0.0353308407181533,0.0765303639070497,0.0759210539294742,0.0576257625452114,0.0364931622016053,0.2364404817111863,0.0644008160640917,0.1588697574112711,0.0013865082407469,0.1131215007990357,0.105902189918667,0.0169215562959833,0.0210560062575234,0.030326951757977668,0.08122325139780717,0.09303402569534826,0.04518188693002103,0.034708988272790134,0.24942212227726715,0.084927101644243,0.14612477456853515,0.0011799654968159998,0.09839788912210252,0.0828977242751074,0.02936167478243436,0.0232136437795495,,,,,,,,,,,,,
2016-01,-0.1131,-0.05517725506477378,-0.062462499838791485,-0.06697499553544883,-0.061538250146338035,-0.05156174985366197,-0.05792274493522623,-0.0675,-0.0056999999999999,-0.0158,0.0289999999999999,0.021,0.0001,0.0126,20.2,1.9899999999999984,0.6387247515364791,2.0715072792840905,0.3459637561779249,1.191700692994213,5.72045470062128,1.94,0.76,0.33,1.18,1.61,3.48,1.4500000000000002,1940.239990234375,-5.07353220469523,-2.744374671953509,,,,,,,,,,,,,,,,,,,,,,,,,,,,,,,,,,,,,,,,,,,,,,,,,,,,,,,,,,,,,,,,,,,,,,,,,,,,,,,,,,,,,,,,,,,,,,,,,,,,,0.016443850004956,0.0926577336650551,0.1332658389774537,0.0165903454473675,0.0453894877639508,0.2493444942146355,0.1192908429264183,0.1070170808377797,0.0003361915004512,0.0726661975171293,0.0538736462801243,0.0557583937927502,0.0373658970719279,0.0402991030958992,0.0748105418015385,0.0811372277839227,0.0611707240752228,0.0240360944071576,0.2508023791444791,0.0701007668104344,0.1705503277017,0.0013794699070464,0.1064613819678495,0.0879193341794999,0.0183737038570153,0.0129589452682341,0.0357215082282661,0.0769375295245539,0.0784161253940708,0.0575414264160211,0.037359382761827,0.2355473901798356,0.064234073459541,0.1573894039635662,0.0013876192007044,0.1122184948756243,0.1037773451980756,0.0173754228667164,0.022094277931197,0.0308214871097071,0.08146860166371583,0.09760639738514905,0.04510083197953713,0.035594988310978466,0.24523142117965005,0.0845418943987979,0.14498560416768197,0.0010344268694006667,0.09711535812020104,0.08185677521923328,0.030502506838827298,0.02413970675711967,,,,,,,,,,,,,
2016-02,0.0118,-0.03334525467933247,-0.01708287016324328,0.004616207621169988,-0.01527063907380192,0.02707063907380192,0.04514525467933247,-0.0108,0.0153,-0.0044,-0.0005,0.0129,0.0002,-0.003,20.55,0.3500000000000014,1.2375025026943876,2.145022538582464,0.8711486332691809,1.40624025609577,6.042252566665529,1.74,0.78,0.33,0.96,1.41,3.55,1.38,1932.22998046875,-0.4128360309003542,-8.185793277797583,,,,,,,,,,,,,,,,,,,,,,,,,,,,,,,,,,,,,,,,,,,,,,,,,,,,,,,,,,,,,,,,,,,,,,,,,,,,,,,,,,,,,,,,,,,,,,,,,,,,,0.0163848906644763,0.0902878187822555,0.1330157765303643,0.0184609311282938,0.0502959450263948,0.2375607088617987,0.11869043723591,0.1107526354549021,0.0005075728247846,0.0756455824748816,0.0542362384785754,0.0569817343482171,0.0371797281891452,0.0407870614415337,0.072509023764472,0.0832113126065485,0.0559249769956918,0.0241375162120693,0.2477776340006852,0.0725580568953606,0.1738270110501792,0.0015716418275794,0.1091101085430213,0.0890092806418698,0.0172849923179033,0.0122913837030852,0.0359376463013137,0.0756671838447961,0.0779853024411714,0.0593203709683817,0.0372729681831373,0.2286782369405114,0.0643515158987663,0.1567151908305785,0.0013564294754249,0.118314168013272,0.1051349595011792,0.0174294374123512,0.0218365901891158,0.03103653280244123,0.07948800879717453,0.09807079719269474,0.044568759697455766,0.037235476473867136,0.2380055266009984,0.08520000334334564,0.14709827911188658,0.0011452147092629666,0.10102328634372497,0.08279349287387479,0.0305653880261572,0.023769234027115397,,,,,,,,,,,,,
2016-03,0.0796,0.06582156662024397,0.08190295747258647,0.07303204317580647,0.07358552242287897,0.006014477577121036,0.013778433379756039,0.0701,0.0166,-0.0019,0.0097,-0.013,0.0002,-0.0133,13.95,-6.600000000000001,0.8472775790126619,2.222573822094165,0.640330493157748,1.4658859681907055,5.712584292280343,1.78,0.73,0.21,1.05,1.57,3.12,1.31,2059.739990234375,6.599111444005845,-0.3941168421491281,,,,,,,,,,,,,,,,,,,,,,,,,,,,,,,,,,,,,,,,,,,,,,,,,,,,,,,,,,,,,,,,,,,,,,,,,,,,,,,,,,,,,,,,,,,,,,,,,,,,,0.0166350734058725,0.0915486474955601,0.1322038632531343,0.0180061724444034,0.0501566213920791,0.2393347395189658,0.1148373330092808,0.111812918970088,0.0003214277089504,0.0777110179222199,0.0545397094124257,0.0557586503604397,0.0371338251065798,0.0417920956735226,0.0722979419511126,0.0838939204110268,0.0545497589455114,0.0247137466811862,0.2472893901148502,0.0681650979021053,0.1771219036567188,0.0014609603146652,0.1110748734567766,0.08850301915955,0.0173772713088829,0.011760020424091,0.0363791431639873,0.0771583765160656,0.0789317944049071,0.051859152388853,0.0421643902435801,0.2314661510794545,0.0608229599388407,0.1527756237266695,0.0013900902414533,0.1269509722420359,0.1019126980435114,0.0157061981863329,0.0224824498243082,0.031602104081127465,0.0803349886542461,0.0983431926896894,0.041471694592922596,0.039011586105615136,0.2393634269044235,0.08127513028340894,0.14723681545115877,0.0010574927550229668,0.1052456212070108,0.08165180887182903,0.029614039951885166,0.023792098451659666,,,,,,,,,,,,,
2016-04,0.018500000000000003,0.022218346946281553,0.011847399020534555,0.0301992865358649,0.02142167750089367,-0.002921677500893668,-0.0037183469462815505,0.0325,0.0066,0.0295,-0.0202,0.009,0.0001,-0.0232,15.7,1.75,0.8916160965521946,2.142426948557663,0.6855104733630268,1.457447911267762,6.218698880080531,1.83,0.77,0.22,1.06,1.61,2.86,1.17,2065.300048828125,0.2699398283332543,-0.9690656406761256,,,,,,,,,,,,,,,,,,,,,,,,,,,,,,,,,,,,,,,,,,,,,,,,,,,,,,,,,,,,,,,,,,,,,,,,,,,,,,,,,,,,,,,,,,,,,,,,,,,,,0.0165176539026021,0.0889225801867296,0.1294841298163422,0.0171061365870204,0.0529585364175476,0.2410480911111126,0.1160103921113572,0.111621238592766,0.000314830039681,0.0815085820300319,0.0527891838323732,0.0546079696091636,0.037110675763272,0.0413612930967557,0.0718960118661255,0.0819954593897342,0.0534283562535128,0.0269539604700853,0.2479669474020838,0.0683855405816175,0.1780133967624138,0.0014384586864006,0.1139396793070282,0.0854343317171861,0.0173748183094468,0.0118117461576093,0.0340587323450689,0.0763530917869508,0.0787976638866689,0.0479574349900496,0.04657595921566,0.2291546260294655,0.0595514674655807,0.1540597434800949,0.001365029113109,0.1367124969678827,0.0972971257417615,0.0153964736018569,0.02272015537585,0.030645893114808902,0.07905722794660196,0.09675908436424845,0.03949730927686093,0.042162818701097636,0.23938988818088727,0.08131580005285181,0.1478981262784249,0.0010394392797302002,0.11072025276831428,0.07850688043044027,0.029126420506822435,0.02388085909891043,,,,,,,,,,,,,
2016-05,0.0218,-0.0008559372911427499,0.017661895978295483,-0.0036383978828352648,0.004389186934772489,0.01741081306522751,0.02265593729114275,-0.0092,0.0032,-0.0202,0.0108,-0.0133,0.0001,0.0297,14.19,-1.5099999999999998,1.1726257503534845,2.156654761214183,0.9259068531526138,1.5199486797450534,6.596623893731279,1.84,0.87,0.34,0.97,1.5,2.84,1.0299999999999998,2096.949951171875,1.5324602525288444,-0.4953967674903303,,,,,,,,,,,,,,,,,,,,,,,,,,,,,,,,,,,,,,,,,,,,,,,,,,,,,,,,,,,,,,,,,,,,,,,,,,,,,,,,,,,,,,,,,,,,,,,,,,,,,0.0166108797031888,0.0888486686403482,0.1313696946077495,0.0172981820754101,0.0502008122981944,0.240711132934299,0.1171029476344058,0.1127269911549296,0.0002911469054019,0.0787848454516915,0.0541503550930191,0.0550699026683919,0.0368344408329698,0.0418069229663957,0.0715544983108791,0.0843453949563165,0.0548538870810035,0.0255383195303972,0.2448631931315658,0.0708827086942532,0.1775537147202523,0.0014473604727731,0.1133426406833114,0.0861459615518124,0.0149804815286735,0.0126849163723659,0.0383694542767941,0.0754538159518732,0.0794545904796607,0.0494323155410212,0.0444915446555028,0.226990381050073,0.0610698885607249,0.154242910002981,0.0013657774311337,0.1318008349059959,0.0988444011839404,0.0153863282200308,0.0230977577402678,0.0322624189821262,0.0786189943010335,0.09838989334790889,0.04052812823247826,0.0400768921613648,0.23752156903864594,0.08301851496312797,0.14817453862605431,0.0010347616031028998,0.10797610701366626,0.07971357260959062,0.028478904139032066,0.02420570498186783,,,,,,,,,,,,,
2016-06,-0.0458,-0.02419395923705825,-0.046252897280345096,-0.020527875530329198,-0.030324910682577515,-0.015475089317422485,-0.02160604076294175,-0.0327999999999999,0.0113999999999999,-0.0144999999999999,0.0227,0.0231,0.0002,0.0647,15.63,1.4400000000000013,1.0784764621246223,2.254559597497608,0.8486853596638255,1.5687328193787042,6.838248794084745,1.49,0.58,0.26,0.91,1.23,2.92,1.0300000000000002,2098.860107421875,0.0910921240124373,1.7328207482185445,,,,,,,,,,,,,,,,,,,,,,,,,,,,,,,,,,,,,,,,,,,,,,,,,,,,,,,,,,,,,,,,,,,,,,,,,,,,,,,,,,,,,,,,,,,,,,,,,,,,,0.0162033552303224,0.0843848077004615,0.1380796577954196,0.0167387944978486,0.0561631867626527,0.2253636580393614,0.1233054375498212,0.1125245372592029,0.0002681147865237,0.079338077651579,0.0553757192008452,0.0547060496346884,0.0375486038912728,0.0443410185236615,0.0700106487685988,0.0849757364306789,0.0537797762636143,0.0230131772987015,0.250460704124156,0.0738764272689734,0.1698007291172468,0.0016477606794204,0.114427018902819,0.0862158194750742,0.0149306020563883,0.0125205810906662,0.0380732617576451,0.0740080815020528,0.0805998793205012,0.0470338765607932,0.0471435614611662,0.2227566442096901,0.0648413435226771,0.1490014066901846,0.0012677316526234,0.1372638127404374,0.0985640295116151,0.0147292095423206,0.0247171615282927,0.032872545170543,0.0761345126570377,0.10121842451553324,0.03918414910741869,0.04210664184084014,0.23286033545773585,0.08734106944715724,0.1437755576888781,0.0010612023728558335,0.11034296976494513,0.08005185606251149,0.02812195374446577,0.02492878217007723,,,,,,,,,,,,,
2016-07,0.0637,0.039770877056444665,0.051802941091920296,0.0496291963706994,0.04706767150635479,0.016632328493645217,0.023929122943555342,0.0503,0.0017,0.0222,-0.0001,-0.0116999999999999,0.0002,-0.0111,11.87,-3.7600000000000016,1.0792865347959424,2.2622116465067066,0.8296074490339977,1.5524039553270974,6.897498170204264,1.46,0.67,0.28,0.7899999999999999,1.18,2.71,0.94,2173.60009765625,3.5609800753315435,3.315841834517408,,,,,,,,,,,,,,,,,,,,,,,,,,,,,,,,,,,,,,,,,,,,,,,,,,,,,,,,,,,,,,,,,,,,,,,,,,,,,,,,,,,,,,,,,,,,,,,,,,,,,0.016120530885957,0.0891151640972871,0.1309124136922008,0.0170977108541507,0.0526714692236727,0.2300432372425863,0.1218987041795851,0.1142197114026225,0.0002685345366427,0.0809323630076135,0.0575046687159906,0.0525729043482175,0.0366425878134728,0.0434169682244097,0.0702863686681828,0.082663358174809,0.054191850358319,0.0213811745624389,0.24982398306612,0.0721829036491612,0.1692024238202423,0.0015691070434735,0.1191830882692747,0.0891672137484378,0.0148868127747922,0.012044747640338,0.0395216413840979,0.0738131537127134,0.0788615755270539,0.0467970126695648,0.0441469650057961,0.2235089179386062,0.063465409301721,0.1485910844841306,0.0013013223839625,0.1427479412527285,0.0979424532190116,0.0148789200982519,0.0244236030223612,0.033019713498154864,0.07773822882606111,0.09747911579802125,0.0393621912940115,0.039399869597302566,0.23445871274910415,0.08584900571015576,0.14400440656899846,0.0010463213213595666,0.11428779750987224,0.08153811189448,0.0274462124070872,0.024370312825390667,,,,,,,,,,,,,
2016-08,0.004,0.0053408694808088075,0.0017732535286423268,-0.005219615653380472,0.0006315024520235543,0.0033684975479764457,-0.0013408694808088074,0.0009,-0.0003,0.0247,-0.0116999999999999,-0.0068,0.0002,-0.0411,13.42,1.5500000000000007,0.8683633430518256,2.1701399624842965,0.7550842682239489,1.5993318072140106,7.001740283417579,1.58,0.8,0.33,0.78,1.25,2.61,0.9200000000000004,2170.949951171875,-0.1219242899019312,10.078689168715794,,,,,,,,,,,,,,,,,,,,,,,,,,,,,,,,,,,,,,,,,,,,,,,,,,,,,,,,,,,,,,,,,,,,,,,,,,,,,,,,,,,,,,,,,,,,,,,,,,,,,0.0163561415734048,0.0905263286067176,0.1289372475692492,0.0167646795985417,0.0517539448013597,0.2367758860762183,0.114654221709925,0.1149519391626743,0.0002851833325253,0.0836746272758234,0.0579937859027463,0.0520509345932837,0.0352750797975302,0.0435420045435295,0.0714033173979864,0.0797585343294412,0.0542590069799104,0.0219084947354544,0.2502263802831194,0.0680192180782609,0.1712722175464601,0.0015264597066817,0.1209275508823975,0.0903153425588684,0.0150453082366965,0.0117961647211931,0.0396488477013248,0.0751667394821267,0.0770974691294454,0.0465603005875101,0.0479194949609835,0.2247807544811254,0.0624561710584652,0.1486811224276503,0.0012580746283468,0.1383496452174416,0.0990400339819845,0.0146749341195805,0.0243664122240147,0.03318233127275303,0.07903212849561024,0.0952644170093786,0.039194662388654065,0.04052731149926586,0.23726100694682103,0.08170987028221703,0.14496842637892823,0.0010232392225179333,0.11431727445855418,0.08244972081453307,0.027257058983186897,0.023812552247579333,,,,,,,,,,,,,
2016-09,0.0764,0.013367831832194588,0.03067838290372027,0.02886034468186871,0.024302186472594522,0.05209781352740547,0.06303216816780541,0.0159,0.0209,-0.0045,0.0002,0.0085,0.0002,0.0281,13.29,-0.1300000000000007,1.0553158595656864,2.3087345614186683,0.8882104659263312,1.6969584569733076,7.246532364597091,1.6,0.77,0.29,0.8300000000000001,1.31,2.69,0.8999999999999995,2168.27001953125,-0.1234451139317305,12.92896394569838,,,,,,,,,,,,,,,,,,,,,,,,,,,,,,,,,,,,,,,,,,,,,,,,,,,,,,,,,,,,,,,,,,,,,,,,,,,,,,,,,,,,,,,,,,,,,,,,,,,,,0.0160028837010532,0.0889568267107065,0.1325578008829751,0.0170210904027243,0.0527001306117672,0.2315112012123158,0.1136385499310536,0.115504018951778,0.0005524534430387,0.0852096433205779,0.0597100602738951,0.0514101629365272,0.035225177621587,0.0435121600602087,0.0712954682158845,0.0823853688817487,0.0540947151627129,0.0223162488212426,0.2439489199991433,0.0703666866682297,0.1720064379628767,0.0017731174264566,0.1199846957446074,0.0904176826422907,0.0148379890972314,0.0130605093173662,0.0340328017991817,0.0729679447885606,0.0765877924812133,0.0466264362027867,0.0473726024783705,0.2271885020286211,0.0649700335757168,0.1493528054568479,0.0034968275333867,0.1400041409560392,0.0987743756915061,0.013674610587921,0.0249511264198479,0.031182615186814533,0.07774007990505054,0.09717698741531237,0.0392474139227413,0.04079632730379343,0.23421620774669338,0.08299175672500003,0.14562108745716754,0.0019407994676273333,0.11506616000707483,0.08296737286923063,0.026640920873893203,0.024412271119600367,,,,,,,,,,,,,
2016-10,-0.0718,-0.02215486761345975,-0.02881161035184243,-0.029538951864803042,-0.02683514327670174,-0.044964856723298266,-0.04964513238654025,-0.0167,0.0054,0.0512,-0.0231,0.0133,0.0002,-0.0158,17.06,3.77,1.5486446201652182,2.271120682569183,1.2197749212634612,1.6852545372237682,7.236793467992997,1.84,0.86,0.34,0.98,1.5,2.61,0.8700000000000001,2126.14990234375,-1.942567890903446,2.2502016247627266,,,,,,,,,,,,,,,,,,,,,,,,,,,,,,,,,,,,,,,,,,,,,,,,,,,,,,,,,,,,,,,,,,,,,,,,,,,,,,,,,,,,,,,,,,,,,,,,,,,,,0.01556009237558,0.0922655405049597,0.1230736190229893,0.0166075734826589,0.0541933135803333,0.2410171567563997,0.1083495077728588,0.1165197566635891,0.0004966678725883,0.0869801079821754,0.058789972426238,0.0509098814417329,0.0352368101178962,0.0441165417816626,0.0730016028725799,0.0829520147214535,0.0530368939042646,0.0231216592834631,0.2437793896722416,0.0677445328897415,0.1726237946982935,0.0021117276361756,0.1207867184113232,0.0889409826420289,0.0146724313897212,0.0131117100970502,0.0331298674078135,0.0731245949888246,0.0769443653769838,0.0454811991780748,0.0474810466176952,0.229063354668984,0.0626343105694432,0.1501840476204216,0.0039277403659555,0.1409702513921845,0.0977773253939206,0.0136790291183417,0.0256028673013563,0.030935500521685366,0.07946391278878807,0.09432333304047553,0.038375222188332773,0.0415986731604972,0.23795330036587511,0.07957611707734784,0.1464425329941014,0.0021787119582398,0.1162456925952277,0.08183609348739583,0.026420447316598605,0.024650462505434234,,,,,,,,,,,,,
2016-11,-0.0374,-0.01781383303457884,-0.025343526128204785,-0.021741202566577522,-0.02163285390978705,-0.015767146090212954,-0.019586166965421162,-0.022,-0.0013,0.0285,-0.0176,0.0089,0.0001,-0.0424,13.33,-3.729999999999999,1.685924966243646,2.2045551507991146,1.427003293084517,1.7824083597317797,7.342211170369395,2.37,1.11,0.48,1.26,1.89,2.45,0.8500000000000001,2198.81005859375,3.4174521829295035,5.6911931535803095,,,,,,,,,,,,,,,,,,,,,,,,,,,,,,,,,,,,,,,,,,,,,,,,,,,,,,,,,,,,,,,,,,,,,,,,,,,,,,,,,,,,,,,,,,,,,,,,,,,,,0.0153355394165518,0.0923117377042827,0.1183786207174136,0.017054021949082,0.0554218528021215,0.2492598890432635,0.1064677586433756,0.117577478033431,0.0004452330453529,0.0881035208153032,0.0582245553813838,0.0478115656050884,0.0336082268433495,0.0432728680376415,0.0736519922394554,0.0802175461539348,0.0525347385700813,0.0242363054697978,0.2456181982912423,0.0661309095043233,0.1742615115496014,0.0015325879830783,0.12267334351315,0.0885458781277874,0.0138909305878092,0.0134331899720967,0.0328261238231535,0.0716296332229695,0.0745558623955694,0.0445582195258189,0.0552795670390487,0.2286792708667316,0.0603176811132533,0.1516383332181387,0.0038365203194383,0.1418812914318465,0.0970376057352918,0.0128467492983561,0.0249131420103832,0.030478177092448933,0.07919778772223586,0.09105067642230592,0.0380489933483274,0.04497924177032267,0.2411857860670791,0.07763878308698406,0.14782577426705704,0.0019381137826231666,0.11755271858676657,0.08126934641482099,0.02484974849708457,0.023984852941943136,,,,,,,,,,,,,
2016-12,0.015700000000000002,0.027062975345396145,0.019572133881010423,0.010756513268255885,0.01913054083155415,-0.0034305408315541477,-0.011362975345396143,0.0279,-0.0095,0.0185,-0.0025,0.0058,0.0003,-0.0207,14.04,0.7099999999999991,1.6843334719788938,2.1454219398053587,1.3974040886628902,1.7188591624542893,7.239587561906324,2.45,1.2,0.51,1.2500000000000002,1.94,2.28,0.7700000000000005,2238.830078125,1.8200762441865856,9.535022667283656,,,,,,,,,,,,,,,,,,,,,,,,,,,,,,,,,,,,,,,,,,,,,,,,,,,,,,,,,,,,,,,,,,,,,,,,,,,,,,,,,,,,,,,,,,,,,,,,,,,,,0.0156536666993663,0.0922552702598307,0.1169295766646439,0.0167278213434964,0.058136076880008,0.2495268134932232,0.106579405308054,0.1159752364766808,0.0001255182951126,0.0881348545971731,0.057674435784,0.0484941234896275,0.0337872007087831,0.0423962701513677,0.0760762154801617,0.0782913595665777,0.0535143413615677,0.0258463579029041,0.2476059521747799,0.0652726727448134,0.1716859207318863,0.0015260169551772,0.1212582351092686,0.0882917243701202,0.0131790721875773,0.0150558612637977,0.0337222801196034,0.0720245176141438,0.0740759145682146,0.0450828256393458,0.0519079538084558,0.2302999610227862,0.0602320488891172,0.1521515302202174,0.0039341780381024,0.1405537036413282,0.0975816145561917,0.012845139720537,0.025588332161956,0.03059073899011247,0.08011866778471206,0.0897656169331454,0.03844166278146997,0.04529679619712263,0.24247757556359642,0.0773613756473282,0.14660422914292817,0.0018619044294640667,0.1166489311159233,0.08118259157010398,0.0248394451325806,0.024810464711512267,,,,,,,,,,,,,
2017-01,0.0562,0.032911564248321756,0.038322522539594894,0.047963578545084706,0.039732555111000455,0.016467444888999545,0.023288435751678244,0.0356,0.0139999999999999,0.0085,-0.0048,0.0043,0.0004,0.0287,11.99,-2.049999999999999,2.0507989115119862,2.197123661300271,1.6571581021178838,1.770093227647962,6.837317059388592,2.45,1.19,0.52,1.2600000000000002,1.93,2.23,0.7400000000000002,2278.8701171875,1.7884358198382522,17.453002136721206,,,,,,,,,,,,,,,,,,,,,,,,,,,,,,,,,,,,,,,,,,,,,,,,,,,,,,,,,,,,,,,,,,,,,,,,,,,,,,,,,,,,,,,,,,,,,,,,,,,,,0.015580188320662,0.0916465266394091,0.1159535431468301,0.0165925746141958,0.0561309120149113,0.2511322964195157,0.1051597177321347,0.1171011788618601,0.0,0.0910641586205923,0.0581787937768144,0.0485223612824415,0.0329377485706326,0.0421896578846883,0.0749937076766657,0.0768257825599727,0.0520872809870856,0.0253679143008624,0.2468682431505607,0.0641082151331886,0.1732950305744846,0.0026425799676907,0.1243209868942884,0.0892397934264475,0.0133294022995645,0.0147314051444998,0.0333738630128443,0.0706188062580844,0.0732359835434546,0.0445414522702951,0.0484159092126957,0.2299165112416646,0.0584707281504503,0.1528437378833092,0.0052736829658403,0.1462683831965889,0.0986648665127389,0.0128597862030531,0.0255162895489801,0.030381236406064865,0.07908634685805306,0.0886717697500858,0.03774043595719217,0.043304911842823125,0.242639016937247,0.07591288700525786,0.1477466491065513,0.0026387543111769996,0.12055117623715654,0.0820278179053336,0.024903849928353036,0.024395147754704166,,,,,,,,,,,,,
2017-02,0.0433,0.011906965166558425,0.02028985033921593,0.016338429904028118,0.016178415136600826,0.027121584863399172,0.03139303483344157,0.0077,0.0076,-0.0072,0.0113,-0.0039,0.0004,-0.0155,12.92,0.9299999999999996,2.510393348257112,2.2502092221020176,2.0052104701731244,1.863334939067518,6.368175100850748,2.36,1.22,0.53,1.14,1.83,2.19,0.6899999999999995,2363.639892578125,3.719816006681631,22.327047839549465,,,,,,,,,,,,,,,,,,,,,,,,,,,,,,,,,,,,,,,,,,,,,,,,,,,,,,,,,,,,,,,,,,,,,,,,,,,,,,,,,,,,,,,,,,,,,,,,,,,,,0.015773534363443,0.090404363313624,0.1184639776713296,0.0164624570151419,0.054110142910065,0.2492924172598205,0.1084290401008559,0.1168798709786133,0.0,0.0894881395303262,0.0591361826982016,0.0480331957419206,0.033526678416658,0.0422841950459491,0.0746456630518309,0.0777601450462878,0.0515462169358373,0.0241876609735289,0.2464598051514155,0.0648530556735806,0.1723873467378963,0.0026807120340441,0.1249082660087021,0.0904262885877269,0.0131706804118973,0.0146899643413026,0.0334016394818797,0.0703003972946269,0.0737407891440501,0.0442753620186802,0.046666650014635,0.2306259979083539,0.0602621364579461,0.1520749249754725,0.0039751985323341,0.1438049669990818,0.1023920676234941,0.0126322237329368,0.0258476458165082,0.0304864562970906,0.07845014122002726,0.08998830395388917,0.03742801198988647,0.041654817966076306,0.24212607343986328,0.07784807741079419,0.14711404756399404,0.0022186368554594,0.11940045751270335,0.08398484630314086,0.0246120332955849,0.024688096191489598,,,,,,,,,,,,,
2017-03,0.031400000000000004,0.032316515867573115,0.025378886982624138,0.025708645419474596,0.02780134942322395,0.003598650576776056,-0.0009165158675731103,0.0302,-0.0108,-0.0086,0.012,-0.0014,0.0003,0.0046,12.37,-0.5500000000000007,2.8103616813294208,2.2353468290497336,2.1971368464261958,1.867275108455435,6.275041852125129,2.4,1.27,0.76,1.13,1.64,2.24,0.6699999999999999,2362.719970703125,-0.0389197135269414,14.709622666221778,,,,,,,,,,,,,,,,,,,,,,,,,,,,,,,,,,,,,,,,,,,,,,,,,,,,,,,,,,,,,,,,,,,,,,,,,,,,,,,,,,,,,,,,,,,,,,,,,,,,,0.0155092647020155,0.090127390351266,0.1183890184488447,0.0167873213896049,0.0540536059946665,0.2495166657550697,0.1072681060693399,0.1179778755456944,0.0,0.088507873880466,0.060198714132308,0.0472748577342678,0.034389305996456,0.0427292373329213,0.0742789239824299,0.0769731180641856,0.0523942938874309,0.0235754474765208,0.2439569369624577,0.0670880538165715,0.1725441582840917,0.0026248061888703,0.123230296538234,0.0919018297942491,0.013023736867647,0.0156791608043897,0.0342289766871762,0.0721430965495646,0.0756134602680527,0.0463943014170002,0.0452621176138037,0.2252291086382722,0.0622942430183067,0.1522865090894978,0.0038445740626967,0.1353368906311778,0.1078723674438841,0.0134351664722462,0.0260591881083206,0.030822492907371,0.0788498036277535,0.09032519892702767,0.03852530556467867,0.040963723694997005,0.2395675704519332,0.07888346763473937,0.1476028476397613,0.0021564600838556666,0.11569168701662595,0.0866576371234804,0.02457792035805367,0.0253758849697221,,,,,,,,,,,,,
2017-04,0.0458,0.02424162471646185,0.04211290327023387,0.027569387188960626,0.031307971725218785,0.014492028274781216,0.02155837528353815,0.0277,-0.006,-0.0064,0.0092,-0.006,0.0005,-0.001,10.82,-1.549999999999999,2.44119623655914,2.045845481938735,1.9063610209576696,1.6786546242183895,6.332432987410952,2.29,1.28,0.8,1.01,1.49,2.28,0.7000000000000002,2384.199951171875,0.9091208748854608,15.440850956484375,,,,,,,,,,,,,,,,,,,,,,,,,,,,,,,,,,,,,,,,,,,,,,,,,,,,,,,,,,,,,,,,,,,,,,,,,,,,,,,,,,,,,,,,,,,,,,,,,,,,,0.0156808116121154,0.0909321898914921,0.1162214360960578,0.0171123910849055,0.0523749191639242,0.2519558059395813,0.1078136878185447,0.1198873664340822,0.0,0.08789190009747,0.0602912261447882,0.0461832987939218,0.0336549669231164,0.0431599454438702,0.074068843724381,0.07637852545444,0.0535740871952839,0.0223875181159099,0.241957036729792,0.0680776046867961,0.1747179090474986,0.0027560456206797,0.1222369523117015,0.0928143680481628,0.0126137024978344,0.0152574611236495,0.0341805786956154,0.0721299395149549,0.0760432542540869,0.0477218706873922,0.0431129845280808,0.2249340829979895,0.063563901562007,0.1556283899486096,0.0037670228937566,0.1328990825527032,0.1077705867602406,0.013031274019653,0.0252170315849099,0.031007111917200333,0.079043657710276,0.08954773860152825,0.03946944965586053,0.03929180726930497,0.23961564188912096,0.07981839802244926,0.15007788847673012,0.0021743561714787666,0.11434264498729156,0.0869587269843972,0.0239427584371364,0.02470981987722527,,,,,,,,,,,,,
2017-05,0.0567,0.035423351797769786,0.03278988519139281,0.020762344202531313,0.02965852706389797,0.02704147293610203,0.021276648202230214,0.0352,-0.0027,-0.0175,0.0162,-0.0044,0.0006,0.0031,10.41,-0.4100000000000001,2.176223471915395,1.8965650108902388,1.76747318686028,1.6368213459441172,6.1091405612405,2.21,1.28,0.98,0.93,1.23,2.23,0.6999999999999997,2411.800048828125,1.1576251246328662,15.014669161765015,,,,,,,,,,,,,,,,,,,,,,,,,,,,,,,,,,,,,,,,,,,,,,,,,,,,,,,,,,,,,,,,,,,,,,,,,,,,,,,,,,,,,,,,,,,,,,,,,,,,,0.0155792901224199,0.0885365339479409,0.1226223376067428,0.0173158296715322,0.052282862059769,0.2452213911293646,0.1099962959853397,0.1196279450465038,0.0,0.0828452778802737,0.0625560638815641,0.0484004657569029,0.0350157069116459,0.0436880017788334,0.0725506315753898,0.0776211689278466,0.0547008338864107,0.0217499284899266,0.2385311198244525,0.0691840111682155,0.1737230929813759,0.0029428931285047,0.1194356207344698,0.0959068862715511,0.013481048463344,0.016484762769679,0.0344893618619279,0.0719066331664705,0.0755980208508448,0.0473533445129619,0.0416085892187958,0.2244464279348716,0.0631061793845115,0.1563677078362529,0.0038008802791195,0.1315745375066553,0.110346224961786,0.0137501221265033,0.0256519703592986,0.0312522179210604,0.07766459956326706,0.09194717579514473,0.0397900026903016,0.03854712658949714,0.23606631296289624,0.08076216217935557,0.14990624862137755,0.0022479244692080666,0.11128514537379959,0.08960305837163374,0.025210545448916735,0.025717480013541166,,,,,,,,,,,,,
2017-06,-0.0191,0.002960263133136465,0.005977599910459652,0.011912286901812674,0.00695004998180293,-0.02605004998180293,-0.022060263133136464,0.0034999999999999,0.0138,0.0118,-0.01,0.0027,0.0006,0.0131,11.18,0.7699999999999996,1.856343166761976,1.7370931912259246,1.557772049759043,1.545521142810613,5.990470239025147,2.31,1.38,1.03,0.9300000000000002,1.28,2.09,0.69,2423.409912109375,0.4813775207812565,15.46314609248347,,,,,,,,,,,,,,,,,,,,,,,,,,,,,,,,,,,,,,,,,,,,,,,,,,,,,,,,,,,,,,,,,,,,,,,,,,,,,,,,,,,,,,,,,,,,,,,,,,,,,0.0155177948489851,0.0862812498219785,0.1214025712803725,0.0169790679274225,0.0510150297793668,0.2517360146758794,0.1083999807938996,0.1210604588525455,0.0003919450042768,0.0831142421760399,0.063531171004996,0.0460304475771094,0.0345400262571274,0.0450024463180926,0.0730060881134462,0.0783908546694011,0.0547844559775569,0.0208303415047523,0.2438823817050858,0.065664369842139,0.1727944988641958,0.0032187773613954,0.1203411907278816,0.0924678026494389,0.0135434557632728,0.0160733365033412,0.0337000863626331,0.0721223161110607,0.0764158548392378,0.0475086869829707,0.0406154128445517,0.2274602702256794,0.0631326295105002,0.1567551768727819,0.0039162361836606,0.1314642144479066,0.1077376958586903,0.0140305513984498,0.0251408683618768,0.03140677584323693,0.07713655134882846,0.0920697602630038,0.0397574036293167,0.03748692804289027,0.2410262222022149,0.07906566004884626,0.15020337819650773,0.0025089861831109335,0.11163988245060937,0.08791222317104173,0.024534818246277332,0.025251410374115133,,,,,,,,,,,,,
2017-07,0.04,0.026533663354973536,0.03405956123751985,0.03616349173684763,0.032252238776447006,0.007747761223552994,0.013466336645026465,0.0321,0.0027,0.02,-0.0139999999999999,0.0113,0.0007,0.0154,10.26,-0.92,1.640565809959127,1.6991193342490218,1.4655479277905004,1.576443802980099,5.664267652207733,2.3,1.34,1.07,0.9599999999999996,1.2299999999999998,2.06,0.6899999999999995,2470.300048828125,1.934882600110188,13.650162764153384,,,,,,,,,,,,,,,,,,,,,,,,,,,,,,,,,,,,,,,,,,,,,,,,,,,,,,,,,,,,,,,,,,,,,,,,,,,,,,,,,,,,,,,,,,,,,,,,,,,,,0.014990873807589,0.0862936497369258,0.1210715834743567,0.0164168858220766,0.0522104895763354,0.2558682428505502,0.1042492374929975,0.1198483464738918,0.0001899241516247,0.0846964627817524,0.0635772153723056,0.0462806539914089,0.0343064344681849,0.0448529736807492,0.0743390444274907,0.0776853896880311,0.0543231331289787,0.0209710471204923,0.2454238481285089,0.0648581949835252,0.1710477538800112,0.0035185518561881,0.1203784324342981,0.0925622905786721,0.0140772086977227,0.015962131395331,0.0335162639232191,0.0747432466184298,0.0695158975975237,0.050468561361878,0.0325906759858459,0.2207130393290706,0.06642770046827,0.1665895227194037,0.0033064577860443,0.1398574138570641,0.1021833965761079,0.0147217251481403,0.0253660986290021,0.031120037137185766,0.07845864692761544,0.08942429025330384,0.0404028601043111,0.03525740422755786,0.24066837676937658,0.07851171098159758,0.15249520769110222,0.0023383112646190333,0.11497743635770485,0.08610763417569518,0.02502652927909063,0.025211554830839335,,,,,,,,,,,,,
2017-08,-0.0115,-0.0004481002361171882,0.00718939015083242,0.009372514149750266,0.0053712680214885,-0.0168712680214885,-0.011051899763882812,0.0024,0.0056,-0.003,0.0115,0.0029,0.0009,0.0132,10.59,0.33,1.7251073506566073,1.6769627444729984,1.4856317748266346,1.5031107592688553,5.662993052920173,2.12,1.33,1.01,0.79,1.11,2.14,0.6799999999999997,2471.64990234375,0.0546433019853243,13.851077083078668,,,,,,,,,,,,,,,,,,,,,,,,,,,,,,,,,,,,,,,,,,,,,,,,,,,,,,,,,,,,,,,,,,,,,,,,,,,,,,,,,,,,,,,,,,,,,,,,,,,,,0.0146543908223594,0.0865613102671891,0.1215448210268775,0.016214570145416,0.0523572360088679,0.2511636169264495,0.1038043090488719,0.1218961560481188,0.0002955414757567,0.0863488208124088,0.0639297008379017,0.045757924888376,0.0354716016914062,0.0451540929356706,0.0732813028521328,0.0788612903166133,0.0535782216195992,0.0203640483650814,0.2439540678690709,0.0646795766831145,0.1723423238789744,0.0034311399429642,0.1212316862297391,0.0927270398024614,0.0139269123283604,0.0164682971762172,0.0342904492800004,0.0661164479414803,0.0768089830400528,0.0465207730603931,0.0319419375476861,0.2287462831063514,0.066025019696628,0.1687148253940495,0.0033578048837186,0.1305821654614857,0.1061693842983664,0.014774043717802,0.0259518825719851,0.031366311012676805,0.07531968702026741,0.09240503146118119,0.0387711882751361,0.03488774064054514,0.24128798930062392,0.07816963514287147,0.15431776844038092,0.0023614954341465,0.11272089083454455,0.08760870831290984,0.02481962697817947,0.02596392714653617,,,,,,,,,,,,,
2017-09,0.0452,0.02361731131328737,0.02921637706502178,0.020524782033041422,0.02445282347045019,0.020747176529549806,0.021582688686712627,0.0215,-0.0001,0.0098999999999999,-0.0053,0.0056,0.0009,0.0086,9.51,-1.08,1.92812155729698,1.6552412618799472,1.5719087318108338,1.433593710424197,5.450472297281683,2.33,1.47,1.06,0.8600000000000001,1.27,2.0,0.6699999999999999,2519.360107421875,1.9302978562167672,16.1921755467765,,,,,,,,,,,,,,,,,,,,,,,,,,,,,,,,,,,,,,,,,,,,,,,,,,,,,,,,,,,,,,,,,,,,,,,,,,,,,,,,,,,,,,,,,,,,,,,,,,,,,0.0146694280419569,0.0881075666128028,0.1182389006297426,0.0164157156964522,0.0547091057359188,0.2504093527442053,0.1034790375431857,0.1238454217875932,0.0003093855945621,0.0858872793734844,0.06562487954616,0.0441772806671114,0.0341266460268239,0.0462028864285649,0.0756147538191788,0.0770162634299493,0.0532700088859873,0.0219135260628634,0.2412817660475228,0.0637397205673973,0.1712851460533029,0.0044566922466961,0.1228416657918117,0.0920608638915698,0.0139886595317133,0.0163280472434418,0.034672799717834,0.0720331071902777,0.0705287140860184,0.0435933929602028,0.0323566567102891,0.229927770024353,0.0683276215714472,0.1543015791197618,0.0037734106679266,0.1382206308679868,0.1178443725239904,0.0158115584428633,0.0186083861170485,0.0318483713961186,0.07858514254075309,0.0885946260485701,0.03775970584754743,0.03632642950302377,0.24053962960536035,0.07851545989401007,0.14981071565355264,0.0028464961697282666,0.11564985867776097,0.09184337198724006,0.024659166213895998,0.02302102646243807,,,,,,,,,,,,,
2017-10,-0.0042,0.016793187790332675,0.01677438045715407,0.014791751988515678,0.01611977341200081,-0.020319773412000808,-0.020993187790332674,0.0141,0.0004,-0.0005,0.0017,-0.0009,0.0009,0.0187,10.18,0.6699999999999999,2.1805652303711787,1.5953898457655935,1.757444307056133,1.4225873687192525,5.2869037679338815,2.38,1.6,1.15,0.7799999999999998,1.23,1.91,0.7200000000000002,2575.260009765625,2.218813506615125,21.123162902427573,,,,,,,,,,,,,,,,,,,,,,,,,,,,,,,,,,,,,,,,,,,,,,,,,,,,,,,,,,,,,,,,,,,,,,,,,,,,,,,,,,,,,,,,,,,,,,,,,,,,,0.0145853110356726,0.0887792788909609,0.1179881176884376,0.0162922637025961,0.0565156385084584,0.2479932867876266,0.0995539274133485,0.1261936520445047,0.000160563974625,0.08683863039293,0.0674339450430969,0.0434585301278849,0.0342068543898573,0.0455356061670491,0.0751844423705981,0.0773703320042909,0.0537769995234966,0.0199603387677678,0.2393401816297073,0.063804055942577,0.1705724143574654,0.0045462693158901,0.1244268143533195,0.0951827972277915,0.0139413436278956,0.0163584047121505,0.0336957330500579,0.0747096912294493,0.0738070086772029,0.0479288942200238,0.0381720343925562,0.2239053183607882,0.0615208288407819,0.1577437669166231,0.0039212764716034,0.1341241872903556,0.1139096407869016,0.0126044014484814,0.0239572183151741,0.031272216750926535,0.07955780416366943,0.0897218194566438,0.0393327191487055,0.03821600388959413,0.2370795955927074,0.07495960406556913,0.1515032777728644,0.0028760365873728333,0.11512987734553504,0.09217546101926333,0.023334758401420633,0.0248408258057273,,,,,,,,,,,,,
2017-11,0.016200000000000003,0.006893383077284376,0.00920036155337245,0.008660102235141576,0.008251282288599468,0.007948717711400535,0.009306616922715626,0.0074,0.0012,-0.0018,0.0056,-0.0073,0.0008,0.01,11.28,1.0999999999999996,2.020757753132485,1.7596390813271243,1.6820407007323013,1.5410111053849596,5.161246075532677,2.42,1.78,1.27,0.6399999999999999,1.15,1.88,0.6999999999999997,2647.580078125,2.8082627806563343,20.409676487393423,,,,,,,,,,,,,,,,,,,,,,,,,,,,,,,,,,,,,,,,,,,,,,,,,,,,,,,,,,,,,,,,,,,,,,,,,,,,,,,,,,,,,,,,,,,,,,,,,,,,,0.0144080333229524,0.0887051149737624,0.1185290004026049,0.0164132982502765,0.0564786723401788,0.2483726555991515,0.0994386250860949,0.1256634306259224,0.0001912190028229,0.0864641789218634,0.0677812847834123,0.0434983321123795,0.0340561545785774,0.0454655825886654,0.0740074731890244,0.077714369072263,0.0535758502107006,0.02021954559321,0.2392584367900559,0.0615953634850591,0.1694104511567128,0.0083590060347511,0.1244271213858173,0.0948551597261874,0.0142657967951607,0.0168458439723917,0.0335495793610052,0.0738462355309869,0.0743411401870512,0.0489994745705396,0.0371325454654822,0.2244825062066937,0.0625652980836827,0.1567913803647102,0.0038211300071019,0.1328097009039865,0.1145887471305178,0.0130806132546062,0.0239916489336352,0.03114106509087433,0.0788529412312579,0.09019483655397303,0.039662874343838896,0.03794358779962367,0.23737119953196703,0.07453309555161224,0.15062175404911513,0.004123785014891967,0.11456700040388906,0.0924083972133725,0.023614914054048797,0.02496454916153477,,,,,,,,,,,,,
2017-12,0.0239,0.013488666470519828,0.025893162573386252,0.0310086312728044,0.023463486772236825,0.00043651322776317586,0.010411333529480173,0.0179,0.0168,0.0006,-0.0085,0.0026,0.0009,-0.0066,11.04,-0.2400000000000002,2.172493864295566,1.7376072726981162,1.7937129048240186,1.5453764961365524,4.805923368688814,2.4,1.89,1.39,0.51,1.01,1.77,0.71,2673.610107421875,0.9831630594270502,19.419965523287928,,,,,,,,,,,,,,,,,,,,,,,,,,,,,,,,,,,,,,,,,,,,,,,,,,,,,,,,,,,,,,,,,,,,,,,,,,,,,,,,,,,,,,,,,,,,,,,,,,,,,0.0151064041599274,0.0888653584422776,0.1181167144420118,0.0170504793720195,0.0577317459718657,0.2492540272915087,0.0986247585537027,0.1257261399896141,0.0003723110180975,0.08821723836097,0.0664512752205782,0.0419012090439063,0.0325823381335199,0.0414971252376965,0.0746117056825179,0.0783517413985785,0.0545548451087064,0.0219323125531573,0.2418647627392403,0.0624773674625644,0.1685718475057812,0.0041992527106257,0.1299975380413608,0.0937735578342874,0.0135095147513485,0.0146584289741345,0.0333469188005104,0.0738105389116742,0.0736247570395949,0.0485940237962937,0.0367470275424255,0.2226085707922254,0.064618526201331,0.1569825111189553,0.003898432561505,0.1359439595759489,0.1117379746697741,0.0135340357261865,0.0245527232635746,0.029983482732711435,0.07909586767882325,0.09003107096006173,0.0400664494256732,0.038803695355816174,0.2379091202743248,0.07524021740586605,0.1504268328714502,0.002823332096742733,0.1180529119927599,0.09065426924154657,0.0229815865071471,0.023931163457076337,,,,,,,,,,,,,
2018-01,0.091,0.0502060354405951,0.05193825294504539,0.044284154687807,0.048809481024482494,0.0421905189755175,0.0407939645594049,0.0472,0.0026,0.0018,-0.0091,0.0064,0.0011,0.0232,13.54,2.5,2.129930719552253,1.770166453265043,1.7664099484208329,1.5768765133171936,4.887078859681604,2.72,2.14,1.46,0.5800000000000001,1.2600000000000002,1.56,0.71,2823.81005859375,5.617870412552817,23.91272487608005,,,,,,,,,,,,,,,,,,,,,,,,,,,,,,,,,,,,,,,,,,,,,,,,,,,,,,,,,,,,,,,,,,,,,,,,,,,,,,,,,,,,,,,,,,,,,,,,,,,,,0.0148693822562937,0.0902764116227075,0.1150849667455919,0.0170080158371413,0.0574158010846909,0.2516609019537914,0.0975361163306895,0.1278432574540064,0.0001813021429037,0.0888839976799265,0.0665215861489797,0.0410821918695487,0.0316360688737282,0.0414406438618255,0.0733477847681674,0.0753186054064314,0.0533408232802171,0.0218952617481361,0.2439254748029344,0.0651525420839643,0.1695904128010073,0.0045521152311727,0.1286867205021187,0.0951762049156181,0.0130741142428294,0.014499296355577,0.0335823398022135,0.0733431227788963,0.0722657687989997,0.0472903515114729,0.0362028685105358,0.2244658139650101,0.0676095443334135,0.1571524220123085,0.0039095561557514,0.1344937937688889,0.1123432440828589,0.0131116130921671,0.0242295611874828,0.029964121973444235,0.07898910638992374,0.08755644698367433,0.039213063542943766,0.03850464378112093,0.2400173969072453,0.0767660675826891,0.15152869742244074,0.0028809911766092666,0.11735483731697804,0.0913470117158189,0.0224226397348484,0.023454975472262666,,,,,,,,,,,,,
2018-02,-0.0455,-0.04834757958935698,-0.038172525891714604,-0.044253390021242844,-0.04359116516743814,-0.0019088348325618579,0.0028475795893569827,-0.043,0.0138,-0.0036,0.0096,-0.0048,0.0011,0.0113,19.85,6.310000000000002,2.151318868063945,1.8912671130328464,1.7576494957315614,1.6320370277204788,4.390306179922932,2.87,2.25,1.65,0.6200000000000001,1.2200000000000002,1.68,0.69,2713.830078125,-3.89473718793677,14.815716499221354,,,,,,,,,,,,,,,,,,,,,,,,,,,,,,,,,,,,,,,,,,,,,,,,,,,,,,,,,,,,,,,,,,,,,,,,,,,,,,,,,,,,,,,,,,,,,,,,,,,,,0.0151993337892588,0.0903581328545507,0.1138236319192591,0.017325880462009,0.056296396594496,0.2517953467695888,0.0976216001607886,0.1271100599873945,0.0,0.0887712617504069,0.0688734141637166,0.0412882422263907,0.0315366993221399,0.0410384113973758,0.0728576429230371,0.0772200961277322,0.0547974240557653,0.0212930847052754,0.240926796007442,0.0655495618917491,0.1692774445644215,0.0030880701088804,0.128224461307105,0.0986072481890468,0.0128853501810954,0.0142344085410734,0.033767550980052,0.0732892687386256,0.0741000375789487,0.0490433275133705,0.0348904860894087,0.2204725959572175,0.0674917932938586,0.1570400451223167,0.0039636574790919,0.1348519534894001,0.1138092598366824,0.0129942058640142,0.0242858180570125,0.03000176538889553,0.0788350148387378,0.08838125520864666,0.04038887734371493,0.03749332246306004,0.23773157957808277,0.0768876517821321,0.15114251655804423,0.0023505758626574335,0.11728255884897065,0.09376330739648193,0.0223892660905001,0.02335230864007527,,,,,,,,,,,,,
2018-03,-0.032,-0.008396155459394206,-0.0010728498789329688,0.002360396638849682,-0.002369536233159164,-0.029630463766840837,-0.023603844540605795,-0.0124,-0.0049,-0.0159,0.0156,-0.0192999999999999,0.0012,-0.0052,19.97,0.1199999999999974,2.263468931091861,1.87770420481439,1.8376076958608545,1.6442181175359671,4.139666139098752,2.74,2.27,1.73,0.4700000000000002,1.0100000000000002,1.85,0.7699999999999996,2640.8701171875,-2.688449860055664,11.772455048983232,,,,,,,,,,,,,,,,,,,,,,,,,,,,,,,,,,,,,,,,,,,,,,,,,,,,,,,,,,,,,,,,,,,,,,,,,,,,,,,,,,,,,,,,,,,,,,,,,,,,,0.0148828691012341,0.0911646643707304,0.1174169525360256,0.0175394042871366,0.057446187646399,0.2464386056590545,0.0988224340361433,0.1266024186587956,0.0,0.0866052367320049,0.0682134653573901,0.041206708575483,0.0336610530396023,0.0415238575443621,0.0721008715397069,0.076160045035666,0.051349467793651,0.022122371395954,0.2425473279484574,0.0680821337545888,0.1681171752746944,0.0036921835975365,0.1272608151732406,0.0987603762632459,0.0129518812482645,0.0153314934306314,0.033404163670274,0.0724249439048181,0.0739400430246834,0.0508689113550117,0.0358296119306414,0.2220232655483139,0.069678101571008,0.1505289273108744,0.0044559004920916,0.1310209373876253,0.1195566720595982,0.0122495547301229,0.0240189670149364,0.0299369634386234,0.0785634932717518,0.08917234686545834,0.039919261145266435,0.038466056990998136,0.23700306638527527,0.0788608897872467,0.14841617374812147,0.002716028029876033,0.11496232976429026,0.09551017122674473,0.022136048184623464,0.024337171161723365,,,,,,,,,,,,,
2018-04,0.006999999999999999,0.015212411923769764,0.006596071326411268,0.003103044866318072,0.0083038427054997,-0.0013038427054997016,-0.008212411923769765,0.0171,-0.0202,0.0214,-0.009,0.0087,0.0014,-0.0068,15.93,-4.039999999999999,2.3309497646499366,2.1227843662331214,1.998292058070028,1.909183171052753,4.078403992988511,2.95,2.49,1.87,0.4599999999999999,1.08,1.79,0.8199999999999998,2648.050048828125,0.2718774995368322,11.066609473193022,41.0,41.0,49.88043944592591,32.84806007809445,32.06466143348898,10.295915809014598,5.932332078143141,6.263256426912778,5.163418201029088,2.773542337737685,2.0402847606584142,58.44854009315021,35.9302007120779,27.67435706696329,0.6973452965000043,0.700669224211424,0.2058025177887464,2.6207701696068,-0.1242553927828874,1.493081637711725,33.529028371886,19.8899279036852,19.092296819652685,4.97221675965331,2.995987493741585,2.1951245296166197,1.9777665146572248,10.3025038709921,1.7741670745214169,6.9518896867941,0.731935145825135,6.01250853202441,6.211765447360314,5.99328991524416,12.705101984331408,11.9046131756382,50.58782787236209,28.6622050970053,71.23828602570728,72.520961430967,13.706066496219488,9.12401824170256,6.430266777181181,5.36830297511804,5.1304539749413305,5.0,21.286531165231555,14.1379853593782,1.2773291025066318,0.4512635379061355,-1.1311470792950684,0.4512635379061355,20.087013577919464,8.69360902255638,24.962152018264906,8.69206197663779,25.92951653902956,14.2857142857143,1.0,0.0476255500266551,0.1786581356701463,0.0047081315287029,0.0299638449790037,0.0600550031296602,0.0887603552514607,0.142928777539827,0.0767513115764192,0.3705488902981245,0.0243011388773285,0.0269782077088286,0.1180417044431203,0.1107029834400671,0.0972013027557778,0.0130841195545279,0.1646360607382159,0.0540037743939828,0.1253315633657627,0.0371282173524363,0.0692367005707723,0.0393332272701877,0.0951558895697895,0.0100852964047105,0.0147798135544916,Technology,0.3705488902981245,0.2102178044090616,1.0,1.0,9.0,15.0,0.0,0.0,0.0,0.0,0.0,0.0,0.0,0.0,0.0,0.0,0.0148731361631874,0.090910695174578,0.1150204430695089,0.0177130548201725,0.0616193379651606,0.2466600585604304,0.0978331412431006,0.125403732132929,0.0,0.0868971186451009,0.0672724264250257,0.0417886919088725,0.034008163891933,0.0418032042984264,0.0729098385365486,0.0775243650777073,0.0526846634263508,0.0240603868085074,0.2427021471625633,0.0680475854148851,0.1650182218635084,0.0037817059903398,0.126844039727016,0.0954241302627133,0.0132033747183617,0.0159963367130711,0.0336496477128965,0.0730089162938087,0.0736050407794463,0.0515059746526376,0.0392225239441261,0.2220962742804063,0.0689893364710387,0.1516717721547095,0.0044866013540599,0.1306026907700044,0.1151875538360878,0.0121297563896608,0.0238439113611167,0.030108662724836765,0.0789431500016451,0.0887166163088875,0.040634564299720295,0.04163408290593137,0.23715282666780002,0.07829002104300814,0.14736457538371564,0.0027561024481332335,0.11478128304737374,0.09262803684127562,0.022373941005631667,0.024616137322040266,0.017516887301818333,0.09971498566850119,-0.08400848478018459,-0.010670719320716594,-0.04163408290593137,-0.17709782353813983,0.010470334208452559,-0.004435797843888645,-0.0027561024481332335,-0.038029971470954535,0.27792085345684886,-0.022373941005631667,-0.024616137322040266
2018-05,0.023799999999999998,-0.01894258636900248,-0.009753002628555718,-0.0013376648194152185,-0.010011084605657805,0.03381108460565781,0.04274258636900248,-0.0173,0.0167,-0.0453,0.0283,-0.0219,0.0014,0.0243,15.43,-0.5,2.4709963021052994,2.150644636125887,2.0466282276259795,1.8842192874261696,3.802776278130704,2.83,2.4,1.93,0.4300000000000001,0.9000000000000001,1.89,0.8300000000000001,2705.27001953125,2.16083418545836,12.168088761990026,50.0,50.0,58.45991963188002,33.3453607364049,34.56482832232716,9.363655595829696,5.00246882628803,5.1256915468189375,4.390517897360319,2.61990198590118,1.961897263850015,76.73576698752164,35.9302007120779,27.422270193745238,0.7752913345504403,0.4822173627116815,0.91290305945413,2.00584795321637,0.4897160090370047,1.41779819418403,31.318563207899285,19.49935703176275,16.176064810978563,4.2752392939413895,2.8173149183223,2.1433515118831616,4.416547435568852,10.05320026232221,5.008168894374095,6.91866230472613,3.264983869308019,5.92526028670713,6.471067081834642,5.99328991524416,13.867685255946292,11.9095943591775,56.02953904404497,30.10392291203295,68.50085217587032,70.9094118749161,17.32707349154066,8.52582159624413,6.316642299902447,5.23973435360008,5.557856618026905,6.0,21.209499043561816,14.26828935502175,34.1297336146024,5.549206343396644,33.541267870040514,5.702897857727415,22.531031908781483,7.69726029973873,27.333766293149598,8.512697654985555,27.12175406560724,14.2674341364949,1.0,0.0794119007942924,0.1742832314905466,0.0034647807371256,0.0658116645747448,0.0854324300801299,0.1296319885988891,0.1196783073373606,0.0948006071066158,0.2474850892802948,0.0217901499062166,0.0272468094514236,0.1237898581577651,0.1338770869462381,0.111945645571243,0.0128023718411569,0.0512625068461415,0.0531384733441375,0.1641940244485106,0.0442763556170129,0.0981466494360242,0.0419054715754407,0.0326167566299137,0.0092720719442648,0.0155148991656068,Technology,0.2474850892802948,0.1496861490146981,1.0,1.0,9.0,17.0,0.0277138767622287,0.0305069923566744,0.0,0.0,0.0,0.0,0.0,0.0,0.0,0.0,0.0150044911628863,0.0905761764795728,0.1167808237285845,0.0186460684992246,0.0628817422571269,0.2366367790496533,0.1010520972679818,0.126276858019117,0.0,0.0894316630170699,0.0699562213939322,0.0392404762559671,0.0335166028688831,0.0425366240180903,0.0712138179601926,0.0781770290078534,0.0522617448485112,0.0250746060099725,0.2380543498174049,0.0680907532403246,0.1646679794930283,0.0037101677435634,0.1285815425638094,0.0991301867880352,0.0129800575630592,0.0155211409461544,0.0332947919811538,0.0718492798390499,0.0735165146576524,0.0509920395535239,0.0402492177995557,0.2159870706562109,0.0687734578162462,0.1527399206440489,0.0044437699905201,0.131402112036058,0.1221211061795421,0.0116859515898041,0.0229447672566333,0.030278635720710132,0.07787975809293844,0.0894914557980301,0.0406332843004199,0.04273518868888503,0.23022606650775637,0.0793054361081842,0.14789491938539806,0.0027179792446945,0.11647177253897911,0.09706917145383649,0.021302161802943465,0.023994170357223597,0.049133265073582275,0.09640347339760814,-0.0860266750609045,0.025178380274324896,-0.04273518868888503,-0.14479363642762647,0.050326552490704904,-0.028216612048037465,-0.0027179792446945,-0.021671165432363318,0.1504159178264583,-0.021302161802943465,-0.023994170357223597
2018-06,-0.0262,-0.0158408844356297,-0.02298230994414885,-0.027965773808802052,-0.022262989396193533,-0.003937010603806468,-0.010359115564370303,-0.0151,-0.0128,-0.0103,0.0048,-0.0065,0.0014,-0.0107,16.09,0.6600000000000001,2.781921607842497,2.272998448872432,2.2662065367869744,1.9809023776840464,3.858087243623287,2.85,2.52,1.93,0.33,0.9200000000000002,1.99,0.8700000000000001,2718.3701171875,0.484243626760783,12.171288216832732,53.0,53.0,55.051106303415615,32.03913919449145,32.518424311185946,8.685106470103301,5.00246882628803,5.046326033574174,4.7184220216635495,2.609775496843775,2.153266351813769,64.91557563435659,35.9302007120779,24.38939529471507,0.8008903764522539,0.700669224211424,1.6974063723668569,2.78762555474884,1.081709999420723,1.493081637711725,32.64509006679254,18.8657316633988,16.989723235510723,4.565980741672342,2.871530413625575,2.376474433114357,8.142104875780705,11.11286701332795,7.7360946691032195,8.020903353163515,5.803286438581309,6.542779685197026,7.434200888908522,6.231388513393441,14.652542034088874,11.9495219769201,57.59540688365821,31.2175648702595,69.02762376672385,72.4394734018044,20.738655440899397,9.909676833899743,6.617673763932477,5.0227563987391495,5.620486492429149,6.0,21.01640158519073,14.37183506738325,45.49627240592631,6.4651651301202,46.59193670882437,6.80359435173299,22.687134329682884,8.223059730574924,27.335290101789507,9.017434185476976,27.836647382992115,14.76946285970685,1.0,0.0864835342022029,0.179299466335132,0.0026273747778083,0.0564557301874388,0.0809940939570639,0.1278457065796177,0.111112848507004,0.0768105448193971,0.2783707006343349,0.0395720825643259,0.0219200004138946,0.099341044404675,0.1124884438504403,0.1131942036565285,0.0131435516409741,0.045678111671533,0.0484148147152658,0.1609948401667289,0.0535252426290095,0.1168335335914437,0.0550204144724139,0.039442134136252,0.0083185093347203,0.0188528098591138,Technology,0.2783707006343349,0.1614625927025976,1.0,1.0,9.0,17.0,0.0205661465530375,0.0326941163396421,0.0,0.0,0.0,0.0,0.0,0.0,0.0,0.0,0.0168604220404303,0.0871513405941196,0.1188764168887744,0.0183336719856342,0.0647949310610363,0.2350404235993647,0.1039029348486511,0.1231805143653587,0.0,0.0882016567459628,0.0704275952663957,0.0391573812404099,0.0340727113638618,0.0371527806945991,0.0682780843207189,0.0785324001091486,0.0530480305040159,0.0261982901188882,0.2405983644265109,0.0693289889461679,0.1692235039142001,0.0037740933153012,0.1229905034794048,0.1003040349464847,0.0143991618801123,0.0161717633444469,0.0341093091208887,0.0706475082406162,0.0750455136449746,0.0518615364135132,0.0409580429521127,0.2177439589633155,0.0692859489926002,0.1499938130142619,0.0047347373061361,0.1291510465497327,0.1217972041205284,0.0115580262343956,0.0231133544469235,0.029374170618639367,0.07535897771848489,0.0908181102142992,0.041081079634387764,0.043983754710679064,0.23112758232973038,0.08083929092913973,0.1474659437646069,0.002836276873812433,0.11344773559170009,0.09750961144446961,0.021704856451639266,0.024452609718410734,0.05710936358356353,0.1039404886166471,-0.08819073543649089,0.015374650553051039,-0.043983754710679064,-0.1501334883726665,0.04700641565047796,-0.0363530952576029,-0.002836276873812433,-0.036637190772302985,0.18086108918986527,-0.021704856451639266,-0.024452609718410734
2018-07,0.0169,0.028520076168979003,0.011794673320631999,0.009617592537995101,0.016644114009202033,0.00025588599079796534,-0.011620076168979004,0.0176,-0.0237,0.0112,-0.0046999999999999,0.005,0.0016,-0.0167,12.83,-3.26,2.8075506935940187,2.245517307127032,2.268307840346395,1.9362198184856405,4.099259968336955,2.96,2.67,2.03,0.29,0.9300000000000002,1.83,0.92,2816.2900390625,3.602155617289915,14.005990502996092,55.0,55.0,53.24842890378639,30.44819212521505,30.93398441030031,10.701767183684147,5.4464884696571545,5.619137901025725,4.667344661846688,2.6706163423543847,2.207068066131446,49.26754727134575,33.973051913506,23.22665933572332,0.7844203803324813,0.700669224211424,1.909574496792931,2.78762555474884,1.2873542990967,1.493081637711725,31.85132173067249,18.7232933268265,17.08172757884866,4.542426496578722,2.871530413625575,2.424433324268355,8.798045957094576,11.8260310673539,8.235621413353984,8.882765902926256,6.362825194569006,7.119176332403105,7.759107052298856,8.11495856588359,14.820995759916691,12.7227563785778,56.4343813773782,28.3368614300968,69.16925348609077,72.4394734018044,54.18162485712499,11.9673930992928,6.5386175392620345,5.30401866435906,5.752396780801861,6.0,22.45926672573134,15.1513281307639,52.419622128163695,25.3338742393509,53.21552891587184,25.7431849019366,22.16348787077374,11.42158594942345,26.989637764285668,12.7733771397219,26.5419154994868,15.81161698632645,1.0,0.0841681802043682,0.1683322219761323,0.0028051416712339,0.0545666176286111,0.0762115134367447,0.1277080320346135,0.12375165098369,0.0752050527441486,0.2872515893204573,0.0367862899464853,0.0217106911518553,0.0985292032290144,0.117034123113309,0.1072195075000125,0.0132001290504429,0.0425072776501453,0.0483748131904007,0.1557565457837662,0.0543447083341373,0.111639109589612,0.0628096562831105,0.0317896747594574,0.0081681744440568,0.0201264948288701,Technology,0.2872515893204573,0.1640066869666005,1.0,1.0,9.0,17.0,0.0372313570388935,0.0327722441064301,0.0,0.0,0.0,0.0,0.0,0.0,0.0,0.0,0.0164170888871552,0.0863311518222764,0.1187366582561599,0.0180387734676189,0.0636700457685847,0.2365187662151952,0.1070255347573003,0.1223937556086764,0.0,0.0878301402959546,0.0694827531283205,0.0399065695240055,0.033648762268752,0.0366368145901098,0.0674057602222283,0.0759781779526628,0.0518703573939746,0.0262213207444046,0.2417691072591651,0.0715085753450946,0.1712560681081872,0.003803924259691,0.1230381604329146,0.0991907358873065,0.0150895755680973,0.0162314222361631,0.0341768347579201,0.0697554500920233,0.0739039119530822,0.050986660717399,0.0407939892478977,0.219863380498158,0.0700174040104298,0.1514283337380746,0.0048023598620186,0.1301172747186771,0.1188245103263536,0.0117701282440598,0.0235597618339057,0.0290769127450617,0.07449745404550932,0.08953958272063496,0.0402985971929975,0.043561785253629,0.2327170846575061,0.0828505047042749,0.14835938581831273,0.0028687613739031997,0.11366185848251542,0.09583266644732687,0.022255424445387532,0.024479982112940266,0.055091267459306495,0.09383476793062297,-0.08673444104940106,0.0142680204356136,-0.043561785253629,-0.1565055712207614,0.04485752733033861,-0.024607734834622738,-0.0028687613739031997,-0.03845680573836682,0.19141892287313045,-0.022255424445387532,-0.024479982112940266
2018-08,0.0108,-0.022357597466135193,-0.011814743802969985,-0.01716449956666788,-0.01711228027859102,0.02791228027859102,0.0331575974661352,-0.02,0.0063,-0.0337,0.0155,-0.0171,0.0016,0.0191,12.86,0.0299999999999993,2.854124785561929,2.267595293370639,2.338607055900121,1.9958004199579935,3.895742170034677,2.86,2.62,2.11,0.2399999999999997,0.75,1.92,0.8899999999999997,2901.52001953125,3.0263211276748248,17.392030998398035,55.0,55.0,52.6560122434013,31.395852900802,30.4651118301782,10.553620044806795,5.5700491947806405,5.679224739179178,4.723554480436901,2.61990198590118,2.1716211519383477,50.17979273071482,34.433648508869254,23.259422222642872,0.8001883732882041,0.5994449480270415,1.6236499470498211,2.78304331728989,1.1439874987417356,1.41779819418403,31.044894535193222,18.098480676609952,16.53105115261566,4.566498517913282,2.8173149183223,2.337894387300905,8.198838584009094,12.1118718361775,7.8115978952687,9.021085617823717,5.861841953337463,6.970405480008895,7.369020720512704,8.11495856588359,14.373171780944816,12.1147868348708,59.46032027562544,28.6622050970053,68.31531783893797,69.3793503480278,57.13044950465919,13.18167598412655,6.288602809588938,5.23973435360008,5.632912071914183,6.0,22.954646729383036,16.10792302835135,46.720062756488126,25.3338742393509,47.36693723465428,25.7431849019366,20.358433802168843,10.31629818458395,23.626650487843207,12.3053914275688,22.63990616426895,15.516065179425,1.0,0.0782530217382173,0.152316240011469,0.0205537263053594,0.0512218743844208,0.0864558204966358,0.1292252698669697,0.117908121984552,0.0447889546383908,0.3192769705739851,0.0386225422863885,0.018675211935074,0.1017179052725685,0.1154625284006391,0.0928955116313646,0.0108626926473995,0.0714589923180352,0.0450534673475364,0.1438496653495568,0.0367155948317324,0.1032756660064726,0.0853034085055052,0.0478161836006162,0.0077452672620867,0.0150105545292417,Technology,0.3192769705739851,0.1743898473592452,1.0,1.0,9.0,17.0,0.0372325533671981,0.0283022547085838,0.0,0.0,0.0,0.0,0.0,0.0,0.0,0.0,0.0169020204431069,0.086399330220387,0.1189062180359438,0.0178044540953402,0.0623879673865793,0.2318992387703249,0.1089070567826578,0.1241348995718604,0.0,0.0867904640984177,0.0729996692906622,0.0395278323043248,0.0333408490003944,0.036391808020607,0.0677744613368516,0.0752329909752545,0.0516714837861405,0.0260979445031632,0.2411678207858925,0.0725135090918775,0.171173804474062,0.0038102534241643,0.1204520255949489,0.1029954695207865,0.0148939504435437,0.0158244780427073,0.0340098206962619,0.0703593772546029,0.0756967214539047,0.0506052207436876,0.0403797784916889,0.2198810066631028,0.072724491786087,0.1507770247462465,0.0048990635906773,0.1261271492099727,0.1196480585768135,0.0116591196189054,0.0232331671680482,0.029101216386658597,0.07484438960394717,0.08994531015503433,0.0400270528750561,0.042955230127143806,0.23098268873977343,0.08471501922020745,0.14869524293072298,0.0029031056716138665,0.11112321296777977,0.09854773246275407,0.0220269674555913,0.024132831403716633,0.049151805351558706,0.07747185040752184,-0.06939158384967493,0.011194821509364704,-0.042955230127143806,-0.14452686824313762,0.04451025064676224,-0.030787120946170976,-0.0029031056716138665,-0.06633425832938897,0.22072923811123102,-0.0220269674555913,-0.024132831403716633
2018-09,-0.0039000000000000003,0.009652305544241235,-0.007173661625022532,-0.017398639106389058,-0.004973331729056785,0.0010733317290567844,-0.013552305544241236,0.0068,-0.0081,0.016,-0.0045,0.0078,0.0015,0.0121999999999999,12.12,-0.7400000000000002,2.642923856874257,2.1208941334864617,2.180411288951989,1.8957629996604108,3.836410492272435,3.05,2.81,2.19,0.2399999999999997,0.8599999999999999,1.84,0.8999999999999999,2913.97998046875,0.4294287426461762,15.663496134766518,56.0,56.0,45.52889308588702,31.395852900802,29.76284877003717,10.703640517585464,5.5700491947806405,5.055259153620249,5.559233507163257,2.6706163423543847,2.176802599730552,54.10491933083603,35.9302007120779,23.95442254429144,0.7596834658001169,0.631578947368421,1.4728554654989925,2.78762555474884,1.0999162033527763,1.257963654435365,30.46787461931356,18.7232933268265,16.47603622246632,5.244985431085077,2.871530413625575,2.3795511223023285,7.918839052293961,11.9597520815513,7.671210353762397,8.90215875385492,5.675434555455309,6.60048809373887,8.294998954769586,8.47052068224231,15.4350205635695,13.2053886820767,57.15627012036573,28.49953326355105,69.76492769907576,69.14852298514475,51.07936546363089,13.0760924600991,6.207673981372675,5.0227563987391495,5.626238697739192,6.0,21.577928368234552,15.1691581431943,41.80288659072277,25.6410256410256,42.396751839261846,25.8741258741259,20.901597950750396,10.1421698946138,23.92796777978026,12.2680567175065,20.5755616787241,15.2532114336994,1.0,0.0721756674512366,0.1390836915971546,0.0203173616361246,0.056260927342953,0.1358871049959187,0.1350220652790847,0.1110245341147322,0.0450583557551413,0.2851702918276538,0.0268524498787603,0.0192066408848232,0.099735532441644,0.1264066023354334,0.0599052730173804,0.0107484316271,0.0728130563869219,0.0454849340875411,0.1783536356302478,0.0285783914012012,0.0996460597653069,0.0828031180959563,0.0679573753246802,0.0078091452466653,0.0144417043466806,Technology,0.2851702918276538,0.1605067487258868,1.0,1.0,9.0,17.0,0.0337289044312128,0.0255287450984436,0.0,0.0,0.0,0.0,0.0,0.0,0.0,0.0,0.0163572251284295,0.0857841003572328,0.1183607112077022,0.0172082219667455,0.0652573824969773,0.2323999735975249,0.108284290996162,0.1245659680569093,0.0,0.0878916498835123,0.0704089565789641,0.0401855851527213,0.0332959345771183,0.0363460067912487,0.0678139273949272,0.077325805224365,0.0509341982393637,0.0279068794963469,0.2413584674527131,0.0708083838159329,0.1734179848647395,0.0037366116590326,0.1192666583501841,0.0997872396850008,0.0153344268374063,0.0159634101887387,0.0337776118174466,0.0773037074590833,0.0786778018648481,0.0481932416230216,0.0450264912543482,0.2220550932022842,0.0636668381726938,0.154371886225604,0.0036482985471188,0.1276178723565494,0.1078741077751303,0.0136144068910465,0.0241726428108247,0.028826947912374935,0.07696724507041443,0.09145477276563845,0.0387785539430436,0.04606358441589079,0.23193784475084075,0.08091983766159623,0.15078527971575093,0.0024616367353838,0.11159206019674861,0.09269010134636507,0.0230448062937247,0.024477329192227237,0.04334871953886167,0.062116446526740185,-0.07113741112951384,0.0174823733999094,-0.04606358441589079,-0.09605073975492207,0.054102227617488466,-0.03976074560101872,-0.0024616367353838,-0.0665337044416073,0.19248019048128873,-0.0230448062937247,-0.024477329192227237
2018-10,-0.14400000000000002,-0.08133545833795464,-0.09682060073266385,-0.1011055392969279,-0.0930871994558488,-0.05091280054415122,-0.06266454166204538,-0.0872,-0.0098999999999999,0.019,-0.0034999999999999,0.0232,0.0019,-0.0226,21.23,9.11,2.332055105808828,2.1976804898501623,2.009960159362545,1.960295291300884,3.640570094069884,3.15,2.87,2.34,0.2799999999999998,0.81,2.03,0.9300000000000006,2711.739990234375,-6.94033560936963,5.299658285035491,58.0,58.0,45.59220456844973,31.395852900802,30.068240382434787,11.658651084454055,5.5700491947806405,5.232612372556124,5.205543020502548,2.73598947523161,2.133369315823389,57.6406171675637,39.4489982385626,27.46607190818474,0.8519935791614232,0.700669224211424,1.5482795878394786,2.78762555474884,1.0210519818522743,1.257963654435365,30.35703325877257,17.4736680263934,16.14855904549637,4.937451086070813,2.871530413625575,2.3367935183616457,8.687697031195944,12.2639915908037,8.167697409919565,8.90215875385492,6.231454994052116,6.60048809373887,9.239499293136848,8.47052068224231,16.315743833422705,13.2053886820767,59.28653376327101,28.49953326355105,69.46344694683181,69.14852298514475,63.68369163470248,13.31673346433055,6.108615086934605,5.0227563987391495,5.673475269266614,6.0,20.78285008247384,15.1334981183335,37.567659036411925,24.23965147306245,38.2275631873867,24.4443068043553,21.7181244501067,10.4904264745541,24.33660061053456,12.3427261376311,19.96465320692011,15.2532114336994,1.0,0.0702150130820843,0.1394725315644015,0.0204169644409681,0.0498713647890599,0.1265278917798984,0.1232072529450186,0.1370758329342923,0.0579335604739432,0.2752795879903334,0.0194486409457362,0.0191184915675303,0.0982717214912051,0.1161433772175057,0.0560174829353751,0.0111260976646879,0.0680441407986289,0.0438434523503881,0.1975064048117936,0.0315825075768595,0.0958501803648938,0.0766496410201636,0.0621177685558622,0.006984604232319,0.014722223582681,Technology,0.2752795879903334,0.1564010081304768,1.0,1.0,9.0,18.0,0.0457593105421119,0.0224745211219944,0.0143394332202627,0.0,0.0,0.0,0.0,0.0,0.0,0.0,0.0154254861407075,0.0802773906759349,0.1152041704210897,0.015923584170153,0.0622364975062974,0.2195936649085881,0.1049779161805769,0.1734725871521403,0.0,0.0779730209387845,0.0653113130359945,0.0370448146667713,0.0325595542029613,0.0357391125344652,0.0672365631682804,0.0793028215387212,0.0513448119552001,0.0271638091764245,0.2465890280022942,0.0708498311463953,0.1700067038319872,0.0042759434087792,0.1169797571628585,0.0978285447807642,0.0163157959494789,0.0163672773443506,0.0334195777131001,0.0773679318906749,0.0788186451952078,0.0491582773092551,0.0436326601577059,0.2271737790350496,0.0621496878568315,0.1517245488287339,0.0045420475662869,0.1268718414831868,0.1047558029919694,0.0147524208614782,0.0256327791105194,0.0281947254627576,0.07496062857829673,0.09110854571833958,0.0388088911448694,0.0443443222801426,0.23111882398197733,0.07932581172793457,0.16506794660428714,0.0029393303250220327,0.10727487319494326,0.08929855360290938,0.022704343825909468,0.02485320355261043,0.042020287619326704,0.06451190298610478,-0.07069158127737148,0.011062473644190503,-0.0443443222801426,-0.10459093220207893,0.043881441217084025,-0.02799211366999485,-0.0029393303250220327,-0.049341312721000063,0.18598103438742403,-0.022704343825909468,-0.02485320355261043
2018-11,-0.033,0.004963193913580133,-0.00035571556652880254,0.011307357121981054,0.005304945156344128,-0.03830494515634413,-0.037963193913580134,-0.0015,0.0009,-0.0151,0.0086,-0.0046999999999999,0.0018,-0.019,18.07,-3.16,2.492032470218053,2.126409125691242,2.053098049357893,1.8709073900841755,3.307947043861992,3.01,2.8,2.37,0.2099999999999999,0.6399999999999997,2.27,1.0,2760.169921875,1.785935665477978,4.2525566905510015,57.0,57.0,44.72085577878375,30.44819212521505,29.57500438448933,11.361651662136149,5.45609248986851,5.152394907967852,5.241546671528914,2.75064825165563,2.080404083026173,55.11005194497294,42.9677957650473,26.389452872909512,0.8395734437293704,0.6661240857899224,1.4747807990078716,2.78304331728989,1.094120705580179,1.21272454326982,30.24344823489005,17.227500893812902,15.985672717487,4.960973778447547,2.92574590892885,2.287010644188168,7.914618910022668,12.1118718361775,7.774197778061511,8.882765902926256,5.975308691884357,6.444796366179036,9.217820538966484,8.391609793274295,16.172871879061397,13.1093923724926,59.67401466153393,28.6622050970053,69.39989354276999,69.3793503480278,64.14181924176012,13.31673346433055,6.12751009180269,4.80577844387822,5.641081637276046,6.0,19.877722390736785,15.1227244037694,37.807485085608704,23.145428706774,38.4096498620565,23.145428706774,22.29572724891148,10.31629818458395,24.75307271428744,12.3053914275688,19.765972582650257,14.803221636624,1.0,0.0755949712429698,0.1331014007294037,0.023660374056066,0.0436568567498149,0.1209319967104183,0.1209121149953384,0.1418854103328613,0.0546125992182815,0.2856442759648457,0.0144100366195248,0.0188798763320271,0.0983823123117093,0.1176430740035727,0.0525461034906453,0.0099090915828587,0.0811915902844175,0.0498300000654721,0.1813366921925205,0.0326355869773328,0.0946102146476499,0.0824039815966106,0.0584173116548429,0.0072581760901565,0.0132270181918061,Technology,0.2856442759648457,0.1598472624262981,1.0,1.0,9.0,18.0,0.0454818770734092,0.027292943611386,0.0145441132740572,0.0,0.0,0.0,0.0,0.0,0.0,0.0,0.0155190655946797,0.0778553174704256,0.1167496122549457,0.0163719856365043,0.0579492650552516,0.2209089172351853,0.1075208370606135,0.1741755048772084,0.0,0.075535366072469,0.0650833120169709,0.0388420990891881,0.0334887176365574,0.0354364053796944,0.0667509676540444,0.081528761725688,0.0514281103044618,0.0238146713741077,0.2511281550558981,0.070399129512296,0.1708194560409206,0.0009527753237817,0.1166636708177721,0.0967367838443239,0.0167140040393159,0.017627108927695,0.0326654353984435,0.0783124660508168,0.079801061286052,0.0499470821337387,0.0378467352854081,0.2282622920221522,0.0644818946217684,0.1511188119416084,0.0019313490140997,0.1257817498863065,0.1083267122644274,0.015278729083399,0.0262456810117787,0.027873635457605867,0.07430625039176227,0.09269314508889522,0.03924905935823494,0.039870223904922474,0.2334331214377452,0.08080062039822596,0.16537125761991245,0.0009613747792938,0.10599359559218254,0.0900489360419074,0.023611610737301,0.025787169192010365,0.04772133578536393,0.05879515033764145,-0.06903277103282922,0.004407797391579961,-0.039870223904922474,-0.1125011247273269,0.04011149459711244,-0.023485847287051137,-0.0009613747792938,-0.05138099637390103,0.19559533992293832,-0.023611610737301,-0.025787169192010365
2018-12,-0.0787,-0.05349752067339231,-0.06636323960665347,-0.05587781623887955,-0.05857952550630844,-0.020120474493691566,-0.0252024793266077,-0.0527,-0.0200999999999999,0.0186,-0.002,0.0078,0.0019,0.0199,25.42,7.350000000000001,2.147328577667773,2.215384372931584,1.9418922274646144,2.010245188242909,3.173330443890632,2.69,2.48,2.45,0.2099999999999999,0.2399999999999997,2.45,1.1100000000000003,2506.85009765625,-9.177689467997252,-6.23725984962068,57.0,57.0,44.98028534216447,31.399776287180103,30.14398228575349,10.704501871491075,5.68400589969277,5.840862216394844,4.683938121166642,2.75064825165563,2.200556316639225,59.68876130138058,35.9302007120779,28.0724843278716,0.8011141273859528,0.56489980960554,1.4317874328893463,2.78124375124975,0.9106184463713088,1.06209130188474,27.323120160362706,18.098480676609952,16.08381879559244,4.534650060310659,2.92574590892885,2.424696693686484,6.499457472131166,11.8697109171264,6.730425152436197,8.467840492026536,5.405547561148658,6.150806585321805,8.645271654304683,8.11495856588359,15.952689757968432,12.16516177734865,59.48455443182798,28.6622050970053,69.60233523030612,68.9176956222617,60.838761129821336,12.41978244616875,6.172813608133732,4.743508664605505,5.597528253307303,6.0,21.665233245471637,15.7879895925192,30.59302851454739,23.145428706774,31.10444505845961,23.145428706774,19.48936626748784,11.42158594942345,23.020396274032247,12.7733771397219,19.675856058553464,16.18671038169875,1.0,0.0672327458101003,0.1148377097753731,0.0216735024081245,0.0606471633116987,0.1032911896199074,0.119704476615871,0.122940618903201,0.0585674401705371,0.3311051533851866,0.0207986510209858,0.0227011454592799,0.0926262795330368,0.1147820697038248,0.0503220519066665,0.0035292346896266,0.1086301930759527,0.0346808837394326,0.1745288699942034,0.0325010281100592,0.0979298403248896,0.080493097561823,0.0620235639671498,0.0066504861416044,0.0133120152102674,Technology,0.3311051533851866,0.175029155817644,1.0,1.0,9.0,18.0,0.043749984568009,0.0249666017381941,0.0157740032549939,0.0,0.0,0.0,0.0,0.0,0.0,0.0,0.016511125282526,0.0832415933955318,0.1244613263863093,0.0177261846864439,0.0620293707306408,0.2333723277359859,0.1134783036242192,0.1205556667304688,0.0,0.0810991777022708,0.0686800274576147,0.0407975373463026,0.0380473589216856,0.035582031403967,0.0672799034592885,0.0788616832280374,0.0521999949320884,0.0240672457654125,0.258047356474064,0.0700544531953039,0.1706301899786702,0.0004797182381079,0.1129333008259354,0.0932848854873791,0.0171689439367706,0.0194102930749746,0.0321035014043346,0.0775428244980739,0.078641430778609,0.0506860813024969,0.0368048404070761,0.2322084155172842,0.0645743271281728,0.1489801424747217,0.0015868020817519,0.1279145728810709,0.106401340035466,0.0152080146290796,0.0273477068618619,0.028065552696942535,0.07602144045096473,0.09398814679765188,0.040204086973676396,0.040967152301043135,0.24120936657577804,0.08270236131589864,0.14672199972795355,0.0006888401066199333,0.10731568380309237,0.08945541766015326,0.024391498637384268,0.028268452952840698,0.039167193113157764,0.03881626932440836,-0.07231464438952738,0.020443076338022302,-0.040967152301043135,-0.13791817695587066,0.037002115299972355,-0.02378138082475255,-0.0006888401066199333,-0.04874824363255527,0.24164973572503334,-0.024391498637384268,-0.028268452952840698
2019-01,0.111,0.06634901401160054,0.08085684961780593,0.07477835921718157,0.07399474094886267,0.03700525905113733,0.044650985988399464,0.0644,-0.0081,-0.015,0.0141999999999999,-0.0098999999999999,0.0021,-0.0231,16.57,-8.850000000000001,2.0023809043401064,2.248529550529988,1.8646908878110715,2.038079914186097,3.6386033410893415,2.63,2.45,2.41,0.1799999999999997,0.2199999999999997,2.38,1.19,2704.10009765625,7.868440166582613,-4.239306414154331,58.0,58.0,47.889663389371215,31.4036996735582,30.88847863623165,11.08845924186821,5.68400589969277,6.029609547736939,4.754764992853164,2.7802613857097,2.4502821263077745,59.83286910604,40.6321042744415,29.505974852359948,0.8350533548642582,0.631578947368421,1.4355639197198418,2.737070937494935,0.5403087280082536,1.05063863009436,27.32707086199617,19.1526079835044,16.44773896365218,4.608963543029827,3.02420247757246,2.5892603788889903,6.742852777782368,11.9597520815513,7.117869069556244,8.86337305199759,5.64651859386999,6.2891046386192,8.757950874943027,8.5163532943593,15.944084327211604,13.9786606699063,60.65077991962111,31.34712440404165,70.36783267309612,70.67858451203305,61.22577946566855,12.6604234504002,6.211422502008095,4.68123888533279,5.587813775310089,6.0,21.354903875661297,15.1119506892053,27.96947318939276,23.145428706774,28.50923390399228,23.145428706774,20.72701943427011,12.3527454242928,24.29665457423046,13.2040281418127,19.97814671709326,16.5291057158952,1.0,0.0641967742078033,0.1237291495018109,0.0206491627043465,0.0552795273002028,0.1050025229479994,0.1359659826961169,0.1262071359014231,0.0612176003350802,0.3077521444052166,0.0195473796610897,0.0203317074868886,0.084933405034749,0.1141791582143722,0.0502677407782624,0.0031431166172514,0.0921821421527554,0.0533975863256796,0.1902761910750052,0.0342580852115443,0.0961106043847202,0.0761403689073672,0.0641634127636241,0.0057565909575994,0.0117931881183005,Technology,0.3077521444052166,0.1668118387192547,1.0,1.0,9.0,18.0,0.0440828362833703,0.0258528877454976,0.013583598281922,0.0,0.0,0.0,0.0,0.0,0.0,0.0,0.0163747285665363,0.0843064357494278,0.1232162942327982,0.0176131201987921,0.0624293157059215,0.2334911923481825,0.1097813342226541,0.1218437930952274,0.0,0.0816401257959912,0.0704409353505158,0.040564456124486,0.0382982686094665,0.0360484163731988,0.0676887647131239,0.0755867665238173,0.0522672280527155,0.0258834516474017,0.2565249268500313,0.0695052897224815,0.1717073679903238,0.0004698658383622,0.1123252686450487,0.0964266210301252,0.0165000980895387,0.019065934523831,0.0329041917233656,0.076464151856415,0.0796995215204481,0.0498335280902638,0.0380771895582389,0.230242646535709,0.0629259505455076,0.1491876597802912,0.0014987089811531,0.1289686806555725,0.107684670252562,0.014833598495882,0.0276795020045906,0.0284424455543669,0.07615311743965557,0.09283419409235454,0.03990462544725713,0.04212998563718737,0.24008625524464092,0.0807375248302144,0.1475796069552808,0.0006561916065051,0.1076446916988708,0.09151740887773434,0.02396605090330223,0.028347901712629367,0.035754328653436404,0.04757603206215533,-0.07218503138800804,0.015374901852945669,-0.04212998563718737,-0.1350837322966415,0.0552284578659025,-0.0213724710538577,-0.0006561916065051,-0.0464270913637906,0.21623473552748224,-0.02396605090330223,-0.028347901712629367
2019-02,0.0287,0.025366859493272553,0.020353476152748406,0.020734996285515672,0.02215177731051221,0.006548222689487789,0.0033331405067274465,0.0233,-0.0068,-0.018,0.0031,-0.012,0.0018,-0.0028,14.78,-1.790000000000001,1.4875893578291333,2.1794329242488475,1.4318323303589953,1.844426623897344,4.02437357467107,2.73,2.52,2.45,0.2099999999999999,0.2799999999999998,2.22,1.16,2784.489990234375,2.9728889343927145,2.6036969918984187,60.0,60.0,49.55832256633986,33.013694668008,31.47392318516772,10.904079794691487,5.68400589969277,6.157289623927751,4.827301050715937,2.7802613857097,2.4505056063237447,58.83377781990448,40.6321042744415,26.7064390277783,0.823351196032873,0.631578947368421,1.518708995656056,2.599907341716015,0.7149231900017656,1.13740792257728,27.453283003302168,19.1526079835044,16.45693747504925,4.652726895849461,2.9346065628723297,2.5861858127141133,6.9505393281352985,11.9597520815513,7.408771373878519,8.86337305199759,5.804616746907827,6.2891046386192,8.44519932691471,7.96305083957789,15.713296157384926,12.2401240750789,57.83641704855008,29.939884983632403,70.0434245656874,70.67858451203305,63.541637861271965,12.41978244616875,6.35753198286238,4.743508664605505,5.640299500015708,6.0,21.39191618974025,14.7449176255947,29.19010913588892,23.145428706774,29.775927021946277,23.145428706774,20.27408436972668,11.9496787604948,23.51752081830136,12.3427261376311,20.383115431873875,16.5291057158952,1.0,0.0674238525730133,0.1165180558877358,0.0215816492458007,0.0512661486920681,0.1088824174714697,0.1416850908908063,0.1245846845081229,0.0619591438318707,0.306098956899112,0.0222232115131107,0.0207886887952575,0.0827862405049461,0.1242181053264428,0.0659099528602529,0.0031347478175814,0.062217031146577,0.056048264910882,0.1950964693141429,0.0327114906637412,0.08610751352772,0.0819357774152806,0.0651034692230801,0.005822491218786,0.0118757104663922,Technology,0.306098956899112,0.1662033151777899,1.0,1.0,9.0,18.0,0.0433115882049035,0.0267584256876575,0.0139508214032446,0.0,0.0,0.0,0.0,0.0,0.0,0.0,0.0162971639425785,0.083875397351955,0.1227026177455146,0.0174384372611979,0.0619935305029277,0.2342018008651865,0.1111954268214782,0.1224611388698379,0.0,0.0821114083508146,0.0701008029149492,0.0401078011503398,0.0375144742232195,0.0370503223577147,0.0675750624812074,0.0755466778382622,0.0531167452008624,0.0256086690011368,0.2553962093629471,0.0692333971020362,0.1722410153515305,0.0004652905627591,0.1108808652362153,0.0985981021262724,0.0156542960059607,0.0186333473730947,0.0334260145990166,0.0765507529542432,0.0787695025537987,0.0504706319940722,0.0385744926439332,0.2282774527971576,0.0622930251072568,0.150101685018199,0.0014850617150805,0.1271071509107307,0.1111768248138809,0.0142486094025126,0.0275187954901174,0.028924500299769933,0.07600040426246853,0.09233959937919184,0.04034193815204417,0.042058897382665904,0.2392918210084304,0.08090728301025707,0.1482679464131891,0.0006501174259465333,0.10669980816592022,0.09329190995170084,0.023336902186271033,0.027888872362143866,0.03849935227324336,0.04051765162526727,-0.07075795013339115,0.010924210540023932,-0.042058897382665904,-0.1304094035369607,0.060777807880549234,-0.0236832619050662,-0.0006501174259465333,-0.04474066433404952,0.21280704694741115,-0.023336902186271033,-0.027888872362143866
2019-03,0.020099999999999996,0.009180108451211755,0.00507438325046472,0.0029303378245491007,0.0057282765087418586,0.014371723491258138,0.010919891548788242,0.0039,-0.0121,-0.0206,0.0093999999999999,-0.0067,0.0019,0.0341,13.71,-1.0699999999999985,1.5188615351321877,2.1410889637129227,1.4001735426362627,1.7441056147354803,3.993031908411182,2.41,2.27,2.4,0.1400000000000001,0.0100000000000002,2.26,1.0699999999999998,2834.39990234375,1.7924256249588488,7.328258360632933,64.0,64.0,44.47713132366071,35.9953619873402,29.73784307647524,10.735634876337604,6.32551268303475,6.34382989245178,5.065814445896397,3.03778958130754,2.619000517502008,74.40250040198038,42.9677957650473,26.70770178424157,0.7476579957073958,0.579621720561318,1.5808830645501442,2.45134301926326,0.948725455167693,1.20457914096245,23.689458552065528,20.0115324262161,16.023483484383725,4.805324977548412,3.163019656304145,2.716476446948099,7.238453430805779,12.6395710992911,7.838661180447451,9.14001248179251,6.122578753126641,7.34032286627892,8.178208419838562,8.576825124405225,15.656653687406523,13.84074847402215,48.23555129111703,28.49953326355105,70.85159868401645,70.6111352779082,60.66399327630306,13.9730434782609,6.711338134685982,5.46030679288394,5.646362161746995,6.0,22.03099852905664,15.1334981183335,21.883757196808958,24.23965147306245,21.967324256700618,24.4443068043553,25.185497144708908,12.8591528682214,32.37740450267791,14.4347826086957,24.478964444098526,17.9025461435392,1.0,0.0544312257798751,0.1199612581599779,0.0262266149769789,0.0517546188089781,0.1053293084990076,0.1443580438628084,0.116649069467521,0.0636297388357527,0.3176601216090999,0.0198438455336776,0.0220087923827009,0.0823804869246133,0.1515713308157499,0.052443840676715,0.0033399989863105,0.0554662379775281,0.0571009828099757,0.1797240029082718,0.0298784078042421,0.0882552091794965,0.0890961203629453,0.0589694346433825,0.0063660193614322,0.0106567709416393,Technology,0.3176601216090999,0.1712170476898664,1.0,1.0,9.0,18.0,0.047502662443913,0.0304054154872174,0.014990440760188,0.0,0.0,0.0,0.0,0.0,0.0,0.0,0.0162158678850336,0.0819108864355874,0.1276409310314815,0.0173070500169203,0.0620708152770622,0.2298180349110638,0.1122289545433985,0.1231188140150684,0.0,0.0818296524743421,0.070132537899395,0.0398651663876639,0.037861289122983,0.0375470985062632,0.0637878616541437,0.0766131867045828,0.0532648634681883,0.0256725109002942,0.2565909641218061,0.0712282708010822,0.1710750634973631,0.000471980521244,0.1082642410058953,0.0993874030778638,0.0173147820738112,0.0187817736674615,0.0370541726315143,0.0741212247513948,0.0782186645196151,0.0499825176278525,0.0411083672224542,0.225684338700694,0.0614252664824442,0.1476015465378243,0.0015271805260699,0.1232671744565719,0.117433654789936,0.0160777514360541,0.026498140317574,0.030272379674270367,0.07327332428037531,0.09415759408522646,0.040184810370987034,0.04295056446660354,0.23736444591118797,0.08162749727564163,0.14726514135008525,0.0006663870157713,0.10445368931226977,0.09565119858906494,0.0244192332991764,0.027713734369339497,0.024158846105604734,0.046687933879602586,-0.06793097910824757,0.011569808437991068,-0.04295056446660354,-0.13203513741218037,0.06273054658716677,-0.030616071882564252,-0.0006663870157713,-0.040823950476517074,0.22200892302003494,-0.0244192332991764,-0.027713734369339497
2019-04,0.0678,0.02929397632880093,0.0325556037393715,0.024776700509420824,0.02887542685919775,0.03892457314080225,0.03850602367119907,0.0279,-0.0066,-0.0124,0.0014,-0.0075,0.0021,-0.0333,13.12,-0.5900000000000016,1.8831863513063984,2.06656235001228,1.5218076513927814,1.61606799514884,3.8879016891819607,2.51,2.27,2.43,0.2399999999999997,0.0799999999999996,2.14,1.0100000000000002,2945.830078125,3.9313498313737982,11.245256842054596,66.0,66.0,41.91010349636968,32.2447292269533,25.41866221649697,11.06736599821894,5.05727422108106,5.872630075098669,4.312970580730583,2.760159535034995,2.252663163005584,52.937016340804135,38.4999275875211,23.27428794771672,0.7630918548586586,0.579621720561318,2.270152705622826,2.493890892158765,0.6397500708038624,1.19562804677689,19.4952009408811,16.436979311622302,12.994196501536976,4.057725965489307,2.9251699095452404,2.425849985441916,7.723447838159104,12.5303710180411,8.099362126231114,8.630685652750419,6.110480141893035,7.3163942512151,7.289247365572256,9.139821715052054,15.577452644631975,13.8999918489336,43.9936860155541,28.263046342744303,69.34000289176498,68.53615712592484,36.38137824183777,14.330376940133,6.120788605872242,4.135730730372631,5.416475834469757,6.0,24.815677158413465,18.14808659198255,5.48528139887061,16.80215861999175,5.52972756117489,18.5405138164042,20.102663983339763,9.88862362478569,25.7562075639249,10.2402900485519,25.781612074972585,15.81161698632645,1.0,0.0716189266130087,0.1093112575547917,0.0273658518020041,0.073194553348365,0.1069206768635928,0.1272304150639147,0.0943230519021707,0.0548138651543217,0.3352214016978302,0.0270980311307248,0.0190666830808476,0.0695209097219685,0.1409604457240008,0.0553519495602226,0.0030532405719648,0.045784581875818,0.0829614549141585,0.1824063904342887,0.0314204446340463,0.0730534043419067,0.0880523187944177,0.0564999518659678,0.0052745432306854,0.0107801786402047,Technology,0.3352214016978302,0.1750789499099841,1.0,1.0,9.0,18.0,0.046740976829174,0.0476298804749478,0.0143446141746544,0.0,0.0,0.0,0.0,0.0,0.0,0.0,0.0168404378125981,0.0844414267101247,0.1253952129620024,0.0173878661682846,0.0605580376958614,0.2326214055241295,0.106687695564976,0.1258040838350169,0.0,0.0814491371959452,0.0731590836285528,0.0393409065039412,0.0363147063985668,0.0392014996649335,0.0652908026703522,0.0743917784700032,0.0521973385913586,0.025741404041847,0.252870242897374,0.0705238821798538,0.1743279674244486,0.0004771647342653,0.1081517089301773,0.1018468588549073,0.0174106736515476,0.0175686778889312,0.037848108851833,0.0745466250256935,0.0782362676088348,0.0492670314606672,0.0401530994548127,0.2238739242964237,0.0609799246200404,0.1504140753747133,0.001138306474468,0.121150388775175,0.1205791222674896,0.0160582429619163,0.0257548828279319,0.0312966821097882,0.07475961813539013,0.09267441968028013,0.039617412073436796,0.04215084706417369,0.23645519090597575,0.07939716745495673,0.15018204221139295,0.0005384904029111,0.10358374496709917,0.09852835491698324,0.024269941039135032,0.026546089038476633,0.0403222445032205,0.034551639419401564,-0.06530856787827603,0.0335771412749282,-0.04215084706417369,-0.12953451404238295,0.04783324760895796,-0.05585899030922224,-0.0005384904029111,-0.04876987981277747,0.23669304678084696,-0.024269941039135032,-0.026546089038476633
2019-05,-0.0512,-0.050329559016889736,-0.05665143449463128,-0.05275977939428533,-0.05324692430193545,0.0020469243019354474,-0.0008704409831102669,-0.0478,0.0116999999999999,-0.0199,0.011,0.0021,0.0021,0.0675,18.71,5.590000000000002,2.000583470209061,2.0913377235709074,1.5663384627478738,1.6367788035668518,3.981219586916418,2.14,1.95,2.35,0.1900000000000001,-0.2099999999999999,2.37,0.96,2752.06005859375,-6.57777313668354,1.729588496700507,68.0,68.0,42.387936603928416,32.2447292269533,25.036979603015528,9.892016265668229,5.05727422108106,5.676649983854021,4.593880744771261,2.545885749943295,2.279701494475141,67.17453731694903,38.4999275875211,23.85305740775783,0.6952493540436286,0.499358974358974,2.2265709521378456,2.55618033763167,0.4664909730865742,1.167200397232935,22.224308622752687,16.5598098404409,13.319224747970004,4.315596955668396,2.859872779574525,2.4328619782568026,7.289123371886859,12.1004203447463,7.779218177930811,8.356661697459849,5.879066044694741,7.3163942512151,6.959904534999408,8.622762967386574,15.379884008513942,13.8999918489336,44.492883503723135,27.14356458769835,69.76025650614336,69.91828935474834,34.93909532580915,14.34837364537615,6.546396700011387,4.372290110167285,5.396409006446506,5.5,26.250802829570173,18.64933925196995,19.356848803743787,18.605307617147,19.38860392159445,19.83469682142185,19.737361822373856,10.138000353223196,25.80255156878852,10.4213590810709,26.952084281019268,16.334988932403597,1.0,0.0717886332345188,0.076723025385235,0.0264188183241558,0.0765923242283802,0.1042682082148234,0.1505550497056728,0.0915274844731211,0.0500655631184718,0.3520608933156206,0.022686504372555,0.0197351210373418,0.0728136210652681,0.1278963782552447,0.0528354993456468,0.0043337946362577,0.0572000136374898,0.0728368297692101,0.1957041570323514,0.0401227684493269,0.0736126270076522,0.0882046846994075,0.0561381628923749,0.0053055797608748,0.01067425235419,Technology,0.3520608933156206,0.1859737644410411,1.0,1.0,9.0,18.0,0.0459698067974529,0.0406757569024144,0.01325444198494,0.0,0.0,0.0,0.0,0.0,0.0,0.0,0.017832603619761,0.0815062229283693,0.1287186066029557,0.0166871814785871,0.0592786895593837,0.2297059630694909,0.1098730070692021,0.1240432417810649,0.0,0.0804309095176396,0.0738064173795559,0.0412506178969869,0.0368665390970023,0.0380709456081378,0.0664261098804158,0.0762160968057274,0.0542025954223234,0.0250683238010452,0.2615021645270439,0.0725440500510878,0.163060274541303,0.0005114522701027,0.1079948381319615,0.0995645730299387,0.0157688622496463,0.0190697136812659,0.0379001646483195,0.0735740358373863,0.0772016270100431,0.0496911602742049,0.0375048121483868,0.2323664600510967,0.0628149140289469,0.1485767861890898,0.0016239906780156,0.1195197599859188,0.1161335437831098,0.0163043205792563,0.026788424786225,0.0312679046254061,0.07383545621539046,0.09404544347290873,0.04019364572503847,0.040617275169605234,0.24119152921587717,0.08174399038307893,0.14522676750381924,0.0007118143160394333,0.10264850254517328,0.09650151139753481,0.024441266908629838,0.027574892521497734,0.0405207286091127,0.002887569169844534,-0.06762662514875294,0.03639867850334174,-0.040617275169605234,-0.13692332100105375,0.06881105932259386,-0.05369928303069814,-0.0007118143160394333,-0.05258293942670148,0.2555593819180858,-0.024441266908629838,-0.027574892521497734
2019-06,0.049699999999999994,0.05911642883270707,0.042960481475017964,0.0500812665579391,0.05071939228855471,-0.0010193922885547158,-0.009416428832707074,0.0498,-0.0258,-0.0042,0.0087,0.002,0.0018,-0.0040999999999999,15.08,-3.630000000000001,1.7959105553606136,1.97242800754438,1.4655536045359518,1.563175476517964,4.342766313757762,2.0,1.75,2.12,0.25,-0.1200000000000001,2.31,1.04,2941.760009765625,6.89301639982407,8.217787973966196,68.0,68.0,48.69709475539102,33.34500940321915,27.54127553244601,12.243294778008286,5.304848827636,5.883179613130233,4.011553464707642,2.545885749943295,2.090441151387479,60.68607534999,38.9046301665844,28.36592259652501,0.7747445365967528,0.499358974358974,2.292941316085724,2.493890892158765,-0.0560903299349462,1.19562804677689,19.84993406787369,16.5598098404409,13.561507770803397,3.894908718923465,2.8265081311990503,2.271418404904879,8.0590771598296,11.220023144659953,8.064553446533834,8.356661697459849,5.941330987097877,6.80190112620221,8.180724023866784,9.12528772798748,16.817299050122386,13.8999918489336,44.310886521975455,26.156737704692752,68.9517395709563,69.91828935474834,35.34318963808173,14.4348766502758,5.744653277522805,4.135730730372631,5.315274580841434,5.0,26.372234247358445,18.14808659198255,17.765288279954085,19.3514812443293,18.278346331404933,20.4475,21.93014403873553,9.88862362478569,28.471916558103477,10.2402900485519,27.281169393146644,16.334988932403597,1.0,0.0694997204739475,0.0829397321945687,0.0229827573738933,0.054953473649697,0.0584085317777674,0.133916884290342,0.0857623386229494,0.0795807675390453,0.411955794077789,0.0286439729055316,0.01708414360317,0.0881901003862478,0.0787472666388026,0.0627303423518352,0.0034857034218347,0.0435435274350485,0.0726832071854868,0.2626356351182641,0.0361696023813301,0.0633820448840835,0.0726311342338456,0.0452648575886341,0.0049464332496045,0.0095223541265355,Technology,0.411955794077789,0.2199984437700489,1.0,1.0,9.0,18.0,0.0494235747723665,0.0399781949619402,0.0209379047554378,0.0,0.0,0.0,0.0,0.0,0.0,0.0,0.0175812444580281,0.0834402785412076,0.1256362267472789,0.0163793664235853,0.0590805421402318,0.2280028755663476,0.1111977209102258,0.1259697681240162,0.0,0.0819123330412016,0.074159110030873,0.0401004838872647,0.0365400501297388,0.0384725337491461,0.0656257911039429,0.0729457868199744,0.0526233697491355,0.0258023470828619,0.2569204732277044,0.0718999587137823,0.1680744850412009,0.0004914396593937,0.1106460417056717,0.101079350528749,0.0161245454305623,0.0192938771878744,0.0381562076703625,0.073263209813627,0.0754917042434017,0.0480127275162898,0.037268721152599,0.2285743239372602,0.0618750707522193,0.1479420632827236,0.0020190068169589,0.1233426924273897,0.1172414847356133,0.0165779667441814,0.0302348209073731,0.03140332862584557,0.0741097598195925,0.09135790593688499,0.03900515456300354,0.04071720345856423,0.23783255757710406,0.08165758345874245,0.14732877214931359,0.0008368154921175333,0.10530035572475434,0.09749331509841176,0.024267665354002797,0.0286895827416621,0.03809639184810192,0.008829972374976194,-0.06837514856299169,0.01594831908669346,-0.04071720345856423,-0.17942402579933667,0.052259300831599534,-0.06156643352636419,-0.0008368154921175333,-0.025719588185709033,0.31446247897937724,-0.024267665354002797,-0.0286895827416621
2019-07,0.0134,-0.019473659926300013,-0.014982479749858002,-0.021565638390907194,-0.01867392602235507,0.03207392602235507,0.032873659926300015,-0.0163,0.0067,-0.0096,0.0078,-0.0075,0.0019,0.0046999999999999,16.12,1.040000000000001,1.671194894390049,2.0746001344216447,1.4260651383430245,1.6569813098790576,4.708145884616455,2.02,1.89,2.08,0.1300000000000001,-0.06,2.13,0.9900000000000002,2980.3798828125,1.3128152166957952,5.826454004170079,69.0,69.0,54.84527984365108,29.742158365554,26.758070804055688,12.441467504190085,5.26136171284904,5.461228955236209,3.905396282979388,2.35007250729492,2.10874649564182,54.77013075759018,39.09376014927825,27.84940523323086,0.8927157709079717,0.647789655172414,2.498359475924152,2.73888911734469,-0.0136336346745434,1.13957843956717,19.70021290334517,15.5144999093956,12.572451902189703,3.816329064249885,2.77473378932969,2.284503742806588,9.36080139296713,11.7796697527015,8.270966391908601,8.59978525014442,6.150396823833409,7.19795924639641,8.247779114354016,9.86238848682546,18.039104234709693,14.7251378758228,46.27829732838284,27.2012713684391,69.8523940273056,70.9692049882966,34.876373682085166,13.4954001952666,5.418841267400311,3.80456794209725,5.148865239490349,5.0,21.344417617235937,13.379489702678,4.80442777758708,12.4085705899618,5.151937538440143,12.3477495968333,25.653337013088755,9.48991711682827,31.51981172506952,9.95712510375902,25.33096725734121,14.9460439408789,1.0,0.0366498986764263,0.1001149240573762,0.0198852469719823,0.0671359316601057,0.0518826808567122,0.1337665687558256,0.0752708196429202,0.0722059000916221,0.443088029287029,0.0367207118464119,0.0155342247297676,0.0889975146254457,0.0876467614324014,0.0638866698614586,0.0032067957047462,0.0429777410753841,0.0686713803392103,0.2814325681579872,0.0363351351543719,0.0600034079014374,0.0687744463944753,0.0445380579863764,0.0049644656533021,0.011069847390269,Technology,0.443088029287029,0.2440605669438215,1.0,1.0,9.0,17.0,0.0560141382004571,0.0,0.029226133546497,0.0,0.0,0.0,0.0,0.0,0.0,0.0,0.0174986034172981,0.0836860696738847,0.1275817422735721,0.0168885098981673,0.0574993101241935,0.2251913165060468,0.1127005962065009,0.1247124523172782,0.0,0.0806568176181513,0.0762397890269107,0.0407859494241633,0.0365588435138327,0.0390544969745039,0.0651304962520976,0.0728572373661218,0.0534279679136471,0.0254761638094627,0.2566495665814822,0.0742782068441996,0.1641226619739343,0.0004775905785292,0.1088476340685067,0.1044410396971657,0.0160035800358136,0.0192333579045349,0.038644644075349,0.0734785529569222,0.074509576572188,0.0479790081173248,0.0368665884803779,0.2298094499590869,0.0620895012662476,0.1423023081763181,0.0019726748948917,0.1234908738530722,0.121257308459015,0.0167722287038514,0.0308272844853547,0.03173258148905033,0.07409837296096816,0.09164951873729398,0.0394318286430464,0.03994735413801137,0.23721677768220528,0.08302276810564936,0.14371247415584354,0.0008167551578069666,0.10433177517991006,0.10064604572769713,0.02452058605460943,0.028873161967907433,0.004917317187375966,0.026016551096408033,-0.07176427176531168,0.0277041030170593,-0.03994735413801137,-0.18533409682549307,0.05074380065017624,-0.06844165451292333,-0.0008167551578069666,-0.03212587508828796,0.34244198355933186,-0.02452058605460943,-0.028873161967907433
2019-08,-0.003,-0.019239881476081133,-0.016802472012949377,-0.025633659542804388,-0.020558671010611634,0.017558671010611634,0.016239881476081134,-0.0252,-0.0127,-0.0226,0.0084,-0.0016,0.0016,0.0299,18.98,2.8599999999999994,1.826331335037068,2.165704950349045,1.4539295260287632,1.639119267494071,5.024480408618226,1.5,1.5,1.99,0.0,-0.49,2.26,0.8900000000000001,2926.4599609375,-1.809162724052393,0.8595474523136026,71.0,71.0,53.66423548700877,29.742158365554,26.679019886344367,10.307511977455023,5.05727422108106,5.259149608336492,3.976063194448797,2.32295375579166,2.070693574190811,73.10413291944448,39.2828901319721,30.835761725266472,0.858574593008484,0.528925619834711,2.192518918558421,2.67971764705882,-0.158029097698818,1.13957843956717,21.70395638676929,15.5374276627897,13.488991726122212,3.855834898602041,2.67045407946542,2.2298335455618505,8.170299016031807,10.4020885024022,7.413219286418819,8.35411084327378,5.432797015169434,6.39215505011538,6.866407992943289,9.64234647565296,15.611703324138816,14.0045406860135,45.81804732541091,27.2012713684391,69.09945823154466,70.3537377778627,31.79395928056578,12.6604234504002,5.356094298098302,3.61288672019836,5.15904952291138,5.0,20.94346782053283,13.1204780997284,4.737252477673569,7.38546051305674,4.864350440665204,7.38546051305674,25.50833782047829,9.30816354390192,32.131386045835555,9.91193084196587,26.23360044009232,15.4533499523429,1.0,0.0353597514585798,0.1180225756406669,0.01575818799633,0.0492021747609127,0.0526637983246846,0.1683467889459969,0.0929980112963198,0.0729599626177874,0.3946887489587214,0.023441895788969,0.0117000332551834,0.1100166786884971,0.0589283857237458,0.0904290846335044,0.002379610665616,0.0347191282170933,0.0833433746964388,0.2968188982844629,0.0384029496000694,0.0598143475322596,0.0660066380034605,0.0364356412056871,0.0049448261063465,0.0135067826408662,Technology,0.3946887489587214,0.2187139266814716,1.0,1.0,9.0,17.0,0.044515605044173,0.0,0.0245961199136262,0.0,0.0,0.0,0.0,0.0,0.0,0.0,0.0177750987473889,0.0833298284906677,0.1325985853604155,0.0172333934957484,0.053741688510531,0.219711801350345,0.117799106349507,0.124917144877265,0.0,0.0781060892680563,0.075900929210502,0.041138053271804,0.0377482810677686,0.0392101223985085,0.0651500091315601,0.0741038636031455,0.0551401925949192,0.0246655782887993,0.2598092549821333,0.0734721343119934,0.1608913391810047,0.0004826984075357,0.1057779235023367,0.105208956833972,0.0159802780118685,0.0201076487522224,0.0383592517081246,0.0733500958313703,0.0737069574230812,0.0490655038518647,0.0348483265894812,0.2338666383934786,0.0607048000775129,0.1404101487481451,0.0019441381505562,0.1245802338017614,0.1207478260409783,0.0166916828958507,0.0317243964877942,0.03178149095134066,0.07394331115119936,0.09346980212888073,0.04047969664751077,0.037751864462937164,0.23779589824198566,0.08399201357967111,0.14207287760213827,0.0008089455193639666,0.10282141552405148,0.10061923736181744,0.024603338059841065,0.029860108769261734,0.0035782605072391394,0.04407926448946754,-0.07771161413255073,0.008722478113401932,-0.037751864462937164,-0.18513209991730106,0.08435477536632578,-0.049074866305818476,-0.0008089455193639666,-0.029861452906264088,0.294069511596904,-0.024603338059841065,-0.029860108769261734
2019-09,-0.002,0.03164067010245453,0.029501776774951027,0.02146350713014966,0.027535318002518405,-0.029535318002518407,-0.03364067010245453,0.0239,-0.0042,0.031,-0.003,0.0098999999999999,0.0018,-0.0326,16.24,-2.740000000000002,1.7376412106666406,2.321135673598529,1.4304164057608038,1.745804579673771,5.281511896057145,1.68,1.63,1.88,0.05,-0.1999999999999999,2.2,0.8800000000000003,2976.739990234375,1.7181177931020697,2.153755694489345,71.0,71.0,47.15917673136181,26.5782250686185,25.70554646250295,9.77770607402935,5.038794040869405,5.178717963011787,3.4029449719027096,2.35007250729492,2.074698825334216,78.90097983823942,39.2828901319721,28.77982190481768,0.8711468885230377,0.611413043478261,2.50632867319814,2.67971764705882,0.3258191500913287,1.28183306330784,18.98465044204687,15.269337681171748,12.979742895999925,3.360136197415602,2.78764797999737,2.234890543015581,9.828969883754056,11.7796697527015,8.809011303370301,8.84492601021975,6.66083341696457,7.19795924639641,7.928570537543963,10.1129832810867,16.31150256511345,14.7251378758228,44.92147612616248,27.0858578069576,68.90903012748954,70.9692049882966,33.858265617395475,14.330376940133,5.507012866538372,3.67514490147524,5.3494443219042,5.0,24.677757190715266,13.379489702678,12.268641101019742,7.38546051305674,12.49504302450061,7.38546051305674,24.39260561725545,9.48991711682827,29.474975250691024,9.95712510375902,25.04832051571936,15.4533499523429,1.0,0.0330163174298114,0.1058412550650271,0.0159167209929784,0.0465194106360815,0.0575833751106619,0.1480943744507641,0.0926171877299033,0.0772363521414791,0.4231750064432926,0.0248397843712976,0.0112674017280722,0.0950923533699916,0.0465676440243292,0.1006353465393439,0.0022934791343315,0.0463985820401046,0.085056530936409,0.2982373361402657,0.0376271504374385,0.049568600506489,0.0649258493569582,0.0475678625294474,0.0064887118882541,0.0128528575555603,Technology,0.4231750064432926,0.2335781185299607,1.0,1.0,9.0,17.0,0.0448697526725176,0.0,0.0257107567691887,0.0,0.0,0.0,0.0,0.0,0.0,0.0,0.0178664410665875,0.0833812125939137,0.1313789636464679,0.0171461941703954,0.0550062638714306,0.2231674928807693,0.1152990316582101,0.12506427107155,0.0,0.0785428694129237,0.0761235172716537,0.0398980202840017,0.0371257220720957,0.0389312057942844,0.0677945571654682,0.073841156749916,0.0548043007614317,0.0245374520766979,0.2616545817957923,0.0703380131671839,0.1615701127233433,0.0004280443702927,0.1051934972252741,0.1048766076508817,0.0157174091426171,0.020313061376816,0.0382987562017329,0.0765457918637334,0.0705501893222204,0.0476902403239043,0.0344166430461579,0.2351865251474095,0.0569647076027701,0.1445572043527078,0.001956552227663,0.124709379783693,0.1215497122675212,0.0151753043346708,0.0323989935258152,0.031698801020868264,0.0759071872077051,0.0919234365728681,0.0398802450852438,0.0379867863314288,0.2400028666079904,0.08086725080938804,0.1437305293825337,0.0007948655326519,0.10281524880729694,0.10084994573001888,0.023596911253763203,0.029945925658242296,0.001317516408943134,0.029934067857322,-0.0760067155798897,0.006639165550837697,-0.0379867863314288,-0.1824194914973285,0.06722712364137605,-0.0511133416526304,-0.0007948655326519,-0.025578896665817835,0.3223250607132737,-0.023596911253763203,-0.029945925658242296
2019-10,0.0398,0.03389050644444436,0.04106237693115844,0.03668470941600743,0.037212530930536745,0.0025874690694632566,0.005909493555555645,0.0327999999999999,0.0034999999999999,0.008,0.0098,-0.0084,0.0015,-0.0095,13.22,-3.019999999999998,1.6844977040391562,2.3300099083477743,1.2839539924622612,1.6320140893302693,5.626338141869369,1.69,1.52,1.54,0.1699999999999999,0.1499999999999999,2.18,0.91,3037.56005859375,2.0431770513684056,12.015166259771616,72.0,72.0,48.56353777445416,26.36106351189425,26.684669941919847,9.870946068329031,5.05727422108106,5.206163325914962,3.413652718472186,2.33651313154329,2.106820293383808,87.54651561030167,39.8029472241261,30.00439029537088,0.8206920615740116,0.570169331656486,2.3896988857637456,2.58029143584222,-0.0019350419617462,1.23832770910327,19.392854082279072,15.5144999093956,12.962108550989402,3.38042798974415,2.78119088466353,2.2909192724219127,9.73361167787226,12.54624580843645,8.83963410963793,9.457047910480526,6.572207357700443,7.2399741411026,7.602703763211595,9.98768588395608,16.82122410369285,14.36483928091815,44.25320821416439,26.21713766318775,68.63994245012375,69.6105557495314,33.12811460404352,14.34837364537615,5.636610165186648,3.739856421786245,5.383133251358879,5.0,25.887201323642746,13.2499839012032,17.117425194380687,12.82560428950805,17.242712060147667,13.4935361651443,24.447985457774003,9.50349050419862,29.607404734774654,10.01144065000801,26.370188225361176,16.968538820232048,1.0,0.050501242822682,0.1058620440220204,0.0133252387426485,0.0654112605164351,0.0533093268796057,0.1479230820879203,0.0885389676032337,0.0777640357013301,0.3973648016241237,0.0214281294146528,0.0153667116545014,0.0956008182070179,0.0408767777431432,0.090325160811594,0.0020920829622435,0.0396726020287118,0.0938543007375685,0.3166493587702528,0.0327367280067042,0.0452835292387441,0.0561557661364869,0.0437115672604045,0.0055991374244421,0.0112875343397861,Technology,0.3973648016241237,0.2147216450303829,1.0,1.0,9.0,18.0,0.044235940854968,0.0206388874815553,0.024484966927222,0.0,0.0,0.0,0.0,0.0,0.0,0.0,0.0175865464755096,0.0852266165664007,0.126401509214927,0.0171151616522011,0.0531141242613029,0.222887368753391,0.1166711530569892,0.1293269683906006,0.0,0.0787685697266868,0.076706231895053,0.0396051618346712,0.0365905881722665,0.0390668850187213,0.0684693714644358,0.0732333824863474,0.0539162687064359,0.0238961212935957,0.2609728517903021,0.0701456736476543,0.1626377596202778,0.0004455950748176,0.1060026512604076,0.1062509139704827,0.0147922909374428,0.0201702347290785,0.0385894168779808,0.0749618898822033,0.0701208960260257,0.0458647410581235,0.032291933606932,0.2331878349408285,0.0585329946880727,0.1465888670159537,0.0019239944662593,0.1272019695277034,0.1244146777482635,0.0144331430499343,0.0318876411117187,0.031747616124070566,0.07621929263767994,0.08991859590910005,0.0389653904722535,0.0364340597206102,0.23901601849484053,0.08178327379757207,0.14618453167561068,0.0007898631803589666,0.1039910635049326,0.10245727453793306,0.022943531940682767,0.029549488004354568,0.018753626698611435,0.029642751384340457,-0.07659335716645155,0.0264458700441816,-0.0364340597206102,-0.18570669161523484,0.06613980829034823,-0.05764556407237699,-0.0007898631803589666,-0.026227027803602504,0.2949075270861906,-0.022943531940682767,-0.029549488004354568
2019-11,0.0206,0.01127277035369234,0.024001290256804753,0.017503992284114922,0.017592684298204004,0.0030073157017959963,0.00932722964630766,0.0134,0.004,-0.0143,0.0088,-0.0118999999999999,0.0012,-0.0001,12.62,-0.6000000000000014,1.7339736996186297,2.3378148209658223,1.2885618207514993,1.6235859562745425,6.50575873630459,1.78,1.61,1.59,0.1699999999999999,0.1899999999999999,2.08,0.8799999999999999,3140.97998046875,3.4047037714499906,13.796616490011717,71.0,71.0,46.85704659328453,26.36106351189425,27.04582913291745,10.835603799574514,5.05727422108106,5.281655803879363,4.034276454223988,2.35007250729492,2.263863711008088,83.15880009468151,38.9046301665844,29.824403063943784,0.7849580615153996,0.611413043478261,2.456455898721223,2.67971764705882,0.3612876898084002,1.28183306330784,21.412146963259197,15.5603554161838,13.51560922899554,3.937985239229572,2.79637129472487,2.4595020217817942,10.441800826601876,12.6713206800818,9.239329949339744,9.70023636664851,6.860421323340327,7.28198903580879,9.063383682386124,10.9308993155589,17.91894081857169,15.1565874172117,44.0935723392555,26.3001792760766,68.89007604476274,68.8673737212001,45.98740540644287,15.6209150326797,5.891669939239164,3.67514490147524,5.3826327420584485,5.0,26.741279920827772,13.379489702678,10.234491197620878,12.4085705899618,10.31157787684657,12.3477495968333,25.118465781729714,9.86530555603739,30.03433235203607,10.867955019864,27.31760543544451,17.8872088420621,1.0,0.0427762868555294,0.0907599982825711,0.0312932848232173,0.0569731540075932,0.0915453777583615,0.1456918457834565,0.0810656156277662,0.0755459328032329,0.3843485040582716,0.0212236909482767,0.0149821600185412,0.093332012641099,0.0396065330899516,0.1180908089118551,0.0021865808800902,0.0297329079962086,0.0888150884232621,0.3383967497935384,0.0291001450491762,0.0388819064046931,0.0428451172806766,0.0428184429186687,0.0052826378135653,0.0114161411939047,Technology,0.3843485040582716,0.2039016626467609,1.0,1.0,9.0,18.0,0.0433262635094732,0.0166636065718525,0.023299206555166,0.0,0.0,0.0,0.0,0.0,0.0,0.0,0.0175773473447922,0.0847626577598744,0.124625415654882,0.0163043339576415,0.0518678069558964,0.2206247176455912,0.1201847927373538,0.130740321677111,0.0,0.0789561363346726,0.0792530369863163,0.0391641601690327,0.0359392727768354,0.0394388749050882,0.0677121111847441,0.0731370860162124,0.0554207985253335,0.0239403987945565,0.2628595864778247,0.0682661023496085,0.1653406856626045,0.0004303757439005,0.1074063408302065,0.1045435768466184,0.0122962357062341,0.0192078269570676,0.0385084937464641,0.0744193833233527,0.070030148145497,0.046269826025474,0.0320664579468151,0.233536104201506,0.0586694502908577,0.1476025244894648,0.0021294914794819,0.1255970120721836,0.1246526521784147,0.014668740034532,0.0318497160659558,0.031841571998781494,0.07563138408932374,0.08926421660553047,0.039331652836149665,0.03595822123242267,0.23900680277497396,0.08237344845927334,0.14789451060972678,0.0008532890744608001,0.10398649641235425,0.10281642200378315,0.022043045303266267,0.028998938599952933,0.010934714856747907,0.015128614193247361,-0.05797093178231317,0.017641501171443537,-0.03595822123242267,-0.14746142501661247,0.06331839732418316,-0.06682889498196058,-0.0008532890744608001,-0.02844056360912134,0.28153208205448843,-0.022043045303266267,-0.028998938599952933
2019-12,0.0462,0.02995399926697484,0.041710317652115414,0.05347041847850975,0.04171157846586667,0.004488421534133327,0.016246000733025158,0.0339,0.0147,0.0072,-0.0056999999999999,-0.0026,0.0014,0.0074,13.78,1.16,2.092290394862917,2.3546960942649298,1.3582773068303575,1.4977183197472543,7.093847144817556,1.92,1.58,1.55,0.3399999999999998,0.3699999999999999,1.98,0.8700000000000001,3230.780029296875,2.858981890573009,28.87807022515845,70.0,70.0,49.59994906446361,26.5782250686185,28.417126210842216,9.944611860371362,5.038794040869405,5.23007369051695,3.929268592161437,2.548032153808845,2.136195815025192,79.31569713905806,37.98129005441275,29.85043428035989,0.7720864844701366,0.570169331656486,2.361119704604533,2.571971113840945,0.5895191984447052,1.415909949197545,21.097601533977848,15.9655523228939,13.723399481463575,3.8427686818502473,2.795809804760265,2.278431836248895,9.25916018998143,11.94928551542475,8.177844268278578,8.82124290557544,6.233280867786794,6.51185987597915,8.588694019721794,10.444121977849347,17.14047549432386,14.68102244054805,42.31614075088164,25.288017560922903,69.230013202926,69.6105557495314,41.21614345485729,15.6938775510204,5.567647245028297,3.7560138905352,5.32383784485923,5.0,28.24906341836199,15.23210473306625,6.637195381027843,9.89701555150927,6.693423064663047,9.86660505494502,26.83478566249992,9.86530555603739,33.64547056717605,10.801831481135451,30.72955398454094,17.90717932524675,1.0,0.0573172763113494,0.0865581081043919,0.0270500286970723,0.0397219611968364,0.0865172392203088,0.1297861184684803,0.0826789134931273,0.0712979555207282,0.4190723989877052,0.0158932460689684,0.0137706124473561,0.0842430944590006,0.0418180431616949,0.118368187279147,0.0019205187578179,0.0254804773118574,0.0838378796681185,0.369832346192525,0.0293534312809707,0.0343888132446415,0.03765427580693,0.0404085732738078,0.0052717375485536,0.0095416898317423,Technology,0.4190723989877052,0.2249576605167673,1.0,1.0,9.0,18.0,0.0409768960799544,0.0251663934643487,0.0220737841225643,0.0,0.0,0.0,0.0,0.0,0.0,0.0,0.0177945472754676,0.0836579095070993,0.1238487690294982,0.0165965172389112,0.051845083747762,0.2220842232013268,0.1204912749398345,0.1295818757478546,0.0,0.0797242945308255,0.0797332734425993,0.0380983008481781,0.0365439304906424,0.0396536656662643,0.0679747973892007,0.0718419280285379,0.0540372046128898,0.024172060999226,0.2622757274183808,0.0684520761246805,0.1662292904964858,0.0004238676828537,0.1088958455822494,0.1048379517449796,0.0118823621550833,0.0193232220991679,0.0381348979390049,0.0749564827201414,0.068802251249496,0.0465319649979992,0.0336579338816136,0.2313850879485262,0.0589664804028483,0.1481247640254423,0.0014046830112638,0.1273462710886078,0.126341706065749,0.0131234627797057,0.0312240138896013,0.0318610369602456,0.07552972987214712,0.0881643161025107,0.0390552289499334,0.0365583595428672,0.2385816795227446,0.08263661048912109,0.14797864342326092,0.0006095168980391666,0.10532213706722755,0.10363764375110929,0.02103470859432237,0.029030388826470535,0.025456239351103797,0.011028378232244784,-0.0611142874054384,0.0006667322469030013,-0.0365583595428672,-0.1520644403024358,0.0471495079793592,-0.06529972993013362,-0.0006095168980391666,-0.034024181546499346,0.3154347552365959,-0.02103470859432237,-0.029030388826470535
2020-01,-0.0184,-0.028225893121169743,-0.03805397560220758,-0.037713623500196136,-0.03466449740785782,0.01626449740785782,0.009825893121169743,-0.0232,-0.0089,-0.0292,0.0022,-0.0113,0.0013,0.0329,18.84,5.0600000000000005,2.3195274699624457,2.290598816440625,1.5637627676458932,1.544751058548699,6.677648955987436,1.51,1.33,1.55,0.1799999999999999,-0.04,2.13,0.8300000000000001,3225.52001953125,-0.1628092819048965,19.28256732533442,67.0,67.0,52.42061754397489,28.16019171708625,28.65284599146202,10.196006797567769,4.740386475706585,5.220561357645902,3.68107660300688,2.32295375579166,2.08287559500436,66.07905582467184,35.82090649605955,25.98837991478985,0.8096870876490276,0.611413043478261,2.4723629323801597,2.67971764705882,0.9800915162994508,1.54998683508725,21.584670732320262,15.5144999093956,13.597514182852636,3.622606165254193,2.57421020901367,2.205380652347145,9.178039927292712,11.4774000940584,8.0562258715699,8.79755980093113,5.8152257441193,6.40584300600801,8.045871554757966,10.775260674612,16.81555310902452,15.4908354182681,42.138574671053455,25.2276176024279,67.72184267028344,67.8723369728376,26.10946583662404,15.6209150326797,4.976381276919174,3.69853047841817,5.36735450805732,5.0,28.838059230801854,13.1204780997284,9.05179130500504,6.605070386337385,8.885638430551701,5.893961766906585,24.229297437865924,9.399040330365096,29.69907095798171,9.59372485921159,28.268152754437324,17.6652474462126,1.0,0.0611722695758748,0.0792008916956653,0.0101151880349881,0.0543194976277949,0.0807838824361734,0.1277758482554145,0.0843042732473749,0.053555393642329,0.4487727554843848,0.0164711802868626,0.0,0.0881931934670079,0.0297498404931079,0.1290812868737536,0.0021135969496258,0.0282726975685002,0.0933839511086075,0.3769722766401936,0.0310222558020672,0.0153076739533663,0.0282554444368944,0.0594002572415578,0.0052482976971252,0.0110488748520566,Technology,0.4487727554843848,0.2472928324618237,1.0,1.0,9.0,17.0,0.0409382966857554,0.0234955461573109,0.0210453297862064,0.0,0.0,0.0,0.0,0.0,0.0,0.0,0.0181426983499842,0.0817497388948337,0.1255164106368643,0.0159528863757463,0.0489349637331024,0.2210051092487227,0.1247446633766844,0.1271688430000351,0.0,0.0777880130067629,0.0815969967818883,0.0386255990131871,0.038774077582188,0.0377854549363697,0.0666314290460159,0.0716595848537949,0.0523173157148323,0.0219980599026963,0.2691005027092916,0.0693032403250848,0.1633861411559167,0.0004432912303288,0.1078151083975922,0.1062648102422646,0.0122105224819504,0.0210845390038613,0.0368628401726766,0.0730995320007146,0.0691353654058215,0.0454635660340457,0.0300923125579758,0.2350825879608719,0.0603172259529188,0.1470644972705724,0.0019524638574774,0.1256522839317145,0.1284951285872015,0.0132969862857938,0.0334852099822149,0.030930331153010165,0.0738268999805214,0.08877045363216024,0.037911256041541434,0.0336751120645915,0.24172939997296206,0.08478837655156267,0.14587316047550805,0.0007985850292687334,0.10375180177868985,0.10545231187045145,0.021377702593643768,0.031114608856088067,0.030241938422864635,0.005373991715143897,-0.07865526559717215,0.016408241586253466,-0.0336751120645915,-0.16094551753678865,0.04298747170385182,-0.061568887228133154,-0.0007985850292687334,-0.05019640813636085,0.3433204436139333,-0.021377702593643768,-0.031114608856088067
2020-02,-0.09359999999999999,-0.07765261823345604,-0.08930052363557017,-0.07782266361474743,-0.08159193516125789,-0.012008064838742102,-0.01594738176654395,-0.0889,-0.0220999999999999,0.0055,-0.0113,-0.0087,0.0012,-0.0039,40.11,21.27,2.599767976845202,2.2817391837892886,1.7944821136310465,1.5913288616700605,6.690318609653034,1.13,0.86,1.27,0.2699999999999999,-0.1400000000000001,2.38,0.8300000000000001,2954.219970703125,-8.411048363840312,6.095550031209251,65.0,65.0,50.24293667277996,26.36106351189425,27.50336875605895,10.419391269352834,4.6744718630425,5.282691618735115,3.7152955320057854,2.31235924463051,2.0577358845427454,66.00287640877214,34.315050992843496,24.660489029401536,0.8392805253718258,0.499358974358974,2.517456009735528,2.73888911734469,1.1152931694387629,1.54998683508725,20.47187989269678,15.0241754529479,13.235268332953744,3.6439889944379233,2.45432332276539,2.190018323070251,8.955812680947735,11.4774000940584,7.859929925266664,8.79755980093113,5.670536671704647,6.40584300600801,7.934985929424796,10.775260674612,16.64136581131402,15.4908354182681,42.75436475785373,25.2276176024279,67.69858248120676,67.7351392024078,26.129155827226107,15.062148991306,4.8145282381043,3.67514490147524,5.372743192213552,5.0,27.419332269889512,13.379489702678,7.163818089564372,6.605070386337385,6.950301672990297,5.893961766906585,22.74971791967647,9.50349050419862,28.34155002645361,10.065756196257,27.879104365928,17.8872088420621,1.0,0.0687132114739837,0.0722027267462291,0.0108785866323818,0.040381388950943,0.086950583739341,0.1283343084987435,0.0897194681810225,0.064075989169997,0.4387437366073581,0.0140222385572683,0.0,0.0972053792318618,0.0257416897036812,0.1358943645824084,0.0020438930854382,0.02814854219795,0.0847956762945618,0.34326975933799,0.040364164427428,0.015493726405295,0.0269654693502151,0.0815901683764067,0.0034339114393851,0.0142294061751589,Technology,0.4387437366073581,0.2403652199228333,1.0,1.0,9.0,17.0,0.0400861699305372,0.0252696757416098,0.0214457651628038,0.0,0.0,0.0,0.0,0.0,0.0,0.0,0.0178648678511673,0.0818738911567783,0.1250269463658878,0.0162344714821103,0.0453294899946424,0.2221836824176554,0.1266400480089976,0.1247893520128077,0.0,0.0765032262669817,0.0824409185003641,0.0402646853018873,0.0408484206407194,0.0370049071833416,0.0668042665062752,0.0727769619328014,0.0464990412805932,0.0205280029218029,0.2736146526460872,0.0706380720139494,0.161862283617037,0.0005042135490588,0.1085960452391453,0.1067079987425393,0.0127895618168329,0.0216739925505353,0.0363145148519563,0.0718602129486933,0.0692802611471224,0.0447676851136322,0.0286981039829225,0.2358997709122408,0.0622479883499498,0.144911176624314,0.0019871672862262,0.1245929798293509,0.1317454181634079,0.0132930428316508,0.0344016779585323,0.030394763295488403,0.0735127902039156,0.08902805648193719,0.03583373262544524,0.031518532299789265,0.24389936865866113,0.0865087027909656,0.14385427075138624,0.0008304602784283333,0.1032307504451593,0.10696477846877044,0.02211576331679033,0.03230803038326233,0.03831844817849529,-0.0013100634576865,-0.0781494698495554,0.004547656325497765,-0.031518532299789265,-0.15694878491932013,0.041825605707777894,-0.05413480257036374,-0.0008304602784283333,-0.03915476127516229,0.33177895813858765,-0.02211576331679033,-0.03230803038326233
2020-03,-0.1364,-0.1410669882140262,-0.1783358134288715,-0.20630875766844703,-0.17523718643711492,0.03883718643711492,0.0046669882140261965,-0.1392,-0.0156,-0.0735,0.0073,-0.0127,0.0012,0.0721,53.54,13.43,2.34131667975952,2.3676613601035346,1.689097203314005,1.6976972310441596,6.804629712607624,0.7,0.23,0.11,0.47,0.59,3.93,1.27,2584.590087890625,-12.51192824089282,-8.813499261221347,66.0,66.0,47.60361633643248,26.5782250686185,27.44425197567305,11.259369398002333,4.80630108837067,5.933944791322915,4.443535027387679,2.33651313154329,2.3845574396806968,42.458893185774045,34.583863049878,23.644453457580973,0.7882968139349583,0.578034682080925,2.443837263339933,2.709303382201755,1.3060579084357444,1.220335864885005,21.86914934142619,15.5144999093956,13.866899907510762,4.298564242706069,2.58329921739253,2.532328609814799,9.503817501332597,11.6343164672162,7.93218000328989,8.82124290557544,6.064813254240543,6.9079179961733495,8.512629925252092,10.31882458071873,17.311426209547474,14.946336521902,40.13960926405421,24.968335795121952,70.87178592375143,68.3592228355208,25.967829972342837,15.65739629185005,6.310542169657607,3.7748894562825352,5.481347332462087,5.0,30.41964720011037,13.96558725343615,20.85432706539274,7.14880952380953,21.14459524527751,6.80931039467978,25.682014703521517,9.51706389156897,29.83611171868532,10.65782794700645,29.47926643363438,16.9030597975623,1.0,0.0660067836555553,0.0503223782868276,0.0099403031917759,0.0393504576051622,0.0884562942201107,0.1334752541811023,0.089408200431798,0.0557234208423338,0.467316907585334,0.0042973348224977,0.0,0.0994366957122829,0.0628252106053299,0.0963440421170853,0.0035031965734909,0.0215347154794102,0.0955392402013679,0.3486854459395143,0.0278353343997634,0.0189596602741334,0.0242675166749177,0.084540196787974,0.0027235753850368,0.0111705305525544,Technology,0.467316907585334,0.2636606829020826,1.0,1.0,9.0,17.0,0.0349659204877455,0.0233803838451585,0.0399910001417367,0.0,0.0,0.0,0.0,0.0,0.0,0.0,0.0170172799884013,0.0793316629581667,0.1377216636904021,0.0152971722851724,0.0427492802957895,0.1996954586657618,0.1422724677386762,0.1199468914616276,0.0,0.0766791433684163,0.0870795230741581,0.041535705955983,0.0406737505174446,0.0327001375303206,0.0602512782049438,0.085686479540391,0.0424619301122214,0.0165096216143579,0.2593389210593639,0.0812266337693017,0.1596576302429397,0.0005109021971454,0.1118548022186104,0.1130563479766442,0.0137356775684516,0.023009637965308,0.034030545055688,0.0664256904905142,0.0803298460437067,0.0390854819292186,0.0223143182002902,0.2272841786647227,0.0748183804730334,0.1435027473156992,0.0015625666942352,0.1311434876326128,0.1301651289395557,0.0134744715088502,0.0358631570518725,0.027915987524803298,0.06866954388454156,0.10124599642483327,0.032281528108870805,0.02719107337014587,0.22877285279661616,0.09943916066033709,0.14103575634008883,0.0006911562971268666,0.1065591444065465,0.11010033333011933,0.022915285011094935,0.03318218184487503,0.038090796130752,-0.018347165597713967,-0.09130569323305737,0.0070689294962913915,-0.02719107337014587,-0.14031655857650546,0.0340360935207652,-0.05162755590829084,-0.0006911562971268666,-0.0508357235642127,0.3572165742552147,-0.022915285011094935,-0.03318218184487503
2020-04,0.1746,0.05817451322179168,0.0956946564947585,0.11616598196384054,0.0900117172267969,0.0845882827732031,0.11642548677820833,0.0711,0.0338,-0.0441999999999999,0.0207,-0.0412999999999999,0.0,0.015,34.15,-19.39,1.4940399642909163,2.097741687598198,1.1662090444265472,1.5272953094374042,10.13566889919286,0.64,0.2,0.09,0.44,0.55,3.23,1.6999999999999995,2912.429931640625,12.68440381652789,-1.133811034533061,66.0,66.0,56.69019957468907,36.4786580196796,36.19518009629164,13.228258155754714,6.67967167949811,7.514540702278669,4.702920308193341,2.76400025878623,2.322932461604273,55.80579051831181,41.4839729643472,28.18536167965037,0.5073078049884928,0.34909015309065,1.2319437998604232,1.98159509202454,1.8466060809275255,1.415909949197545,24.365315174236542,18.192498447835757,16.875943353999453,4.713849310316388,3.1362897185985297,2.533479241816277,7.723260730541434,10.0383141762452,6.901779617364065,6.84771975590441,5.634372688763027,5.8360894867959,6.644814893390148,9.12982770430476,16.935443747027126,13.7887270140682,50.15227418728668,31.1712846347607,70.39678944848745,70.3057058012515,19.42186907291452,10.9527227584147,6.805623381677255,3.967000057219295,4.882668688380519,5.0,22.01480180534148,12.69815940115485,-19.680314729118773,-4.02348544014281,-17.77369448206481,-3.167170321248515,14.195340632274185,7.8563229033699,17.67362947450487,7.30318364962971,25.211259496174733,13.9934646687692,1.0,0.0270029477005017,0.1020182271638913,0.0096358189976033,0.0403734500110504,0.0711187433756663,0.1408015507476111,0.1012532597603437,0.0532310023465271,0.4545649998968047,0.0146676510967007,0.0,0.0798138181197411,0.0601166356984797,0.0836308507579734,0.0031329197006053,0.0220737317334785,0.0988121208347122,0.3902244934763095,0.023537292009231,0.0480354937938042,0.0233269161647719,0.066691875553496,0.0026445196852516,0.0109825776745738,Technology,0.4545649998968047,0.2574577960380884,1.0,1.0,9.0,17.0,0.0330969328199591,0.0,0.026895664295018,0.0123165065858932,0.0,0.0,0.0,0.0,0.0,0.0,0.0170393015928451,0.0800324420794686,0.1357193950437745,0.0162524253385572,0.0401168707654801,0.1975282222644816,0.1451446114515967,0.1207309334874945,0.0,0.0778485556205649,0.0892001008380524,0.0408965127656545,0.0394906287520293,0.0331900934812682,0.0626236506420603,0.0832262396911035,0.0442141325383976,0.0171944734753645,0.2494523494402559,0.0827065731821829,0.1593696832622995,0.000418589688039,0.1147141711706041,0.1172156414710784,0.0133362381786882,0.0223381637786574,0.0327610966973542,0.0678660075612994,0.0785662428182755,0.0394737159194504,0.0254829122643415,0.2164829897785137,0.0733725210341633,0.1434296120826164,0.001366015104974,0.1394080380380443,0.1344465259704899,0.0131007805993139,0.0342435421311628,0.027663497257155834,0.07017403342760943,0.09917062585105117,0.03331342459880173,0.027598085501728698,0.22115452049441706,0.10040790188931431,0.14117674294413682,0.0005948682643376666,0.11065692160973777,0.11362075609320689,0.022444510514552197,0.03202411155394983,-0.0006605495566541324,0.031844193736281876,-0.08953480685344788,0.00706002541224867,-0.027598085501728698,-0.15003577711875077,0.0403936488582968,-0.039923483183793115,-0.0005948682643376666,-0.05742591926321067,0.34094424380359784,-0.022444510514552197,-0.03202411155394983
2020-05,0.13849999999999998,0.05426900429544168,0.08082268999455788,0.06377374233154387,0.06628847887384781,0.07221152112615217,0.0842309957045583,0.05,0.0217,-0.0537,0.03,-0.0333,0.0001,0.0118999999999999,27.51,-6.639999999999997,0.3130472940411133,1.4309324152566472,0.4624613003096023,0.9954970222243896,16.928062926952926,0.65,0.16,0.14,0.49,0.51,3.08,1.4500000000000002,3044.31005859375,4.528181966555822,10.619317666684005,62.0,62.0,54.81065956301367,36.4461628982096,35.81863334600447,12.041535278233708,6.78141776465023,7.356366423044127,4.829110454645933,3.26541469524572,2.5283326282321243,55.15811932214362,42.45377427909985,28.492151041508656,0.4730789035493357,0.1876474783758277,1.034994190340036,1.98125611888112,1.7015670736359036,1.18679763894675,24.56306722429932,18.526273805809,17.005205827230306,4.851733477034413,3.24261545762712,2.8788348466096183,7.58543042858707,10.2202013393237,7.0340735155029925,7.00144687564715,5.824064250246035,5.90791755389954,6.98839996746742,9.64027754842679,18.21740800650048,14.946336521902,49.37555370266095,28.058436163666848,70.98183434175745,70.89994702291256,18.874844549500867,10.306905370844,7.066316560100931,4.21229712839498,4.927357793191975,5.0,22.72600753337185,11.8755934952177,-21.22582832177042,-0.888735357849442,-20.219393206273736,-2.25470763131814,14.56624702319204,7.75066040928325,17.025421127064465,7.260344274194345,24.88256629419654,14.17960005368095,1.0,0.0290682558743343,0.0981236921108088,0.0095056634105062,0.0341198649652284,0.0640592594537761,0.139890701244473,0.128708367576614,0.0503278370908227,0.4461963582734364,0.0154119585501936,0.0,0.0718497696832091,0.0484989209178215,0.0857138146643065,0.0030084987814718,0.0257039501025377,0.072950045106732,0.4044743061985839,0.0269546512979867,0.0539923322906788,0.0223152791348523,0.072328142420261,0.0029226929732226,0.0116919788713891,Technology,0.4461963582734364,0.2535906674985425,1.0,1.0,9.0,18.0,0.0309420120906132,0.0,0.022945075684189,0.0125424418447074,0.0157541293872433,0.0,0.0,0.0,0.0,0.0,0.0176439160298896,0.0822252257843733,0.1331762150755787,0.0165003889815663,0.0383069422404335,0.1915382779938973,0.1453395816836154,0.1249488000223343,0.0,0.0806204358888452,0.0902856313383376,0.0399157173169754,0.0394988676441527,0.0334961345172597,0.0632508366802169,0.0827564841717839,0.0460722765131699,0.0155882461345091,0.2449744714557332,0.0841899774182385,0.1580911495187796,0.0004358252025023,0.1151262390064738,0.1213461246737034,0.0125601251461089,0.0221121095615204,0.033817360627658,0.0696436875071328,0.0785078442979201,0.0388013306070763,0.0240787860853394,0.2112887100226839,0.0751457716586416,0.1428036117756922,0.0013878515307604,0.1411338354937104,0.137487196994236,0.0125702058085139,0.0333338075906346,0.028319137058269096,0.07170658332390767,0.09814684784842757,0.0337913320339375,0.025991324820094003,0.21593381982410478,0.10155844358683185,0.1419478537722687,0.0006078922444209,0.1122935034630098,0.11637298433542566,0.021682016090532732,0.03164826159876923,0.000749118816065205,0.026417108786901136,-0.08864118443792138,0.000328532931290898,-0.025991324820094003,-0.1518745603703287,0.03833225765764116,-0.01323948619565471,-0.0006078922444209,-0.0619656663721871,0.32982337393801076,-0.021682016090532732,-0.03164826159876923
2020-06,0.0161,0.035111936673493105,0.020311178166292576,0.039931178093866926,0.03178476431121754,-0.015684764311217538,-0.019011936673493105,0.0334,-0.0097,0.0029,-0.0109,-0.0103,0.0001,0.0220999999999999,30.43,2.919999999999998,0.1982013035848551,1.2184564692601985,0.4901629042393773,0.9973783749794408,21.956013166127164,0.66,0.16,0.16,0.5,0.5,2.93,1.2000000000000002,3100.2900390625,1.838839651392421,5.388951810161613,63.0,63.0,50.15486309488832,36.0625,32.90890882233153,10.35659956213737,6.96374833100194,6.606734925305442,4.427300741948587,3.1238057602124147,2.270738604792823,62.530635385207866,41.4839729643472,26.2456093056356,0.4887666521784289,0.0815660685154975,0.6338064904467937,1.966540610991525,1.8909135851003576,1.17281815270446,24.350831967161188,18.53802879960975,16.479359193451675,4.496827563994755,3.240827177658325,2.6331731596267605,7.117407130840944,10.4020885024022,5.801072510058133,7.0602435046361,5.001063246501404,5.91549284662111,6.597178668270648,9.35447243365995,16.624408376227862,14.4018376255359,52.43675172978756,29.9723210755239,71.3071879895125,73.0847627926027,18.84298068984376,9.42043857421048,6.385950891231646,4.20982320171232,4.85783568399834,5.0,20.34495587762508,10.2973248636246,-22.742204074270425,0.805413906495741,-31.18493261148986,-0.7246468624111995,12.735269977959383,9.214845948425186,15.022623702761516,8.29503676470589,23.243121811922997,14.3657354385927,1.0,0.0296387405753486,0.0998508862482027,0.0092860047073639,0.0451117125898226,0.0618166808608909,0.1393532667227004,0.1435309063263512,0.0607083493487604,0.4107034526205589,0.0140412352034027,0.0,0.0750271125592635,0.0404380264172734,0.0895106701188777,0.0027893346739075,0.0235020497349424,0.0649016156013556,0.4035975149665935,0.0240272182241968,0.0586847091487462,0.020305803033549,0.0604740557690633,0.0029223750189604,0.0120830276156327,Technology,0.4107034526205589,0.2291745366485643,1.0,1.0,9.0,18.0,0.0410220932464671,0.0,0.0235888487434095,0.0197551587406566,0.0233291511837013,0.0,0.0,0.0,0.0,0.0,0.0169451502461803,0.0800922748628534,0.1311212753125314,0.0164009564587667,0.0371665168427468,0.19694286121456,0.1425222187769037,0.1237308325120762,0.0,0.0826155554500048,0.093974909796581,0.0391895857488381,0.0392978627779571,0.0379922323753296,0.0671507111534325,0.0862461327121522,0.0445992193440277,0.0149177402423941,0.2417348840362855,0.0783739826551236,0.1663677438852949,0.0004796166841425,0.1129753973550229,0.1129593450045537,0.013332705712852,0.0228702888393882,0.0336003173985634,0.0688165435928019,0.0786184405780563,0.036576368793861,0.022733327217627,0.2087562341231795,0.0782222618230629,0.1408490131260833,0.0013861431370662,0.1427989167134301,0.1414404666989848,0.012940742520432,0.0332612242768511,0.029512566673357766,0.07201984320302927,0.09866194953424663,0.0325255148655518,0.0249391947675893,0.21581132645800835,0.09970615441836339,0.14364919650781816,0.0006219199404029,0.11279662317281926,0.1161249071667065,0.021821011327374032,0.03180979196473213,0.00012617390199083298,0.02783104304517342,-0.08937594482688273,0.012586197724270796,-0.0249391947675893,-0.15399464559711745,0.03964711230433701,-0.0001182901814669457,-0.0006219199404029,-0.05208827382405886,0.2945785454538524,-0.021821011327374032,-0.03180979196473213
2020-07,0.0713,0.0193855533797056,0.026855609794269153,0.052576961294946045,0.0329393748229736,0.0383606251770264,0.0519144466202944,0.0247,0.0023,-0.0361,0.0063,-0.0184,0.0001,0.0681,24.46,-5.969999999999999,0.7166562831830481,1.1836841884912408,0.7595377063120967,0.9704519119350996,22.843651201124104,0.55,0.11,0.09,0.44,0.4600000000000001,2.6,1.17,3271.1201171875,5.510132148044367,9.755140143431529,64.0,64.0,55.127771395296726,36.2543314491048,35.381118688205255,10.321272494894393,7.23238997328418,6.357312703444981,4.08486440334735,3.19790697674419,2.099099850280433,59.61011809375155,36.0275805306943,24.27711307124149,0.3654835008600544,0.0407830342577487,-0.572780813185957,1.91029641185647,1.31456670605835,1.06221071979948,22.262737188146417,18.526273805809,15.990236046301897,4.251104545966815,3.23903889768953,2.6011661682312317,2.602101268452806,9.88661184690693,3.839668055909844,6.760880334422555,3.852403130724268,5.420553822889096,6.186774663757506,8.833774865347234,16.05932194120576,15.30152880606895,74.74271368340844,31.7648273237697,70.55375987918556,72.79081017122056,17.324212417639085,8.83366174055829,5.727386057206585,4.17037031218283,4.56325467810023,5.0,18.10799984263761,9.910273219030874,-31.26361474408606,-4.050994564018755,-36.93718214917924,-4.08927617990736,8.070518700862754,7.75066040928325,9.868851662113247,7.7991102071678,22.12789309545529,16.5985239938491,1.0,0.0242092719275928,0.191805013135879,0.0078222439923232,0.0414235291818258,0.0500194068109576,0.1241010678121225,0.1252910706636707,0.0461454511213955,0.3891829453542324,0.012894676124852,0.0,0.0631521084872404,0.0256312329584225,0.0788196459041663,0.0024373055299728,0.0239131099797252,0.0576028515230074,0.4805294977826095,0.0236710384547457,0.0519635540774483,0.0155192347842413,0.0526768871800784,0.003387527125512,0.0123629830821312,Technology,0.3891829453542324,0.2263459842739424,1.0,1.0,9.0,18.0,0.0362091098827473,0.0,0.0255955438998728,0.0174389717913318,0.0161947214318944,0.0,0.0,0.0,0.0,0.0,0.0170216346119267,0.0780057394632099,0.1334566040625253,0.0161910646886735,0.0354220945992114,0.1936765716729463,0.1412481580024528,0.1229212334398399,0.0,0.0855897392079183,0.0965021429671141,0.0399306560876463,0.0400343611965348,0.0376013973586442,0.0652462830571371,0.0864590771423822,0.0408480897424187,0.0146472513927557,0.2420309869409121,0.0791565480737119,0.166708603926672,0.0005058075458261,0.1137942649946651,0.1160285009568707,0.013530284815663,0.0234429040523407,0.0323313213475971,0.0676928722811301,0.0774803889721414,0.0341434590691507,0.0232425276578511,0.2041260277988996,0.0812553697501121,0.1393606269759891,0.0013096774724456,0.1487576055578079,0.1436886523609646,0.0127828704388271,0.0338286003170829,0.028984784439389333,0.0703149649338257,0.09913202339234965,0.030394204500080967,0.024437291216606066,0.213277862137586,0.10055335860875893,0.14299682144750034,0.0006051616727572334,0.11604720325346378,0.11873976542831648,0.0220812704473788,0.032435288521986134,-0.004775512511796535,0.1214900482020533,-0.09130977940002645,0.01102932468174483,-0.024437291216606066,-0.16325845532662842,0.023547709203363576,-0.017705750783829632,-0.0006051616727572334,-0.06990175213206828,0.27044317992591593,-0.0220812704473788,-0.032435288521986134
2020-08,0.09449999999999999,0.04721996834555431,0.0735561390495938,0.05850560637130475,0.059760571255484285,0.0347394287445157,0.04728003165444568,0.0584,0.0242,-0.0127,0.0083,-0.0113999999999999,0.0001,-0.0216,26.41,1.9499999999999995,0.9968647625897996,1.560695837131587,0.9225840072571544,1.2143366963097255,23.165488889486,0.72,0.14,0.11,0.58,0.61,2.67,1.02,3500.31005859375,7.006466690171775,19.609019269561976,65.0,65.0,54.2380619002183,35.3934464207573,32.79490091216255,11.027673504406046,7.53497529435987,6.905797200539973,3.806882927541813,3.090283817542655,1.877895476991096,56.06855103416577,31.2607995116591,21.37587188248057,0.2988848651353569,0.0,-0.2837963114998489,1.966540610991525,1.7472740305470449,1.14945429382422,21.170427825302585,18.495414697666757,14.95007074484822,3.9744867374919393,3.1362897185985297,2.2414495856932795,2.5031176272846425,9.73490951756866,3.6080703945474855,6.77979765407715,3.633900945864078,5.28416480773922,5.872790792331934,8.52225715704121,15.723296741497728,15.7868608307132,73.95935114578892,32.9532632579132,69.51569002060279,71.3462241235518,15.99404248623586,8.240284725076824,5.439057754983557,3.85083914188729,4.507139731878989,4.0,18.13866562287589,9.95064401124164,-31.7919106827303,-4.02348544014281,-37.66799101628487,-4.084454595543125,7.836152593375709,7.692861920164065,9.120207331971669,7.99649788413833,22.219833158944827,16.8090485258389,1.0,0.0403885052565311,0.2192313228322664,0.0079677610705264,0.0369119795019265,0.0354806802846949,0.0977261912802203,0.1220727883582081,0.0418306153291486,0.3983901560864771,0.012509744218314,0.0,0.0630964132333113,0.0255521322063494,0.0806769158954827,0.0026573839716818,0.0229201336333828,0.0743624519154591,0.5006082054940934,0.0270634771907767,0.0351344465527532,0.0056832177513765,0.0388029474322142,0.00345427141868,0.0138659346460767,Technology,0.3983901560864771,0.2372951533534436,1.0,1.0,9.0,18.0,0.0366462442577887,0.0,0.0232759365213011,0.0170283912464038,0.016661752414554,0.0,0.0,0.0,0.0,0.0,0.0173629597228523,0.0814507927200011,0.1290251071665534,0.0170497284382042,0.0347286287362829,0.1964047457651604,0.1362666393525423,0.1276127255722768,0.0,0.0864604199258634,0.0967949044245912,0.0381586331855152,0.0386847149901563,0.0381250471767808,0.0685878073277894,0.0859603643017113,0.0456495495251546,0.0142068015704958,0.2368679528698277,0.0775815740096619,0.1675532046809348,0.0005429487218627,0.113632557293612,0.1151328188802625,0.0135647255657775,0.0225946480761283,0.0330661460252863,0.0710113492583209,0.0773635494206806,0.0370711424403032,0.0235894474533613,0.2025976572353714,0.0817275706028902,0.1400067003552866,0.0012153973080643,0.1475953299085193,0.1387882389464526,0.0132661147261249,0.0327013563193378,0.02951805097497313,0.07368331643537046,0.09744967362964845,0.033256806801220666,0.024174959253379997,0.21195678529011983,0.09852526132169813,0.14505754353616607,0.0005861153433089999,0.11589610237599823,0.11690532075043543,0.021663157825805867,0.03132690646187413,0.01087045428155797,0.14554800639689594,-0.08948191255912205,0.003655172700705832,-0.024174959253379997,-0.17647610500542493,-0.000799070041477834,-0.022984755177957963,-0.0005861153433089999,-0.07406548704684963,0.2814848353360417,-0.021663157825805867,-0.03132690646187413
2020-09,0.0233,-0.02046773404549751,-0.002030065764757838,-0.01882142376933349,-0.013773074526529613,0.037073074526529616,0.04376773404549751,-0.0206,0.0256,-0.0374,0.0177,-0.0192999999999999,0.0001,0.0397,26.37,-0.0399999999999991,1.2810698495523851,1.7223933878284248,1.157519050834388,1.3931038469319867,22.95116999679454,0.69,0.13,0.1,0.5599999999999999,0.59,2.75,1.0499999999999998,3363.0,-3.9227970178423055,12.975940493049665,65.0,65.0,58.10296947494634,36.2543314491048,35.44429432200167,11.939254357092366,7.383682633822024,7.301247189473351,4.247233269122993,2.728283407845365,1.9041466401174396,75.5138704180175,31.2607995116591,22.92231543692561,0.3187020949417599,0.0,-0.2469889965613344,1.85911047007918,1.8062525647547127,1.14945429382422,21.90760525576369,18.526273805809,15.284376476049673,4.441602478740066,2.919334023842065,2.2810845282118244,2.2265068842140243,8.97693855440334,2.990482397215205,6.6740409129407,2.958504128190907,5.17026065995669,6.63814539098372,8.52225715704121,17.66423438054483,15.8465401385095,81.6790560681172,44.0761481520279,69.052712836552,70.6434782608696,18.211465588545824,8.73399014778325,4.491974344183838,3.75280010101961,4.231446179967863,4.0,10.994207119834208,9.40368344291031,-43.11027941876838,-4.079068349536795,-48.36713764174306,-4.17888461164308,8.414802888118018,7.484547228959165,10.127823741717476,7.68241722918676,27.193764811265325,16.8090485258389,1.0,0.0381383680584681,0.2030761703398939,0.008510561909454,0.0601182439159153,0.0331518019173402,0.0929341726522804,0.1238016858890979,0.0407939821317007,0.3994750131858491,0.0156853707500506,0.0,0.057284448605643,0.0223519629521558,0.08431757890568,0.002538149455948,0.0228716295871383,0.0700346394493137,0.508200763183512,0.0290173767409932,0.0356786673022832,0.0067285254522319,0.0386248848084676,0.0030812422128455,0.0107764332119322,Technology,0.3994750131858491,0.2326881939775381,1.0,1.0,9.0,18.0,0.0350497837775186,0.0,0.0236872370788402,0.0171203374970883,0.0169509690283571,0.0,0.0,0.0,0.0,0.0,0.0174708194320226,0.0837349952855553,0.1307823620578469,0.0168166002768179,0.0310697585604345,0.1864960855137813,0.1408102340853044,0.1302194621986427,0.0,0.0876037464744059,0.0985191065313161,0.038042142437725,0.0384346871461469,0.0388751253364269,0.0704233928833187,0.0879167695079941,0.0457352416594385,0.0132439682520189,0.2334401600379466,0.0745488120150744,0.1678693733469096,0.0005440346443315,0.11486385990451,0.1170905791877373,0.012939714273769,0.022508968950524,0.0371596200789572,0.0754264829826877,0.0740011114386158,0.0342939503369905,0.0253032242355311,0.2087947705685291,0.0822822409090087,0.136924483079401,0.0012253363503744,0.1433795345415222,0.1318622031443754,0.0139363569610266,0.0354106853729798,0.03116852161580223,0.0765282903838539,0.09756674766815226,0.03228193075774897,0.02320565034932817,0.20957700537341903,0.09921376233646251,0.1450044395416511,0.0005897903315686333,0.1152823803068127,0.11582396295447628,0.021639404557506865,0.0321181138232169,0.0069698464426658675,0.12654787995604,-0.08905618575869827,0.02783631315816633,-0.02320565034932817,-0.17642520345607882,-0.006279589684182102,-0.021202753652553197,-0.0005897903315686333,-0.074488398175112,0.2836510502313728,-0.021639404557506865,-0.0321181138232169
2020-10,-0.0139,-0.03550678334142687,-0.03458193221250805,-0.02716313609578558,-0.03241728388324017,0.018517283883240167,0.021606783341426874,-0.0337,0.0086,0.0032,0.0046,-0.0024,0.0001,0.0012,38.02,11.650000000000002,1.3910228912373812,1.719064405343662,1.27635371578958,1.4796915464076354,23.629294876055027,0.88,0.14,0.09,0.74,0.79,2.61,1.09,3269.9599609375,-2.766578622137972,7.650874315595924,65.0,64.0,59.81646518044398,40.82406790232745,37.41796008169764,12.245135064586565,7.64745976299654,7.810187807338067,4.287800987716706,2.75481934978395,1.9464983257352293,83.33094737148359,36.0275805306943,24.184708617312328,0.3322945220836342,0.0407830342577487,-0.7356988762045819,1.69421434327156,1.2109976730777372,1.06221071979948,22.221289606799186,18.5497837934105,15.83941203867632,4.458023522899552,2.93415581169505,2.285339556205047,1.2778112773788584,8.446095270797276,2.490155362945822,5.695694941308215,2.6584393922259077,4.81616698651292,6.187970877152474,7.9809617815438,17.3663423691486,15.81670048461135,71.80795118952436,41.43246097211305,69.55237759708389,71.80384640679596,18.08577928221124,8.240284725076824,4.547077107555568,3.76362980225576,4.109989726175399,4.0,11.181698626667163,10.11974221942307,-48.33554254301674,-4.07963301117889,-53.88920122908227,-6.02811237970632,6.950453908666962,7.33403102687345,8.728000794718575,7.492800439408235,24.410009256320176,16.5985239938491,1.0,0.0348746969231478,0.2113854983453597,0.0251447575654676,0.046602143759697,0.0328567812613163,0.0925185340143582,0.1151298846288884,0.0414945797018557,0.3999931237999089,0.0159672625887683,0.0,0.049898188617104,0.0235448183377352,0.0971238567879709,0.0027437831574756,0.0238193396688126,0.0564228031164739,0.5163768201448052,0.023647466404319,0.0311238704695109,0.006803615226117,0.0382750295391212,0.003208911312653,0.0114599897082346,Technology,0.3999931237999089,0.2333145288097471,1.0,1.0,9.0,17.0,0.0550499289527722,0.0,0.0263880255766484,0.0,0.0181462903914772,0.0,0.0,0.0,0.0,0.0,0.017511617302361,0.0853943644980993,0.1299974458950626,0.0170983157585131,0.0300973867502581,0.1905184080400899,0.1351857049836668,0.1309408310847715,0.0,0.0867323448631139,0.0976507082427226,0.0398019008855226,0.039070971695818,0.0385629231077145,0.0698067821451304,0.0872005959376403,0.0459225223310885,0.0127147006744327,0.2338658093367021,0.0730979410849713,0.1677471987802767,0.0005797647108077,0.1171561957544641,0.1176841872534473,0.013016835206192,0.0226445436771316,0.0367807055976399,0.07603885791395,0.0723967083593211,0.0336792114258967,0.0253711980525224,0.2079269196878326,0.0813280135340519,0.137929538907756,0.0012813824428192,0.1466361049628398,0.1312273407596765,0.0139902103082318,0.0354138080474616,0.03095174866923847,0.0770800015190599,0.09653158339734134,0.03223334983849943,0.02272776182573773,0.21077037902154153,0.09653721986756332,0.14553918959093473,0.0006203823845423,0.11684154852680594,0.11552074541861546,0.022269648799982136,0.03237644114013707,0.003922948253909327,0.13430549682629978,-0.07138682583187375,0.014368793921197567,-0.02272776182573773,-0.17791359776022522,-0.004018685853205126,-0.03040930496204633,-0.0006203823845423,-0.07534696882495023,0.28447237838129347,-0.022269648799982136,-0.03237644114013707
2020-11,0.1607,0.1426944314925649,0.12941154381693054,0.13072341703495582,0.13427646411481708,0.026423535885182925,0.01800556850743512,0.1458,-0.0288,0.0524,-0.0064,0.0001,0.0001,-0.1231,20.57,-17.450000000000003,1.2303863428671624,1.636411669245552,1.187486166844698,1.4217326104510208,23.53448673283236,0.84,0.16,0.08,0.6799999999999999,0.76,2.29,1.0,3621.6298828125,10.75456354438591,15.302545872069494,64.0,63.0,59.937452273861005,43.0026591493628,35.913406724386576,11.627932422185534,7.64745976299654,7.08041867694128,3.8750605652487415,2.728283407845365,1.7680816140563875,92.1901662687169,34.12538700924195,22.18061410193168,0.3152036401453154,0.0815660685154975,-2.1042665033888097,1.656387280813535,0.3545444351865118,0.9348314189444384,20.800914031138763,18.63390613858195,14.821169036498585,4.117005239003828,2.919334023842065,2.2102377054011857,-3.090922071706755,8.17711520275908,0.1306062911782268,5.51322277005827,0.9461714992578611,4.46207331306915,3.628405612555086,7.43966640604639,15.330974582615282,15.7868608307132,93.32530629757544,38.7887737921982,69.07078210912701,71.3462241235518,14.01311986140021,8.73399014778325,3.861503935207252,3.75280010101961,3.745433768512224,4.0,8.718724708789269,10.2888404276045,-57.98592271512566,-5.24118285247675,-62.88752474686034,-7.87734014776956,2.3746236542945485,7.318613022165765,3.937086079169424,7.30318364962971,19.98558523462308,16.8090485258389,1.0,0.0332013059272258,0.3035441336879958,0.0199154443334229,0.0601065583049332,0.0438215983196154,0.0937147132756759,0.0862657595122418,0.0373533727795618,0.3220771138593271,0.0141840542522717,0.0,0.04498719905375,0.0225984417089323,0.0953789377775521,0.0021973750923374,0.0191026917921739,0.0638791420059118,0.5736961728095964,0.0187280254615601,0.0244444980420596,0.0057594134066668,0.0337973090931105,0.0032368151377434,0.0092601781004682,Technology,0.3220771138593271,0.2205242940437458,1.0,1.0,9.0,16.0,0.0463391757588741,0.0,0.022410570506991,0.0,0.0,0.0,0.0,0.0,0.0,0.0,0.0172657475115506,0.0872900915279292,0.1176292377811299,0.0175616748887382,0.0350109672993877,0.2020030712303607,0.1298615242483191,0.1346943204142794,0.0,0.086941976784138,0.0975308104586139,0.0358758247841001,0.038334753071453,0.0406801012665889,0.0693424897472732,0.0834057720949458,0.0481664010749597,0.0146103766995379,0.2345244264476233,0.0694227438891819,0.1722178103016872,0.0005332903779068,0.1162514613840991,0.1171429598261351,0.0110891675449297,0.0226129993451307,0.0382700771811423,0.0767341110151946,0.0708604294998023,0.0353267474068505,0.0277528429588283,0.2105045253075068,0.0772365780954604,0.1429997474652649,0.0012627942022847,0.1427729080917627,0.130828316279036,0.0110484171133596,0.0344025053835063,0.0320719753197606,0.07778889743013234,0.09063181312529267,0.03368494112351613,0.025791395652584634,0.21567734099516364,0.09217361541098713,0.14997062606041048,0.0005986948600638334,0.11532211541999993,0.11516736218792833,0.019337803147463136,0.03178341926669667,0.001129330607465194,0.22575523625786348,-0.07071636879186977,0.02642161718141707,-0.025791395652584634,-0.17185574267554823,0.0015410978646887702,-0.06370486654816868,-0.0005986948600638334,-0.07796874264043813,0.20690975167139875,-0.019337803147463136,-0.03178341926669667
2020-12,0.0864,0.05015402081934339,0.0706942959431276,0.06915880225147109,0.06333570633798069,0.023064293662019314,0.03624597918065661,0.0513,0.0200999999999999,0.0021,0.0073,-0.002,0.0001,0.0118,22.75,2.18,1.1757452138405844,1.669378040881497,1.186264708144269,1.453521884486797,24.195868200836813,0.93,0.13,0.09,0.8,0.8400000000000001,2.18,0.9000000000000004,3756.070068359375,3.712145909357001,16.258923055706177,61.0,60.0,56.037931693096574,43.0026591493628,34.41686246500142,11.084358097379862,7.64745976299654,6.810576299379113,3.815880089676586,2.75481934978395,1.8409745946846237,82.23835694034058,31.74199649972435,20.04288763660973,0.3046670200546075,0.1944900866989782,-2.3821291341479696,1.69421434327156,0.6045464769686227,1.14006992118627,20.236098123519344,18.526273805809,14.416740689868124,4.101763146967893,2.90451223598908,2.3862557247966887,-3.5316704971306714,8.846006946619404,0.8957943020166832,5.873071473285204,1.4158752042763756,4.81616698651292,4.9404976531049245,7.1176784933710895,15.750230511637174,15.2716891521708,99.6823273505967,45.3719882145499,69.44146366247536,70.9948511922107,13.429907494370193,8.73399014778325,3.784397912172698,3.76362980225576,3.6978720665236,4.0,8.14581799901711,10.4202718870009,-44.90027050426322,-4.07963301117889,-50.25218082285037,-6.02811237970632,3.7347652113576126,7.33403102687345,5.610306554965609,7.492800439408235,22.380954638862544,16.5985239938491,1.0,0.0334592429117067,0.3414922900626984,0.0183864626873404,0.0603091025722733,0.0445984655855145,0.0724896133686902,0.0830655085810602,0.0373360729178673,0.3088632413128488,0.0108522772765461,0.0,0.0422814520656708,0.0222514795900525,0.0942067638581658,0.0022933401615518,0.0191938186561903,0.0545375847746461,0.6160378197451741,0.0187429280420222,0.0223785195553235,0.0044973484487151,0.0158861988569089,0.003187815180609,0.0096032633235229,Consumer Cyclicals,0.3414922900626984,0.2326458850416787,1.0,1.0,9.0,16.0,0.0420919123246349,0.0,0.0219574781402654,0.0,0.0,0.0,0.0,0.0,0.0,0.0,0.0167509079318834,0.0882662487036405,0.1213207596639555,0.017790428356715,0.0347202448778047,0.1998582917087426,0.1251906870124801,0.1328230653186459,0.0,0.0892245792498527,0.1010882261317795,0.0351231810475384,0.0378433799969612,0.0406011493388749,0.071354659698742,0.0754280261548948,0.0479270437049626,0.0145781170326109,0.2365214981182311,0.0686230262076551,0.1760166009176804,0.0004660119913027,0.119924781561093,0.1129611507795554,0.0110175662314155,0.0245803682629812,0.0381925637515886,0.0760542731654907,0.068409708623763,0.0349171581581748,0.0277992100452956,0.2118329731380086,0.0774963832018174,0.1435643554441976,0.0007150174719339,0.1463909060972115,0.1294194714329699,0.0104354142266703,0.0347725652428776,0.03184820700744897,0.07855839385595774,0.08838616481420443,0.033544876739950796,0.025699190651903736,0.21607092098832745,0.09043669880731753,0.15080134056017463,0.00039367648774553334,0.11851342230271907,0.11448961611476827,0.01885872050187473,0.032398771167606664,0.001611035904257735,0.2629338962067406,-0.06999970212686403,0.026764225832322505,-0.025699190651903736,-0.17147245540281295,-0.01794708543862733,-0.06773583197911444,-0.00039367648774553334,-0.08117734938485177,0.19437362519808055,-0.01885872050187473,-0.032398771167606664
2021-01,0.0718,-0.007812598875790777,-0.003804006874138177,-0.0064016665278820994,-0.006006090759270351,0.07780609075927035,0.07961259887579078,-0.0091,0.0118,0.0086,-0.0154,0.003,0.0,0.0077,33.09,10.340000000000003,1.3204191315779434,1.624313961356294,1.334522131784066,1.508790092214496,24.552532985828314,1.11,0.11,0.06,1.0,1.05,2.17,0.79,3714.239990234375,-1.1136660755445171,15.151664467863023,60.0,59.0,55.10964575958571,43.0026591493628,35.98845531525799,11.255464425511544,8.263741882060675,7.1541306220174095,3.767881328293439,3.13086309140467,1.8170638608248253,48.0668207195377,30.82953152388805,20.7832694050638,0.3258081432970809,0.404451417945142,-2.1703255988314347,1.69421434327156,0.4639748515286434,1.18679763894675,19.74629176239771,19.003649253878,14.7007276458542,4.058866154131006,3.1280215450699,2.3768025262269696,-3.3690135855598493,8.97693855440334,1.2020436850960328,5.87816711255816,1.676542063622661,5.17026065995669,5.726344463180062,7.07171606140523,16.421929695091244,15.7868608307132,101.75150844648375,38.7887737921982,69.47546225510129,71.3462241235518,16.487922607669397,8.83366174055829,3.972854803078768,3.93804848151882,3.633053789726544,4.0,9.206742028109808,10.5517033463973,-32.8421753189415,-4.0785036878947,-35.982977683100586,-4.13408039577522,5.560476632140936,7.33403102687345,7.025214227435351,7.68241722918676,25.032837554565564,16.3879994618593,1.0,0.0245294279549884,0.3458882506710127,0.0236219045337674,0.0788916929379558,0.029244931125367,0.0780573916529024,0.0744216247309565,0.0400716810854146,0.3052730953076347,0.0,0.0,0.0366146046206169,0.011515368029232,0.0822847577382803,0.002186045975895,0.0176917988979007,0.0528350987621837,0.6415752351761611,0.0172060457269721,0.0221246141329464,0.0046284979589403,0.0302672575048466,0.0030188445377865,0.0092408371766863,Consumer Cyclicals,0.3458882506710127,0.2343064713359642,1.0,1.0,9.0,15.0,0.0439480697103404,0.0,0.0248629240512109,0.0,0.0,0.0,0.0,0.0,0.0,0.0,0.016703616030426,0.085763608362203,0.1203560576595474,0.0173320596995361,0.0358038998534835,0.1989751991809217,0.1256118855999877,0.1329386336824057,0.0,0.0898900883299942,0.1037182006442381,0.0354168107704427,0.0374899401868134,0.0397214917530783,0.0710858763766596,0.0763807502370907,0.048428985061659,0.0139220941179326,0.2334065873636009,0.0701410205657564,0.1759912890252312,0.00047572844092,0.1203728232229406,0.1149121916602372,0.011042098347082,0.0241190638278109,0.0375832856605372,0.0755095873052705,0.0691831287074727,0.0351068573632818,0.0267422689734481,0.207408426553635,0.0764797450807646,0.1449455190389469,0.00071860823023,0.1453670743824953,0.1341431531444544,0.0103196194636322,0.0364927260958308,0.031336131148013834,0.07745302401471103,0.08863997886803694,0.0336226340414923,0.025489420981621397,0.21326340436605254,0.09074421708216956,0.15129181391552793,0.00039811222371666666,0.11854332864514337,0.1175911818163099,0.01892617619371897,0.03270057670348503,-0.006806703193025433,0.26843522665630165,-0.06501807433426954,0.045269058896463495,-0.025489420981621397,-0.18401847324068554,-0.012686825429267162,-0.07687018918457143,-0.00039811222371666666,-0.07847164755972877,0.1876819134913248,-0.01892617619371897,-0.03270057670348503
2021-02,0.0332,0.022378662270015726,0.03098847877066202,0.03998018109882118,0.03111577404649964,0.0020842259535003606,0.010821337729984275,0.0260999999999999,0.0093,0.0617999999999999,-0.0162,0.0165,0.0,-0.0453,27.95,-5.140000000000004,1.3738437137002402,1.3763703714812836,1.5857976839888988,1.6974939477738316,25.61660973222446,1.44,0.14,0.04,1.2999999999999998,1.4,2.12,0.7199999999999998,3811.14990234375,2.60914513774484,29.00697781948409,66.0,65.0,51.69597945016677,40.91585359346175,30.781344056344587,10.228034800204563,8.88002400112481,5.308396361868561,3.340288267870952,3.0516065332748896,1.678990972547156,53.56786491174751,31.2607995116591,19.40344992591564,0.4703160235556414,0.4113792522796575,-1.4266640552958465,1.75693523712392,1.275605827109526,1.4474089947053148,18.37708684411211,18.495414697666757,13.147422903406987,3.677265744141335,3.1362897185985297,2.228446734045633,-0.598900750881485,10.2746252922466,2.274248282314705,6.77979765407715,2.7490767414435555,5.36094114155202,7.724737047172207,8.87377361470281,17.876032623068944,15.8940861723015,106.00196815293356,56.9341632108971,69.62949908639557,71.3462241235518,15.367199963773489,9.42043857421048,3.4895691985074846,3.42419458921467,3.965709949840474,5.0,10.938065645173612,10.5517033463973,-31.105338319783662,-4.079068349536795,-33.724411690761,-4.17888461164308,6.564231072405688,7.33403102687345,10.53119233823614,7.68241722918676,25.20053747752508,16.8090485258389,1.0,0.0293487033980094,0.3285464258700343,0.0324786918795869,0.0716710365489667,0.0348671375267562,0.1078843687036691,0.0608293657420353,0.0848150989770518,0.24955917135389,0.0,0.0177731591231256,0.0474336329978629,0.0127979935270186,0.0799216342006574,0.0018041023705415,0.0171969500526065,0.0593344821974982,0.5920303611057409,0.0135809136865796,0.0315168998456056,0.0043936948096996,0.0293861427718404,0.00397938003679,0.00953936628267,Consumer Cyclicals,0.3285464258700343,0.2010240502971353,1.0,1.0,9.0,17.0,0.0465386835623376,0.0,0.0196579428267373,0.0131146606026875,0.0,0.0,0.0,0.0,0.0,0.0,0.0164493805518695,0.0880201606188801,0.1135622070419987,0.0183278472273499,0.0384137959120085,0.2090768788082817,0.1177321752197945,0.1324941407710733,0.0,0.0916753472103401,0.1030762092286577,0.0362972001034524,0.034874657306293,0.0401867014710631,0.0712374690778518,0.0757704187708823,0.0521531803705067,0.0145188748440162,0.2363194926459404,0.0657337455441807,0.1778837269561591,0.0004708702235339,0.1203644790960937,0.1124304979565545,0.0107736764949689,0.0221568665482481,0.0376761087065856,0.0759639202152281,0.0687093474480145,0.0374514026409711,0.0296147822011929,0.2095684039915551,0.0718988522005759,0.1449884675539353,0.000619005211527,0.1469414654025115,0.1338309558418133,0.0100267453810129,0.0327105432050763,0.0314373969098394,0.07840718330398667,0.08601399108696517,0.035977476746275903,0.027515817652405863,0.2183215918152591,0.08512159098818368,0.1517887784270559,0.0003632918116869667,0.11966043056964844,0.11644588767567517,0.0190325406598114,0.0299140223532058,-0.0020886935118299976,0.25013924256604764,-0.05353529920737827,0.035693559802690795,-0.027515817652405863,-0.18345445428850288,0.02276277771548542,-0.09095941268502061,-0.0003632918116869667,-0.03484533159259663,0.13311328367821484,-0.0190325406598114,-0.0299140223532058
2021-03,-0.0172,0.025131804948003378,0.023361905611782863,0.019618687085608766,0.022704132548465,-0.039904132548465004,-0.04233180494800338,0.0266999999999999,-0.0108,0.0404,0.0042,0.013,0.0,-0.0302999999999999,19.4,-8.55,1.6698167791706853,1.280248344990098,1.8427318715156016,1.7094670091967412,26.77527205132508,1.74,0.16,0.03,1.58,1.71,2.03,0.7000000000000002,3972.889892578125,4.243863253316516,53.71450626511303,67.0,66.0,52.64779999849862,42.7753303964758,31.50515036684983,10.314530863396548,7.591217528678205,5.482303325516988,3.4661587201120705,3.04970454368064,1.70518266740007,53.62609535731643,31.2607995116591,19.24192369897794,0.43525999164112,0.307414104882459,-1.235771171703046,1.80792452830189,1.5277394672270237,1.36460113919278,18.764549360793094,18.526273805809,13.161867967574068,3.7908458726712713,3.1280215450699,2.255012519575863,0.6295813557753467,10.668696736650151,3.0427332432492404,6.81375870499078,3.355123354989714,5.420553822889096,7.886544220404519,9.11412302418138,18.235463270567376,15.8703131554055,104.4159500021904,57.29984712166835,69.5886338424052,70.9948511922107,16.48794083582815,9.90754381508763,3.5846332002776427,3.37356692915112,3.963500756973688,5.0,11.792382389116828,12.306011579518149,-11.047891798874408,-4.0785036878947,-16.25851899810082,-4.13408039577522,6.805691320048729,7.318613022165765,9.27104379983531,7.492800439408235,26.22528971104762,17.1033343386419,1.0,0.0277398992996596,0.3287515302490956,0.030933742950478,0.0752815507890793,0.0328308889430846,0.0986478680027538,0.0561940876590201,0.0769208149011938,0.2726996172056349,0.0,0.0160258194885103,0.0335999948766137,0.0159972968093515,0.1027325384842471,0.0030656896914616,0.0168464390661288,0.0580123499808478,0.5856153315515319,0.0129082123890898,0.0328454062364872,0.0044911169813722,0.0287816688802937,0.0038817024996468,0.0091273412511432,Consumer Cyclicals,0.3287515302490956,0.2097202166036874,1.0,1.0,9.0,17.0,0.0452037807332504,0.0,0.018211403459682,0.0126539076203413,0.0,0.0,0.0,0.0,0.0,0.0,0.0166660179016624,0.0902459413105528,0.1154877644957284,0.0182520103682096,0.0370963045312272,0.209236712621819,0.1167675070705168,0.1322743578192513,0.0,0.0903709312664246,0.1021247264526082,0.0360219694381957,0.0354557567238035,0.04078611826875,0.0735977151902781,0.0762208418020929,0.0515609225307758,0.0142074012801977,0.2366572025710765,0.0647736800939526,0.1810759896074084,0.0,0.1217353309433762,0.1059284278065014,0.0105507117227118,0.0229056581828783,0.0410939498339802,0.0812174655626853,0.0699637985574449,0.0366889821498501,0.0294911307374728,0.2117230615607485,0.0683572540198293,0.1466636408258519,0.0009093452981919,0.1434589734852393,0.1282706394086223,0.0101094230507835,0.0320523355092994,0.032848695334797534,0.08168704068783873,0.0872241349517554,0.035500638349611834,0.0269316121829659,0.21920565891788132,0.08329948039476621,0.15333799608417054,0.0003031150993973,0.11852174523168003,0.1121079312225773,0.018894034737230333,0.03013791680532707,-0.005108796035137933,0.24706448956125687,-0.0562903920012774,0.03978091243946747,-0.0269316121829659,-0.18637476997479674,0.015348387607987582,-0.09714390842515044,-0.0003031150993973,-0.04160093033048623,0.16059168598305762,-0.018894034737230333,-0.03013791680532707
2021-04,0.0728,0.029524273282296898,0.03786171268998806,0.04268918161522639,0.03669172252917045,0.03610827747082956,0.043275726717703106,0.0354,0.0054,-0.0217,0.0093999999999999,-0.0186,0.0,0.0276,18.61,-0.7899999999999991,2.6678187820641908,1.6494791315614157,2.669006722866385,2.199136019573356,23.95184931079648,1.65,0.16,0.01,1.49,1.64,1.96,0.7000000000000002,4181.169921875,5.242532134755851,43.56293610537338,68.0,67.0,104.4537028137634,50.4557069406081,44.107507570374246,14.377308694079996,9.211900476747036,7.407187186940494,4.511615041579104,3.450739152697285,2.286310897836247,72.82520263265883,39.8699475270342,20.1222924871552,0.4479461240242145,0.322229471941681,-2.205776335109324,1.27132806976048,1.579915890041464,1.863972817448675,24.280594773960136,20.3506215548866,15.577565015132404,4.8183166782881495,3.622997487404735,2.753343356543977,-3.387609180853355,9.31700985722805,0.0794247122069939,5.86797583401225,0.4559576508900985,4.81652059858105,1.2854942990029383,9.53434968556218,12.885492367087906,16.1264193350652,99.67774518253596,64.4633215045262,72.33447151125335,71.8083598230527,19.02011598737048,8.99497560174007,3.9991226768139057,3.68055600952904,4.56809085176264,5.0,5.306896942649449,8.95518314117116,10.776538291268492,4.81517509727626,5.097067629742513,3.79510918235803,8.949446393063978,8.3838608774567,32.63498909316102,12.4973044567493,28.00789404913121,18.0000458575056,1.0,0.0200985931158668,0.3248848459599383,0.0315135598860128,0.0772530446000796,0.033499939511945,0.1014658195114945,0.0546373682399466,0.0778881347863221,0.2787586943883939,0.0,0.0155430638598868,0.0346803859689086,0.0154988799166714,0.1049757430947253,0.0033648640096582,0.0181084735894197,0.0514172250319546,0.5888977874245089,0.010946770717825,0.0352774759897992,0.0044603835929297,0.0293061480567922,0.0057292766341175,0.0095677271728119,Consumer Cyclicals,0.3248848459599383,0.2110910256585662,1.0,1.0,9.0,17.0,0.043893953962476,0.0,0.0166254102529154,0.0117064307245987,0.0,0.0,0.0,0.0,0.0,0.0,0.0171756972469761,0.0895768742057552,0.1153237964721806,0.0187104753523719,0.0357716327233268,0.2099643334328127,0.1166257707771739,0.130860923157327,0.0,0.0915581972515131,0.1036419175977988,0.0359984065760984,0.0347919752066649,0.0391035565423197,0.0737350111217036,0.073959522762501,0.0503046326652683,0.0135149622097276,0.2389226346746866,0.0672847175399068,0.1810045597971987,0.0,0.1217764449180667,0.10734606394608,0.0103684172318078,0.0226794765907328,0.0387855528150202,0.0825302859399877,0.0679463526514774,0.0345912428615059,0.0290279827743197,0.2125623258452535,0.0705605470732699,0.1456542593329583,0.0009047541591335,0.1469431301914723,0.1294307870945424,0.0097037061341276,0.0313590731269311,0.03168826886810533,0.08194739042248217,0.08574322396205301,0.0345354502930487,0.026104859235791367,0.22048309798425092,0.0848236784634502,0.15250658076249468,0.00030158471971116667,0.12009259078701735,0.11347292287947373,0.0186901766473446,0.029610174974776266,-0.011589675752238529,0.2429374555374561,-0.05422966407604021,0.042717594307030905,-0.026104859235791367,-0.18698315847230593,0.016642141048044304,-0.09786921252254807,-0.00030158471971116667,-0.04220445600069525,0.16528577150892015,-0.0186901766473446,-0.029610174974776266
2021-05,0.0126,0.03482276099077497,0.021056985986312116,0.0251026220608197,0.026994123012635596,-0.014394123012635596,-0.02222276099077497,0.0345,-0.0168,0.021,0.0072,0.0106,0.0,0.0,16.76,-1.8499999999999976,4.133077115360573,2.9780316542864504,3.640285829850343,3.1306032044336574,18.224701587431813,1.58,0.14,0.01,1.44,1.57,1.99,0.6600000000000001,4204.10986328125,0.548648867060697,38.0972956881811,66.0,65.0,107.98980401295474,46.3060686015831,43.65651220867984,14.733409430353351,8.90500605942581,6.859674003556116,4.494478406587991,3.7708413342484,2.204380190555015,82.09064215907864,42.6454979493508,24.803210526243276,0.3459918796375253,0.1144815629812755,-2.7210335568480177,1.335973515321345,0.6487691837188415,1.62017988400722,26.067211105216064,20.1805816901408,16.260843361323328,4.814430216726161,3.622997487404735,2.650882851929688,-4.947133002147055,9.31700985722805,-0.4815570656816216,5.86797583401225,-0.1662526087791735,5.22779567418316,-1.3656944252045768,9.35447243365995,11.514790770436829,15.7868608307132,89.95130477268273,63.5425909494232,72.9141161879499,73.3659452521193,18.694089962277864,9.997671296515003,4.057168449400266,3.88262984249724,4.485564481142452,5.0,6.313809956339678,9.33525954071704,15.786949005598974,4.81517509727626,4.724216760431012,3.79510918235803,10.15887041966739,8.62034438381095,38.97911898058023,12.9497840037955,28.92785529523228,18.4500195735735,1.0,0.0002858453418356,0.3501396772393566,0.0317493771378317,0.0815996238508265,0.041155726329034,0.0839509947709528,0.0511486029659312,0.0787489223285673,0.2812212300356638,0.0,0.0157285456368812,0.0336500193967307,0.0353703389964131,0.0798129610836637,0.0034396283923803,0.0122305006458219,0.0391683010612866,0.6184376191941664,0.0106474064147896,0.0187224670493474,0.0013642307990643,0.0382233366142179,0.0068209611283969,0.0085505611165875,Consumer Cyclicals,0.3501396772393566,0.2269089127548287,0.9999999999999998,0.9999999999999998,9.0,17.0,0.0486264024316313,0.0,0.0166050655866899,0.0126016544519303,0.0,0.0,0.0,0.0,0.0,0.0,0.0168543468715898,0.0938303146008704,0.1155874897417144,0.0186254069206503,0.0361461566648171,0.2115859429717927,0.1162190739037504,0.1311372463642175,0.0,0.0909446900640966,0.1019607218357729,0.0332907723517616,0.0338178377089657,0.039014136741624,0.0774048142842475,0.0737736721092853,0.046545014051391,0.0134042117060688,0.2398490421111592,0.0695488285607657,0.1801340696967754,0.0,0.1205899715663545,0.1027258059262094,0.0133275066096693,0.0236829266364494,0.0385273125604374,0.0839418620901027,0.0658252017377055,0.0345996016998988,0.0295745974180911,0.2158296959015468,0.071778774221242,0.1464230603313445,0.0007332340876741,0.1476767365301323,0.1248419733360142,0.0096531052529379,0.0305948448328722,0.03146526539121707,0.08505899699174019,0.08506212119623507,0.033256674223980036,0.026374988596325668,0.2224215603281662,0.08584889222858604,0.15256479213077914,0.00024441136255803333,0.11973713272019447,0.10984283369933218,0.01875712807145627,0.029365203059429103,-0.03117942004938147,0.2650806802476164,-0.053312744058403375,0.04834294962684647,-0.026374988596325668,-0.1812658339991322,-0.0018978974576332325,-0.10141618916484794,-0.00024441136255803333,-0.04098821039162717,0.17137839633633162,-0.01875712807145627,-0.029365203059429103
2021-06,0.0161,-0.010780186802214708,-0.016801157724561144,-0.001407646489207992,-0.009662997005327948,0.02576299700532795,0.026880186802214708,-0.011,0.0038,-0.0282,0.0115,-0.0097,0.0,-0.0034999999999999,15.83,-0.9300000000000016,4.918257089467626,3.7876961101984903,4.07246348925363,3.5411199019175887,14.086399857245604,1.45,0.25,0.05,1.2,1.4,1.87,0.6499999999999999,4297.5,2.2214009565834747,38.61606320225206,67.0,66.0,104.87817385536307,50.4557069406081,45.154934963130536,15.82972923449844,8.90500605942581,6.959736425988067,4.68196238145148,3.82374011213004,2.41299888787575,70.51617243970598,43.6121633418367,24.068218959311675,0.3079480924879347,0.0,-3.496362320951641,1.21686295503212,1.0613992930396006,1.62772785090685,26.29706866611032,20.56490735595835,16.623472944111146,4.957812689475582,3.70324942791762,2.9114079165627733,-6.285799066412007,8.416614287234195,-1.4279388435514362,5.170705172062036,-0.4219070051048331,4.70555248440815,0.0909719708672898,9.204061650132497,12.211857934879284,15.81670048461135,86.46783156787144,62.3362580936899,71.85910848463122,73.45361736585926,16.602366578441192,9.80874316939891,4.116175782277878,3.78118217782835,4.575294392340866,5.0,7.449487133080128,9.1452213409441,14.846514556998509,2.69917720248846,13.57385989585425,2.69917720248846,9.87182349279779,9.14446150045833,38.61478207539938,14.9457370863922,30.07887230843636,18.225032715539548,1.0,0.0003056918102876,0.3533794013456325,0.0319809599612693,0.0776152904935654,0.0651060872704921,0.0743496474426885,0.0515840685847195,0.0723216881104849,0.2733571649808596,0.0,0.015585280957875,0.033401827439568,0.0214867732435076,0.0991749300099551,0.0025238914671312,0.0411576126469598,0.0372595030410862,0.5783748318261072,0.011499812610911,0.0122866331412988,0.0014800563348674,0.0395540150096429,0.0059374349725968,0.0068373481991959,Consumer Cyclicals,0.3533794013456325,0.2243061648851266,1.0,1.0,9.0,18.0,0.0383565924319456,0.0,0.0171424537498124,0.0126713776802458,0.0,0.0252696252372923,0.0,0.0,0.0,0.0,0.0170637225765642,0.09462386990847,0.116833013168614,0.0183182827284143,0.0363970350229353,0.204857566619839,0.1212939389904229,0.1308830314860124,0.0,0.090028422930325,0.1043929498936489,0.0327333183287588,0.0325748483459947,0.0395858446763735,0.0772782834831682,0.0739406802410221,0.0455591017284278,0.0130473982377549,0.2370411855503076,0.0713055075632769,0.1785501994472845,0.0,0.119671559881499,0.108054872411149,0.0121659167581302,0.0237994500216056,0.0388515053887236,0.0845538375386829,0.064223601768041,0.0338111597835357,0.0301290467672051,0.2147123554163041,0.0736411861639409,0.1459739495347486,0.0009129403942606,0.143052119820965,0.1294705750853426,0.0091883795315335,0.0314793428067158,0.03183369088055377,0.08548533031010704,0.08499909839255904,0.03256284808012593,0.026524493342631766,0.21887036919548356,0.0887468775725469,0.1518023934893485,0.0003043134647535333,0.11758403421092967,0.11397279913004683,0.018029204872807503,0.029284547058105365,-0.03152799907026617,0.2678940710355255,-0.05301813843128974,0.04505244241343947,-0.026524493342631766,-0.15376428192499147,-0.014397230129858399,-0.10021832490462901,-0.0003043134647535333,-0.04526234610044477,0.15938436585081278,-0.018029204872807503,-0.029284547058105365
2021-07,0.0097,0.007733195417530148,0.01725995228876509,0.009307405331849372,0.011433517679381536,-0.0017335176793815358,0.0019668045824698527,0.0065,-0.0055,-0.0068,0.0218,-0.0121,0.0,0.0031,18.24,2.4099999999999984,5.295632620349999,4.439362194328367,4.306128320705871,3.8617128102137466,12.608678915328063,1.24,0.19,0.06,1.05,1.18,1.95,0.6700000000000004,4395.259765625,2.274805482838871,34.365587571392275,68.0,67.0,107.77087920959828,54.430137757737,45.11646030368605,16.448301570318236,9.51879489406826,6.968943721957638,4.800625482497264,3.9466327165678,2.477353188462223,61.02852901999511,43.6121633418367,23.820955515485323,0.2827310417261779,0.0,-3.608870842139673,1.15605882352941,1.2493377328623203,1.83501074341446,25.742016463061308,23.04457092079985,16.640683875189403,5.069265631953495,4.03198999102573,3.0029188725929226,-10.713777921387145,7.85629002006505,-2.3933777595446664,5.0548201055765,-0.7900119019532743,4.57719883136787,0.4794577260098892,9.3717185859293,12.732497758019946,16.1264193350652,88.1820070851139,56.4252336448598,71.35639250139828,73.5412894795992,16.836342724415463,9.80874316939891,4.274069588857177,3.82721120347566,4.636602159715108,5.0,7.432395911204962,9.33525954071704,-0.0517790433061308,5.18288759041416,-1.232947487852928,5.16901358607354,7.663979065855312,10.6239042073933,41.461602330001206,14.6616498915653,28.84841591055496,18.0000458575056,1.0,0.0101327609225566,0.3393089523731706,0.0306319126569847,0.0783440167651636,0.0699706767449984,0.0714650596872053,0.0454098937316142,0.0713852216860872,0.2833515054322188,0.0,0.0160342581899357,0.0418426636507366,0.0170387124835381,0.0964089282065182,0.0024841476781735,0.0422018195565613,0.038553439772847,0.5730734962360828,0.01029785627612,0.0120840880788724,0.0013882154235465,0.0413146208053823,0.0065165631761725,0.0075901617077866,Consumer Cyclicals,0.3393089523731706,0.2197584713552596,1.0,1.0,9.0,18.0,0.0372904473969323,0.0,0.0158709765383071,0.0115331273267053,0.0,0.0284764774957809,0.0,0.0,0.0,0.0,0.0173002394863609,0.0936944846674512,0.1149812934692738,0.0176952810651396,0.0352447394722193,0.2032914395212618,0.1232905483444856,0.1316258152142541,0.0,0.0926348624441459,0.1061373018430572,0.0315625761634606,0.0325414183088896,0.0398347685192987,0.0759905858015313,0.0722147537759298,0.0435998207137913,0.012264587909353,0.2395631969549648,0.0712790421507914,0.1794734131112974,0.0,0.1227078663579266,0.1082644854663049,0.0120579439114463,0.022749535327364,0.038681813929143,0.0840192126323037,0.0625648132785157,0.0325579157291684,0.0283225033178577,0.2160552497055472,0.0712486689558493,0.1473072579480112,0.000969449317326,0.1474508216900816,0.1302807336543392,0.009158521527319,0.0313830383145376,0.031938940644934195,0.0845680943670954,0.0832536201745731,0.03128433916936643,0.025277276899810002,0.21963662872725795,0.08860608648370877,0.15280216209118755,0.000323149772442,0.1209311834973847,0.11489417365456711,0.017593013867408636,0.028891330650263735,-0.021806179722377597,0.2547408580060752,-0.052621707517588406,0.04705967759579717,-0.025277276899810002,-0.14966595198225954,-0.017141026796503464,-0.10739226835957336,-0.000323149772442,-0.0495459618112975,0.1684573317776517,-0.017593013867408636,-0.028891330650263735
2021-08,0.044500000000000005,0.014467328296676296,0.028101744385720107,0.016990900955549115,0.019853324545981838,0.024646675454018167,0.03003267170332371,0.0161,0.0079,-0.0213,-0.0011,-0.019,0.0,0.0056,16.48,-1.759999999999998,5.245169381309234,4.210719214328185,4.473216164011551,3.92711817566731,12.532587235620696,1.3,0.2,0.04,1.1,1.26,1.94,0.6900000000000004,4522.68017578125,2.899041625543864,29.207987294652327,66.0,65.0,69.61427979143312,56.55714153234,47.95727512500425,16.95085486239612,10.7505487730021,7.845922813529091,5.07366105157085,4.026633095216885,2.8520038768220077,59.14955472693314,38.8763472108525,23.4922414485805,0.3280588694333685,0.0,-3.376872422433394,1.1864608892807649,1.3590809651307074,1.863972817448675,27.409977381892663,23.1934628639657,18.29061395064672,5.262428738118976,4.22192510637253,3.090156993914475,-10.529005139753757,7.82597908407576,-1.7541996988974506,5.0548201055765,-0.4377481129362075,4.59458437023525,0.332013276588792,9.53434968556218,12.299799209116609,16.1617784603288,84.2110862931568,54.99062147106825,70.92442524672529,73.5412894795992,15.647399562561048,9.80874316939891,4.283539158401255,3.9544389015957098,4.73897177313818,5.0,8.414296596713397,11.6673164616934,10.906738108148565,5.5998515724009845,11.082625605224752,6.51499734599222,6.687953286953762,11.75715120812085,35.31264170353656,15.2298242812191,28.05126250563109,17.1965263569623,1.0,0.0140179209381478,0.3330246821791455,0.0316289806157366,0.0773278180362228,0.0659189070541047,0.0795834036488309,0.0439262524762875,0.0675235465197878,0.2870484885317361,0.0,0.0123181146187895,0.0495675218235507,0.0233635581222465,0.0827176360637048,0.0019091030669879,0.0423866382169217,0.0459763953124219,0.5682895466690501,0.021287972570854,0.0182735492854047,0.0017507949223835,0.0238422231361228,0.0076668090777204,0.0070938853464522,Consumer Cyclicals,0.3330246821791455,0.217646525108098,1.0,1.0,9.0,18.0,0.0383068165452288,0.0,0.0197020303165963,0.0109022536467477,0.0,0.0246451512588156,0.0,0.0,0.0,0.0,0.0174224340640567,0.0891323792896477,0.1157152245311063,0.0176948828725019,0.0347022174847617,0.2034567076436527,0.1258569403424871,0.1332072813780644,0.0,0.0892999036261044,0.1094701642359368,0.0311381360535089,0.0329037284781708,0.0399888449656012,0.0738252280028296,0.0725188689401665,0.0435906570931456,0.0122584247500997,0.2418133735050274,0.0716684701441546,0.1809697838480943,0.0,0.1194550266904445,0.1092848280508536,0.0120593769069974,0.0225671171025851,0.0386044832697217,0.0840151201507338,0.0629263751434131,0.0331057467931296,0.0261322718636499,0.218795954038773,0.0697640836023815,0.1483243463795391,0.0009928464259046,0.1465874197831772,0.1285469502043861,0.009197714683331,0.033006687661859,0.0320052540997932,0.08232424248107038,0.0837201562048953,0.0314637622529257,0.024364304699503764,0.22135534506248436,0.0890964980296744,0.15416713720189926,0.00033094880863486666,0.11844745003324203,0.1157673141637255,0.0174650758812791,0.02949251108087163,-0.0179873331616454,0.2507004396980751,-0.0520911755891587,0.045864055783297095,-0.024364304699503764,-0.15543643800837964,-0.009513094380843495,-0.11024088472561175,-0.00033094880863486666,-0.05092390351345423,0.1712811743680106,-0.0174650758812791,-0.02949251108087163
2021-09,-0.064,-0.032613933306495424,-0.040613757233580516,-0.04130927816606289,-0.03817898956871294,-0.02582101043128706,-0.03138606669350458,-0.0294,0.0088,0.0378,-0.0184,0.0146,0.0,0.0144,23.14,6.66,5.152015301793966,3.939691977557725,4.580909697720981,3.9584580447155737,13.195772138698182,1.52,0.28,0.04,1.24,1.48,1.85,0.7000000000000002,4307.5400390625,-4.75691688019011,28.08623369201606,66.0,65.0,66.3501280283502,55.3673067127323,46.37751324106458,17.61890964614262,10.7767784394864,7.940937441018669,4.921937211580128,3.9609233230658303,2.803367482138755,59.61083439368856,38.8763472108525,23.612852932640568,0.3389774739633728,0.0,-2.034355015172878,1.335973515321345,1.7193080790294786,1.863972817448675,27.18735485667349,23.16349081150325,18.089021341635835,5.141423763120032,4.22192510637253,3.068980058011984,-6.375244127711833,7.82597908407576,-1.5459376324358374,5.0548201055765,-0.285935817140057,4.59458437023525,1.3379331720666543,9.79547904714438,12.66315636269849,16.266515369405,83.84925142220777,54.99062147106825,71.66151483753701,73.5412894795992,14.384210164680695,9.80874316939891,4.3226304387078525,3.9544389015957098,4.950300291784579,5.0,9.972344024017392,10.8008561047235,14.37750834387704,17.29866216240505,14.538568259691546,17.27075870414485,5.947294124081085,12.73290917132425,34.40332473293392,15.4101861318749,23.81675916904661,16.7398282633352,1.0,0.0132094982092342,0.3323201460624206,0.0304946606131621,0.0792261690556505,0.062132618499842,0.0822613395166157,0.0509190863670003,0.0610714825643989,0.2883649991116754,0.0,0.0102997929263612,0.0314563042555608,0.0309901177993525,0.0900421667589705,0.0016694692842424,0.0538512824021725,0.0638631962370884,0.550863128756629,0.0201328150094458,0.0170072496891954,0.0017356940213374,0.0210303268490356,0.0083469494789085,0.0070208611670283,Consumer Cyclicals,0.3323201460624206,0.2179221228234899,1.0,1.0,9.0,18.0,0.0368582647577823,0.0,0.0190993502778315,0.0111371536035667,0.0,0.0245958767254903,0.0,0.0,0.0,0.0,0.0173166606250282,0.0900455276100104,0.1159498222208883,0.0189206632357577,0.0391047005165247,0.2070914868978667,0.1237215488225933,0.1337596899844086,0.0,0.0836430129629163,0.1081801287957992,0.0312727789928652,0.0309939793353409,0.0400340003752069,0.0743248335039685,0.0738046030350059,0.0459913475686555,0.0140163131437281,0.2395240719184121,0.0713858398235927,0.1785238801713968,0.0,0.1180143886173343,0.1089492227130786,0.0124914717046537,0.0229400274249665,0.0410081889222166,0.0836920467211075,0.0624360256133463,0.0337621880828631,0.0306502291643541,0.2180303866155425,0.0694573877126144,0.1384320632642854,0.0013692473825031,0.1492635543310758,0.1264361809664262,0.0110357965784852,0.0344267046451792,0.0327862833074839,0.08268746927836214,0.08406348362308018,0.0328913996290921,0.027923747608202303,0.22154864847727376,0.0881882587862668,0.1502385444733636,0.0004564157941677,0.11697365197044214,0.11452184415843465,0.0182666824253347,0.029453570468495532,-0.0195767850982497,0.24963267678405848,-0.05356882300991808,0.0463347694265584,-0.027923747608202303,-0.15941602997743176,-0.005926919269651096,-0.0993194581063633,-0.0004564157941677,-0.05590216940604324,0.17384315495324076,-0.0182666824253347,-0.029453570468495532
2021-10,-0.0036,0.03179039973202147,0.02472775395282034,0.03208923857382251,0.029535797419554772,-0.033135797419554774,-0.03539039973202147,0.026,-0.016,-0.0067,0.0056,-0.001,0.0,0.0243999999999999,16.26,-6.879999999999999,5.351215590949132,4.002855729865806,4.737428253233955,4.013850678303776,12.785915871522649,1.55,0.48,0.05,1.07,1.5,1.69,0.6699999999999999,4605.3798828125,6.914383640060651,40.83902976879674,67.0,66.0,64.32687558352183,56.4756991582949,44.35834491911704,16.684018950221574,10.8030081059707,7.721348020610579,5.016338623636753,3.97521392956386,2.893082930275088,56.79151530663014,38.6105641383456,23.05873188670432,0.3838400503812397,0.0,-1.5695446982588437,1.32579318448884,2.0356363826820094,1.83501074341446,29.247506911161214,23.61375877253315,17.80360949094482,5.206240185824635,4.26262778949305,3.184300695441832,-3.643728993705285,9.31594018453707,-0.704125767125673,5.57013674218566,0.6137651098159446,4.9774225628536,3.635037376767023,9.796501508528497,14.620438855503798,16.409540486560452,82.01847866601764,51.804521313282,71.86277627351973,73.45361736585926,14.513564648124554,10.1865994236311,4.338041230757564,4.08166659971576,5.076613390953386,5.0,10.87346281097566,11.7790831101005,13.170485163129271,24.990535412710106,13.333203346539056,24.97808221621105,7.546818569708291,12.8276348176241,31.22278073861666,15.4777748268625,22.984053190530844,16.9606875381455,1.0,0.0186583891717991,0.2775032087549671,0.0223195369575911,0.0782347563393099,0.0639046037843198,0.1017564529794888,0.0641278985390384,0.0776210421291346,0.2958741113443509,0.0,0.0184937653822539,0.0325514002660899,0.0362297719969309,0.0957922880367621,0.0032043003495932,0.0492248199845007,0.0668037486195178,0.5287224551235411,0.0212306335754115,0.0194388744751306,0.0018291671495687,0.0180276064689127,0.0068701594086031,0.0075367062306049,Technology,0.2958741113443509,0.1960920826091149,1.0,1.0,9.0,18.0,0.0358035297651196,0.0,0.0153372802623069,0.0157028390091042,0.0,0.0272006538960474,0.0,0.0,0.0,0.0,0.0173886130616789,0.0915158238280713,0.1158376454634081,0.0187946367313041,0.0395129990288112,0.2083279798920167,0.1244103302567004,0.1313315729408035,0.0,0.0833761248314126,0.1082004614456813,0.0292925613761803,0.0320112511439311,0.04008511265735,0.0736840228195177,0.0725819149320267,0.0431419664249508,0.013618445211602,0.242448412023797,0.0717558920177462,0.179609890310878,0.0,0.118349074034398,0.1087923024735999,0.0123684212436243,0.0235645458505088,0.0407290402545534,0.0829204383827752,0.0602802161729906,0.0321231059263054,0.0301134010160284,0.2206630456194324,0.0674273908357927,0.1394054594079866,0.0013454110076359,0.1509717267661502,0.1289193587504628,0.0108538090188906,0.0342475968409953,0.03273425532452743,0.08270676167678807,0.08289992552280846,0.03135323636085344,0.027748281752147202,0.22381314584508205,0.08786453770341308,0.15011564088655602,0.00044847033587863336,0.11756564187732026,0.11530404088991465,0.017504930546231732,0.0299411312784784,-0.01407586615272833,0.194796447078179,-0.06058038856521736,0.046881519978456465,-0.027748281752147202,-0.15990854206076227,0.013891915276075723,-0.08598774234751762,-0.00044847033587863336,-0.039944599748185664,0.18057007045443624,-0.017504930546231732,-0.0299411312784784
2021-11,-0.031200000000000002,-0.045347146703929586,-0.05678670070000291,-0.04529643356864421,-0.049143426990858906,0.017943426990858904,0.014147146703929584,-0.0418,-0.0091,-0.0196,0.0237,-0.0126,0.0,0.0037,27.19,10.93,6.235042390298062,4.590317334184912,5.336135652537788,4.436672448273571,12.811340469996168,1.43,0.52,0.05,0.91,1.38,1.81,0.6599999999999997,4567.0,-0.8333706184746159,26.103443691858995,67.0,66.0,65.57158175652883,56.4756991582949,47.93382855024958,16.720749216360076,10.8524837595886,9.427907209614606,4.9722402308989695,4.026633095216885,2.8144313937587864,58.293523967210696,41.74348334836471,22.933699704152737,0.3247449048612327,0.0,-1.9844836321799144,1.1864608892807649,1.9355441867656908,1.66893538435172,29.24943779410681,24.370366486601,18.81294624675195,5.175190217541744,4.28961233545971,3.1073724732538617,-4.615301987701587,7.74867835171678,-1.6980939396590176,4.89363583857356,-0.4609366158878324,4.56685698984791,2.3547362266255427,9.45303413574574,13.237662768416191,16.144098897697,85.65063678766452,54.99062147106825,72.14622853340232,73.84983317958336,14.604479973612303,7.94822752476481,4.252265708274216,4.1024211523299545,4.9732415649340185,5.0,7.089957604728806,11.23408628320845,12.581622476688256,17.893789250407952,12.748912630762486,17.893789250407952,9.229326624167289,12.8276348176241,31.357086573066372,15.320005206547,22.06761773203788,16.7180725117951,1.0,0.0216835559722203,0.2757193343651494,0.0401973016138632,0.0735843352843887,0.0641596092875496,0.1046277921555339,0.0821155265037427,0.0386405352779387,0.2992720095396131,0.0,0.0,0.034233984008411,0.036331857377294,0.1399919581940465,0.0040543225953912,0.0481617766451779,0.0689907584991684,0.4842010217979327,0.0122601919897026,0.0203285870204035,0.0024808251469625,0.0181212157264426,0.0075941380641379,0.0081554844761066,Technology,0.2992720095396131,0.1963850221073461,1.0,1.0,9.0,18.0,0.042139512946845,0.0,0.0179779011733871,0.016095899589818,0.012269648994908,0.0266109157538637,0.0,0.0,0.0,0.0,0.0177000239613329,0.0930822151564514,0.1170199352830571,0.0174373906533731,0.0377835133749007,0.2018428735760979,0.1248322448811908,0.1319179511804901,0.0,0.0845755863425273,0.1112310867390931,0.0302331744192991,0.0323440044321857,0.0394836495712831,0.0733432677680834,0.0709293694031535,0.0410774365758945,0.0131756375047783,0.2419509791507101,0.0706086567960497,0.1794650553971444,0.0,0.12023177182942,0.1128390763273475,0.0128408267631251,0.0240542729130099,0.0399271615587229,0.0801102276668404,0.0607049032296262,0.0304239335237549,0.0299582489522116,0.2173932731580801,0.0674585493758749,0.1371162556646317,0.0013723603756712,0.1534969120713997,0.1362236393219832,0.0112624883883118,0.0345520467128908,0.03237027836377963,0.08217857019712506,0.08288473597194561,0.029646253584340834,0.0269724666106302,0.22039570862829602,0.08763315035103847,0.14949975408075541,0.0004574534585570667,0.11943475674778233,0.1200979341294746,0.018112163190245334,0.030316774686028797,-0.010686722391559326,0.19354076416802435,-0.04268743435808241,0.04393808170004786,-0.0269724666106302,-0.15623609934074642,0.016994641804495433,-0.06738422757701272,-0.0004574534585570667,-0.08079422146984362,0.17917407541013847,-0.018112163190245334,-0.030316774686028797
2021-12,-0.0019,0.043909495286852174,0.036842780240395,0.03673159058105102,0.03916128870276606,-0.04106128870276606,-0.04580949528685217,0.0387,-0.0127,0.0345,0.0063,0.0311,0.0001,0.0027,17.22,-9.970000000000002,6.901970403700863,4.972572143965692,5.93019057933839,4.8908669097107005,12.311943991156514,1.52,0.73,0.06,0.79,1.46,1.85,0.6499999999999999,4766.18017578125,4.361291346206486,26.89273866137125,65.0,64.0,65.8420786776382,56.55714153234,47.916986449986624,19.76923956593517,11.4673309057708,10.23052770704162,5.23002685103429,4.214542639569225,2.793417657044582,54.75203747704085,38.8763472108525,23.31393133750069,0.3220021348147958,0.0,-1.871735002667511,1.145287913118905,1.8840237520597145,1.66893538435172,31.139416653600986,24.370366486601,18.616783922566345,5.638600593085565,4.323293751781085,3.1771337370996453,-4.445815396165425,6.992522611459105,-1.6719433095968574,4.45225129851543,-0.3123400191248009,4.133525767841425,2.517975913320573,8.700845386348195,13.69745189705202,16.0492658433081,90.72047132623013,61.295242453468,72.53035411740164,73.84983317958336,13.903958124198748,5.72727272727273,4.321305310599089,3.804196690652005,4.947229262285115,5.0,8.373488170920258,11.7790831101005,8.42405836216698,8.18148424715298,6.895967373410679,8.17454724498267,6.492724702135614,10.8761188912173,29.150422184020503,14.6373562300856,22.126303217935625,16.9606875381455,1.0,0.0166845386855156,0.2843795264483433,0.0514848566776756,0.0863158533164193,0.0613907214995427,0.1168834546233965,0.0848503166051634,0.0306981815253103,0.267312550618633,0.0,0.0,0.0183927420387315,0.0250535698524765,0.1443280669551879,0.0042811348931816,0.0492993839541138,0.0757358527042023,0.5130056205255835,0.010550554816081,0.0217153461671085,0.002149301446214,0.0174532386284214,0.0067621246621109,0.0077843232792959,Consumer Cyclicals,0.2843795264483433,0.1882797228411255,1.0000000000000002,1.0000000000000002,9.0,19.0,0.0163185148658634,0.0,0.0185605639789726,0.0122839739574906,0.0139146377531663,0.0229090356078095,0.0195020139139878,0.0,0.0,0.0,0.0181739368595399,0.0903613299335612,0.1167715592338707,0.017348000038555,0.0382609779165683,0.202318521660169,0.1256204363218469,0.134520755147202,0.0,0.0861188715085008,0.1102285161667823,0.0285033622875203,0.0317737329258832,0.0394671226424753,0.0768517284371749,0.0695589003517205,0.0419351431105374,0.0148016234391762,0.2443842930425858,0.0654517930965182,0.1783373024051668,0.0,0.1208670414814545,0.1089498816250254,0.0132956841933979,0.0260994861747666,0.0397096614326213,0.0793935385630636,0.0592056242137141,0.0307157028277325,0.0301586968137137,0.2187581480638225,0.067319986863305,0.1371951756540876,0.0013758720178051,0.1541418331773134,0.1358800845543612,0.0114480457658197,0.0346976300526397,0.0324502403115455,0.08220219897793324,0.0818453612664351,0.0299996153256083,0.02774043272315273,0.22182032092219242,0.0861307387605567,0.15001774440215213,0.00045862400593503337,0.12037591538908955,0.11835282744872296,0.017749030748912636,0.030856949717763166,-0.0157657016260299,0.20217732747041006,-0.030360504588759503,0.05631623799081101,-0.02774043272315273,-0.16042959942264973,0.0307527158628398,-0.06516742779698873,-0.00045862400593503337,-0.08967773386377925,0.14895972316991007,-0.017749030748912636,-0.030856949717763166
2022-01,-0.1495,-0.03634989546655054,-0.060883785388843426,-0.05800242504403463,-0.051745368633142864,-0.09775463136685714,-0.11315010453344945,-0.049,-0.0237999999999999,0.127,-0.0441999999999999,0.0617,0.0,-0.0358,24.83,7.609999999999999,7.174340285065539,5.488993530393094,6.141969176624196,5.2145501246505965,12.46671584090564,1.79,1.18,0.22,0.6100000000000001,1.57,1.93,0.6499999999999999,4515.5498046875,-5.258516502739385,21.573991356507925,65.0,64.0,68.10821281734091,52.19747115680045,49.2975790744972,19.8112382736124,10.8030081059707,10.288943354399317,5.2771231784912,4.269275211665915,2.7284716467464154,55.031792259508975,38.3447810658387,22.699981065051396,0.3182816240622249,0.0,-2.0612748547836945,1.27132806976048,1.9178135206568896,1.66893538435172,31.50597669414777,24.370366486601,18.38812580859656,5.682483482695263,4.40447094120991,3.1070563441374057,-5.8749597816064325,7.42206471046243,-2.4397973712297527,4.70440154099502,-0.6968503083709405,4.45400086021794,2.0984784233902443,9.665936827737395,13.490428193715784,16.1339198794696,92.45974163249934,61.434790274750895,72.75846861133272,73.84983317958336,13.941247776462683,7.73949505533629,4.230376351951909,3.9544389015957098,4.972676815364104,5.0,8.557022013714656,13.3174039182006,-23.05175364434528,17.893789250407952,-23.225072912848216,17.893789250407952,9.026579678934144,12.6381835250244,30.57022762392058,14.6373562300856,21.85458872262182,16.9606875381455,1.0,0.0169992200494527,0.2921077311497474,0.0570561305047492,0.1013387494798257,0.0540701304435778,0.0965470713824777,0.090905701710383,0.0357693277601478,0.2552059375196387,0.0,0.0,0.0193269713981447,0.0267823447537588,0.1229837805875972,0.0041095841626994,0.0498711317086861,0.0757004485948465,0.5243632880754422,0.0108793523253238,0.0204511516054805,0.001535860070486,0.0159805700932499,0.006311579054336,0.0051493355405137,Consumer Cyclicals,0.2921077311497474,0.1860591222099192,1.0000000000000002,1.0000000000000002,9.0,19.0,0.0182757280554702,0.0,0.022976132394825,0.0162664853164251,0.0166531524715244,0.0198470131393788,0.0225360906518111,0.0,0.0,0.0,0.0172696647837159,0.0919406384622356,0.1160564622150374,0.0173106433759044,0.0438434772509753,0.2122956023746036,0.1217175213950299,0.1284893888443852,0.0,0.0874824771729814,0.1013334291789645,0.0303436397126596,0.0319170552335067,0.0379258606087978,0.0758070872225666,0.0715739246517947,0.0426437851910229,0.016007881550179,0.2503060000751237,0.0600461126473785,0.1800936261339012,0.0,0.1221838270161925,0.1022888779445076,0.0140455079852902,0.0270775089732446,0.0390869526774538,0.0791986810695707,0.0603194786454451,0.0312931711295966,0.0340749562383518,0.2241736911728701,0.0618261487290725,0.1373269700311226,0.0015311038155158,0.1542364094747567,0.1294282353123571,0.0120146209225576,0.035489580781329,0.03142749268998917,0.0823154689181243,0.08264995517075906,0.03041586656550797,0.03130877167983537,0.22892509787419912,0.0811965942571603,0.14863666166980302,0.0005103679385052667,0.12130090455464353,0.11101684747860974,0.0188012562068358,0.03149471499602677,-0.01442827264053647,0.20979226223162312,-0.02559382466600986,0.07092288291431773,-0.03130877167983537,-0.17485496743062132,0.015350477125317397,-0.05773095995942003,-0.0005103679385052667,-0.08553157679449572,0.14418909004102898,-0.0188012562068358,-0.03149471499602677
2022-02,-0.0638,-0.03429177595390398,-0.029574382075516215,-0.019494447636340784,-0.02778686855525366,-0.03601313144474634,-0.029508224046096015,-0.0203,0.0156,0.018,0.0006,0.0208,0.0,-0.0022,30.15,5.32,7.558805726967832,6.05428515424189,6.272433512016362,5.35843659732218,11.718870942773108,1.83,1.44,0.35,0.3900000000000001,1.48,2.34,0.7200000000000002,4373.93994140625,-3.1360491945908286,14.766935268444836,64.0,63.0,71.44298269872328,50.4557069406081,50.576476106336656,21.28132987065344,10.7767784394864,10.229618079554568,5.376413176298403,4.18751740506329,2.743533293044645,54.65486015506098,36.99510930024295,22.201610163697072,0.3106273280545988,0.0,-2.116280456037643,1.32579318448884,1.9662786706260695,1.71014291779659,32.49369797786616,24.2022105838508,18.50948183740026,5.829083566165143,4.3299906221358,3.110599290782756,-6.147558986160877,7.04846127283839,-2.56557989047003,4.55184110675956,-0.8197265417117825,4.35148657210793,2.0527573845431086,9.79752396991261,13.494103514861472,16.141420423874,94.3799843336166,61.4613859708805,72.23142608991901,74.0703296703297,13.568699124678158,7.375123871754165,4.223210470228078,3.82721120347566,4.94571494909028,5.0,8.630486932910092,13.3728895880302,-22.671838660012725,24.6074975969241,-23.16952049152828,24.6074975969241,7.958251067060691,11.75715120812085,28.58345165894242,14.6130625686059,21.06201983523004,16.7398282633352,1.0,0.0187884283885261,0.2909199914386782,0.0719922899309554,0.1091977404782529,0.0674016550149993,0.104428092362053,0.0826124466947831,0.028424345565261,0.2262350101264909,0.0,0.0,0.0216197925166401,0.0244940968283015,0.1380911453413216,0.0041188939947397,0.0486153082875568,0.0813321926014325,0.4935397088073996,0.0,0.0228492058896916,0.0016358528576109,0.0243044816520952,0.0063054822502137,0.005414287296449,Consumer Cyclicals,0.2909199914386782,0.1763577319448336,1.0000000000000002,1.0000000000000002,9.0,18.0,0.0145425193494092,0.0,0.0219664812070696,0.0176305593371852,0.019393102083323,0.0237922933364371,0.0303545963631229,0.0,0.0,0.0,0.0176995725769119,0.0889618109663711,0.1174235106234033,0.0173013145774813,0.0450910644791317,0.2076564112469801,0.1254577377149119,0.1269664866526875,0.0,0.0896979445855267,0.0994356804243222,0.0310792908803926,0.0332291752718793,0.0381987152515066,0.0729935328264783,0.0730835665728875,0.0437610727282055,0.0173155303071551,0.2463983558671857,0.0592453304023644,0.1818442161278619,0.0,0.1224968919142978,0.102488310081993,0.013756977480637,0.0284175004394266,0.0380096226014538,0.0760477390838749,0.0603573206898383,0.0324684358391287,0.0373168904971197,0.2200697099561709,0.0612331120096489,0.1385114118250923,0.0015773907818838,0.1576017612324123,0.1289617721499831,0.0116326827290326,0.0362121506043601,0.031302636809957436,0.0793343609589081,0.08362146596204302,0.031176941048271834,0.0332411617611355,0.22470815902344557,0.08197872670897506,0.1491073715352139,0.0005257969272946,0.12326553257741228,0.11029525421876611,0.0188229836966874,0.032619608771888665,-0.012514208421431337,0.21158563047977008,-0.011629176031087624,0.07802079942998107,-0.0332411617611355,-0.15730650400844626,0.022449365653077938,-0.06649492484043079,-0.0005257969272946,-0.09484118701215127,0.11593975590772478,-0.0188229836966874,-0.032619608771888665
2022-03,-0.0258,0.005189974133577024,-0.004053753756655176,0.0012932039142758978,0.0008098080970659153,-0.026609808097065916,-0.030989974133577024,0.0052,-0.0008,-0.0091,-0.0015,-0.0056,0.0,0.0339,20.56,-9.59,7.937278766517819,6.4551151617656455,6.545539906103293,5.602764293293028,10.604934374649975,2.32,2.28,0.52,0.04,1.7999999999999998,1.93,0.8599999999999999,4530.41015625,3.577328837154625,14.03311641516658,61.0,60.0,73.4124476851764,53.9392353729928,52.30578165390978,21.74527563584809,10.8030081059707,10.184980245949175,5.54537918274439,4.3757578914665896,2.787486920737624,56.922111807770136,36.99510930024295,23.096773246411143,0.2998989383193413,0.0,-2.544814738052429,1.27132806976048,1.6282079573377757,1.89202909999713,33.80191429146288,24.40401507527825,19.2870703108504,6.0511733210369645,4.448491807451266,3.1954284195082305,-7.393747770499727,7.366126049083145,-2.743498127340505,4.60481173275089,-1.0642485477578547,4.133525767841425,0.8780518115854224,9.584621277920956,13.03298650014837,16.1339198794696,95.95395923755912,58.72936324675744,71.69869303977279,73.5853130842181,15.037042188444666,7.01075268817204,4.234246426523853,3.96112623166211,4.912578043689505,5.0,6.704774270769777,13.45574794584485,-27.62110777944093,24.990535412710106,-29.223536402423917,24.97808221621105,3.5911783076703925,10.3429418059887,26.44091027414634,13.12000887311445,17.807979308401276,12.4386991627012,1.0,0.0179695749201058,0.2925779413137391,0.0571687420877383,0.1274581325798902,0.0640178123874595,0.0845001453626197,0.0780816691866307,0.0279689517476599,0.2502570304141565,0.0,0.0,0.0219614288692281,0.0272347289163523,0.1255000574990109,0.0044400505278745,0.0524974524812078,0.0854273028969657,0.5090141923542254,0.0,0.0256207369034805,0.0015865527687014,0.0394041400585131,0.006544618905083,0.0058942213191984,Consumer Cyclicals,0.2925779413137391,0.1861847434645676,1.0,1.0,9.0,16.0,0.0,0.0,0.0219560705383084,0.0,0.0204166606434779,0.0196246966421028,0.0328770886762691,0.0,0.0,0.0,0.0173555582093789,0.084103618940173,0.1152809000874642,0.0170621024946564,0.0470667862330062,0.2091578907250459,0.1287549463798735,0.1263241138540799,0.0,0.0910122868298099,0.1009840684892833,0.0309325881245152,0.0319651396327132,0.037996246357574,0.069888848067521,0.0705255398471077,0.0420950870489617,0.0189197274000306,0.2507764084430355,0.0596684376929246,0.1794758045849982,0.0,0.1244219111732585,0.1030704957332161,0.0142917866650582,0.0288697069863136,0.0388778080238572,0.070240100272548,0.0601043614514215,0.0327018923574605,0.04149442051705,0.2277697101352861,0.0624887519497499,0.1361280526176626,0.0021277478592761,0.1542874637937837,0.1255268120326393,0.0111128496322889,0.0371400293569756,0.03140987086360337,0.074744189093414,0.08197026712866447,0.0306196939670262,0.035826978050028935,0.22923466976778917,0.08363737867418268,0.14730932368558022,0.0007092492864253667,0.12324055393228402,0.10986045875171291,0.018779074807287435,0.0326582919920008,-0.01344029594349757,0.21783375222032508,-0.02480152504092617,0.096838438612864,-0.035826978050028935,-0.16521685738032965,0.0008627666884370166,-0.06922765449894952,-0.0007092492864253667,-0.09527160218462412,0.14039657166244357,-0.018779074807287435,-0.0326582919920008
2022-04,-0.1251,-0.06739148287887264,-0.06994260376144501,-0.07409811200848238,-0.07047739954960001,-0.054622600450399975,-0.057708517121127345,-0.0649,-0.0072,0.0372,0.0002,0.0356999999999999,0.0,0.0288,33.4,12.84,8.572204966013853,6.482378554404167,6.926410970164576,5.593221924008485,9.629048165368426,2.89,2.7,0.85,0.1899999999999999,2.04,2.05,0.9000000000000004,4131.93017578125,-8.795671180434306,-1.177654747685286,62.0,61.0,55.571846347822806,46.9865439093484,36.13392903650059,17.399800122367587,10.1322140958617,7.167075038545732,4.474354558991204,4.07805226086991,2.18505733064414,57.246918865388864,36.461609644931656,24.79887222059776,0.4837007621310704,0.0,0.0933289575852154,1.5837461037831249,2.2769257073169458,1.974221344948785,27.49389847709043,23.61375877253315,17.49961725648463,4.818959362972847,4.12014699361172,2.749811540715029,4.251244460680073,10.6304277902863,4.181855909655931,7.00907206781572,3.883320180383075,5.58599663134554,8.996343157811827,9.32981827709602,18.38990287441633,15.972112351551,103.80785026896902,51.804521313282,70.14156859038042,72.3084765698532,15.14690431531294,10.14440528724855,3.9401053612590657,4.23316343178408,5.719799366671176,5.0,33.769945271434864,19.8253408916807,77.59375062728867,30.8073597515816,76.24436262555726,31.008215705206,13.28223083814933,13.0841944933711,18.685829060936094,15.5197450813664,23.617414670419304,9.67664799987658,1.0,0.0173667012914456,0.2833628159267748,0.0994243205053231,0.1274951835297731,0.0465705066979206,0.0849086851302511,0.0687321317362783,0.0576705286636972,0.2144691265185359,0.0,0.0,0.021319526309225,0.0380679766131401,0.1166828663131851,0.0049168503554751,0.0371548763595497,0.087773619965716,0.4665526726510568,0.0,0.0253889689170717,0.0015146932115198,0.0385454487703122,0.0070717352355809,0.005714867897635,Consumer Cyclicals,0.2833628159267748,0.1701616040385697,1.0000000000000002,1.0000000000000002,9.0,18.0,0.0,0.0,0.0233956554901072,0.0,0.0240354296159464,0.0227584180087781,0.0321715910599036,0.0247035262559644,0.0222312769698321,0.0,0.0173583608351015,0.0823513148531807,0.1193664017697205,0.0166203931719137,0.0493484757686454,0.2072458712458715,0.1333780604549388,0.122463928904438,0.0,0.090664092747645,0.0954818063613822,0.0322273383636192,0.033493955523543,0.0377381729800538,0.0694046885474419,0.0709754196777199,0.042579019571575,0.0206829615728448,0.2513228063383,0.0578904280849567,0.180555293142495,0.0,0.1244037089698935,0.0993850534554851,0.0148075361898952,0.0302549114693384,0.038719436082344,0.0705047867655107,0.0609232391931618,0.0330245509656811,0.0449675759958825,0.2277974796987348,0.0617474221368023,0.135345827819285,0.0022729863979458,0.1546063836026048,0.1202733705249562,0.0116284538179883,0.0381884869991022,0.0312719899658331,0.07408693005537777,0.08375502021353408,0.030741321236389934,0.0383330044457909,0.2287887190943021,0.0843386368922326,0.14612168328873934,0.0007576621326486,0.12322472844004777,0.1050467434472745,0.0195544427905009,0.03397911799732787,-0.013905288674387502,0.20927588587139706,0.01566930029178902,0.09675386229338316,-0.0383330044457909,-0.1822182123963815,0.0005700482380184974,-0.07738955155246104,-0.0007576621326486,-0.06555419977635057,0.1094223830712614,-0.0195544427905009,-0.03397911799732787
2022-05,-0.0387,0.019959394735634683,0.0047001184861177325,0.007933040312827488,0.010864184511526634,-0.04956418451152663,-0.05865939473563468,0.0111,-0.0149,0.0455999999999999,-0.0167,0.0266,0.0003,0.0029,26.19,-7.209999999999997,8.231750770777225,6.158737119052837,6.684755338326309,5.345023150300299,7.901206419699225,2.85,2.53,1.16,0.3200000000000003,1.6900000000000002,2.18,0.9900000000000002,4132.14990234375,0.0053177704644635,-1.711657479886508,60.0,59.0,54.97649869719917,46.9865439093484,35.303867100738934,18.278030644467183,10.3596740208348,7.36986338556656,4.557824325009687,3.85763244382842,2.225769689956208,56.52066256926458,34.751898649024,23.980645151625968,0.4897662849598367,0.0,0.2638547537819926,1.5837461037831249,2.718652269881131,2.0791497041159,28.502221126479675,23.78191467528335,17.108213794047124,4.823106752159419,3.73510912022167,2.5808318379104125,4.721423938380889,10.2873175040266,4.271427385262789,6.83159093261567,3.997072719812698,5.39077627178314,8.838153830321538,8.48591798828875,17.80197777103969,13.8485540054077,99.46547687172624,51.804521313282,69.79453628406617,72.2218160601782,15.205427414607916,10.231723960345,4.093624319222375,3.84058586360846,5.7121351291310845,5.0,33.33051265978753,19.8253408916807,96.33097708230552,28.0396475770925,94.57028605383886,27.9119930974978,14.168542673446288,13.0841944933711,19.97994845409916,15.5197450813664,23.7482685987336,8.88404793351158,1.0,0.0192871997897843,0.3000612072928091,0.1064792217870025,0.1241949250183269,0.0431632646615084,0.0565499334235694,0.0776040850840361,0.0567721974496889,0.2158879654932742,0.0,0.0,0.0239076638529035,0.0385518415356266,0.1332616295374734,0.0045776710690409,0.0315059205881353,0.060867352563271,0.4748884755634062,0.0,0.0230557051670432,0.0011586727822048,0.0374467310102264,0.0074978118843167,0.0079988488489137,Consumer Cyclicals,0.3000612072928091,0.1780849807266942,1.0,1.0,9.0,18.0,0.0,0.0,0.0240799600496779,0.0,0.0240204234223253,0.0209097779400252,0.0415761166466861,0.0221406768032847,0.0225547207354382,0.0,0.016491133003783,0.0818002084226235,0.1159360614430541,0.0165138876555363,0.055439789070815,0.207338551781984,0.1312301458135352,0.1233019322636361,0.0,0.0894302412601073,0.0961193131655551,0.033271839235694,0.033126896883676,0.0377718602686451,0.0705873138579832,0.069904398909119,0.0423009748126209,0.0213975214844326,0.2504483198453605,0.0583613080812589,0.1814531902649772,0.0,0.1234396800064811,0.1000538286578873,0.0146738855710518,0.0296077182401821,0.0364297382773778,0.0711807731369247,0.0605030221832924,0.0327466334382791,0.0490704230935608,0.2252556833257686,0.0610063955781565,0.1361551760551334,0.0023578399405357,0.152242015880502,0.1231473294644707,0.0115456910543507,0.0383592785716469,0.030230910516601966,0.07452276513917713,0.0821144941784885,0.03052049863547877,0.041969244549602804,0.22768085165103769,0.08353261649098354,0.14697009952791557,0.0007859466468452333,0.12170397904903014,0.10644015709597103,0.019830471953698834,0.03369796456516833,-0.010943710726817667,0.22553844215363197,0.024364727608514006,0.09367442638284812,-0.041969244549602804,-0.18451758698952928,-0.026982683067414137,-0.06936601444387946,-0.0007859466468452333,-0.06493178159934124,0.10944780839730316,-0.019830471953698834,-0.03369796456516833
2022-06,-0.1566,-0.08766648828170998,-0.1028416434864553,-0.10410054975244631,-0.09820289384020386,-0.058397106159796125,-0.06893351171829001,-0.0925,-0.0005,-0.0048,0.0093999999999999,0.0113999999999999,0.0006,0.0076,28.71,2.52,8.538171195642065,6.0254478790408905,6.794545874740021,5.184136763522318,6.161102693191256,2.98,2.92,1.72,0.06,1.26,2.31,1.0299999999999994,3785.3798828125,-8.391999993382681,-11.916698480221054,59.0,58.0,55.9680227572281,47.61566729914575,35.62372896577816,19.016187165496035,10.43091596986395,7.423395480540161,4.788715127506359,3.967842352349165,2.3746605475548224,53.83182502234726,34.751898649024,23.35473709778429,0.5014226340184325,0.0,0.866216908525055,1.56044613710555,2.5865067347732102,1.99341187453918,28.275735023515967,23.66299478457995,17.10156795297277,5.025817879500683,3.927628056916695,2.7367136397455014,5.88182638095789,10.102788681217444,4.844627879918607,6.83149314072644,4.351168185482863,5.3903449856564905,9.118942008873535,8.331736479191363,18.003012100508524,13.56578852010015,96.16989483327748,51.483421972933655,70.40477383699354,72.2651463150157,14.99934272288167,10.14440528724855,4.277539975720368,3.573584908732765,5.791848541153071,5.0,32.54293600403078,19.758883355911948,104.7917169469226,31.36080198352795,105.67434805779573,27.9119930974978,16.475720746548262,13.0486842541847,23.190324374965364,15.46496560662065,24.521141321024945,8.853423599346035,1.0,0.0225151095528163,0.2587214864677494,0.1166748186509606,0.1266292352312847,0.0488475198503244,0.0612344049035837,0.0860183898161027,0.058852286931215,0.2205067485959629,0.0,0.0,0.0270243753693883,0.0408947498186199,0.1407564614187727,0.0048687265413322,0.0351503095887315,0.0572283363000534,0.4489664208910924,0.0,0.0258162864957178,0.0011148002327521,0.0411307980257926,0.0067716572781096,0.0072385090999635,Consumer Cyclicals,0.2587214864677494,0.1627134280201279,1.0000000000000002,1.0000000000000002,9.0,18.0,0.0,0.0,0.0201401555714575,0.0,0.0273682647329563,0.023564885080202,0.0456439419651279,0.0200673665743963,0.026253955015533,0.0,0.0163148989381501,0.0827395521316655,0.1214051461499074,0.0165641730533437,0.0533736904508032,0.208191380019003,0.1371059739138553,0.1225289853951268,0.0,0.0827059947482952,0.0922958971165577,0.034308697097529,0.0324656109857628,0.0381955590537063,0.0702951877939326,0.0787329018490927,0.0423890229227923,0.0214354674796311,0.2486756316164277,0.0681499751516083,0.1724330097671368,0.0,0.1182546419843576,0.0959540880080657,0.0153440877170649,0.0301404266561836,0.0360721059629953,0.0720446477931414,0.0627656373978648,0.0328269426658734,0.0465077516425078,0.2248659307955775,0.064986567574444,0.1385573148049265,0.0025494719855989,0.1444598349962611,0.1214080106126526,0.0120555536854104,0.0409002300827458,0.030194187984950566,0.07502646257291316,0.08763456179895496,0.030593379547336468,0.04043896985764737,0.2272443141436694,0.09008083887996919,0.14450643665573004,0.0008498239951996333,0.11514015724297129,0.10321933191242533,0.020569446166668098,0.03450208924156406,-0.007679078432134265,0.18369502389483622,0.029040256852005647,0.09603585568394822,-0.04043896985764737,-0.178396794293345,-0.02884643397638549,-0.05848804683962734,-0.0008498239951996333,-0.05628787031175629,0.11728741668353757,-0.020569446166668098,-0.03450208924156406
2022-07,0.1058,0.05168833899305092,0.06631239486098672,0.05919963939493078,0.05906679108298948,0.04673320891701053,0.054111661006949086,0.0506,0.0056,-0.0639,0.0289999999999999,-0.0382,0.0008,-0.0177,21.33,-7.380000000000003,8.979361103105798,5.906335651591377,7.243471864656126,5.31569109508947,5.733722060252688,2.67,2.89,2.41,-0.2200000000000002,0.2599999999999998,2.36,1.1500000000000004,4130.2900390625,9.111639173021002,-6.028533936374103,59.0,58.0,58.64065246104821,46.9865439093484,37.55569074748937,20.11519028787443,10.43091596986395,8.680947824015469,4.990556453675058,3.656553273154505,2.4425381684481637,64.90187860221364,32.2300549221937,25.07827862885848,0.4463864409876955,0.0,0.9828513578684288,1.70420646406175,2.8688375888833275,2.16488753369262,29.592474846592214,20.96339305376085,17.50999055257712,5.231967138873991,3.68147511239329,2.820750545626304,7.830825403512917,11.7219018869604,6.552827386586876,7.238609267936814,5.243719845564739,6.103316308757639,9.47406181539817,9.203418158063446,18.275524307799525,13.72969069014,93.61920627293748,46.4296894413289,70.74979650986147,72.13070153456249,15.964249219024774,10.14440528724855,4.460363539257126,3.71387547700792,5.798138845430858,5.0,35.68732211340856,20.220552710902048,132.40308013019202,34.6819563899634,134.22035145247753,31.02621446642445,24.536200256491448,14.8965062675947,31.94607489837593,17.113105881794702,31.23051787207187,9.594406034240844,1.0,0.0215675453824386,0.2718490024122326,0.0949667606138007,0.1232699708930128,0.0487330699530029,0.0573527416090999,0.0846615923596361,0.0580924646981316,0.2395068520786443,0.0,0.0,0.0258211450837142,0.0416500507590491,0.1317729443656597,0.0050637554833864,0.0369184272865455,0.0501390759484961,0.4706753730974438,0.0,0.0250548157889398,0.0012273969965781,0.0459427594422403,0.0073270374472123,0.0088964307867286,Consumer Cyclicals,0.2718490024122326,0.1721513114171117,1.0000000000000002,1.0000000000000002,9.0,17.0,0.0,0.0,0.0284679174549345,0.0,0.0243445932848158,0.0208619253122681,0.054244776564792,0.0215915748971949,0.0,0.0,0.0168580616677538,0.084988303614398,0.1209564928457292,0.0169804179561899,0.0519293393284413,0.2044589455946793,0.1344346266318238,0.1271383100707864,0.0,0.0812368118665625,0.0967057650919843,0.0322442915682719,0.0320686337633791,0.0390964768374331,0.0708799159237316,0.0764534035953837,0.0413216406949606,0.0220821074359986,0.2435612592349574,0.0692989369718667,0.175248698790563,0.0,0.1199952637337035,0.098238076383945,0.013535304868383,0.0302889155290733,0.036612224423952,0.0724622660151771,0.0609945669564571,0.0328538552049896,0.0483613760796319,0.2239455407614838,0.0642616792161916,0.1416551611825256,0.0023556835581729,0.1438766028154115,0.1212772007925331,0.0102248003060485,0.0411190426874248,0.0308555876430463,0.07611016185110224,0.08613482113252334,0.03038530461871337,0.040790940948023935,0.22398858186370682,0.08933174760662736,0.14801405668129167,0.0007852278527243,0.11503622613855917,0.10540701408948745,0.0186681322475678,0.034492197326625736,-0.009288042260607702,0.19573884056113033,0.008831939481277362,0.09288466627429942,-0.040790940948023935,-0.17525551191070393,-0.03197900599752746,-0.06335246432165556,-0.0007852278527243,-0.05694376144042757,0.13409983798915687,-0.0186681322475678,-0.034492197326625736
2022-08,-0.0816,-0.06116864649954801,-0.058924564031024196,-0.04674328701814068,-0.05561216584957096,-0.025987834150429046,-0.020431353500452,-0.05,0.01,0.0311,-0.0178,0.0118,0.0019,0.0401,25.87,4.540000000000003,8.462576727730099,5.899916740834321,6.750201361938935,5.107374057840786,4.941041907983701,3.15,3.45,2.96,-0.3000000000000002,0.1899999999999999,2.18,1.08,3955.0,-4.244012827299837,-12.551853186991902,58.0,57.0,55.32800892113535,41.06272471030825,33.87105903785506,20.292324149017954,8.910985436740514,6.467225749381862,4.695149691285024,3.32238046138316,2.201304441222377,57.821920502336994,30.6511863004633,26.551869608174464,0.502721720332687,0.0,0.9241507965919956,1.86764266943292,2.437786023550331,2.1713941773854604,29.586116247768715,20.3400342837274,16.88806726254956,5.041552289865056,3.41411544919615,2.722465228533526,6.961661998467792,10.7315287280049,5.788407446784297,7.19260065288357,5.025283522532273,5.58599663134554,8.802571916954783,9.07701803903087,17.63425057243185,13.8485540054077,105.55337214614674,46.7999921109205,71.07314912526809,72.0395870089468,10.750149956477696,9.7253145273741,4.202689478422255,3.67296222522068,5.916352560979084,6.0,37.485926344792894,20.5889269529736,91.61033451833312,41.3206930369402,92.39295928031622,38.0013247134518,25.305778420154414,13.9725952608897,33.485948630796216,16.9743833605558,30.921273971869667,9.51216406860511,1.0,0.0328280483481279,0.2631462084322195,0.1273291070531737,0.1333079851764975,0.0413673690794955,0.0596046826778985,0.0948027201424704,0.0653121332930896,0.1823017457970269,0.0,0.0,0.0255412095363181,0.0509242143763533,0.1164166516920907,0.0055245950922019,0.0412117671306632,0.0538777679478425,0.4649494646077489,0.0,0.0243288052659465,0.001354662891362,0.0378768950360323,0.0080488217371103,0.0076554854039042,Consumer Cyclicals,0.2631462084322195,0.1560584626294179,1.0,1.0,9.0,16.0,0.0,0.0,0.0,0.0,0.0323130741900512,0.0218298474886113,0.0672175858116504,0.0409291517921123,0.0,0.0,0.0161552663285273,0.0851165338731584,0.1217876882583694,0.017222918576955,0.0552560701110269,0.206529577614407,0.1309873699906201,0.1262740588090153,0.0,0.0819138971686123,0.0942377123861349,0.0324573577768581,0.0320615491063148,0.0384461015404831,0.0706416673042477,0.0768899616797692,0.0405627824852276,0.0247314289112128,0.2439743961237029,0.0678719429406631,0.1726745339453341,0.0,0.1231334265123883,0.0979786150674281,0.0136386876119176,0.0294564558776251,0.0358362436615778,0.0722570676744673,0.0614053814993037,0.0322271615298505,0.0512934110567955,0.2220426373366876,0.0635211765588515,0.1391749180526817,0.0025244672157941,0.1457192365815043,0.1224729051065053,0.0103302290561678,0.041195164669812,0.03014587051019607,0.07600508961729113,0.08669434381248077,0.0300042875306777,0.0437603033596784,0.22418220369159916,0.08746016316337824,0.14604117026901034,0.0008414890719313666,0.11692218675416828,0.1048964108533561,0.018808758148314498,0.0342377232179173,0.002682177837931829,0.18714111881492834,0.04063476324069294,0.1033036976458198,-0.0437603033596784,-0.18281483461210365,-0.027855480485479735,-0.051238450126539936,-0.0008414890719313666,-0.05161005346107868,0.0774053349436708,-0.018808758148314498,-0.0342377232179173
2022-09,-0.12359999999999999,-0.09222041200606224,-0.10952898397148603,-0.10799343464601685,-0.10324761020785504,-0.020352389792144945,-0.03137958799393775,-0.0975999999999999,-0.0161,0.0191,-0.0069,0.0279999999999999,0.0019,0.0262,31.62,5.75,8.222579178218826,6.286089097732228,6.6396775899483895,5.362447330658338,3.8266468976569934,3.83,4.22,3.33,-0.3899999999999997,0.5,2.24,1.1000000000000003,3585.6201171875,-9.339567201327435,-16.759447743453126,61.0,60.0,55.00097472250327,40.21084984896645,32.63332040202393,17.76276405261897,8.2266329726664,6.035351626484941,4.488712912768565,3.32238046138316,2.1242396555851446,53.10258683443031,29.76670411678885,24.01733622892285,0.5785720702531184,0.0,1.4148161185756098,1.87551867219917,2.8882098179219327,2.1779008210783,29.578902944054622,20.1473794005252,15.835968980219151,4.802637874866323,3.41411544919615,2.606789856231856,8.74049869208524,10.6809782591456,6.229638116830525,7.1853152970779455,5.265837124935435,5.48838645156434,9.90546534849612,9.07701803903087,18.407026838773906,14.4678442028985,97.1682706121594,46.4296894413289,70.81720185750036,72.13070153456249,10.943683345817766,9.8912005707631,4.131579447111011,3.71387547700792,6.090050913362212,6.0,37.86344782333082,21.1680053547523,111.40170353056534,38.0013247134518,111.3727268666186,34.6819563899634,35.62591473723332,13.0276132001707,52.15164693035123,15.7780013413816,34.2174914612354,9.85487676503184,1.0,0.042300037648017,0.2288843851875951,0.1355535581991032,0.1276918027761517,0.0470998554909849,0.071452488454406,0.0651232682506159,0.0933423709544317,0.1885049556338301,0.0,0.0,0.0348936816369154,0.053063181065941,0.0869231698866399,0.005518193546716,0.0424658538844547,0.0725246347274071,0.4256446573172284,0.0,0.0274067169642156,0.0013041370703892,0.0507415713783673,0.0073745079874103,0.0074542649042038,Consumer Cyclicals,0.2288843851875951,0.1446691319146888,1.0,1.0,10.0,16.0,0.0,0.0,0.0,0.0,0.0358184052882433,0.0283322568412192,0.0777307832901547,0.0428039842104933,0.0,4.727740486381428e-05,0.0163892769885363,0.0828183842794608,0.1240036263022618,0.017791374169432,0.0556343914767664,0.2063692444469119,0.1352087880649851,0.123838451179314,0.0,0.0819891680574476,0.0924425134985452,0.0320585622845611,0.0314562192517773,0.0390586045988166,0.0707673270562518,0.0792880500998598,0.0413094489354614,0.025165954456334,0.2448999685616131,0.0681069922984637,0.1715587228343314,0.0,0.1223597322320548,0.0954755402659395,0.012208239522584,0.0298014191382893,0.036472470416169,0.0758234223304052,0.0599559558268948,0.0320850785270336,0.0457473127628923,0.2206550317794211,0.0667406273921954,0.140120340751132,0.0029723416649683,0.1441529839211262,0.1247616793821379,0.0105135038429297,0.0399992514026939,0.030640117334507295,0.07646971122203926,0.08774921074300546,0.030395300543975667,0.04218255289866424,0.2239747482626487,0.09001880258521473,0.14517250492159248,0.0009907805549894332,0.1161672947368762,0.10422657771554088,0.018260101883358266,0.033752296597586835,0.011659920313509705,0.15241467396555586,0.04780434745609774,0.09729650223217602,-0.042135275493800424,-0.1768748927716638,-0.01856631413080874,-0.08004923667097658,-0.0009907805549894332,-0.02282492378244451,0.08427837791828922,-0.018260101883358266,-0.033752296597586835
2022-10,0.0874,0.05891809214633548,0.04428040308987624,0.03663387318115796,0.04661078947245656,0.040789210527543446,0.02848190785366453,0.0471,-0.0237999999999999,0.0064,0.0162,-0.0064,0.0023,-0.0038,25.88,-5.740000000000002,8.192106896425821,6.624287624509306,6.667939000672507,5.606479327988612,2.647633573232921,4.1,4.51,4.22,-0.4100000000000001,-0.1200000000000001,2.28,1.16,3871.97998046875,7.98634138370089,-15.924851391322436,62.0,61.0,50.534240819884495,40.21084984896645,30.46483374200791,17.995341564300922,8.2266329726664,6.184067171571877,4.886542424236734,3.33954363456835,2.008275690481575,52.80932358855216,29.6732456156156,21.58662979317296,0.7154295857365064,0.0,2.3674176472289274,1.8885423338624496,3.972849810787486,2.44353403499582,29.718273325177897,20.2437068421263,16.083985211154936,5.099765785158601,3.39961178877767,2.6594551537739024,12.377836495726978,11.483774628506,8.304412925917005,7.2739661930034,6.2704693272030605,6.69663833775274,10.69689205944488,9.558972573641787,19.012734106328374,14.507428050336047,86.48537716802093,46.7999921109205,70.75653278173581,72.0395870089468,12.704701187050617,10.0570866141521,4.587747046494898,3.75478872879516,6.313397950889096,5.5,40.922917413033474,23.20491291373565,120.72934739661147,31.8863146770693,121.71187742286908,29.0906706078826,38.621979982774896,17.1512417609128,54.2621940261684,17.275570828045197,33.7039863370155,13.632183908046,1.0,0.0377706681862395,0.2136961160857892,0.126020165717805,0.1332497442634582,0.0499132350416911,0.0634924962112018,0.0645285446419277,0.0907958571471673,0.2204690887375947,0.0,0.0,0.0308804502766447,0.0468961321817678,0.1152499830857136,0.0,0.0406355250549744,0.070779590629457,0.4110475852570919,0.0131618169266149,0.024357194569266,0.0011901749057316,0.0510201090694959,0.0074412967133511,0.0079787700304873,Technology,0.2204690887375947,0.1482663019708971,1.0,1.0,10.0,16.0,0.0,0.0,0.0,0.0,0.0373961990159077,0.031286851243864,0.0742877825649668,0.0363905384746645,0.0,6.408396712519541e-05,0.0171693445320661,0.0843799929986093,0.1177757119502464,0.0176762030500341,0.0590554479047101,0.2062188700359055,0.1351417633692693,0.1265869314036133,0.0,0.0802414058998888,0.0932783711706869,0.0313966916853302,0.0310792659996396,0.0397853643208784,0.0712493792995339,0.076368067273004,0.0412426003398859,0.0258795142804914,0.2439421775340519,0.068379602582995,0.1733256157109576,0.0,0.1234488116801116,0.0950290053978365,0.0121396942396196,0.0292101673406337,0.0368873481194941,0.076578637979653,0.0584250457057935,0.0318082279843075,0.0482990817771318,0.2212408115374477,0.0662895903673506,0.1426636565064738,0.0030217625135478,0.143009896725313,0.1222302330180915,0.0110402944276264,0.0385054133377687,0.03128068565747954,0.07740267009259873,0.08418960830968131,0.030242343791409165,0.04441134798744443,0.22380061970246837,0.08993698543987165,0.14752540120701488,0.0010072541711826,0.11556670476843779,0.10351253652887164,0.018192226784192068,0.03293161555934734,0.006489982528759965,0.1362934459931905,0.04183055740812369,0.10300740047204904,-0.04434726402031923,-0.17388738466077727,-0.02644448922866985,-0.08299685656508718,-0.0010072541711826,-0.024770847621270492,0.11695655220872304,-0.018192226784192068,-0.03293161555934734
2022-11,0.1104,0.13168101411567035,0.11896343316010416,0.11318994150760009,0.1212781295944582,-0.010878129594458205,-0.02128101411567035,0.1171,-0.0204999999999999,-0.0052,0.0031,-0.0091,0.0029,-0.0348,20.58,-5.300000000000001,7.758813957693,6.294999786983246,6.461602354598139,5.459759683450094,1.4215030693691677,3.68,4.38,4.37,-0.6999999999999997,-0.69,2.15,1.17,4080.110107421875,5.375289335249311,-10.661044286799326,64.0,63.0,51.45504656141094,40.5212729554009,32.10055765116432,15.79675075622961,8.298373522493385,5.676068614442349,4.66810387124224,3.4060904551170648,2.3469025822054794,51.52069788504211,29.0271946684283,23.76986722724233,0.5910669649373094,0.0,1.91576411530584,1.8885423338624496,3.432490652710233,2.743028683310635,30.41930220936575,20.453622880371853,17.22234099314792,4.903625698212325,3.463049477649905,2.9721658604048087,11.124170038301864,11.9600291454148,7.283405582932062,7.54089633325056,5.655826300807344,6.93942720287396,9.505984823536792,9.87934423219523,18.379082873176404,15.0988797064581,87.89713579404706,46.0593867717373,71.53903178984567,72.0395870089468,10.041425007627431,10.231723960345,4.309925972032263,3.84058586360846,6.267026509604477,6.0,45.642298583520414,25.10526328734425,105.88754484580753,31.8863146770693,106.09963575774528,29.0906706078826,38.87101102477638,17.2494065285188,54.85140377308659,17.650034345144448,35.5316827016479,14.7595573033287,1.0,0.0324692123151516,0.2215245498252048,0.1219029308013254,0.1220670074657375,0.0468848197224601,0.0609259367130604,0.1198636944683498,0.0770884131489716,0.1971665995557343,0.0,0.0,0.0252388484843768,0.0397748829452974,0.1208913180409359,0.0,0.0305633014394374,0.0533797463285449,0.4092580137781532,0.0148368969235397,0.0365804386195642,0.0013691993290384,0.0306385205373712,0.0073774370852686,0.0078061749688407,Consumer Cyclicals,0.2215245498252048,0.1449828189457179,1.0000000000000002,1.0000000000000002,10.0,17.0,0.0,0.0,0.0,0.0563644212077256,0.0343747757231547,0.0293062517076653,0.0665549655845573,0.035684807296528,0.0,0.000106835984004,0.0165040196669959,0.08661530235884,0.1160100528658981,0.0175399752454496,0.0580376728972,0.2088831616010934,0.1304000850512995,0.1262942279566107,0.0,0.084154472278564,0.0945043003285449,0.0298731284296474,0.031183601319856,0.0395155909540509,0.0719627917252434,0.0762084481195527,0.0418955462334108,0.0251688451058342,0.241093068685138,0.0662881500792311,0.1742249781325923,0.0,0.1249143210788548,0.0975017089802899,0.0116153823479771,0.0296111685578243,0.0366991582417429,0.0750920228205811,0.0578146912607487,0.0319196513728402,0.0450623655276296,0.2203012618249695,0.065598474345223,0.1441765223911205,0.0026919904831398,0.1478635685540314,0.1258244824177698,0.0105636088102511,0.0363922019499519,0.030906256287596565,0.0778900389682215,0.08334439741539983,0.030451724283900205,0.04275629451022126,0.22342583070373365,0.08742890315858454,0.14823190949344117,0.0008973301610466,0.11897745397048339,0.10594349724220153,0.017350706529291864,0.0323956572758774,0.001562956027555032,0.1436345108569833,0.038558533385925575,0.09161528318183729,-0.04264945852621726,-0.17654101098127356,-0.026502966445524134,-0.028368215025091376,-0.0008973301610466,-0.04188904082151179,0.09122310231353276,-0.017350706529291864,-0.0323956572758774
2022-12,-0.0451,-0.018128936217185143,-0.009122720574139764,-0.0228963216024467,-0.01671599279792387,-0.028384007202076133,-0.026971063782814858,-0.0105,0.0181,0.0366,-0.0131,0.0227999999999999,0.0033,0.0204999999999999,21.67,1.0900000000000034,7.122856456533988,5.969880665899807,6.030493273542614,5.20808883271644,0.3308976888718007,3.88,4.41,4.42,-0.5300000000000002,-0.54,1.99,1.16,3839.5,-5.897147407473047,-19.442827203429268,64.0,63.0,52.27909867548966,41.06272471030825,32.30340087188515,15.39241236123,8.174641487092694,5.346918621675813,4.6417386374742495,3.4060904551170648,2.082436599912405,50.987710045631054,29.35022014202195,23.148863504791287,0.6136219727939813,0.0,1.8585432299831544,1.7909187788240448,3.3889297143933685,2.44353403499582,30.340825524925783,20.453622880371853,17.231625174123074,4.887026808475038,3.463049477649905,2.835619467534889,10.937098925410716,11.483774628506,7.272968202983414,7.2739661930034,5.558133939900124,6.69663833775274,9.331898417529226,9.87934423219523,18.29400044930635,15.0988797064581,87.59239531434461,46.0593867717373,71.15911928857352,72.0395870089468,10.180692923277324,10.0570866141521,4.313825691804034,3.84058586360846,6.223213824396682,6.0,45.03936502091469,25.10526328734425,100.08570515585625,31.8863146770693,100.1912384459294,29.0906706078826,40.19640929085222,17.2494065285188,56.87860883772667,17.275570828045197,36.48017769353916,13.7651729114645,1.0,0.0320277329808839,0.2207121880970654,0.1224493514954376,0.1193170591651237,0.0490043703959896,0.0625618543236861,0.1100891490320104,0.0808914103314734,0.2027853254289026,0.0,0.0,0.0242466736451302,0.0339722598281989,0.1325394057124047,0.0,0.0341356732505208,0.0536088691922343,0.4028249546197248,0.0143463156583743,0.0409372590038409,0.001329280905481,0.0312027882200174,0.0068115496303699,0.0091482064090253,Consumer Cyclicals,0.2207121880970654,0.145070419188824,1.0000000000000002,1.0000000000000002,10.0,17.0,0.0,0.0,0.0,0.0567937246418644,0.0235997323065953,0.0321294732314074,0.0617157258952569,0.040658107849553,0.0,0.000161558749427,0.0164558968134575,0.0840975560826016,0.1161342048781364,0.0175850002761538,0.0560824713532043,0.2156439481706183,0.1321692499797552,0.1237043470877643,0.0,0.0852640852773628,0.0905502767068338,0.0298565145012304,0.032456448872881,0.039959372873871,0.0728260670228149,0.0794857444515377,0.0430369006219799,0.0247260318054072,0.2399346619083608,0.0668010142782855,0.1763735578456671,0.0,0.1198083244519602,0.0968361012069295,0.0114315578395006,0.028780665693685,0.036864192628335,0.0750019257966448,0.0591024921829568,0.0320124145333565,0.0439282111371273,0.2253017511530204,0.0673888107788558,0.1445016371826571,0.0026009324782452,0.1439053110456342,0.124148565561954,0.0097074014516175,0.0355363540695949,0.031093154105221166,0.0773085163006871,0.0849074805042103,0.030878105143830065,0.04157890476524626,0.2269601204106665,0.08878635834563216,0.14819318070536283,0.0008669774927484,0.11632590692498573,0.10384498115857244,0.016998491264116167,0.0322578228787203,0.0009345788756627317,0.1434036717963783,0.0375418709912273,0.08843895402129363,-0.04141734601581926,-0.1779557500146769,-0.026224504021946052,-0.038104031673352426,-0.0008669774927484,-0.03543449659351233,0.09894034427033016,-0.016998491264116167,-0.0322578228787203
2023-01,0.1213,0.09003649492889743,0.08250702271762522,0.0876373237885335,0.08672694714501872,0.03457305285498129,0.03126350507110258,0.0736,-0.0154,-0.004,-0.004,-0.0048,0.0034999999999999,-0.0484999999999999,19.4,-2.270000000000003,6.404600402357152,5.685531944736666,5.520050627946982,4.966881473370544,-0.9665655757530645,3.52,4.21,4.7,-0.69,-1.1800000000000002,1.9,1.0999999999999996,4076.60009765625,6.17528578346791,-9.720847427606383,,,,,,,,,,,,,,,,,,,,,,,,,,,,,,,,,,,,,,,,,,,,,,,,,,,,,,,,,,,,,,,,,,,,,,,,,,,,,,,,,,,,,,,,,,,,,,,,,,,,,0.0163540508201451,0.0879699561006685,0.1128694168717483,0.0180340115602098,0.0531827429479932,0.2188706484943068,0.1250765397115862,0.1253708211320046,0.0,0.0880354602081285,0.0934649815690344,0.0297960471408927,0.0309753234432815,0.0396307489541537,0.0741500310867372,0.0763589223321015,0.0438337930159489,0.0246482511293941,0.2385481256964906,0.0652234147542606,0.1776228267548827,0.0,0.1226570855896085,0.0979226183985822,0.011743580019266,0.0276606022685735,0.0366675705380962,0.0755650337399335,0.0579164590555172,0.0321952887800071,0.0421628314462398,0.2240646544617602,0.0662893982273108,0.1464658153157268,0.0024632756433512,0.1464341758245611,0.1259283043849919,0.0096268141284192,0.0342203784540846,0.030884123437465005,0.07922834030911308,0.082381599419789,0.03135436445205527,0.039997941841209035,0.22716114288418585,0.08552978423105252,0.14981982106753802,0.0008210918811170667,0.11904224054076602,0.10577196811753616,0.017055480429525968,0.03095210138864653,,,,,,,,,,,,,
2023-02,-0.0316,-0.030747781092267168,-0.03140333338452883,-0.03147907982687759,-0.031210064767891194,-0.00038993523210880884,-0.0008522189077328352,-0.0289999999999999,-0.006,0.0326,-0.0034999999999999,0.016,0.0034,0.0155,20.7,1.3000000000000007,6.327178517960097,5.539533472591773,5.507734586232882,4.937665213974429,-1.71177829099306,3.92,4.81,4.88,-0.8899999999999997,-0.96,1.9,1.0300000000000002,3970.14990234375,-2.611249393181858,-9.231723445491092,,,,,,,,,,,,,,,,,,,,,,,,,,,,,,,,,,,,,,,,,,,,,,,,,,,,,,,,,,,,,,,,,,,,,,,,,,,,,,,,,,,,,,,,,,,,,,,,,,,,,0.0166767138498228,0.0884393253239694,0.1121168262540281,0.0178942627345266,0.0549929118414694,0.2199491644774445,0.1244159869878315,0.1275590964480711,0.0,0.0852980776087864,0.0920331592167215,0.030041715479918,0.0305827597774102,0.0390933775166056,0.0752326003511058,0.0755473374207617,0.0437192689375297,0.0253064107462855,0.2383334025363429,0.063249174660094,0.1803804875222657,0.0,0.122219271957933,0.0985340777598234,0.0117614411286737,0.0266231494625783,0.0364537511375034,0.0758646071596806,0.0575141054562611,0.0320512305166265,0.0415708131086262,0.2230367529671104,0.0651344875310106,0.1484708726488648,0.002405260646507,0.1460273661944156,0.1286775170509618,0.0095453591947525,0.033247876387679,0.03074128083464393,0.07984551094491861,0.0817260897103503,0.0312215873962276,0.04062337856546037,0.2271064399936326,0.08426654972631203,0.1521368188730672,0.0008017535488356667,0.117848238587045,0.10641491800916891,0.017116171934448067,0.03015126187588917,,,,,,,,,,,,,
2023-03,0.0028000000000000004,0.03129042452462949,0.004896876993111032,0.008679476609233516,0.014955592708991347,-0.012155592708991346,-0.02849042452462949,0.021,-0.0200999999999999,-0.0454,0.0231,-0.0025,0.0036,0.0060999999999999,18.7,-2.0,5.957820738137087,5.498260329618088,5.197803844154003,4.855603371625716,-2.2182022389158784,3.48,4.06,4.85,-0.5799999999999996,-1.3699999999999997,2.11,1.1100000000000003,4109.31005859375,3.505161257710898,-9.294966308410611,,,,,,,,,,,,,,,,,,,,,,,,,,,,,,,,,,,,,,,,,,,,,,,,,,,,,,,,,,,,,,,,,,,,,,,,,,,,,,,,,,,,,,,,,,,,,,,,,,,,,0.0164338630967062,0.0912354701582148,0.1165118386290834,0.0182582277462698,0.0509542301495819,0.2030794449773996,0.1287845464703004,0.1300538750089744,0.0,0.0856586285677773,0.0972615084372446,0.0302538381522311,0.0315145286062159,0.0390472044723761,0.0767461158677439,0.0770564068130226,0.0437134408129849,0.0246656135804272,0.2260092540696317,0.0635932415718575,0.1809542630514142,0.0,0.1250231627404123,0.1032811299928988,0.0118735209993377,0.0280366460278926,0.0368387119699518,0.0808042076765928,0.0582617475111528,0.0323249390429764,0.0417161152880483,0.2020835877357652,0.0676195410702781,0.1526263286938601,0.0023154032369351,0.1473846434809866,0.1329328488426763,0.0098442256635627,0.0352476997872132,0.0307732598463447,0.0829285979008505,0.0839433309844196,0.03143220253407703,0.03911198633935247,0.21039076226093215,0.086665776370812,0.15454482225141625,0.0007718010789783667,0.11935547826305874,0.11115849575760657,0.017323861605043834,0.031599624807107235,,,,,,,,,,,,,
2023-04,-0.0084,0.029362647603352166,0.022349335052036734,0.01574516896706246,0.022485717207483786,-0.030885717207483787,-0.03776264760335216,0.0219,-0.0187999999999999,0.0151,-0.0101,0.0143,0.0034999999999999,0.0034999999999999,15.78,-2.92,4.917719362889961,5.566741392671326,4.428273156924578,4.783286394955444,-3.8555455596966937,3.44,4.04,5.1,-0.6000000000000001,-1.6599999999999997,2.08,1.0600000000000005,4169.47998046875,1.4642341662481018,0.9087715205739144,,,,,,,,,,,,,,,,,,,,,,,,,,,,,,,,,,,,,,,,,,,,,,,,,,,,,,,,,,,,,,,,,,,,,,,,,,,,,,,,,,,,,,,,,,,,,,,,,,,,,0.0164900131393545,0.0906445613061033,0.1179405227671146,0.0184924780208136,0.0523683604508077,0.2044106366242021,0.1321416648029288,0.1288420755256499,0.0,0.0823041116925534,0.0936209983516347,0.0303389368691286,0.0324056404497083,0.0386289179447498,0.0777005208603228,0.0773693813174203,0.0449415366011988,0.0241021553384152,0.2295923343814465,0.0651161185907445,0.1819708452669446,0.0,0.1198657391151959,0.1007521901952905,0.0117680070392862,0.0281922533489843,0.0366597364396268,0.0812910681542705,0.0580558717481475,0.0338406799469532,0.0420983738985677,0.205136630401507,0.068363463689059,0.1523336331473042,0.0023354303756216,0.1465380027640526,0.1282909417790841,0.0100335620726397,0.0350226055831656,0.03059288917457703,0.08321205010689886,0.08445525861089413,0.032424898189655195,0.03952296322926353,0.21304653380238522,0.08854041569424409,0.1543821846466329,0.0007784767918738667,0.11623595119060064,0.10755471010866975,0.017380168660351497,0.03187349979395273,,,,,,,,,,,,,
2023-05,-0.048,-0.0400706610615833,-0.04355693654260817,-0.0349674517383165,-0.039531683114169325,-0.008468316885830676,-0.0079293389384167,-0.0445,0.0021,-0.0118999999999999,-0.0056,-0.0076,0.0036,0.0104,17.94,2.160000000000002,4.950079879124369,5.514364195873522,4.476012960317743,4.789642299240104,-4.630790785272964,3.64,4.4,5.52,-0.7600000000000002,-1.8799999999999997,2.16,1.0999999999999996,4179.830078125,0.2482347368192972,1.1538830126710975,,,,,,,,,,,,,,,,,,,,,,,,,,,,,,,,,,,,,,,,,,,,,,,,,,,,,,,,,,,,,,,,,,,,,,,,,,,,,,,,,,,,,,,,,,,,,,,,,,,,,0.0163045725387523,0.0897631450842242,0.1130996735810474,0.018976996773265,0.0489590781324061,0.2012819415684613,0.1334049640424006,0.1324615736760993,0.0,0.0810689112914313,0.1028905187739647,0.0296869041005282,0.0321017204374191,0.0370210964780825,0.0759411220473085,0.0778927288453506,0.0450186576681377,0.0223859279521355,0.2277610542156148,0.0654497301251002,0.1825396396547385,0.0,0.1201309801252207,0.1052178743389764,0.0114322075749771,0.029208980974357,0.0356828086704644,0.08043545941767,0.0581965963139244,0.0341827106163141,0.0399422138553097,0.2025536056199693,0.0681619945266483,0.1536194153377368,0.0024111382036177,0.1435829931710354,0.1363760702476158,0.0096143011150168,0.0352406929046766,0.029669492562433068,0.08204657551640089,0.08306299958010747,0.0327261216859056,0.037095739979950436,0.21053220046801513,0.08900556289804969,0.1562068762228582,0.0008037127345392334,0.1149276281958958,0.11482815445351897,0.0169111375968407,0.03218379810548424,,,,,,,,,,,,,
2023-06,0.0197,0.044700358215261415,0.030740981522901834,0.040919204586042035,0.03878684810806843,-0.01908684810806843,-0.025000358215261417,0.0406,-0.0208,0.0187,0.0001,0.0027,0.004,0.0143,13.59,-4.350000000000001,4.131851231385042,5.337547036084689,4.003462454014284,4.731625374880166,-4.096779391790784,3.81,4.87,5.43,-1.06,-1.6199999999999997,1.88,1.0999999999999996,4450.3798828125,6.472746490423464,17.567589530959093,,,,,,,,,,,,,,,,,,,,,,,,,,,,,,,,,,,,,,,,,,,,,,,,,,,,,,,,,,,,,,,,,,,,,,,,,,,,,,,,,,,,,,,,,,,,,,,,,,,,,0.0163957849525367,0.0937527072899437,0.1128126223967709,0.0195804064484736,0.0484451015032375,0.2022561203016797,0.1286359819361814,0.1341149848493377,0.0,0.0827171108954219,0.101629555883412,0.0274970841107549,0.0321625394322493,0.037818792126166,0.0782570536581972,0.0750974133188829,0.0439537048504627,0.0240744542672961,0.2257365999043482,0.0664913373983761,0.182622164908959,0.0,0.1199973253975544,0.1079633812054292,0.0118861142587246,0.0261016587056032,0.033456993350722,0.0824146409571941,0.0586638934532148,0.0332479348367045,0.0408415761786308,0.2012058321981062,0.0669077871085748,0.1564396511361692,0.002489712320664,0.1444335545012632,0.1360979946572538,0.0096415748193641,0.034158854482138,0.02922385680980823,0.084808133968445,0.0821913097229562,0.032260682045213596,0.0377870439830548,0.20973285080137802,0.0873450354810441,0.1577256002981553,0.000829904106888,0.11571599693141317,0.11523031058203166,0.016341591062947868,0.030807684206663504,,,,,,,,,,,,,
2023-07,0.0704,0.0270344673213756,0.039335312250126986,0.049330207798738535,0.03856666245674704,0.03183333754325297,0.043365532678624405,0.0259,0.0029,0.0318,-0.013,0.0056,0.0045,-0.0139999999999999,13.63,0.0400000000000009,3.070617072997095,4.853596327155252,3.284521339529123,4.383786808421353,-3.934654892107603,3.97,4.88,5.55,-0.9099999999999996,-1.5799999999999996,1.77,1.08,4588.9599609375,3.113893235501086,11.105029369296048,,,,,,,,,,,,,,,,,,,,,,,,,,,,,,,,,,,,,,,,,,,,,,,,,,,,,,,,,,,,,,,,,,,,,,,,,,,,,,,,,,,,,,,,,,,,,,,,,,,,,0.0163513586190862,0.0932864808423056,0.1115393860477301,0.0192985719623145,0.0494433410850199,0.2072067645532165,0.1269601975225313,0.1329179555969973,0.0,0.0839010572988912,0.1007702795752508,0.0270903061016536,0.0312343007950023,0.0368469837160312,0.0791111396686604,0.0753369554192205,0.0449043846915549,0.0252059798273703,0.2272551095070662,0.0646829425380252,0.1804070240728811,0.0,0.1196255941883254,0.1086539153057355,0.0117107992823773,0.0262591717827515,0.0318804940885266,0.0823460858397995,0.0583345127645708,0.0334979541334159,0.0432032381180401,0.20229891472247,0.064995599603703,0.1545455072451868,0.0024227491230785,0.1483716877146993,0.1356247023575486,0.0091387389971139,0.0333398152918464,0.028359612141214668,0.0849145687835885,0.08173695141050713,0.032566970262428434,0.039284186343476774,0.21225359626091755,0.08554624655475317,0.1559568289716884,0.0008075830410261667,0.11729944640063865,0.11501629907951162,0.015979948127048265,0.03027776262320007,,,,,,,,,,,,,
2023-08,-0.057699999999999994,-0.0393498486691497,-0.03458399546945856,-0.03829892312947325,-0.03741092242269384,-0.020289077577306157,-0.018350151330850294,-0.0426,0.0031,0.0174,0.0066,0.0178,0.0045,0.0111,13.57,-0.0600000000000005,3.287749268428297,4.700970557935236,3.40904219289897,4.299124123250864,-3.979162048326312,4.09,4.85,5.56,-0.7599999999999998,-1.4699999999999998,1.83,1.0699999999999994,4507.66015625,-1.7716390070854016,13.973708122629592,,,,,,,,,,,,,,,,,,,,,,,,,,,,,,,,,,,,,,,,,,,,,,,,,,,,,,,,,,,,,,,,,,,,,,,,,,,,,,,,,,,,,,,,,,,,,,,,,,,,,0.0162070702038269,0.0919306834216318,0.1111709959528896,0.0189171598586971,0.051218171228865,0.2065199041869173,0.1308890193087548,0.1317444788277458,0.0,0.0831474922381466,0.0997976017627701,0.0271167477849962,0.0313406752247584,0.0364893715886094,0.07948883078345,0.0782787288000878,0.0435069253487056,0.0260072153242606,0.2267195372938064,0.0653384284888803,0.1793026261705445,0.0,0.119532423313048,0.1073683289198456,0.0122038086341254,0.0257637753346359,0.031576114447991,0.0822121860303772,0.0581193771011083,0.0329654427470253,0.0451406179158042,0.2022423853034596,0.0641152918151516,0.1542208762471159,0.0027275189312157,0.1469662862364834,0.1381001783552919,0.0091746118939513,0.0324391129750241,0.02809085208014243,0.08454390007848633,0.0825230339513619,0.031796509318142666,0.04078866815630994,0.21182727559472778,0.08678091320426223,0.15508932708180204,0.0009091729770719,0.116548733929226,0.11508870301263585,0.016165056104357634,0.029847854511472798,,,,,,,,,,,,,
2023-09,-0.1042,-0.03648827724181314,-0.04579241012378776,-0.042573048260208135,-0.04161791187526968,-0.06258208812473032,-0.06771172275818686,-0.0419,-0.0056999999999999,0.0466,-0.0018,0.0206,0.0043,0.0022,17.52,3.9499999999999993,3.722504803505289,4.399143440066089,3.43205991996991,3.828203615670223,-3.979074044976017,4.59,5.03,5.55,-0.4400000000000004,-0.96,1.78,1.0300000000000002,4288.0498046875,-4.871936746562488,19.59018703997495,,,,,,,,,,,,,,,,,,,,,,,,,,,,,,,,,,,,,,,,,,,,,,,,,,,,,,,,,,,,,,,,,,,,,,,,,,,,,,,,,,,,,,,,,,,,,,,,,,,,,0.0160902062477233,0.0905738188413699,0.1087073983437972,0.0185252462065471,0.054267147119264,0.2113871440350912,0.1312271028726801,0.1292828218720731,0.0,0.0829035354288855,0.097933342133811,0.0278583604214985,0.0312438764772587,0.0357707016727037,0.0801982014788128,0.0804105035641821,0.042404900631584,0.0283030487189174,0.2291727882026449,0.0649635135178251,0.1784672346802009,0.0,0.1186978358226927,0.1057699052884432,0.012151188769894,0.0236901776520987,0.0316487985986843,0.0811401117712541,0.0584632220901542,0.0328242939661616,0.0493596982265891,0.2009013095066903,0.0656163268666957,0.1600027635309058,0.0036619968629177,0.1423134080892815,0.1329047854786562,0.0100047616119734,0.0307736431780707,0.027836568839703767,0.08397071069714561,0.08252704133271116,0.03125148026809757,0.0439766313549235,0.2138204139148088,0.08726898108573365,0.15591760669439328,0.0012206656209725667,0.11463825978028656,0.1122026776336368,0.016671436934455303,0.02856923243580937,,,,,,,,,,,,,
2023-10,-0.0843,-0.029019089145518984,-0.047104756543330684,-0.0490584432538852,-0.041727429647578286,-0.042572570352421714,-0.055280910854481016,-0.0469,-0.0088,0.0091,0.0019,0.0132,0.0046999999999999,0.0118999999999999,18.14,0.620000000000001,3.687206638119256,4.128747996485882,3.4488928270185903,3.687774208035388,-3.662154946254037,4.88,5.07,5.59,-0.1900000000000004,-0.71,1.85,1.0199999999999996,4193.7998046875,-2.197968873798295,8.311505375598305,,,,,,,,,,,,,,,,,,,,,,,,,,,,,,,,,,,,,,,,,,,,,,,,,,,,,,,,,,,,,,,,,,,,,,,,,,,,,,,,,,,,,,,,,,,,,,,,,,,,,0.015454255172443,0.0890815026150481,0.1103482384465315,0.0186063892778302,0.055376102223363,0.2117799286640634,0.1284983774524561,0.1274376657877916,0.0,0.083063474839315,0.0993757845625544,0.0283582023897653,0.0326200785688378,0.0356592295614697,0.0785985210949896,0.0828732144289289,0.0426187211064714,0.0290552864681084,0.2312057602912876,0.0636537561507016,0.1765844776414502,0.0,0.1205892290582306,0.102178107420239,0.0124371083105553,0.0245465884675672,0.0311308772309017,0.081067774295819,0.0593254750976604,0.0324181808878093,0.0504548390091111,0.2029513510291155,0.0655307865414216,0.1581089743887368,0.0038844195104327,0.1433353781296083,0.1309347493874441,0.0100130070756419,0.0304350491895557,0.027414787321604798,0.08291593266861891,0.0841823093243736,0.03121443042403697,0.044962075900194166,0.2153123466614888,0.08589430671485976,0.15404370593932618,0.0012948065034775666,0.11566269400905131,0.11082954712341249,0.016936105925320834,0.029200572075320234,,,,,,,,,,,,,
2023-11,0.1993,0.08218767381865,0.08827376691117861,0.09367273110380636,0.08804472394454499,0.11125527605545502,0.11711232618135001,0.0836,-0.0129,-0.0252,0.0070999999999999,-0.0314,0.0044,0.0118,12.92,-5.220000000000001,3.2512659098611785,4.027401561127464,3.0232617305099296,3.4740628549791763,-3.3949164783449337,4.37,4.73,5.45,-0.3600000000000003,-1.08,1.67,1.0099999999999998,4567.7998046875,8.917926878197013,11.952856281464053,,,,,,,,,,,,,,,,,,,,,,,,,,,,,,,,,,,,,,,,,,,,,,,,,,,,,,,,,,,,,,,,,,,,,,,,,,,,,,,,,,,,,,,,,,,,,,,,,,,,,0.0156359881308385,0.089839827900149,0.1066322044097528,0.0177571432348048,0.0515668389858652,0.2110934166750908,0.125635311541346,0.1313330658125589,0.0,0.0842313596622918,0.1059276030075739,0.0277344562224138,0.0326127844173141,0.0363299268813438,0.0788677407811313,0.0795768527953338,0.0420401125881869,0.0270821312873856,0.2317740120718377,0.0641744723417652,0.1771680602302398,0.0,0.1195456934395123,0.1071619599690288,0.0121355883090097,0.0241434493052247,0.0310798063815192,0.0802576387540904,0.0578617831135692,0.0320093723654116,0.0475848885757399,0.2039316996745901,0.0657008310276764,0.1580076943486216,0.0034706022212443,0.1412694299672641,0.1375277364242145,0.009951009196676,0.0309720186655316,0.027681907131233835,0.08298840247845689,0.08135694677288527,0.030602209396134433,0.042077952949663565,0.21559970947383955,0.08517020497026255,0.15550294013047342,0.0011568674070814332,0.11501549435635607,0.11687243313360574,0.0166070179093665,0.029242750796023464,,,,,,,,,,,,,
2023-12,0.068,0.0535097557841957,0.07150818072274312,0.06065018481254181,0.06188937377316021,0.006110626226839798,0.014490244215804304,0.0525,0.0185,-0.0076,0.0134,-0.0107,0.0043,-0.0319,12.45,-0.4700000000000006,3.133346274591186,4.017980521102138,2.7650899986466198,3.290743871150425,-3.083175670941074,3.88,4.23,5.4,-0.3500000000000005,-1.5200000000000005,1.61,0.8999999999999995,4769.830078125,4.422923115636013,24.23050079762989,,,,,,,,,,,,,,,,,,,,,,,,,,,,,,,,,,,,,,,,,,,,,,,,,,,,,,,,,,,,,,,,,,,,,,,,,,,,,,,,,,,,,,,,,,,,,,,,,,,,,0.0153690601188886,0.0882402836928494,0.1036334025134704,0.0185152491194538,0.0495616538483947,0.2116701459979492,0.1250594863864338,0.1336325399120769,0.0,0.0871968044268718,0.1079050370768828,0.0267680494800112,0.0324482874267169,0.0391935313549266,0.0790943772754913,0.0786931362598985,0.0422447237939497,0.0277996044446538,0.2288816097857599,0.0637276313286356,0.1782898556590696,0.0,0.1196675233010106,0.1066149599407894,0.0118672659516656,0.0239257809041489,0.031688658871392,0.0802562844547264,0.0575244971663438,0.0322606014717228,0.0450878447122478,0.2057296369008778,0.0663674853856061,0.1599066152319937,0.0033601146262068,0.139729867612424,0.1366018640167049,0.0097850046700073,0.0313249972565521,0.028750416781735733,0.08253031514102237,0.07995034531323757,0.031006858128375434,0.0408163676684321,0.21542713089486232,0.08505153436689183,0.15727633693438006,0.0011200382087356,0.11553139844676881,0.11704062034479239,0.016140106700561367,0.02923302186247263,,,,,,,,,,,,,
2024-01,-0.0537,-0.004512080979262589,-0.02568664168743906,-0.03129633509109475,-0.020498352585932134,-0.033201647414067864,-0.04918791902073741,-0.0098,-0.0175,0.0065,0.004,-0.0019,0.0046999999999999,0.0438999999999999,14.35,1.9000000000000004,3.3159099427102934,3.915472769862705,2.7672658467360334,3.1123879882345,-2.4099384716546823,3.99,4.27,5.42,-0.2799999999999993,-1.4299999999999995,1.61,0.8099999999999996,4845.64990234375,1.5895707598991615,18.864980284174734,,,,,,,,,,,,,,,,,,,,,,,,,,,,,,,,,,,,,,,,,,,,,,,,,,,,,,,,,,,,,,,,,,,,,,,,,,,,,,,,,,,,,,,,,,,,,,,,,,,,,0.0155539375515223,0.0900448362890274,0.1029399300809267,0.018817286045336,0.0474884125612729,0.2104268634516659,0.127334772080735,0.133561376922244,0.0,0.083158552891128,0.1128072982986627,0.0271010198800335,0.0307657139474451,0.0398000665176196,0.0789667148778937,0.0797013280335001,0.0427709776795839,0.0278272904674176,0.2302903027272684,0.060919060713992,0.1794014900353675,0.0,0.1178235242551922,0.1072401132292555,0.0117757372831001,0.0234833941798088,0.0319802319273782,0.0793769602248431,0.0572950899242461,0.0324036444013915,0.0460958581486904,0.2083556870398275,0.0642089538002351,0.1625790967455785,0.0034284449866301,0.1372696959201055,0.1354012065888855,0.0098054727846966,0.031425575695906,0.029111411998840032,0.0827961704639214,0.07997878267955762,0.031330636042103795,0.040470520392460296,0.21635761773958725,0.08415426219832069,0.15851398790106333,0.0011428149955433667,0.11275059102214191,0.11848287270560125,0.016227409982610068,0.0285582279410533,,,,,,,,,,,,,
2024-02,0.0462,0.029862641143600266,0.015586088072660376,0.015705020690279348,0.020384583302179998,0.02581541669782,0.016337358856399732,0.0147,-0.0199,-0.0022,0.0046,-0.0175,0.0042,0.0424,13.4,-0.9499999999999992,3.0883429864855705,3.8583540949372654,2.6987514493606035,3.159014510020852,-2.046580260721642,4.25,4.64,5.45,-0.3899999999999997,-1.2000000000000002,1.55,0.7399999999999993,5096.27001953125,5.172064062372317,28.36467500944242,,,,,,,,,,,,,,,,,,,,,,,,,,,,,,,,,,,,,,,,,,,,,,,,,,,,,,,,,,,,,,,,,,,,,,,,,,,,,,,,,,,,,,,,,,,,,,,,,,,,,0.0150819323390788,0.0969548396153388,0.0980843458143079,0.0185212772386871,0.045247746514749,0.2114507075228673,0.1248837765842144,0.1367197638888796,0.0,0.0817989038960682,0.1157362086366551,0.0266328092483921,0.0288876887007611,0.0406041966230533,0.0810624403661809,0.0790850881645522,0.0413719500821153,0.0273584792703226,0.2262289828365755,0.0604651193803713,0.1825732327680447,0.0,0.1175382516927339,0.1097352254946599,0.0116724947589774,0.0223045385624124,0.0320178590204285,0.0807080951930196,0.0562504798887685,0.0309532445427273,0.0464168599555656,0.2046439238684145,0.0656770094648065,0.1665521751085373,0.0037042570107237,0.1361607896340559,0.1374305531175336,0.009592712502125,0.0295127423555035,0.029234662660853533,0.08624179172484643,0.0778066379558762,0.030282157287843236,0.03967436191354573,0.21410787140928575,0.08367530180979739,0.1619483905884872,0.0012347523369079,0.11183264840761935,0.12096732908294953,0.01596600550316483,0.026901656539559,,,,,,,,,,,,,
2024-03,0.0009,0.03378630363885149,0.03395922697096121,0.032337864200825184,0.03336113160354596,-0.03246113160354596,-0.03288630363885149,0.03,-0.0060999999999999,0.04,-0.0113,0.0044,0.0043,0.0132,13.01,-0.3900000000000005,3.157074141648697,3.7619647313751337,2.705057426970159,3.059467984974007,-1.4852021145888794,4.2,4.59,5.46,-0.3899999999999997,-1.2599999999999998,1.5,0.7400000000000002,5254.35009765625,3.1018779915342964,27.864532554994035,,,,,,,,,,,,,,,,,,,,,,,,,,,,,,,,,,,,,,,,,,,,,,,,,,,,,,,,,,,,,,,,,,,,,,,,,,,,,,,,,,,,,,,,,,,,,,,,,,,,,0.0150583948862783,0.0971868991015049,0.0961701170725508,0.0176517125113223,0.0462586577879829,0.214387449487436,0.1241340411037992,0.1374086119999954,0.0,0.0816193685097332,0.1150671010817499,0.0260045250963247,0.0290531213613218,0.0381009860391283,0.0815761539277496,0.078928018894731,0.0420911142075959,0.0274584984581845,0.2308180846129726,0.0588935388670083,0.1782575141244323,0.0,0.1251479778731158,0.104484825635788,0.0113644818759173,0.0228788054833759,0.0309780586076404,0.0774865349809299,0.0577795918216056,0.0319713889888006,0.0438600230741859,0.2060018108033642,0.067532988736729,0.1715612687655522,0.003811365815255,0.138345591899282,0.1326037960416843,0.0087858733782389,0.028902301583073,0.028045813177682333,0.08541652933672812,0.07762590926296246,0.030571405235906266,0.039192393106784434,0.21706911496792425,0.08352018956917884,0.1624091316299933,0.0012704552717516667,0.11503764609404366,0.11738524091974073,0.015384960116826966,0.026944742809256902,,,,,,,,,,,,,
2024-04,-0.0753,-0.03243174825113937,-0.034107153131194834,-0.01917151698895103,-0.02857013945709508,-0.04672986054290493,-0.042868251748860636,-0.0327,0.0001,0.0333,-0.0131,0.0147,0.0046999999999999,-0.0220999999999999,15.65,2.640000000000001,3.4868349120836584,3.8161935067360986,2.927939232712617,3.122173857921662,0.1293753699849187,4.69,5.04,5.46,-0.3499999999999996,-0.7699999999999996,1.44,0.7199999999999998,5035.68994140625,-4.161507173789869,20.775011871866987,,,,,,,,,,,,,,,,,,,,,,,,,,,,,,,,,,,,,,,,,,,,,,,,,,,,,,,,,,,,,,,,,,,,,,,,,,,,,,,,,,,,,,,,,,,,,,,,,,,,,0.0148464064667168,0.0931923943048732,0.0973849893579455,0.0170112608054031,0.0494590594143242,0.2157374206432043,0.1271567982459402,0.138768353054579,0.0,0.0820985043086841,0.1095593245974606,0.0250507582129291,0.0297347305879393,0.037523633804177,0.0799739299650666,0.0773476553928043,0.0414811936875919,0.0284891481630881,0.2333950840057986,0.0579508038155263,0.1774915480291418,0.0,0.1268442413691818,0.1037802642327907,0.0113477612317531,0.0243747363030793,0.0301258080323527,0.0752578769352647,0.0578311933600283,0.0311188073053978,0.0452821009477579,0.2056796856650777,0.0659804293076719,0.1737660845019046,0.0035810028752296,0.1435000468659953,0.1302705949589745,0.0084323841658035,0.0287946889211519,0.027498616101082164,0.08280806706840149,0.07752127937025936,0.029870420599464265,0.041076769508390065,0.21827073010469353,0.08369601045637946,0.16334199519520845,0.0011936676250765333,0.11748093084795373,0.11453672792974194,0.014943634536828565,0.027634718604056835,,,,,,,,,,,,,
2024-05,0.0665,0.05060184528961731,0.05492895463056113,0.04563698639120206,0.0503892621037935,0.016110737896206505,0.015898154710382695,0.0365,0.0019,0.0084,-0.0134,-0.0001,0.0044,0.0113999999999999,12.92,-2.7300000000000004,3.3607951262196734,3.6260251717590952,2.826154012888593,3.006720905553606,0.9551379001416116,4.51,4.89,5.46,-0.3799999999999999,-0.9500000000000002,1.46,0.7000000000000002,5277.509765625,4.80211901511991,26.26134715965296,,,,,,,,,,,,,,,,,,,,,,,,,,,,,,,,,,,,,,,,,,,,,,,,,,,,,,,,,,,,,,,,,,,,,,,,,,,,,,,,,,,,,,,,,,,,,,,,,,,,,0.01495458353632,0.0893172350244903,0.0975896986235045,0.0165945298903868,0.0478418933067479,0.2196817793439983,0.1275899864229606,0.1389693313681863,0.0,0.0817349449301872,0.1104937399388775,0.0253109678463409,0.0299213097679993,0.0374423969514636,0.0787800573553534,0.0756937592465092,0.0400051299298494,0.0297736182459936,0.2322163573308243,0.0588491791547778,0.1792933977428515,0.0,0.125507289359523,0.1052969874820791,0.0115299190617494,0.0256119081390252,0.0297428516281218,0.074543089174648,0.0570029889161076,0.0303490926871295,0.0456372858373322,0.2054269026654744,0.0650721430332663,0.1753282930640841,0.0042408355006517,0.1437153012931849,0.1300901079266089,0.0084799688301175,0.0300103935991247,0.02737994403863513,0.08088012718483056,0.0767621489287071,0.02898291750245523,0.041084265796691236,0.21910834644676566,0.0838371028703349,0.16453034072504064,0.0014136118335505666,0.11698584519429837,0.11529361178252184,0.015106951912735934,0.028514537168716398,,,,,,,,,,,,,
2024-06,-0.0168,-0.018267463211861568,-0.031141800573207368,-0.01253676387431435,-0.020648675886461094,0.003848675886461095,0.0014674632118615687,-0.0249,0.0016,-0.0174,0.008,-0.0018,0.0040999999999999,0.0154,12.44,-0.4800000000000004,3.244278584003113,3.394419668976645,2.6616729088639213,2.771176406372033,0.9169599178096676,4.36,4.71,5.48,-0.3499999999999996,-1.12,1.55,0.6900000000000004,5460.47998046875,3.466980128308328,22.69694103097326,,,,,,,,,,,,,,,,,,,,,,,,,,,,,,,,,,,,,,,,,,,,,,,,,,,,,,,,,,,,,,,,,,,,,,,,,,,,,,,,,,,,,,,,,,,,,,,,,,,,,0.0148244185257627,0.0875788127270231,0.0967604460406245,0.0168540961144895,0.0464819590729459,0.2182758874668069,0.1324319728920976,0.1356758546446742,0.0,0.0772450691547436,0.1179531999072907,0.0262026409220591,0.0297156425314817,0.0348883110560026,0.0764243510690983,0.0760572960120625,0.0390570681931629,0.0316083576270995,0.2373009886558555,0.0589999172926063,0.1824306591088612,0.0,0.1180779770274914,0.109702366618505,0.0110130510359099,0.0244396563033442,0.0287066991480761,0.073534968252262,0.0574396817588647,0.0306518431004179,0.0436166131659835,0.2063754101604733,0.0652286630120731,0.1761273029261513,0.0033817121233776,0.143036349202213,0.133875833234056,0.0082530249043934,0.0294580479598243,0.0261398095766138,0.07917937734946114,0.07675247460385058,0.0288543358026901,0.04056897662200964,0.2206507620943786,0.085553517732259,0.16474460555989556,0.0011272373744592,0.11278646512814934,0.12051046658661724,0.015156238954120799,0.02787111559821673,,,,,,,,,,,,,
2024-07,0.018000000000000002,0.025915968855132032,0.051103162111511,0.03183255821443476,0.036283896393692595,-0.018283896393692593,-0.00791596885513203,0.027,0.0151,0.0163,-0.0239,0.0283999999999999,0.0045,-0.0068,16.36,3.92,2.9702579486470926,3.2654173234475614,2.548373440470164,2.7531619063573265,1.293793541128796,4.09,4.29,5.41,-0.2000000000000001,-1.3200000000000005,1.68,0.7199999999999998,5522.2998046875,1.1321316887868749,20.33880991978243,,,,,,,,,,,,,,,,,,,,,,,,,,,,,,,,,,,,,,,,,,,,,,,,,,,,,,,,,,,,,,,,,,,,,,,,,,,,,,,,,,,,,,,,,,,,,,,,,,,,,0.0151679753731563,0.0842381541393346,0.0976121663975359,0.0165530810128894,0.0452898764644745,0.2229760578986588,0.1346002372885094,0.1366354445249712,0.0,0.0761474521912567,0.1132756962120778,0.0268020959566159,0.0307017625405189,0.0351953522059758,0.0773474584792321,0.0784779885310547,0.0384319619249788,0.0304633870635015,0.2396214922399495,0.0604272799280592,0.1850381141863073,0.0,0.1155210017297445,0.1047222825180385,0.0108167334254079,0.0239369477677496,0.0292713322466658,0.0735605736948873,0.0576907298650852,0.0310841961142566,0.0423570997011386,0.2117907250735121,0.0653006120408212,0.1769195235027894,0.0036049394141119,0.1421398771552778,0.1276354018821877,0.0083170828069365,0.0300305062858665,0.0265448866085993,0.07838206210448466,0.07792696159789193,0.028689746350708267,0.039370121076371535,0.22479609173737347,0.0867760430857966,0.16619769407135596,0.0012016464713706333,0.11126944369209298,0.115211126870768,0.015311970729653434,0.028223072198045,,,,,,,,,,,,,
2024-08,0.0195,0.03260326437650751,0.018675678023966746,0.01517769955900361,0.022152213986492624,-0.002652213986492624,-0.013103264376507513,0.0222,-0.0166,-0.0192999999999999,0.0154,-0.0081,0.0048,0.0008,15.0,-1.3599999999999994,2.9414757935583014,3.230191610564481,2.594376777467322,2.8062163337682744,1.4626380391704163,3.91,3.91,5.21,0.0,-1.2999999999999998,1.69,0.7299999999999995,5648.39990234375,2.2834706936630367,25.306693640426325,,,,,,,,,,,,,,,,,,,,,,,,,,,,,,,,,,,,,,,,,,,,,,,,,,,,,,,,,,,,,,,,,,,,,,,,,,,,,,,,,,,,,,,,,,,,,,,,,,,,,0.0152394896977639,0.0845677070379315,0.0989029900757069,0.0166996433994634,0.0433067144992026,0.2209102165982174,0.1390104327019925,0.1365292896236463,0.0,0.0747007834667859,0.1118554537734664,0.0271811874110873,0.0310960917147355,0.0355041641287401,0.0774002860407743,0.0777267013744393,0.0373924933204915,0.0282679688244844,0.2426986761560312,0.0615864744558926,0.1833842908092041,0.0,0.115315655382561,0.105652597465842,0.0107424211463337,0.0243282708952053,0.0296188565037352,0.0736407042523879,0.0582437601547235,0.0297832097917257,0.040503211735217,0.2149754810520722,0.067365557199314,0.1735932965349378,0.0033122136769973,0.141702754846467,0.1285432456562192,0.0085275413610365,0.0299013636917065,0.026787503443413064,0.0785362324436979,0.07829115053495656,0.027958448837226868,0.037359298352968,0.22619479126877362,0.08932082145239971,0.16450229232259606,0.0011040712256657665,0.11057306456527129,0.1153504322985092,0.015483716639485832,0.028441908767215765,,,,,,,,,,,,,
2024-09,0.0046,0.00783320872197768,0.02575762926889058,0.028095790014890376,0.02056220933525288,-0.01596220933525288,-0.0032332087219776803,0.012,0.0070999999999999,0.0115,-0.0162,0.0098,0.004,-0.016,16.73,1.7300000000000004,2.607144490692037,3.2850959364300047,2.412994957427461,2.873279917118543,1.9713917178445504,3.81,3.66,4.73,0.1499999999999999,-0.9200000000000004,1.63,0.7400000000000002,5762.47998046875,2.0196884090601275,34.38463271040999,,,,,,,,,,,,,,,,,,,,,,,,,,,,,,,,,,,,,,,,,,,,,,,,,,,,,,,,,,,,,,,,,,,,,,,,,,,,,,,,,,,,,,,,,,,,,,,,,,,,,0.0152296879599617,0.0830957125243503,0.0999160677124656,0.0149671980325939,0.0410557933057972,0.225477136165927,0.1307805456430209,0.1399920483249327,0.0,0.0787927773681381,0.1108116150522797,0.0276955205634368,0.0321858973470955,0.033834520047577,0.0792299049080533,0.0785568945154748,0.0402359837070025,0.026573861821037,0.2411237543444071,0.0582104600495662,0.1850646941526247,0.0,0.1185207421541921,0.1038149227079361,0.0108178460803852,0.0240164155117435,0.0295078164492096,0.0740969246484112,0.0636344929980376,0.0313385605908078,0.0377559908103463,0.2128292949088615,0.0680066213992278,0.1700091138982973,0.0037699819240805,0.1435476432633808,0.12541665677188,0.0085330800771205,0.0312719509120079,0.0261906748189161,0.07880751402693827,0.080702485075326,0.02884724744346807,0.035128548645726836,0.2264767284730652,0.08566587569727165,0.1650219521252849,0.0012566606413601667,0.113620387595237,0.11334773151069859,0.01568214890698083,0.029158087923615638,,,,,,,,,,,,,
2024-10,-0.0454,-0.052732169381571437,-0.06262929194069711,-0.046522710922030086,-0.053961390748099546,0.008561390748099543,0.007332169381571434,-0.0523,-0.0015,0.0203,-0.0174,0.0118,0.0039,0.0227,23.16,6.43,2.4264830315416708,3.2823574494668994,2.260766436883843,2.838627996468368,2.51448346330696,4.28,4.16,4.64,0.1200000000000001,-0.3599999999999994,1.46,0.6799999999999997,5705.4501953125,-0.9896743303151712,36.04488676200985,,,,,,,,,,,,,,,,,,,,,,,,,,,,,,,,,,,,,,,,,,,,,,,,,,,,,,,,,,,,,,,,,,,,,,,,,,,,,,,,,,,,,,,,,,,,,,,,,,,,,0.0152773208586739,0.0816869545892903,0.0980019435674072,0.0154812837729266,0.0416725023120041,0.2301728567356767,0.1306350706194856,0.1415833805115348,0.0,0.0755397729692857,0.10961360448332,0.0285318599776199,0.0318034496027746,0.0329831803299184,0.0795143619020199,0.0782932847271081,0.0389475144616208,0.026832253152554,0.2411017532860796,0.0583675034533663,0.1847455242908632,0.0,0.1206433844304683,0.1029639090772443,0.0111732963041846,0.024434034584572,0.0288621955693876,0.0738789104271676,0.0633775166771748,0.0305602767580046,0.0380187014198433,0.2096954585540466,0.0687655558448178,0.1711232062203108,0.0035962746520812,0.1455372442944265,0.1270168840903119,0.008484791145735,0.030827330339902,0.025707565585993297,0.0783600756394926,0.07989091499056337,0.028329691664184,0.03550781896146713,0.22699002285860095,0.08592270997255658,0.1658173703409029,0.0011987582173604,0.11390680056472684,0.11319813255029205,0.016063315809179832,0.0290216048424162,,,,,,,,,,,,,
2024-11,0.0152,-0.003155829966026036,0.008194113407491876,0.0014153758296693297,0.0021512197570450566,0.013048780242954944,0.018355829966026034,-0.0064,-0.0023,0.0039,-0.0107,0.0054,0.004,0.0325,13.51,-9.65,2.578844053871343,3.298689706765301,2.4776925356425616,2.9865021082658982,2.889127907818012,4.18,4.13,4.58,0.0499999999999998,-0.4000000000000003,1.44,0.6400000000000006,6032.3798828125,5.730129548209884,32.06314069679761,,,,,,,,,,,,,,,,,,,,,,,,,,,,,,,,,,,,,,,,,,,,,,,,,,,,,,,,,,,,,,,,,,,,,,,,,,,,,,,,,,,,,,,,,,,,,,,,,,,,,0.0151527626480692,0.0788708246763449,0.0968711312970756,0.0158822160806849,0.0400140149374147,0.2353631634197946,0.126427190446786,0.1418848266151549,0.0,0.0731332814518584,0.1165290862525384,0.0285697089566814,0.0313017932175965,0.032132175765518,0.0803242113446184,0.0743578755275921,0.0398917551291882,0.0274348393447516,0.2433135534990683,0.0586273861710985,0.1857759873125692,0.0,0.1193580721834311,0.1022228746060817,0.0134903486129737,0.0230709205031087,0.0287488026339113,0.0737680416052859,0.0620990968831187,0.0315554202383986,0.0384611221663017,0.2119950283326026,0.0683741785825707,0.1719821922935429,0.0032556996150682,0.1414090765903495,0.1280416557602434,0.0093377263011249,0.0307284295122579,0.02534458034916617,0.07765435920874973,0.07777603456926213,0.0291097971494239,0.03530332548282267,0.2302239150838218,0.08447625173348505,0.16654766874042232,0.0010852332050227333,0.11130014340854633,0.11559787220628782,0.017132594623593334,0.02836704774432103,,,,,,,,,,,,,
2024-12,-0.0103,-0.02950160423840409,-0.03167300769121861,-0.026855617137686028,-0.02934340968910291,0.01904340968910291,0.01920160423840409,-0.0275,0.0058,0.0203,0.0002,0.0004,0.0037,-0.0051,17.35,3.8400000000000016,2.719472461284833,3.2859356193500444,2.5878034125423,2.980710120125618,3.40153760875328,4.58,4.25,4.37,0.33,0.2099999999999999,1.42,0.5999999999999996,5881.6298828125,-2.499013704848363,23.30900234342401,,,,,,,,,,,,,,,,,,,,,,,,,,,,,,,,,,,,,,,,,,,,,,,,,,,,,,,,,,,,,,,,,,,,,,,,,,,,,,,,,,,,,,,,,,,,,,,,,,,,,0.0149040952649793,0.084742341647785,0.0963376942460127,0.0155603644549091,0.0393337840066091,0.2356076021434378,0.1218129996466589,0.1419931931007019,0.0,0.0716241314289678,0.1195354371260765,0.027883624412029,0.0306647325218323,0.0324139043120041,0.0829871317485714,0.0747234777549573,0.0402294819455402,0.0271149486994213,0.2418122379591848,0.0575963318235157,0.1866713891905087,0.0,0.1167800467798668,0.103461116980721,0.013403213841834,0.0228067189638742,0.0284366677298099,0.0753183765028056,0.0627842565928213,0.031808636437889,0.0378312926088073,0.2138688138354426,0.0681154071058882,0.1732825667176359,0.000343960729906,0.1375281370176109,0.1314563634143375,0.0092078108234813,0.030017710483564,0.025251555768931105,0.08101594996638734,0.07794847619793042,0.029199494279446098,0.034760008438279234,0.23042955131268839,0.08250824619202093,0.16731571633628217,0.00011465357663533333,0.10864410507548183,0.118150972507045,0.0168315496924481,0.0278297206564235,,,,,,,,,,,,,
2025-01,0.0375,0.048009329019171654,0.029794278012103437,0.0055031312390150244,0.02776891275676337,0.009731087243236628,-0.010509329019171655,0.0389,-0.0286,-0.0073,-0.0007,-0.0109,0.0037,0.01,16.43,-0.9200000000000016,2.870690967509981,3.2133335461932644,2.7280946901200087,2.9885896245190446,3.4074665870949428,4.58,4.22,4.31,0.3600000000000003,0.2700000000000004,1.45,0.6200000000000001,6040.52978515625,2.70163042404441,24.65881578102782,,,,,,,,,,,,,,,,,,,,,,,,,,,,,,,,,,,,,,,,,,,,,,,,,,,,,,,,,,,,,,,,,,,,,,,,,,,,,,,,,,,,,,,,,,,,,,,,,,,,,0.0147753016496578,0.0855365665491209,0.093208711476475,0.015314644190124,0.0391368735563164,0.2392051199641368,0.1217688170482442,0.1416595871578835,0.0,0.070237839291484,0.1218790701246002,0.0278792259944624,0.0293982429974943,0.0326282479317621,0.0832437856054438,0.0719604796272828,0.039237881997451,0.0274141354984673,0.2451064161881928,0.0579325377469248,0.1861873567147288,0.0,0.1175386352751919,0.1030627909334663,0.0136965489980275,0.0219911834830602,0.0282437744685109,0.0758684645794348,0.0601563812005387,0.0310992351605374,0.0370764196856053,0.2132735178715988,0.0676957845427514,0.169624587665047,0.0037504090655444,0.1379955599364163,0.137035208577653,0.0094609385447983,0.0284864761852697,0.025215774683310266,0.08154960557799984,0.07510852410143216,0.028550587116037463,0.03454247624679633,0.23252835134130945,0.08246571311264013,0.16582384384588642,0.0012501363551814667,0.10859067816769741,0.12065902321190651,0.017012237845762734,0.026625300888608067,,,,,,,,,,,,,
2025-02,0.0375,0.029530601521300825,0.00511511798837172,0.0012162250072831338,0.011953981505651893,0.025546018494348108,0.007969398478699173,0.0121999999999999,-0.0144999999999999,0.0379,-0.0081999999999999,0.0133,0.0033,0.0068,19.63,3.1999999999999997,2.9909783078999608,3.282970485398584,2.607379530393517,2.780138099441509,3.378446451959549,4.24,3.99,4.32,0.25,-0.08,1.57,0.5999999999999996,5954.5,-1.4242092699825126,16.840355341840564,,,,,,,,,,,,,,,,,,,,,,,,,,,,,,,,,,,,,,,,,,,,,,,,,,,,,,,,,,,,,,,,,,,,,,,,,,,,,,,,,,,,,,,,,,,,,,,,,,,,,0.0143524446431194,0.083487126626174,0.0942535110096232,0.0147887659595003,0.0386017806068166,0.2456629337341431,0.12053576660759,0.1422630627305633,0.0,0.0695528617860054,0.1185031705463891,0.028283818430935,0.0297147573191401,0.0330872097288523,0.0826844180503786,0.0708790065243207,0.0399307585269416,0.0261274213643981,0.2495086774062601,0.0570387156553784,0.1899868336568689,0.0,0.1155845131355568,0.0987129702524134,0.0139638631695624,0.0224956125290681,0.0291265335237478,0.076853381968015,0.0603753246613516,0.0321018265330597,0.036506227264581,0.2152170646790144,0.0669828803962265,0.1712534841319186,0.0003724362774304,0.1380087031648393,0.13395853099206,0.0099651972956829,0.0292784091120723,0.0255220626319065,0.08100830888152254,0.07516928073176517,0.028940450339833865,0.03374514307859857,0.23679622527313918,0.0815191208863983,0.1678344601731169,0.00012414542581013334,0.10771535936213383,0.11705822393028752,0.017404292965393434,0.0271629263200935,,,,,,,,,,,,,
2025-03,0.0375,0.0018387413865883495,0.01033713178253115,0.0030369379044865585,0.005070937024535353,0.03242906297546465,0.03566125861341165,-0.0026,0.0181,0.0486,-0.0124,0.0286,0.0034,0.0292,22.28,2.650000000000002,2.8015834477613355,3.13755688228059,2.710484673485713,2.9686432938117457,3.2784770205567693,4.23,3.89,4.32,0.3400000000000003,-0.0899999999999998,1.76,0.6399999999999997,5611.85009765625,-5.754469768137538,6.803886177273677,,,,,,,,,,,,,,,,,,,,,,,,,,,,,,,,,,,,,,,,,,,,,,,,,,,,,,,,,,,,,,,,,,,,,,,,,,,,,,,,,,,,,,,,,,,,,,,,,,,,,0.0140887000613812,0.0774296883409441,0.097798412147533,0.0137821955015566,0.0409905991620914,0.2514749492538837,0.1163403008548343,0.1456263439371021,0.0,0.068355498543555,0.1132081481476256,0.0291116062943329,0.0317935577551597,0.0340827976195663,0.0806471352571072,0.0720867503023518,0.0402361591382883,0.0244514385674441,0.2515306069439844,0.057925055753738,0.183986776359214,0.0,0.1191402444766105,0.0977390889279569,0.0146726593587672,0.0235012872949708,0.0307869703703847,0.0751113082074859,0.0622766462797235,0.0329001960548204,0.0384282042419075,0.2142390893683394,0.06564557971078,0.1716343187845984,0.0002472787090448,0.1442108873143249,0.1224674931621249,0.0112887849033173,0.0307632428931478,0.026319489350444064,0.07772937726851241,0.07738726957653609,0.0289728502315551,0.034623413990481,0.2390815485220692,0.07997031210645077,0.16708247969363818,8.242623634826667e-05,0.11056887677816346,0.11113824341256913,0.0183576835188058,0.028686029314426098,,,,,,,,,,,,,
2025-04,0.0375,0.036950810465567585,0.04674959455662786,0.041695417835861726,0.04179860761935239,-0.004298607619352392,0.0005491895344324135,0.0415,0.0051,-0.0235,0.0031,-0.0088,0.0034999999999999,0.0184,24.7,2.419999999999998,2.381981462805549,2.808783050077035,2.3594336708984365,2.670294814316976,3.431884389646167,4.17,3.6,4.31,0.5699999999999998,-0.1399999999999996,1.96,0.7299999999999995,5569.06005859375,-0.7624943346289825,10.591798212233703,,,,,,,,,,,,,,,,,,,,,,,,,,,,,,,,,,,,,,,,,,,,,,,,,,,,,,,,,,,,,,,,,,,,,,,,,,,,,,,,,,,,,,,,,,,,,,,,,,,,,0.0141868518161437,0.0767935168285243,0.1007964126072175,0.0139096882467731,0.0354416927557438,0.2501066395957805,0.1146873761998028,0.1467427661282031,0.0,0.0686484943025229,0.1157061407803685,0.0295495732245435,0.0334308475143758,0.0340214198896925,0.0794775475778974,0.0741151473537275,0.0411139583180431,0.0230523509786343,0.2529518158173399,0.0581187962799253,0.1849567982805329,0.0,0.1151171344151305,0.0979029888180341,0.0147930711809766,0.0243789710900655,0.0312426449730637,0.0742343897060739,0.0629375263608739,0.0337991759322764,0.0359778665294459,0.2169645387954271,0.0670342316137942,0.1732867775976654,0.0002647504101843,0.1411263057744314,0.1201740125911665,0.0114075299208674,0.0315502497947293,0.02648363889296663,0.07683515137083187,0.07928302877393963,0.029607607499030866,0.031490636754608,0.24000766473618249,0.07994680136450744,0.1683287806688005,8.82501367281e-05,0.10829731149736159,0.11126104739652304,0.018583391442129168,0.0297866894663902,,,,,,,,,,,,,
2025-05,0.0375,0.047905650362441765,0.062105219120975885,0.060372168812982796,0.05679434609880015,-0.019294346098800153,-0.010405650362441766,0.0472,0.0015,0.0073,0.0004,-0.0103,0.0038,0.0101,18.57,-6.129999999999999,2.32538823025783,2.7760200724699318,2.2774259978433964,2.614795918367352,3.893185494067186,4.41,3.89,4.36,0.52,0.0499999999999998,1.84,0.75,5911.68994140625,6.152382614078289,12.016655656650332,,,,,,,,,,,,,,,,,,,,,,,,,,,,,,,,,,,,,,,,,,,,,,,,,,,,,,,,,,,,,,,,,,,,,,,,,,,,,,,,,,,,,,,,,,,,,,,,,,,,,0.0138647925299642,0.0752956409510381,0.0990189186484001,0.0138744209174997,0.0352071714505981,0.2537072721572178,0.1099570200459775,0.1523368705319008,0.0,0.0677063924884381,0.1172950238574684,0.0292561110985133,0.0324803653229835,0.0335172106739267,0.079133297696482,0.0717739955206583,0.0407746943741222,0.023540756617669,0.2509301568054832,0.0579727766817951,0.188981103997853,0.0,0.1149665662377428,0.1008941836931609,0.0141607662010531,0.0233544915000532,0.0304790096807979,0.0733294969020343,0.0617957426388007,0.0334046975672743,0.036102056980662,0.2148367273217476,0.0661559692684503,0.178756928605385,0.0003265525498193,0.139584874586806,0.1231833481530706,0.0108298020489599,0.0312147936961914,0.025953670961562935,0.07591947851651813,0.07752955226928636,0.0293512709529654,0.03161666168297637,0.23982471876148284,0.07802858866540764,0.17335830104504626,0.00010885084993976666,0.10741927777099562,0.1137908519012333,0.018082226449508767,0.02901655017307603,,,,,,,,,,,,,
2025-06,0.0375,0.023962147637806686,0.04454541332759021,0.05848533507132525,0.04233096534557405,-0.004830965345574048,0.013537852362193313,0.0272,0.0191,0.0070999999999999,-0.0051,-0.0028,0.0034,0.0033,16.73,-1.84,2.3772651073680877,2.7658403935930886,2.458086065440868,2.783883382495933,3.869043371533776,4.24,3.72,4.41,0.52,-0.1699999999999999,1.75,0.6900000000000004,6204.9501953125,4.960683946771582,13.63378709392946,,,,,,,,,,,,,,,,,,,,,,,,,,,,,,,,,,,,,,,,,,,,,,,,,,,,,,,,,,,,,,,,,,,,,,,,,,,,,,,,,,,,,,,,,,,,,,,,,,,,,0.0135440526591448,0.0718227077969829,0.0957396827359286,0.0142611923876096,0.0357686308784418,0.2547724633005421,0.1077355849145528,0.15719506968199,0.0,0.0669145672030088,0.1196766864966711,0.0292539564410919,0.0333154055040351,0.0332711134488023,0.078800972196074,0.0716176795069179,0.042215990227584,0.0241507360880387,0.2494845739282267,0.0580539619034005,0.1894000550578164,0.0,0.1100009709671611,0.1059033493075369,0.014776942452467,0.0223236549159739,0.0308498877865778,0.0713045990431258,0.060005446884205,0.0350881153068385,0.0372661809550232,0.2134093377586007,0.0665463176408787,0.1801780759946641,0.0001733314208343,0.137010301513013,0.1258202664856981,0.0104785100503954,0.0318696291601449,0.025888351298174964,0.0739760930120609,0.07578760304235051,0.0305217659740107,0.03239518264050124,0.23922212499578985,0.077445288152944,0.17559106691149018,5.77771402781e-05,0.10464194656106096,0.11713343409663536,0.0181698029813181,0.029169563193384634,,,,,,,,,,,,,
